dimension,case,mode,mode_key,cycle,coarse,omega,solver,backend,dtype,grid_size,iterations,residual_l2,error_l2,error_linf,time_ms,time_ms_including_graph,time_s,time_s_including_graph,tol,max_iter,nu,converged
2,sine,V-exact,v_exact,v,exact,1.00,mg_exact,cuda,double,4095,9,6.018564e-10,2.448196e-08,4.896078e-08,1.160950e+02,1.234900e+02,1.160950e-01,1.234900e-01,1.000000e-09,15,1,true
2,sine,V-exact,v_exact,v,exact,1.05,mg_exact,cuda,double,4095,9,3.890217e-10,2.450372e-08,4.900703e-08,9.275900e+01,9.826100e+01,9.275900e-02,9.826100e-02,1.000000e-09,15,1,true
2,sine,V-exact,v_exact,v,exact,1.10,mg_exact,cuda,double,4095,8,6.508027e-10,2.448632e-08,4.897198e-08,1.078250e+02,1.115380e+02,1.078250e-01,1.115380e-01,1.000000e-09,15,1,true
2,sine,V-exact,v_exact,v,exact,1.15,mg_exact,cuda,double,4095,8,4.333913e-10,2.450894e-08,4.901790e-08,9.289400e+01,9.681900e+01,9.289400e-02,9.681900e-02,1.000000e-09,15,1,true
2,sine,V-exact,v_exact,v,exact,1.20,mg_exact,cuda,double,4095,9,6.087875e-10,2.451139e-08,4.902266e-08,1.034470e+02,1.119740e+02,1.034470e-01,1.119740e-01,1.000000e-09,15,1,true
2,sine,V-exact,v_exact,v,exact,1.25,mg_exact,cuda,double,4095,11,4.651730e-10,2.451142e-08,4.902283e-08,1.061330e+02,1.104340e+02,1.061330e-01,1.104340e-01,1.000000e-09,15,1,true
2,sine,V-exact,v_exact,v,exact,1.30,mg_exact,cuda,double,4095,12,5.569570e-10,2.451136e-08,4.902283e-08,1.221860e+02,1.282180e+02,1.221860e-01,1.282180e-01,1.000000e-09,15,1,true
2,sine,V-exact,v_exact,v,exact,1.35,mg_exact,cuda,double,4095,13,8.545198e-10,2.451142e-08,4.902241e-08,1.340520e+02,1.391750e+02,1.340520e-01,1.391750e-01,1.000000e-09,15,1,true
2,sine,V-exact,v_exact,v,exact,1.40,mg_exact,cuda,double,4095,15,6.170429e-10,2.451145e-08,4.902275e-08,1.433010e+02,1.554440e+02,1.433010e-01,1.554440e-01,1.000000e-09,15,1,true
2,sine,V-exact,v_exact,v,exact,1.45,mg_exact,cuda,double,4095,15,3.605954e-09,2.451159e-08,4.902129e-08,1.318220e+02,1.442220e+02,1.318220e-01,1.442220e-01,1.000000e-09,15,1,false
2,sine,V-exact,v_exact,v,exact,1.50,mg_exact,cuda,double,4095,15,3.515470e-08,2.451257e-08,4.901786e-08,1.931150e+02,1.973570e+02,1.931150e-01,1.973570e-01,1.000000e-09,15,1,false
2,sine,V-SOR,v_sor,v,sor,1.00,mg_sor,cuda,double,4095,9,6.020670e-10,2.448191e-08,4.896069e-08,9.253200e+01,9.515900e+01,9.253200e-02,9.515900e-02,1.000000e-09,15,1,true
2,sine,V-SOR,v_sor,v,sor,1.05,mg_sor,cuda,double,4095,9,3.889221e-10,2.450375e-08,4.900708e-08,1.045570e+02,1.105240e+02,1.045570e-01,1.105240e-01,1.000000e-09,15,1,true
2,sine,V-SOR,v_sor,v,sor,1.10,mg_sor,cuda,double,4095,8,6.506078e-10,2.448628e-08,4.897190e-08,9.134300e+01,9.461000e+01,9.134300e-02,9.461000e-02,1.000000e-09,15,1,true
2,sine,V-SOR,v_sor,v,sor,1.15,mg_sor,cuda,double,4095,8,4.334202e-10,2.450900e-08,4.901803e-08,1.106090e+02,1.163000e+02,1.106090e-01,1.163000e-01,1.000000e-09,15,1,true
2,sine,V-SOR,v_sor,v,sor,1.20,mg_sor,cuda,double,4095,9,6.088448e-10,2.451133e-08,4.902256e-08,1.360760e+02,1.397610e+02,1.360760e-01,1.397610e-01,1.000000e-09,15,1,true
2,sine,V-SOR,v_sor,v,sor,1.25,mg_sor,cuda,double,4095,11,4.652966e-10,2.451148e-08,4.902296e-08,1.058120e+02,1.140460e+02,1.058120e-01,1.140460e-01,1.000000e-09,15,1,true
2,sine,V-SOR,v_sor,v,sor,1.30,mg_sor,cuda,double,4095,12,5.571586e-10,2.451128e-08,4.902269e-08,1.254100e+02,1.344920e+02,1.254100e-01,1.344920e-01,1.000000e-09,15,1,true
2,sine,V-SOR,v_sor,v,sor,1.35,mg_sor,cuda,double,4095,13,8.547274e-10,2.451148e-08,4.902255e-08,1.195370e+02,1.248540e+02,1.195370e-01,1.248540e-01,1.000000e-09,15,1,true
2,sine,V-SOR,v_sor,v,sor,1.40,mg_sor,cuda,double,4095,15,6.170486e-10,2.451145e-08,4.902271e-08,1.264770e+02,1.347150e+02,1.264770e-01,1.347150e-01,1.000000e-09,15,1,true
2,sine,V-SOR,v_sor,v,sor,1.45,mg_sor,cuda,double,4095,15,3.606021e-09,2.451162e-08,4.902135e-08,1.483740e+02,1.518190e+02,1.483740e-01,1.518190e-01,1.000000e-09,15,1,false
2,sine,V-SOR,v_sor,v,sor,1.50,mg_sor,cuda,double,4095,15,3.515578e-08,2.451260e-08,4.901792e-08,1.513500e+02,1.746170e+02,1.513500e-01,1.746170e-01,1.000000e-09,15,1,false
2,sine,W-exact,w_exact,w,exact,1.00,mg_exact,cuda,double,4095,2,3.047013e-10,2.451134e-08,4.902266e-08,1.775800e+02,2.161480e+02,1.775800e-01,2.161480e-01,1.000000e-09,15,1,true
2,sine,W-exact,w_exact,w,exact,1.05,mg_exact,cuda,double,4095,5,3.460040e-10,2.451144e-08,4.902271e-08,3.506200e+02,3.905360e+02,3.506200e-01,3.905360e-01,1.000000e-09,15,1,true
2,sine,W-exact,w_exact,w,exact,1.10,mg_exact,cuda,double,4095,5,8.696381e-10,2.451160e-08,4.902335e-08,2.997120e+02,3.431000e+02,2.997120e-01,3.431000e-01,1.000000e-09,15,1,true
2,sine,W-exact,w_exact,w,exact,1.15,mg_exact,cuda,double,4095,6,7.359939e-10,2.451174e-08,4.902374e-08,3.664770e+02,4.062210e+02,3.664770e-01,4.062210e-01,1.000000e-09,15,1,true
2,sine,W-exact,w_exact,w,exact,1.20,mg_exact,cuda,double,4095,7,7.189323e-10,2.451145e-08,4.902292e-08,4.031440e+02,4.347570e+02,4.031440e-01,4.347570e-01,1.000000e-09,15,1,true
2,sine,W-exact,w_exact,w,exact,1.25,mg_exact,cuda,double,4095,8,7.964823e-10,2.451200e-08,4.902403e-08,4.788270e+02,5.197270e+02,4.788270e-01,5.197270e-01,1.000000e-09,15,1,true
2,sine,W-exact,w_exact,w,exact,1.30,mg_exact,cuda,double,4095,10,4.603645e-10,2.451174e-08,4.902353e-08,5.756220e+02,6.162260e+02,5.756220e-01,6.162260e-01,1.000000e-09,15,1,true
2,sine,W-exact,w_exact,w,exact,1.35,mg_exact,cuda,double,4095,11,5.099596e-10,2.451114e-08,4.902206e-08,6.303560e+02,6.593930e+02,6.303560e-01,6.593930e-01,1.000000e-09,15,1,true
2,sine,W-exact,w_exact,w,exact,1.40,mg_exact,cuda,double,4095,12,7.033218e-10,2.451135e-08,4.902269e-08,6.528540e+02,6.807830e+02,6.528540e-01,6.807830e-01,1.000000e-09,15,1,true
2,sine,W-exact,w_exact,w,exact,1.45,mg_exact,cuda,double,4095,14,5.997130e-10,2.451197e-08,4.902420e-08,7.657020e+02,7.972150e+02,7.657020e-01,7.972150e-01,1.000000e-09,15,1,true
2,sine,W-exact,w_exact,w,exact,1.50,mg_exact,cuda,double,4095,15,1.433410e-09,2.451165e-08,4.902351e-08,8.197150e+02,8.610620e+02,8.197150e-01,8.610620e-01,1.000000e-09,15,1,false
2,sine,W-SOR,w_sor,w,sor,1.00,mg_sor,cuda,double,4095,2,3.046437e-10,2.451136e-08,4.902272e-08,1.087540e+02,1.370570e+02,1.087540e-01,1.370570e-01,1.000000e-09,15,1,true
2,sine,W-SOR,w_sor,w,sor,1.05,mg_sor,cuda,double,4095,5,3.459537e-10,2.451143e-08,4.902265e-08,2.332770e+02,2.625960e+02,2.332770e-01,2.625960e-01,1.000000e-09,15,1,true
2,sine,W-SOR,w_sor,w,sor,1.10,mg_sor,cuda,double,4095,5,8.692991e-10,2.451154e-08,4.902322e-08,1.985910e+02,2.288730e+02,1.985910e-01,2.288730e-01,1.000000e-09,15,1,true
2,sine,W-SOR,w_sor,w,sor,1.15,mg_sor,cuda,double,4095,6,7.361836e-10,2.451173e-08,4.902374e-08,2.303520e+02,2.575970e+02,2.303520e-01,2.575970e-01,1.000000e-09,15,1,true
2,sine,W-SOR,w_sor,w,sor,1.20,mg_sor,cuda,double,4095,7,7.188608e-10,2.451142e-08,4.902286e-08,2.855920e+02,3.132470e+02,2.855920e-01,3.132470e-01,1.000000e-09,15,1,true
2,sine,W-SOR,w_sor,w,sor,1.25,mg_sor,cuda,double,4095,8,7.966266e-10,2.451198e-08,4.902395e-08,3.217860e+02,3.552460e+02,3.217860e-01,3.552460e-01,1.000000e-09,15,1,true
2,sine,W-SOR,w_sor,w,sor,1.30,mg_sor,cuda,double,4095,10,4.603947e-10,2.451174e-08,4.902357e-08,4.052850e+02,4.601300e+02,4.052850e-01,4.601300e-01,1.000000e-09,15,1,true
2,sine,W-SOR,w_sor,w,sor,1.35,mg_sor,cuda,double,4095,11,5.099847e-10,2.451117e-08,4.902206e-08,4.077160e+02,4.454340e+02,4.077160e-01,4.454340e-01,1.000000e-09,15,1,true
2,sine,W-SOR,w_sor,w,sor,1.40,mg_sor,cuda,double,4095,12,7.037508e-10,2.451134e-08,4.902270e-08,4.398300e+02,4.644930e+02,4.398300e-01,4.644930e-01,1.000000e-09,15,1,true
2,sine,W-SOR,w_sor,w,sor,1.45,mg_sor,cuda,double,4095,14,5.997046e-10,2.451197e-08,4.902415e-08,5.235010e+02,6.156890e+02,5.235010e-01,6.156890e-01,1.000000e-09,15,1,true
2,sine,W-SOR,w_sor,w,sor,1.50,mg_sor,cuda,double,4095,15,1.433457e-09,2.451166e-08,4.902351e-08,5.425220e+02,5.844660e+02,5.425220e-01,5.844660e-01,1.000000e-09,15,1,false
2,mixed_sine,V-exact,v_exact,v,exact,1.00,mg_exact,cuda,double,4095,10,6.646867e-10,1.827589e-07,3.655341e-07,1.259040e+02,1.303060e+02,1.259040e-01,1.303060e-01,1.000000e-09,15,1,true
2,mixed_sine,V-exact,v_exact,v,exact,1.05,mg_exact,cuda,double,4095,9,5.454979e-10,1.828056e-07,3.656214e-07,1.294210e+02,1.482980e+02,1.294210e-01,1.482980e-01,1.000000e-09,15,1,true
2,mixed_sine,V-exact,v_exact,v,exact,1.10,mg_exact,cuda,double,4095,8,5.591208e-10,1.828583e-07,3.657207e-07,9.285700e+01,9.643100e+01,9.285700e-02,9.643100e-02,1.000000e-09,15,1,true
2,mixed_sine,V-exact,v_exact,v,exact,1.15,mg_exact,cuda,double,4095,8,1.066853e-10,1.828929e-07,3.657859e-07,1.166100e+02,1.250680e+02,1.166100e-01,1.250680e-01,1.000000e-09,15,1,true
2,mixed_sine,V-exact,v_exact,v,exact,1.20,mg_exact,cuda,double,4095,9,4.722186e-10,1.828931e-07,3.657861e-07,9.431100e+01,9.791900e+01,9.431100e-02,9.791900e-02,1.000000e-09,15,1,true
2,mixed_sine,V-exact,v_exact,v,exact,1.25,mg_exact,cuda,double,4095,11,1.746926e-10,1.828930e-07,3.657861e-07,1.073400e+02,1.145730e+02,1.073400e-01,1.145730e-01,1.000000e-09,15,1,true
2,mixed_sine,V-exact,v_exact,v,exact,1.30,mg_exact,cuda,double,4095,12,5.129511e-10,1.828928e-07,3.657862e-07,1.330930e+02,1.483670e+02,1.330930e-01,1.483670e-01,1.000000e-09,15,1,true
2,mixed_sine,V-exact,v_exact,v,exact,1.35,mg_exact,cuda,double,4095,14,2.732452e-10,1.828929e-07,3.657861e-07,1.363620e+02,1.416500e+02,1.363620e-01,1.416500e-01,1.000000e-09,15,1,true
2,mixed_sine,V-exact,v_exact,v,exact,1.40,mg_exact,cuda,double,4095,15,8.230543e-10,1.828937e-07,3.657880e-07,1.280860e+02,1.317470e+02,1.280860e-01,1.317470e-01,1.000000e-09,15,1,true
2,mixed_sine,V-exact,v_exact,v,exact,1.45,mg_exact,cuda,double,4095,15,9.265150e-09,1.829072e-07,3.658274e-07,1.602210e+02,1.639800e+02,1.602210e-01,1.639800e-01,1.000000e-09,15,1,false
2,mixed_sine,V-exact,v_exact,v,exact,1.50,mg_exact,cuda,double,4095,15,9.151701e-08,1.831116e-07,3.663839e-07,1.287830e+02,1.322080e+02,1.287830e-01,1.322080e-01,1.000000e-09,15,1,false
2,mixed_sine,V-SOR,v_sor,v,sor,1.00,mg_sor,cuda,double,4095,10,6.647037e-10,1.827589e-07,3.655341e-07,1.242300e+02,1.300250e+02,1.242300e-01,1.300250e-01,1.000000e-09,15,1,true
2,mixed_sine,V-SOR,v_sor,v,sor,1.05,mg_sor,cuda,double,4095,9,5.454286e-10,1.828056e-07,3.656214e-07,1.305070e+02,1.542800e+02,1.305070e-01,1.542800e-01,1.000000e-09,15,1,true
2,mixed_sine,V-SOR,v_sor,v,sor,1.10,mg_sor,cuda,double,4095,8,5.591196e-10,1.828583e-07,3.657207e-07,1.200690e+02,1.265830e+02,1.200690e-01,1.265830e-01,1.000000e-09,15,1,true
2,mixed_sine,V-SOR,v_sor,v,sor,1.15,mg_sor,cuda,double,4095,8,1.066863e-10,1.828929e-07,3.657859e-07,8.780900e+01,9.533600e+01,8.780900e-02,9.533600e-02,1.000000e-09,15,1,true
2,mixed_sine,V-SOR,v_sor,v,sor,1.20,mg_sor,cuda,double,4095,9,4.721764e-10,1.828931e-07,3.657862e-07,1.176530e+02,1.322000e+02,1.176530e-01,1.322000e-01,1.000000e-09,15,1,true
2,mixed_sine,V-SOR,v_sor,v,sor,1.25,mg_sor,cuda,double,4095,11,1.746883e-10,1.828930e-07,3.657861e-07,1.075870e+02,1.242290e+02,1.075870e-01,1.242290e-01,1.000000e-09,15,1,true
2,mixed_sine,V-SOR,v_sor,v,sor,1.30,mg_sor,cuda,double,4095,12,5.129067e-10,1.828928e-07,3.657862e-07,1.419840e+02,1.465650e+02,1.419840e-01,1.465650e-01,1.000000e-09,15,1,true
2,mixed_sine,V-SOR,v_sor,v,sor,1.35,mg_sor,cuda,double,4095,14,2.732209e-10,1.828929e-07,3.657861e-07,1.217370e+02,1.308760e+02,1.217370e-01,1.308760e-01,1.000000e-09,15,1,true
2,mixed_sine,V-SOR,v_sor,v,sor,1.40,mg_sor,cuda,double,4095,15,8.230500e-10,1.828937e-07,3.657881e-07,1.277090e+02,1.399010e+02,1.277090e-01,1.399010e-01,1.000000e-09,15,1,true
2,mixed_sine,V-SOR,v_sor,v,sor,1.45,mg_sor,cuda,double,4095,15,9.265139e-09,1.829072e-07,3.658275e-07,1.605660e+02,1.657360e+02,1.605660e-01,1.657360e-01,1.000000e-09,15,1,false
2,mixed_sine,V-SOR,v_sor,v,sor,1.50,mg_sor,cuda,double,4095,15,9.151699e-08,1.831116e-07,3.663838e-07,1.397440e+02,1.464500e+02,1.397440e-01,1.464500e-01,1.000000e-09,15,1,false
2,mixed_sine,W-exact,w_exact,w,exact,1.00,mg_exact,cuda,double,4095,2,4.774220e-11,1.828914e-07,3.657829e-07,1.424830e+02,1.685010e+02,1.424830e-01,1.685010e-01,1.000000e-09,15,1,true
2,mixed_sine,W-exact,w_exact,w,exact,1.05,mg_exact,cuda,double,4095,5,8.262706e-11,1.828930e-07,3.657860e-07,3.286200e+02,3.615070e+02,3.286200e-01,3.615070e-01,1.000000e-09,15,1,true
2,mixed_sine,W-exact,w_exact,w,exact,1.10,mg_exact,cuda,double,4095,5,8.318812e-10,1.828930e-07,3.657860e-07,3.294040e+02,3.700870e+02,3.294040e-01,3.700870e-01,1.000000e-09,15,1,true
2,mixed_sine,W-exact,w_exact,w,exact,1.15,mg_exact,cuda,double,4095,6,6.584666e-10,1.828930e-07,3.657860e-07,3.776320e+02,4.191850e+02,3.776320e-01,4.191850e-01,1.000000e-09,15,1,true
2,mixed_sine,W-exact,w_exact,w,exact,1.20,mg_exact,cuda,double,4095,7,6.241473e-10,1.828930e-07,3.657860e-07,4.077770e+02,4.355190e+02,4.077770e-01,4.355190e-01,1.000000e-09,15,1,true
2,mixed_sine,W-exact,w_exact,w,exact,1.25,mg_exact,cuda,double,4095,8,7.082637e-10,1.828931e-07,3.657861e-07,4.570680e+02,4.824430e+02,4.570680e-01,4.824430e-01,1.000000e-09,15,1,true
2,mixed_sine,W-exact,w_exact,w,exact,1.30,mg_exact,cuda,double,4095,9,9.808494e-10,1.828930e-07,3.657861e-07,5.249860e+02,5.570470e+02,5.249860e-01,5.570470e-01,1.000000e-09,15,1,true
2,mixed_sine,W-exact,w_exact,w,exact,1.35,mg_exact,cuda,double,4095,11,2.147482e-10,1.828930e-07,3.657860e-07,6.320670e+02,6.681180e+02,6.320670e-01,6.681180e-01,1.000000e-09,15,1,true
2,mixed_sine,W-exact,w_exact,w,exact,1.40,mg_exact,cuda,double,4095,12,5.386530e-10,1.828930e-07,3.657860e-07,6.752990e+02,7.084310e+02,6.752990e-01,7.084310e-01,1.000000e-09,15,1,true
2,mixed_sine,W-exact,w_exact,w,exact,1.45,mg_exact,cuda,double,4095,14,3.379554e-10,1.828929e-07,3.657858e-07,7.859170e+02,8.212460e+02,7.859170e-01,8.212460e-01,1.000000e-09,15,1,true
2,mixed_sine,W-exact,w_exact,w,exact,1.50,mg_exact,cuda,double,4095,15,1.413179e-09,1.828930e-07,3.657861e-07,8.359060e+02,8.754740e+02,8.359060e-01,8.754740e-01,1.000000e-09,15,1,false
2,mixed_sine,W-SOR,w_sor,w,sor,1.00,mg_sor,cuda,double,4095,2,4.774515e-11,1.828914e-07,3.657829e-07,1.332030e+02,1.687790e+02,1.332030e-01,1.687790e-01,1.000000e-09,15,1,true
2,mixed_sine,W-SOR,w_sor,w,sor,1.05,mg_sor,cuda,double,4095,5,8.262440e-11,1.828930e-07,3.657861e-07,2.343040e+02,2.596770e+02,2.343040e-01,2.596770e-01,1.000000e-09,15,1,true
2,mixed_sine,W-SOR,w_sor,w,sor,1.10,mg_sor,cuda,double,4095,5,8.318833e-10,1.828930e-07,3.657860e-07,1.985460e+02,2.337520e+02,1.985460e-01,2.337520e-01,1.000000e-09,15,1,true
2,mixed_sine,W-SOR,w_sor,w,sor,1.15,mg_sor,cuda,double,4095,6,6.584833e-10,1.828930e-07,3.657860e-07,2.664440e+02,2.994890e+02,2.664440e-01,2.994890e-01,1.000000e-09,15,1,true
2,mixed_sine,W-SOR,w_sor,w,sor,1.20,mg_sor,cuda,double,4095,7,6.241331e-10,1.828930e-07,3.657860e-07,3.030200e+02,3.403500e+02,3.030200e-01,3.403500e-01,1.000000e-09,15,1,true
2,mixed_sine,W-SOR,w_sor,w,sor,1.25,mg_sor,cuda,double,4095,8,7.082905e-10,1.828931e-07,3.657861e-07,3.449960e+02,3.901150e+02,3.449960e-01,3.901150e-01,1.000000e-09,15,1,true
2,mixed_sine,W-SOR,w_sor,w,sor,1.30,mg_sor,cuda,double,4095,9,9.808654e-10,1.828930e-07,3.657861e-07,3.539340e+02,3.889380e+02,3.539340e-01,3.889380e-01,1.000000e-09,15,1,true
2,mixed_sine,W-SOR,w_sor,w,sor,1.35,mg_sor,cuda,double,4095,11,2.147946e-10,1.828930e-07,3.657861e-07,4.165650e+02,4.488240e+02,4.165650e-01,4.488240e-01,1.000000e-09,15,1,true
2,mixed_sine,W-SOR,w_sor,w,sor,1.40,mg_sor,cuda,double,4095,12,5.386432e-10,1.828930e-07,3.657860e-07,4.500920e+02,4.793300e+02,4.500920e-01,4.793300e-01,1.000000e-09,15,1,true
2,mixed_sine,W-SOR,w_sor,w,sor,1.45,mg_sor,cuda,double,4095,14,3.379133e-10,1.828929e-07,3.657858e-07,5.132100e+02,5.487400e+02,5.132100e-01,5.487400e-01,1.000000e-09,15,1,true
2,mixed_sine,W-SOR,w_sor,w,sor,1.50,mg_sor,cuda,double,4095,15,1.413120e-09,1.828930e-07,3.657861e-07,5.518740e+02,5.796150e+02,5.518740e-01,5.796150e-01,1.000000e-09,15,1,false
2,bubble,V-exact,v_exact,v,exact,1.00,mg_exact,cuda,double,4095,10,3.122713e-10,1.963973e-13,3.023692e-13,1.283520e+02,1.336920e+02,1.283520e-01,1.336920e-01,1.000000e-09,15,1,true
2,bubble,V-exact,v_exact,v,exact,1.05,mg_exact,cuda,double,4095,9,3.445501e-10,4.886870e-13,9.592258e-13,9.092700e+01,9.695700e+01,9.092700e-02,9.695700e-02,1.000000e-09,15,1,true
2,bubble,V-exact,v_exact,v,exact,1.10,mg_exact,cuda,double,4095,8,5.952126e-10,1.680696e-12,3.411930e-12,8.858700e+01,9.229700e+01,8.858700e-02,9.229700e-02,1.000000e-09,15,1,true
2,bubble,V-exact,v_exact,v,exact,1.15,mg_exact,cuda,double,4095,8,3.888525e-10,1.167045e-13,2.401898e-13,1.190260e+02,1.227420e+02,1.190260e-01,1.227420e-01,1.000000e-09,15,1,true
2,bubble,V-exact,v_exact,v,exact,1.20,mg_exact,cuda,double,4095,9,6.721099e-10,9.154818e-15,2.144812e-14,1.004460e+02,1.044170e+02,1.004460e-01,1.044170e-01,1.000000e-09,15,1,true
2,bubble,V-exact,v_exact,v,exact,1.25,mg_exact,cuda,double,4095,11,4.319364e-10,2.240098e-15,8.694434e-15,1.344490e+02,1.381660e+02,1.344490e-01,1.381660e-01,1.000000e-09,15,1,true
2,bubble,V-exact,v_exact,v,exact,1.30,mg_exact,cuda,double,4095,12,6.812705e-10,3.881919e-14,6.937506e-14,1.098770e+02,1.131970e+02,1.098770e-01,1.131970e-01,1.000000e-09,15,1,true
2,bubble,V-exact,v_exact,v,exact,1.35,mg_exact,cuda,double,4095,14,5.113844e-10,1.254519e-14,3.203687e-14,1.233050e+02,1.277800e+02,1.233050e-01,1.277800e-01,1.000000e-09,15,1,true
2,bubble,V-exact,v_exact,v,exact,1.40,mg_exact,cuda,double,4095,15,1.000519e-09,3.529350e-14,9.965639e-14,1.549100e+02,1.606290e+02,1.549100e-01,1.606290e-01,1.000000e-09,15,1,false
2,bubble,V-exact,v_exact,v,exact,1.45,mg_exact,cuda,double,4095,15,1.025757e-08,4.660860e-13,8.462328e-13,1.460930e+02,1.525030e+02,1.460930e-01,1.525030e-01,1.000000e-09,15,1,false
2,bubble,V-exact,v_exact,v,exact,1.50,mg_exact,cuda,double,4095,15,9.839830e-08,5.986394e-12,1.115995e-11,1.565970e+02,1.618590e+02,1.565970e-01,1.618590e-01,1.000000e-09,15,1,false
2,bubble,V-SOR,v_sor,v,sor,1.00,mg_sor,cuda,double,4095,10,3.122759e-10,1.964522e-13,3.012764e-13,1.078120e+02,1.126020e+02,1.078120e-01,1.126020e-01,1.000000e-09,15,1,true
2,bubble,V-SOR,v_sor,v,sor,1.05,mg_sor,cuda,double,4095,9,3.447481e-10,4.892594e-13,9.599682e-13,1.004880e+02,1.045510e+02,1.004880e-01,1.045510e-01,1.000000e-09,15,1,true
2,bubble,V-SOR,v_sor,v,sor,1.10,mg_sor,cuda,double,4095,8,5.954825e-10,1.679195e-12,3.410772e-12,8.974500e+01,9.876400e+01,8.974500e-02,9.876400e-02,1.000000e-09,15,1,true
2,bubble,V-SOR,v_sor,v,sor,1.15,mg_sor,cuda,double,4095,8,3.889035e-10,1.192085e-13,2.451719e-13,8.845200e+01,9.902600e+01,8.845200e-02,9.902600e-02,1.000000e-09,15,1,true
2,bubble,V-SOR,v_sor,v,sor,1.20,mg_sor,cuda,double,4095,9,6.719862e-10,1.008545e-14,2.386980e-14,1.178220e+02,1.214780e+02,1.178220e-01,1.214780e-01,1.000000e-09,15,1,true
2,bubble,V-SOR,v_sor,v,sor,1.25,mg_sor,cuda,double,4095,11,4.333660e-10,2.686147e-15,9.069134e-15,1.111320e+02,1.147100e+02,1.111320e-01,1.147100e-01,1.000000e-09,15,1,true
2,bubble,V-SOR,v_sor,v,sor,1.30,mg_sor,cuda,double,4095,12,6.811267e-10,4.149155e-14,7.393391e-14,1.166500e+02,1.206600e+02,1.166500e-01,1.206600e-01,1.000000e-09,15,1,true
2,bubble,V-SOR,v_sor,v,sor,1.35,mg_sor,cuda,double,4095,14,5.116839e-10,1.188622e-14,3.101686e-14,1.335000e+02,1.379410e+02,1.335000e-01,1.379410e-01,1.000000e-09,15,1,true
2,bubble,V-SOR,v_sor,v,sor,1.40,mg_sor,cuda,double,4095,15,1.000612e-09,3.540498e-14,1.006001e-13,1.378510e+02,1.442040e+02,1.378510e-01,1.442040e-01,1.000000e-09,15,1,false
2,bubble,V-SOR,v_sor,v,sor,1.45,mg_sor,cuda,double,4095,15,1.025754e-08,4.663783e-13,8.524778e-13,1.476150e+02,1.526500e+02,1.476150e-01,1.526500e-01,1.000000e-09,15,1,false
2,bubble,V-SOR,v_sor,v,sor,1.50,mg_sor,cuda,double,4095,15,9.839881e-08,5.986546e-12,1.116218e-11,1.333360e+02,1.370730e+02,1.333360e-01,1.370730e-01,1.000000e-09,15,1,false
2,bubble,W-exact,w_exact,w,exact,1.00,mg_exact,cuda,double,4095,6,8.027179e-10,3.196746e-15,1.166428e-14,4.048270e+02,4.346670e+02,4.048270e-01,4.346670e-01,1.000000e-09,15,1,true
2,bubble,W-exact,w_exact,w,exact,1.05,mg_exact,cuda,double,4095,5,3.681169e-10,3.580221e-14,6.551010e-14,2.956020e+02,3.208530e+02,2.956020e-01,3.208530e-01,1.000000e-09,15,1,true
2,bubble,W-exact,w_exact,w,exact,1.10,mg_exact,cuda,double,4095,6,3.171710e-10,1.347878e-13,2.513476e-13,3.847710e+02,4.166910e+02,3.847710e-01,4.166910e-01,1.000000e-09,15,1,true
2,bubble,W-exact,w_exact,w,exact,1.15,mg_exact,cuda,double,4095,6,7.460990e-10,2.692412e-14,7.544659e-14,3.487420e+02,3.785560e+02,3.487420e-01,3.785560e-01,1.000000e-09,15,1,true
2,bubble,W-exact,w_exact,w,exact,1.20,mg_exact,cuda,double,4095,7,7.154503e-10,6.322244e-14,1.259409e-13,4.402830e+02,4.647490e+02,4.402830e-01,4.647490e-01,1.000000e-09,15,1,true
2,bubble,W-exact,w_exact,w,exact,1.25,mg_exact,cuda,double,4095,8,7.992633e-10,9.773130e-14,2.021855e-13,4.499710e+02,4.753380e+02,4.499710e-01,4.753380e-01,1.000000e-09,15,1,true
2,bubble,W-exact,w_exact,w,exact,1.30,mg_exact,cuda,double,4095,10,4.153833e-10,5.672151e-13,1.049778e-12,5.785850e+02,6.289500e+02,5.785850e-01,6.289500e-01,1.000000e-09,15,1,true
2,bubble,W-exact,w_exact,w,exact,1.35,mg_exact,cuda,double,4095,11,4.691353e-10,3.395834e-13,5.766013e-13,6.078740e+02,6.367270e+02,6.078740e-01,6.367270e-01,1.000000e-09,15,1,true
2,bubble,W-exact,w_exact,w,exact,1.40,mg_exact,cuda,double,4095,12,6.838389e-10,3.072826e-13,5.828740e-13,6.547470e+02,6.807930e+02,6.547470e-01,6.807930e-01,1.000000e-09,15,1,true
2,bubble,W-exact,w_exact,w,exact,1.45,mg_exact,cuda,double,4095,14,5.631277e-10,1.126580e-13,2.013736e-13,7.941920e+02,8.296260e+02,7.941920e-01,8.296260e-01,1.000000e-09,15,1,true
2,bubble,W-exact,w_exact,w,exact,1.50,mg_exact,cuda,double,4095,15,1.464691e-09,9.811208e-14,1.894526e-13,8.446810e+02,8.721810e+02,8.446810e-01,8.721810e-01,1.000000e-09,15,1,false
2,bubble,W-SOR,w_sor,w,sor,1.00,mg_sor,cuda,double,4095,6,8.029888e-10,6.294014e-15,1.869338e-14,2.352060e+02,2.690920e+02,2.352060e-01,2.690920e-01,1.000000e-09,15,1,true
2,bubble,W-SOR,w_sor,w,sor,1.05,mg_sor,cuda,double,4095,5,3.681844e-10,3.523979e-14,6.000062e-14,1.995790e+02,2.234540e+02,1.995790e-01,2.234540e-01,1.000000e-09,15,1,true
2,bubble,W-SOR,w_sor,w,sor,1.10,mg_sor,cuda,double,4095,6,3.171257e-10,1.087351e-13,2.019288e-13,2.317330e+02,2.639250e+02,2.317330e-01,2.639250e-01,1.000000e-09,15,1,true
2,bubble,W-SOR,w_sor,w,sor,1.15,mg_sor,cuda,double,4095,6,7.457219e-10,2.048645e-14,6.160350e-14,2.479370e+02,2.862830e+02,2.479370e-01,2.862830e-01,1.000000e-09,15,1,true
2,bubble,W-SOR,w_sor,w,sor,1.20,mg_sor,cuda,double,4095,7,7.154144e-10,5.752038e-14,1.155395e-13,3.076720e+02,3.387580e+02,3.076720e-01,3.387580e-01,1.000000e-09,15,1,true
2,bubble,W-SOR,w_sor,w,sor,1.25,mg_sor,cuda,double,4095,8,7.982542e-10,9.846941e-14,2.049610e-13,3.038250e+02,3.423410e+02,3.038250e-01,3.423410e-01,1.000000e-09,15,1,true
2,bubble,W-SOR,w_sor,w,sor,1.30,mg_sor,cuda,double,4095,10,4.156100e-10,5.654078e-13,1.039009e-12,3.895930e+02,4.327670e+02,3.895930e-01,4.327670e-01,1.000000e-09,15,1,true
2,bubble,W-SOR,w_sor,w,sor,1.35,mg_sor,cuda,double,4095,11,4.689498e-10,3.390215e-13,5.755188e-13,4.026880e+02,4.279030e+02,4.026880e-01,4.279030e-01,1.000000e-09,15,1,true
2,bubble,W-SOR,w_sor,w,sor,1.40,mg_sor,cuda,double,4095,12,6.836371e-10,3.077852e-13,5.849002e-13,4.469700e+02,4.808670e+02,4.469700e-01,4.808670e-01,1.000000e-09,15,1,true
2,bubble,W-SOR,w_sor,w,sor,1.45,mg_sor,cuda,double,4095,14,5.634613e-10,1.180882e-13,2.181241e-13,5.225890e+02,5.481450e+02,5.225890e-01,5.481450e-01,1.000000e-09,15,1,true
2,bubble,W-SOR,w_sor,w,sor,1.50,mg_sor,cuda,double,4095,15,1.464795e-09,1.062168e-13,2.088885e-13,5.404920e+02,5.647210e+02,5.404920e-01,5.647210e-01,1.000000e-09,15,1,false
2,exp,V-exact,v_exact,v,exact,1.00,mg_exact,cuda,double,4095,15,3.219877e-09,1.181012e-09,2.145204e-09,1.613040e+02,1.690370e+02,1.613040e-01,1.690370e-01,1.000000e-09,15,1,false
2,exp,V-exact,v_exact,v,exact,1.05,mg_exact,cuda,double,4095,15,3.492218e-09,1.181410e-09,2.145936e-09,1.293250e+02,1.327780e+02,1.293250e-01,1.327780e-01,1.000000e-09,15,1,false
2,exp,V-exact,v_exact,v,exact,1.10,mg_exact,cuda,double,4095,15,3.729639e-09,1.181046e-09,2.145194e-09,1.570560e+02,1.608470e+02,1.570560e-01,1.608470e-01,1.000000e-09,15,1,false
2,exp,V-exact,v_exact,v,exact,1.15,mg_exact,cuda,double,4095,15,3.968957e-09,1.181614e-09,2.146446e-09,1.456990e+02,1.495920e+02,1.456990e-01,1.495920e-01,1.000000e-09,15,1,false
2,exp,V-exact,v_exact,v,exact,1.20,mg_exact,cuda,double,4095,15,4.196220e-09,1.180631e-09,2.144350e-09,1.757320e+02,1.799620e+02,1.757320e-01,1.799620e-01,1.000000e-09,15,1,false
2,exp,V-exact,v_exact,v,exact,1.25,mg_exact,cuda,double,4095,15,4.596773e-09,1.180899e-09,2.144942e-09,1.473160e+02,1.510590e+02,1.473160e-01,1.510590e-01,1.000000e-09,15,1,false
2,exp,V-exact,v_exact,v,exact,1.30,mg_exact,cuda,double,4095,15,3.989105e-08,1.181757e-09,2.146590e-09,1.589160e+02,1.677430e+02,1.589160e-01,1.677430e-01,1.000000e-09,15,1,false
2,exp,V-exact,v_exact,v,exact,1.35,mg_exact,cuda,double,4095,15,1.586096e-06,1.183272e-09,2.140144e-09,1.290720e+02,1.379320e+02,1.290720e-01,1.379320e-01,1.000000e-09,15,1,false
2,exp,V-exact,v_exact,v,exact,1.40,mg_exact,cuda,double,4095,15,3.377434e-05,1.255072e-09,2.083082e-09,1.562150e+02,1.662000e+02,1.562150e-01,1.662000e-01,1.000000e-09,15,1,false
2,exp,V-exact,v_exact,v,exact,1.45,mg_exact,cuda,double,4095,15,4.706082e-04,4.259721e-09,2.003158e-08,1.318590e+02,1.419210e+02,1.318590e-01,1.419210e-01,1.000000e-09,15,1,false
2,exp,V-exact,v_exact,v,exact,1.50,mg_exact,cuda,double,4095,15,4.864856e-03,4.050103e-08,2.091699e-07,1.618960e+02,1.709690e+02,1.618960e-01,1.709690e-01,1.000000e-09,15,1,false
2,exp,V-SOR,v_sor,v,sor,1.00,mg_sor,cuda,double,4095,15,3.221799e-09,1.181046e-09,2.145450e-09,1.334080e+02,1.400750e+02,1.334080e-01,1.400750e-01,1.000000e-09,15,1,false
2,exp,V-SOR,v_sor,v,sor,1.05,mg_sor,cuda,double,4095,15,3.493468e-09,1.181295e-09,2.145828e-09,1.589510e+02,1.628340e+02,1.589510e-01,1.628340e-01,1.000000e-09,15,1,false
2,exp,V-SOR,v_sor,v,sor,1.10,mg_sor,cuda,double,4095,15,3.729617e-09,1.181138e-09,2.145521e-09,1.330930e+02,1.382340e+02,1.330930e-01,1.382340e-01,1.000000e-09,15,1,false
2,exp,V-SOR,v_sor,v,sor,1.15,mg_sor,cuda,double,4095,15,3.967528e-09,1.181689e-09,2.146498e-09,1.602290e+02,1.660180e+02,1.602290e-01,1.660180e-01,1.000000e-09,15,1,false
2,exp,V-SOR,v_sor,v,sor,1.20,mg_sor,cuda,double,4095,15,4.197891e-09,1.180981e-09,2.145115e-09,1.348330e+02,1.968530e+02,1.348330e-01,1.968530e-01,1.000000e-09,15,1,false
2,exp,V-SOR,v_sor,v,sor,1.25,mg_sor,cuda,double,4095,15,4.594303e-09,1.181145e-09,2.145545e-09,1.324430e+02,1.372040e+02,1.324430e-01,1.372040e-01,1.000000e-09,15,1,false
2,exp,V-SOR,v_sor,v,sor,1.30,mg_sor,cuda,double,4095,15,3.989058e-08,1.181877e-09,2.146738e-09,1.337870e+02,1.591700e+02,1.337870e-01,1.591700e-01,1.000000e-09,15,1,false
2,exp,V-SOR,v_sor,v,sor,1.35,mg_sor,cuda,double,4095,15,1.586095e-06,1.183332e-09,2.140138e-09,1.301510e+02,1.337750e+02,1.301510e-01,1.337750e-01,1.000000e-09,15,1,false
2,exp,V-SOR,v_sor,v,sor,1.40,mg_sor,cuda,double,4095,15,3.377435e-05,1.255204e-09,2.083429e-09,1.305350e+02,1.338590e+02,1.305350e-01,1.338590e-01,1.000000e-09,15,1,false
2,exp,V-SOR,v_sor,v,sor,1.45,mg_sor,cuda,double,4095,15,4.706082e-04,4.259710e-09,2.003157e-08,1.625810e+02,1.868500e+02,1.625810e-01,1.868500e-01,1.000000e-09,15,1,false
2,exp,V-SOR,v_sor,v,sor,1.50,mg_sor,cuda,double,4095,15,4.864856e-03,4.050098e-08,2.091698e-07,1.315200e+02,1.371420e+02,1.315200e-01,1.371420e-01,1.000000e-09,15,1,false
2,exp,W-exact,w_exact,w,exact,1.00,mg_exact,cuda,double,4095,15,3.223957e-09,1.181074e-09,2.145432e-09,8.313720e+02,8.817130e+02,8.313720e-01,8.817130e-01,1.000000e-09,15,1,false
2,exp,W-exact,w_exact,w,exact,1.05,mg_exact,cuda,double,4095,15,3.495148e-09,1.181220e-09,2.145643e-09,8.305960e+02,8.618650e+02,8.305960e-01,8.618650e-01,1.000000e-09,15,1,false
2,exp,W-exact,w_exact,w,exact,1.10,mg_exact,cuda,double,4095,15,3.728753e-09,1.181220e-09,2.145486e-09,8.328150e+02,8.701680e+02,8.328150e-01,8.701680e-01,1.000000e-09,15,1,false
2,exp,W-exact,w_exact,w,exact,1.15,mg_exact,cuda,double,4095,15,3.967362e-09,1.181475e-09,2.146087e-09,8.501780e+02,8.803810e+02,8.501780e-01,8.803810e-01,1.000000e-09,15,1,false
2,exp,W-exact,w_exact,w,exact,1.20,mg_exact,cuda,double,4095,15,4.189822e-09,1.180891e-09,2.145129e-09,8.581250e+02,9.156320e+02,8.581250e-01,9.156320e-01,1.000000e-09,15,1,false
2,exp,W-exact,w_exact,w,exact,1.25,mg_exact,cuda,double,4095,15,4.568477e-09,1.181230e-09,2.145755e-09,8.383590e+02,8.759540e+02,8.383590e-01,8.759540e-01,1.000000e-09,15,1,false
2,exp,W-exact,w_exact,w,exact,1.30,mg_exact,cuda,double,4095,15,4.821411e-09,1.182020e-09,2.147225e-09,8.394510e+02,8.748350e+02,8.394510e-01,8.748350e-01,1.000000e-09,15,1,false
2,exp,W-exact,w_exact,w,exact,1.35,mg_exact,cuda,double,4095,15,6.893365e-08,1.180790e-09,2.144878e-09,8.469430e+02,8.783600e+02,8.469430e-01,8.783600e-01,1.000000e-09,15,1,false
2,exp,W-exact,w_exact,w,exact,1.40,mg_exact,cuda,double,4095,15,1.948352e-06,1.180759e-09,2.144839e-09,8.450790e+02,8.821010e+02,8.450790e-01,8.821010e-01,1.000000e-09,15,1,false
2,exp,W-exact,w_exact,w,exact,1.45,mg_exact,cuda,double,4095,15,3.762037e-05,1.180766e-09,2.144619e-09,8.183740e+02,8.438030e+02,8.183740e-01,8.438030e-01,1.000000e-09,15,1,false
2,exp,W-exact,w_exact,w,exact,1.50,mg_exact,cuda,double,4095,15,5.629550e-04,1.189054e-09,9.137486e-09,8.192730e+02,8.896000e+02,8.192730e-01,8.896000e-01,1.000000e-09,15,1,false
2,exp,W-SOR,w_sor,w,sor,1.00,mg_sor,cuda,double,4095,15,3.224177e-09,1.181085e-09,2.145434e-09,5.672500e+02,6.073380e+02,5.672500e-01,6.073380e-01,1.000000e-09,15,1,false
2,exp,W-SOR,w_sor,w,sor,1.05,mg_sor,cuda,double,4095,15,3.494600e-09,1.181068e-09,2.145407e-09,5.820420e+02,6.354240e+02,5.820420e-01,6.354240e-01,1.000000e-09,15,1,false
2,exp,W-SOR,w_sor,w,sor,1.10,mg_sor,cuda,double,4095,15,3.730903e-09,1.181396e-09,2.145844e-09,5.535300e+02,5.818340e+02,5.535300e-01,5.818340e-01,1.000000e-09,15,1,false
2,exp,W-SOR,w_sor,w,sor,1.15,mg_sor,cuda,double,4095,15,3.966567e-09,1.181501e-09,2.145982e-09,5.242620e+02,5.503530e+02,5.242620e-01,5.503530e-01,1.000000e-09,15,1,false
2,exp,W-SOR,w_sor,w,sor,1.20,mg_sor,cuda,double,4095,15,4.191048e-09,1.180758e-09,2.144477e-09,5.706790e+02,6.045020e+02,5.706790e-01,6.045020e-01,1.000000e-09,15,1,false
2,exp,W-SOR,w_sor,w,sor,1.25,mg_sor,cuda,double,4095,15,4.568496e-09,1.181268e-09,2.145754e-09,5.875020e+02,6.255050e+02,5.875020e-01,6.255050e-01,1.000000e-09,15,1,false
2,exp,W-SOR,w_sor,w,sor,1.30,mg_sor,cuda,double,4095,15,4.824245e-09,1.182235e-09,2.147618e-09,5.332610e+02,5.604710e+02,5.332610e-01,5.604710e-01,1.000000e-09,15,1,false
2,exp,W-SOR,w_sor,w,sor,1.35,mg_sor,cuda,double,4095,15,6.893525e-08,1.180810e-09,2.144846e-09,5.819420e+02,6.211860e+02,5.819420e-01,6.211860e-01,1.000000e-09,15,1,false
2,exp,W-SOR,w_sor,w,sor,1.40,mg_sor,cuda,double,4095,15,1.948356e-06,1.180904e-09,2.145107e-09,5.640200e+02,5.987700e+02,5.640200e-01,5.987700e-01,1.000000e-09,15,1,false
2,exp,W-SOR,w_sor,w,sor,1.45,mg_sor,cuda,double,4095,15,3.762036e-05,1.180883e-09,2.144986e-09,5.300190e+02,5.558210e+02,5.300190e-01,5.558210e-01,1.000000e-09,15,1,false
2,exp,W-SOR,w_sor,w,sor,1.50,mg_sor,cuda,double,4095,15,5.629550e-04,1.189265e-09,9.137483e-09,5.280460e+02,5.593550e+02,5.280460e-01,5.593550e-01,1.000000e-09,15,1,false
2,cosine,V-exact,v_exact,v,exact,1.00,mg_exact,cuda,double,4095,13,8.774214e-10,4.546029e-09,8.835883e-09,1.365870e+02,1.397400e+02,1.365870e-01,1.397400e-01,1.000000e-09,15,1,true
2,cosine,V-exact,v_exact,v,exact,1.05,mg_exact,cuda,double,4095,11,9.138756e-10,4.544818e-09,8.833236e-09,1.142710e+02,1.207560e+02,1.142710e-01,1.207560e-01,1.000000e-09,15,1,true
2,cosine,V-exact,v_exact,v,exact,1.10,mg_exact,cuda,double,4095,10,4.656068e-10,4.545910e-09,8.835560e-09,1.264720e+02,1.308870e+02,1.264720e-01,1.308870e-01,1.000000e-09,15,1,true
2,cosine,V-exact,v_exact,v,exact,1.15,mg_exact,cuda,double,4095,10,4.319008e-10,4.546428e-09,8.836699e-09,1.295660e+02,1.337200e+02,1.295660e-01,1.337200e-01,1.000000e-09,15,1,true
2,cosine,V-exact,v_exact,v,exact,1.20,mg_exact,cuda,double,4095,12,4.859899e-10,4.546386e-09,8.836615e-09,1.426420e+02,1.464400e+02,1.426420e-01,1.464400e-01,1.000000e-09,15,1,true
2,cosine,V-exact,v_exact,v,exact,1.25,mg_exact,cuda,double,4095,14,6.260450e-10,4.546383e-09,8.836635e-09,1.300220e+02,1.384080e+02,1.300220e-01,1.384080e-01,1.000000e-09,15,1,true
2,cosine,V-exact,v_exact,v,exact,1.30,mg_exact,cuda,double,4095,15,4.935887e-09,4.546414e-09,8.836647e-09,1.560160e+02,1.627790e+02,1.560160e-01,1.627790e-01,1.000000e-09,15,1,false
2,cosine,V-exact,v_exact,v,exact,1.35,mg_exact,cuda,double,4095,15,1.969634e-07,4.546878e-09,8.836849e-09,1.459990e+02,1.586570e+02,1.459990e-01,1.586570e-01,1.000000e-09,15,1,false
2,cosine,V-exact,v_exact,v,exact,1.40,mg_exact,cuda,double,4095,15,4.197317e-06,4.558087e-09,8.843121e-09,1.311400e+02,1.359510e+02,1.311400e-01,1.359510e-01,1.000000e-09,15,1,false
2,cosine,V-exact,v_exact,v,exact,1.45,mg_exact,cuda,double,4095,15,5.852604e-05,4.744889e-09,8.987346e-09,1.415100e+02,1.473560e+02,1.415100e-01,1.473560e-01,1.000000e-09,15,1,false
2,cosine,V-exact,v_exact,v,exact,1.50,mg_exact,cuda,double,4095,15,6.054047e-04,8.153559e-09,2.973112e-08,1.550230e+02,1.602660e+02,1.550230e-01,1.602660e-01,1.000000e-09,15,1,false
2,cosine,V-SOR,v_sor,v,sor,1.00,mg_sor,cuda,double,4095,13,8.769420e-10,4.546030e-09,8.835905e-09,1.157340e+02,1.192400e+02,1.157340e-01,1.192400e-01,1.000000e-09,15,1,true
2,cosine,V-SOR,v_sor,v,sor,1.05,mg_sor,cuda,double,4095,11,9.140110e-10,4.544818e-09,8.833238e-09,1.297770e+02,1.340040e+02,1.297770e-01,1.340040e-01,1.000000e-09,15,1,true
2,cosine,V-SOR,v_sor,v,sor,1.10,mg_sor,cuda,double,4095,10,4.652865e-10,4.545909e-09,8.835535e-09,9.974000e+01,1.033880e+02,9.974000e-02,1.033880e-01,1.000000e-09,15,1,true
2,cosine,V-SOR,v_sor,v,sor,1.15,mg_sor,cuda,double,4095,10,4.317405e-10,4.546418e-09,8.836662e-09,1.265280e+02,1.310610e+02,1.265280e-01,1.310610e-01,1.000000e-09,15,1,true
2,cosine,V-SOR,v_sor,v,sor,1.20,mg_sor,cuda,double,4095,12,4.860391e-10,4.546385e-09,8.836625e-09,1.103570e+02,1.139410e+02,1.103570e-01,1.139410e-01,1.000000e-09,15,1,true
2,cosine,V-SOR,v_sor,v,sor,1.25,mg_sor,cuda,double,4095,14,6.257716e-10,4.546383e-09,8.836598e-09,1.228030e+02,1.272350e+02,1.228030e-01,1.272350e-01,1.000000e-09,15,1,true
2,cosine,V-SOR,v_sor,v,sor,1.30,mg_sor,cuda,double,4095,15,4.935830e-09,4.546431e-09,8.836690e-09,1.883450e+02,1.918040e+02,1.883450e-01,1.918040e-01,1.000000e-09,15,1,false
2,cosine,V-SOR,v_sor,v,sor,1.35,mg_sor,cuda,double,4095,15,1.969635e-07,4.546867e-09,8.836837e-09,1.286560e+02,1.334020e+02,1.286560e-01,1.334020e-01,1.000000e-09,15,1,false
2,cosine,V-SOR,v_sor,v,sor,1.40,mg_sor,cuda,double,4095,15,4.197317e-06,4.558101e-09,8.843157e-09,1.447630e+02,1.489440e+02,1.447630e-01,1.489440e-01,1.000000e-09,15,1,false
2,cosine,V-SOR,v_sor,v,sor,1.45,mg_sor,cuda,double,4095,15,5.852604e-05,4.744893e-09,8.987353e-09,1.291530e+02,1.333250e+02,1.291530e-01,1.333250e-01,1.000000e-09,15,1,false
2,cosine,V-SOR,v_sor,v,sor,1.50,mg_sor,cuda,double,4095,15,6.054047e-04,8.153551e-09,2.973112e-08,1.376150e+02,1.438470e+02,1.376150e-01,1.438470e-01,1.000000e-09,15,1,false
2,cosine,W-exact,w_exact,w,exact,1.00,mg_exact,cuda,double,4095,12,3.433476e-10,4.546382e-09,8.836619e-09,6.881850e+02,7.655480e+02,6.881850e-01,7.655480e-01,1.000000e-09,15,1,true
2,cosine,W-exact,w_exact,w,exact,1.05,mg_exact,cuda,double,4095,10,3.714843e-10,4.546392e-09,8.836662e-09,5.797660e+02,6.178540e+02,5.797660e-01,6.178540e-01,1.000000e-09,15,1,true
2,cosine,W-exact,w_exact,w,exact,1.10,mg_exact,cuda,double,4095,10,3.711225e-10,4.546383e-09,8.836613e-09,5.790380e+02,6.105820e+02,5.790380e-01,6.105820e-01,1.000000e-09,15,1,true
2,cosine,W-exact,w_exact,w,exact,1.15,mg_exact,cuda,double,4095,10,4.191871e-10,4.546419e-09,8.836672e-09,5.794590e+02,6.223270e+02,5.794590e-01,6.223270e-01,1.000000e-09,15,1,true
2,cosine,W-exact,w_exact,w,exact,1.20,mg_exact,cuda,double,4095,11,4.412928e-10,4.546381e-09,8.836615e-09,6.377490e+02,6.795380e+02,6.377490e-01,6.795380e-01,1.000000e-09,15,1,true
2,cosine,W-exact,w_exact,w,exact,1.25,mg_exact,cuda,double,4095,13,4.809641e-10,4.546383e-09,8.836610e-09,7.175530e+02,7.562640e+02,7.175530e-01,7.562640e-01,1.000000e-09,15,1,true
2,cosine,W-exact,w_exact,w,exact,1.30,mg_exact,cuda,double,4095,15,4.782739e-10,4.546422e-09,8.836671e-09,8.351670e+02,8.732520e+02,8.351670e-01,8.732520e-01,1.000000e-09,15,1,true
2,cosine,W-exact,w_exact,w,exact,1.35,mg_exact,cuda,double,4095,15,8.607856e-09,4.546351e-09,8.836560e-09,8.540350e+02,8.856940e+02,8.540350e-01,8.856940e-01,1.000000e-09,15,1,false
2,cosine,W-exact,w_exact,w,exact,1.40,mg_exact,cuda,double,4095,15,2.435597e-07,4.546380e-09,8.836607e-09,8.339180e+02,8.622910e+02,8.339180e-01,8.622910e-01,1.000000e-09,15,1,false
2,cosine,W-exact,w_exact,w,exact,1.45,mg_exact,cuda,double,4095,15,4.703123e-06,4.546384e-09,8.836607e-09,8.337420e+02,8.696250e+02,8.337420e-01,8.696250e-01,1.000000e-09,15,1,false
2,cosine,W-exact,w_exact,w,exact,1.50,mg_exact,cuda,double,4095,15,7.038146e-05,4.546531e-09,8.836600e-09,8.299140e+02,8.580550e+02,8.299140e-01,8.580550e-01,1.000000e-09,15,1,false
2,cosine,W-SOR,w_sor,w,sor,1.00,mg_sor,cuda,double,4095,12,3.433974e-10,4.546379e-09,8.836592e-09,4.290840e+02,4.572560e+02,4.290840e-01,4.572560e-01,1.000000e-09,15,1,true
2,cosine,W-SOR,w_sor,w,sor,1.05,mg_sor,cuda,double,4095,10,3.715478e-10,4.546385e-09,8.836609e-09,3.800370e+02,4.046120e+02,3.800370e-01,4.046120e-01,1.000000e-09,15,1,true
2,cosine,W-SOR,w_sor,w,sor,1.10,mg_sor,cuda,double,4095,10,3.710831e-10,4.546397e-09,8.836637e-09,4.149420e+02,4.513170e+02,4.149420e-01,4.513170e-01,1.000000e-09,15,1,true
2,cosine,W-SOR,w_sor,w,sor,1.15,mg_sor,cuda,double,4095,10,4.192938e-10,4.546417e-09,8.836684e-09,3.750140e+02,4.016240e+02,3.750140e-01,4.016240e-01,1.000000e-09,15,1,true
2,cosine,W-SOR,w_sor,w,sor,1.20,mg_sor,cuda,double,4095,11,4.415205e-10,4.546383e-09,8.836627e-09,4.215180e+02,4.492080e+02,4.215180e-01,4.492080e-01,1.000000e-09,15,1,true
2,cosine,W-SOR,w_sor,w,sor,1.25,mg_sor,cuda,double,4095,13,4.809624e-10,4.546386e-09,8.836635e-09,4.779400e+02,5.091110e+02,4.779400e-01,5.091110e-01,1.000000e-09,15,1,true
2,cosine,W-SOR,w_sor,w,sor,1.30,mg_sor,cuda,double,4095,15,4.782460e-10,4.546414e-09,8.836680e-09,5.712200e+02,6.115210e+02,5.712200e-01,6.115210e-01,1.000000e-09,15,1,true
2,cosine,W-SOR,w_sor,w,sor,1.35,mg_sor,cuda,double,4095,15,8.607865e-09,4.546369e-09,8.836608e-09,5.351670e+02,5.614790e+02,5.351670e-01,5.614790e-01,1.000000e-09,15,1,false
2,cosine,W-SOR,w_sor,w,sor,1.40,mg_sor,cuda,double,4095,15,2.435595e-07,4.546382e-09,8.836623e-09,5.419670e+02,5.888680e+02,5.419670e-01,5.888680e-01,1.000000e-09,15,1,false
2,cosine,W-SOR,w_sor,w,sor,1.45,mg_sor,cuda,double,4095,15,4.703123e-06,4.546387e-09,8.836609e-09,5.532470e+02,6.083770e+02,5.532470e-01,6.083770e-01,1.000000e-09,15,1,false
2,cosine,W-SOR,w_sor,w,sor,1.50,mg_sor,cuda,double,4095,15,7.038146e-05,4.546528e-09,8.836612e-09,5.432450e+02,5.885470e+02,5.432450e-01,5.885470e-01,1.000000e-09,15,1,false
2,sine,V-exact,v_exact,v,exact,1.00,mg_exact,cuda,double,4095,8,3.088398e-10,2.447409e-08,4.894803e-08,1.205820e+02,1.263580e+02,1.205820e-01,1.263580e-01,1.000000e-09,15,2,true
2,sine,V-exact,v_exact,v,exact,1.05,mg_exact,cuda,double,4095,7,6.746627e-10,2.432031e-08,4.864087e-08,1.202390e+02,1.254800e+02,1.202390e-01,1.254800e-01,1.000000e-09,15,2,true
2,sine,V-exact,v_exact,v,exact,1.10,mg_exact,cuda,double,4095,7,3.715019e-10,2.447923e-08,4.895846e-08,1.015920e+02,1.123560e+02,1.015920e-01,1.123560e-01,1.000000e-09,15,2,true
2,sine,V-exact,v_exact,v,exact,1.15,mg_exact,cuda,double,4095,6,5.219095e-10,2.442359e-08,4.884709e-08,9.447700e+01,1.014020e+02,9.447700e-02,1.014020e-01,1.000000e-09,15,2,true
2,sine,V-exact,v_exact,v,exact,1.20,mg_exact,cuda,double,4095,5,7.026064e-10,2.443851e-08,4.887642e-08,1.032490e+02,1.097860e+02,1.032490e-01,1.097860e-01,1.000000e-09,15,2,true
2,sine,V-exact,v_exact,v,exact,1.25,mg_exact,cuda,double,4095,6,5.096938e-10,2.451147e-08,4.902429e-08,9.501700e+01,9.881500e+01,9.501700e-02,9.881500e-02,1.000000e-09,15,2,true
2,sine,V-exact,v_exact,v,exact,1.30,mg_exact,cuda,double,4095,7,5.473081e-10,2.451226e-08,4.902270e-08,1.197150e+02,1.237550e+02,1.197150e-01,1.237550e-01,1.000000e-09,15,2,true
2,sine,V-exact,v_exact,v,exact,1.35,mg_exact,cuda,double,4095,8,5.861873e-10,2.450784e-08,4.901779e-08,1.108460e+02,1.185310e+02,1.108460e-01,1.185310e-01,1.000000e-09,15,2,true
2,sine,V-exact,v_exact,v,exact,1.40,mg_exact,cuda,double,4095,9,6.488430e-10,2.451944e-08,4.903625e-08,1.259410e+02,1.417920e+02,1.259410e-01,1.417920e-01,1.000000e-09,15,2,true
2,sine,V-exact,v_exact,v,exact,1.45,mg_exact,cuda,double,4095,10,7.726749e-10,2.449427e-08,4.899225e-08,1.473430e+02,1.508870e+02,1.473430e-01,1.508870e-01,1.000000e-09,15,2,true
2,sine,V-exact,v_exact,v,exact,1.50,mg_exact,cuda,double,4095,12,5.760539e-10,2.450588e-08,4.901271e-08,1.523720e+02,1.669860e+02,1.523720e-01,1.669860e-01,1.000000e-09,15,2,true
2,sine,V-SOR,v_sor,v,sor,1.00,mg_sor,cuda,double,4095,8,3.088332e-10,2.447407e-08,4.894796e-08,1.153560e+02,1.215660e+02,1.153560e-01,1.215660e-01,1.000000e-09,15,2,true
2,sine,V-SOR,v_sor,v,sor,1.05,mg_sor,cuda,double,4095,7,6.748167e-10,2.432030e-08,4.864087e-08,1.142830e+02,1.218090e+02,1.142830e-01,1.218090e-01,1.000000e-09,15,2,true
2,sine,V-SOR,v_sor,v,sor,1.10,mg_sor,cuda,double,4095,7,3.712832e-10,2.447924e-08,4.895852e-08,1.129660e+02,1.263390e+02,1.129660e-01,1.263390e-01,1.000000e-09,15,2,true
2,sine,V-SOR,v_sor,v,sor,1.15,mg_sor,cuda,double,4095,6,5.219263e-10,2.442354e-08,4.884700e-08,1.173730e+02,1.213520e+02,1.173730e-01,1.213520e-01,1.000000e-09,15,2,true
2,sine,V-SOR,v_sor,v,sor,1.20,mg_sor,cuda,double,4095,5,7.030346e-10,2.443854e-08,4.887646e-08,1.182930e+02,1.223970e+02,1.182930e-01,1.223970e-01,1.000000e-09,15,2,true
2,sine,V-SOR,v_sor,v,sor,1.25,mg_sor,cuda,double,4095,6,5.095537e-10,2.451146e-08,4.902424e-08,9.321600e+01,1.015780e+02,9.321600e-02,1.015780e-01,1.000000e-09,15,2,true
2,sine,V-SOR,v_sor,v,sor,1.30,mg_sor,cuda,double,4095,7,5.469819e-10,2.451224e-08,4.902268e-08,1.137450e+02,1.182050e+02,1.137450e-01,1.182050e-01,1.000000e-09,15,2,true
2,sine,V-SOR,v_sor,v,sor,1.35,mg_sor,cuda,double,4095,8,5.861301e-10,2.450783e-08,4.901778e-08,1.185910e+02,1.260550e+02,1.185910e-01,1.260550e-01,1.000000e-09,15,2,true
2,sine,V-SOR,v_sor,v,sor,1.40,mg_sor,cuda,double,4095,9,6.489601e-10,2.451947e-08,4.903631e-08,1.223030e+02,1.279200e+02,1.223030e-01,1.279200e-01,1.000000e-09,15,2,true
2,sine,V-SOR,v_sor,v,sor,1.45,mg_sor,cuda,double,4095,10,7.726965e-10,2.449428e-08,4.899229e-08,1.444270e+02,1.489480e+02,1.444270e-01,1.489480e-01,1.000000e-09,15,2,true
2,sine,V-SOR,v_sor,v,sor,1.50,mg_sor,cuda,double,4095,12,5.761204e-10,2.450597e-08,4.901297e-08,1.710460e+02,1.756640e+02,1.710460e-01,1.756640e-01,1.000000e-09,15,2,true
2,sine,W-exact,w_exact,w,exact,1.00,mg_exact,cuda,double,4095,2,2.902329e-10,2.451139e-08,4.902279e-08,1.699860e+02,2.142600e+02,1.699860e-01,2.142600e-01,1.000000e-09,15,2,true
2,sine,W-exact,w_exact,w,exact,1.05,mg_exact,cuda,double,4095,3,3.132925e-10,2.451115e-08,4.902202e-08,2.374270e+02,2.874160e+02,2.374270e-01,2.874160e-01,1.000000e-09,15,2,true
2,sine,W-exact,w_exact,w,exact,1.10,mg_exact,cuda,double,4095,3,3.654688e-10,2.451186e-08,4.902379e-08,2.301890e+02,2.946070e+02,2.301890e-01,2.946070e-01,1.000000e-09,15,2,true
2,sine,W-exact,w_exact,w,exact,1.15,mg_exact,cuda,double,4095,4,3.579461e-10,2.451175e-08,4.902383e-08,2.728790e+02,3.033540e+02,2.728790e-01,3.033540e-01,1.000000e-09,15,2,true
2,sine,W-exact,w_exact,w,exact,1.20,mg_exact,cuda,double,4095,4,4.058394e-10,2.451144e-08,4.902286e-08,3.020300e+02,3.407850e+02,3.020300e-01,3.407850e-01,1.000000e-09,15,2,true
2,sine,W-exact,w_exact,w,exact,1.25,mg_exact,cuda,double,4095,5,4.032637e-10,2.451016e-08,4.902077e-08,3.543750e+02,3.906610e+02,3.543750e-01,3.906610e-01,1.000000e-09,15,2,true
2,sine,W-exact,w_exact,w,exact,1.30,mg_exact,cuda,double,4095,5,5.207803e-10,2.451239e-08,4.902513e-08,3.312570e+02,3.624020e+02,3.312570e-01,3.624020e-01,1.000000e-09,15,2,true
2,sine,W-exact,w_exact,w,exact,1.35,mg_exact,cuda,double,4095,6,4.520195e-10,2.451111e-08,4.902203e-08,3.975580e+02,4.391230e+02,3.975580e-01,4.391230e-01,1.000000e-09,15,2,true
2,sine,W-exact,w_exact,w,exact,1.40,mg_exact,cuda,double,4095,7,4.701250e-10,2.451131e-08,4.902268e-08,4.605680e+02,5.081090e+02,4.605680e-01,5.081090e-01,1.000000e-09,15,2,true
2,sine,W-exact,w_exact,w,exact,1.45,mg_exact,cuda,double,4095,7,8.443479e-10,2.451186e-08,4.902397e-08,4.484220e+02,4.885640e+02,4.484220e-01,4.885640e-01,1.000000e-09,15,2,true
2,sine,W-exact,w_exact,w,exact,1.50,mg_exact,cuda,double,4095,8,8.562431e-10,2.451165e-08,4.902351e-08,5.498220e+02,5.869070e+02,5.498220e-01,5.869070e-01,1.000000e-09,15,2,true
2,sine,W-SOR,w_sor,w,sor,1.00,mg_sor,cuda,double,4095,2,2.903438e-10,2.451137e-08,4.902274e-08,1.147690e+02,1.475540e+02,1.147690e-01,1.475540e-01,1.000000e-09,15,2,true
2,sine,W-SOR,w_sor,w,sor,1.05,mg_sor,cuda,double,4095,3,3.133288e-10,2.451116e-08,4.902204e-08,1.743390e+02,2.095010e+02,1.743390e-01,2.095010e-01,1.000000e-09,15,2,true
2,sine,W-SOR,w_sor,w,sor,1.10,mg_sor,cuda,double,4095,3,3.654024e-10,2.451190e-08,4.902389e-08,1.749630e+02,2.059560e+02,1.749630e-01,2.059560e-01,1.000000e-09,15,2,true
2,sine,W-SOR,w_sor,w,sor,1.15,mg_sor,cuda,double,4095,4,3.578270e-10,2.451173e-08,4.902376e-08,1.980730e+02,2.350300e+02,1.980730e-01,2.350300e-01,1.000000e-09,15,2,true
2,sine,W-SOR,w_sor,w,sor,1.20,mg_sor,cuda,double,4095,4,4.056802e-10,2.451147e-08,4.902291e-08,1.890420e+02,2.174370e+02,1.890420e-01,2.174370e-01,1.000000e-09,15,2,true
2,sine,W-SOR,w_sor,w,sor,1.25,mg_sor,cuda,double,4095,5,4.030985e-10,2.451014e-08,4.902072e-08,2.479080e+02,2.876460e+02,2.479080e-01,2.876460e-01,1.000000e-09,15,2,true
2,sine,W-SOR,w_sor,w,sor,1.30,mg_sor,cuda,double,4095,5,5.207220e-10,2.451230e-08,4.902492e-08,2.320690e+02,2.713870e+02,2.320690e-01,2.713870e-01,1.000000e-09,15,2,true
2,sine,W-SOR,w_sor,w,sor,1.35,mg_sor,cuda,double,4095,6,4.521084e-10,2.451111e-08,4.902195e-08,2.671810e+02,2.993590e+02,2.671810e-01,2.993590e-01,1.000000e-09,15,2,true
2,sine,W-SOR,w_sor,w,sor,1.40,mg_sor,cuda,double,4095,7,4.701644e-10,2.451134e-08,4.902276e-08,3.211970e+02,3.847950e+02,3.211970e-01,3.847950e-01,1.000000e-09,15,2,true
2,sine,W-SOR,w_sor,w,sor,1.45,mg_sor,cuda,double,4095,7,8.440105e-10,2.451185e-08,4.902396e-08,3.652270e+02,4.215370e+02,3.652270e-01,4.215370e-01,1.000000e-09,15,2,true
2,sine,W-SOR,w_sor,w,sor,1.50,mg_sor,cuda,double,4095,8,8.563173e-10,2.451167e-08,4.902356e-08,3.682630e+02,4.241480e+02,3.682630e-01,4.241480e-01,1.000000e-09,15,2,true
2,mixed_sine,V-exact,v_exact,v,exact,1.00,mg_exact,cuda,double,4095,8,2.109451e-10,1.828203e-07,3.656406e-07,1.515430e+02,1.573030e+02,1.515430e-01,1.573030e-01,1.000000e-09,15,2,true
2,mixed_sine,V-exact,v_exact,v,exact,1.05,mg_exact,cuda,double,4095,7,6.974268e-10,1.826603e-07,3.653206e-07,1.018780e+02,1.120290e+02,1.018780e-01,1.120290e-01,1.000000e-09,15,2,true
2,mixed_sine,V-exact,v_exact,v,exact,1.10,mg_exact,cuda,double,4095,7,9.690131e-11,1.828688e-07,3.657376e-07,1.066370e+02,1.099550e+02,1.066370e-01,1.099550e-01,1.000000e-09,15,2,true
2,mixed_sine,V-exact,v_exact,v,exact,1.15,mg_exact,cuda,double,4095,6,1.410262e-10,1.828602e-07,3.657205e-07,9.743900e+01,1.210880e+02,9.743900e-02,1.210880e-01,1.000000e-09,15,2,true
2,mixed_sine,V-exact,v_exact,v,exact,1.20,mg_exact,cuda,double,4095,5,1.723640e-10,1.828905e-07,3.657809e-07,8.665000e+01,9.293700e+01,8.665000e-02,9.293700e-02,1.000000e-09,15,2,true
2,mixed_sine,V-exact,v_exact,v,exact,1.25,mg_exact,cuda,double,4095,6,3.247829e-10,1.828923e-07,3.657864e-07,1.023210e+02,1.124470e+02,1.023210e-01,1.124470e-01,1.000000e-09,15,2,true
2,mixed_sine,V-exact,v_exact,v,exact,1.30,mg_exact,cuda,double,4095,7,3.938660e-10,1.829008e-07,3.658017e-07,1.037330e+02,1.092550e+02,1.037330e-01,1.092550e-01,1.000000e-09,15,2,true
2,mixed_sine,V-exact,v_exact,v,exact,1.35,mg_exact,cuda,double,4095,8,4.402934e-10,1.828765e-07,3.657563e-07,1.140340e+02,1.184030e+02,1.140340e-01,1.184030e-01,1.000000e-09,15,2,true
2,mixed_sine,V-exact,v_exact,v,exact,1.40,mg_exact,cuda,double,4095,9,5.243812e-10,1.829197e-07,3.658395e-07,1.290620e+02,1.357940e+02,1.290620e-01,1.357940e-01,1.000000e-09,15,2,true
2,mixed_sine,V-exact,v_exact,v,exact,1.45,mg_exact,cuda,double,4095,10,7.153964e-10,1.828481e-07,3.657014e-07,1.502740e+02,1.544030e+02,1.502740e-01,1.544030e-01,1.000000e-09,15,2,true
2,mixed_sine,V-exact,v_exact,v,exact,1.50,mg_exact,cuda,double,4095,12,1.925277e-10,1.828815e-07,3.657643e-07,2.374060e+02,2.439150e+02,2.374060e-01,2.439150e-01,1.000000e-09,15,2,true
2,mixed_sine,V-SOR,v_sor,v,sor,1.00,mg_sor,cuda,double,4095,8,2.109178e-10,1.828203e-07,3.656406e-07,1.158650e+02,1.195670e+02,1.158650e-01,1.195670e-01,1.000000e-09,15,2,true
2,mixed_sine,V-SOR,v_sor,v,sor,1.05,mg_sor,cuda,double,4095,7,6.974284e-10,1.826603e-07,3.653205e-07,1.060340e+02,1.098690e+02,1.060340e-01,1.098690e-01,1.000000e-09,15,2,true
2,mixed_sine,V-SOR,v_sor,v,sor,1.10,mg_sor,cuda,double,4095,7,9.687755e-11,1.828688e-07,3.657377e-07,1.025000e+02,1.098750e+02,1.025000e-01,1.098750e-01,1.000000e-09,15,2,true
2,mixed_sine,V-SOR,v_sor,v,sor,1.15,mg_sor,cuda,double,4095,6,1.409762e-10,1.828602e-07,3.657205e-07,9.521200e+01,1.013350e+02,9.521200e-02,1.013350e-01,1.000000e-09,15,2,true
2,mixed_sine,V-SOR,v_sor,v,sor,1.20,mg_sor,cuda,double,4095,5,1.723252e-10,1.828905e-07,3.657809e-07,8.751000e+01,1.298420e+02,8.751000e-02,1.298420e-01,1.000000e-09,15,2,true
2,mixed_sine,V-SOR,v_sor,v,sor,1.25,mg_sor,cuda,double,4095,6,3.248155e-10,1.828923e-07,3.657864e-07,9.552700e+01,1.070680e+02,9.552700e-02,1.070680e-01,1.000000e-09,15,2,true
2,mixed_sine,V-SOR,v_sor,v,sor,1.30,mg_sor,cuda,double,4095,7,3.938168e-10,1.829008e-07,3.658017e-07,1.049640e+02,1.106530e+02,1.049640e-01,1.106530e-01,1.000000e-09,15,2,true
2,mixed_sine,V-SOR,v_sor,v,sor,1.35,mg_sor,cuda,double,4095,8,4.402392e-10,1.828765e-07,3.657563e-07,1.173620e+02,1.206280e+02,1.173620e-01,1.206280e-01,1.000000e-09,15,2,true
2,mixed_sine,V-SOR,v_sor,v,sor,1.40,mg_sor,cuda,double,4095,9,5.244249e-10,1.829197e-07,3.658395e-07,1.209510e+02,1.355770e+02,1.209510e-01,1.355770e-01,1.000000e-09,15,2,true
2,mixed_sine,V-SOR,v_sor,v,sor,1.45,mg_sor,cuda,double,4095,10,7.153475e-10,1.828481e-07,3.657013e-07,1.357610e+02,1.429100e+02,1.357610e-01,1.429100e-01,1.000000e-09,15,2,true
2,mixed_sine,V-SOR,v_sor,v,sor,1.50,mg_sor,cuda,double,4095,12,1.925544e-10,1.828815e-07,3.657644e-07,1.913480e+02,2.065500e+02,1.913480e-01,2.065500e-01,1.000000e-09,15,2,true
2,mixed_sine,W-exact,w_exact,w,exact,1.00,mg_exact,cuda,double,4095,2,4.579534e-11,1.828914e-07,3.657829e-07,1.566770e+02,1.973280e+02,1.566770e-01,1.973280e-01,1.000000e-09,15,2,true
2,mixed_sine,W-exact,w_exact,w,exact,1.05,mg_exact,cuda,double,4095,3,4.983842e-11,1.828930e-07,3.657860e-07,2.198560e+02,2.528620e+02,2.198560e-01,2.528620e-01,1.000000e-09,15,2,true
2,mixed_sine,W-exact,w_exact,w,exact,1.10,mg_exact,cuda,double,4095,3,9.777427e-11,1.828930e-07,3.657860e-07,2.322340e+02,2.646620e+02,2.322340e-01,2.646620e-01,1.000000e-09,15,2,true
2,mixed_sine,W-exact,w_exact,w,exact,1.15,mg_exact,cuda,double,4095,4,5.725325e-11,1.828929e-07,3.657859e-07,2.879770e+02,3.409250e+02,2.879770e-01,3.409250e-01,1.000000e-09,15,2,true
2,mixed_sine,W-exact,w_exact,w,exact,1.20,mg_exact,cuda,double,4095,4,1.399370e-10,1.828930e-07,3.657860e-07,3.010910e+02,3.540620e+02,3.010910e-01,3.540620e-01,1.000000e-09,15,2,true
2,mixed_sine,W-exact,w_exact,w,exact,1.25,mg_exact,cuda,double,4095,5,6.599741e-11,1.828934e-07,3.657869e-07,3.802710e+02,4.583600e+02,3.802710e-01,4.583600e-01,1.000000e-09,15,2,true
2,mixed_sine,W-exact,w_exact,w,exact,1.30,mg_exact,cuda,double,4095,5,3.014897e-10,1.828930e-07,3.657862e-07,3.396490e+02,3.754390e+02,3.396490e-01,3.754390e-01,1.000000e-09,15,2,true
2,mixed_sine,W-exact,w_exact,w,exact,1.35,mg_exact,cuda,double,4095,6,9.974503e-11,1.828930e-07,3.657861e-07,3.971160e+02,4.251620e+02,3.971160e-01,4.251620e-01,1.000000e-09,15,2,true
2,mixed_sine,W-exact,w_exact,w,exact,1.40,mg_exact,cuda,double,4095,7,8.108120e-11,1.828930e-07,3.657860e-07,4.497900e+02,4.925420e+02,4.497900e-01,4.925420e-01,1.000000e-09,15,2,true
2,mixed_sine,W-exact,w_exact,w,exact,1.45,mg_exact,cuda,double,4095,7,7.338840e-10,1.828930e-07,3.657861e-07,4.522700e+02,5.013630e+02,4.522700e-01,5.013630e-01,1.000000e-09,15,2,true
2,mixed_sine,W-exact,w_exact,w,exact,1.50,mg_exact,cuda,double,4095,8,7.101834e-10,1.828930e-07,3.657861e-07,5.067830e+02,5.370620e+02,5.067830e-01,5.370620e-01,1.000000e-09,15,2,true
2,mixed_sine,W-SOR,w_sor,w,sor,1.00,mg_sor,cuda,double,4095,2,4.578317e-11,1.828914e-07,3.657829e-07,1.171370e+02,1.483800e+02,1.171370e-01,1.483800e-01,1.000000e-09,15,2,true
2,mixed_sine,W-SOR,w_sor,w,sor,1.05,mg_sor,cuda,double,4095,3,4.984182e-11,1.828930e-07,3.657860e-07,1.700180e+02,2.088300e+02,1.700180e-01,2.088300e-01,1.000000e-09,15,2,true
2,mixed_sine,W-SOR,w_sor,w,sor,1.10,mg_sor,cuda,double,4095,3,9.775422e-11,1.828930e-07,3.657860e-07,1.633730e+02,2.043720e+02,1.633730e-01,2.043720e-01,1.000000e-09,15,2,true
2,mixed_sine,W-SOR,w_sor,w,sor,1.15,mg_sor,cuda,double,4095,4,5.729923e-11,1.828930e-07,3.657859e-07,2.008150e+02,2.314660e+02,2.008150e-01,2.314660e-01,1.000000e-09,15,2,true
2,mixed_sine,W-SOR,w_sor,w,sor,1.20,mg_sor,cuda,double,4095,4,1.399574e-10,1.828930e-07,3.657860e-07,1.909650e+02,2.256830e+02,1.909650e-01,2.256830e-01,1.000000e-09,15,2,true
2,mixed_sine,W-SOR,w_sor,w,sor,1.25,mg_sor,cuda,double,4095,5,6.600666e-11,1.828934e-07,3.657869e-07,2.375400e+02,2.721110e+02,2.375400e-01,2.721110e-01,1.000000e-09,15,2,true
2,mixed_sine,W-SOR,w_sor,w,sor,1.30,mg_sor,cuda,double,4095,5,3.014621e-10,1.828930e-07,3.657861e-07,2.305020e+02,2.619470e+02,2.305020e-01,2.619470e-01,1.000000e-09,15,2,true
2,mixed_sine,W-SOR,w_sor,w,sor,1.35,mg_sor,cuda,double,4095,6,9.971335e-11,1.828930e-07,3.657860e-07,2.754160e+02,3.070740e+02,2.754160e-01,3.070740e-01,1.000000e-09,15,2,true
2,mixed_sine,W-SOR,w_sor,w,sor,1.40,mg_sor,cuda,double,4095,7,8.105232e-11,1.828930e-07,3.657859e-07,3.017270e+02,3.315720e+02,3.017270e-01,3.315720e-01,1.000000e-09,15,2,true
2,mixed_sine,W-SOR,w_sor,w,sor,1.45,mg_sor,cuda,double,4095,7,7.338390e-10,1.828930e-07,3.657861e-07,3.119730e+02,3.468550e+02,3.119730e-01,3.468550e-01,1.000000e-09,15,2,true
2,mixed_sine,W-SOR,w_sor,w,sor,1.50,mg_sor,cuda,double,4095,8,7.101810e-10,1.828930e-07,3.657861e-07,3.534570e+02,3.861300e+02,3.534570e-01,3.861300e-01,1.000000e-09,15,2,true
2,bubble,V-exact,v_exact,v,exact,1.00,mg_exact,cuda,double,4095,8,2.590823e-10,2.490072e-12,4.957229e-12,1.314870e+02,1.731870e+02,1.314870e-01,1.731870e-01,1.000000e-09,15,2,true
2,bubble,V-exact,v_exact,v,exact,1.05,mg_exact,cuda,double,4095,7,6.156236e-10,1.266870e-11,2.530257e-11,1.245330e+02,1.282240e+02,1.245330e-01,1.282240e-01,1.000000e-09,15,2,true
2,bubble,V-exact,v_exact,v,exact,1.10,mg_exact,cuda,double,4095,7,3.120138e-10,1.629347e-12,3.380865e-12,1.181060e+02,1.226240e+02,1.181060e-01,1.226240e-01,1.000000e-09,15,2,true
2,bubble,V-exact,v_exact,v,exact,1.15,mg_exact,cuda,double,4095,6,4.714374e-10,5.840191e-12,1.177009e-11,1.084620e+02,1.148320e+02,1.084620e-01,1.148320e-01,1.000000e-09,15,2,true
2,bubble,V-exact,v_exact,v,exact,1.20,mg_exact,cuda,double,4095,5,7.323619e-10,4.847469e-12,9.616759e-12,9.441300e+01,1.270100e+02,9.441300e-02,1.270100e-01,1.000000e-09,15,2,true
2,bubble,V-exact,v_exact,v,exact,1.25,mg_exact,cuda,double,4095,6,5.998447e-10,1.666336e-13,3.379380e-13,1.061010e+02,1.100100e+02,1.061010e-01,1.100100e-01,1.000000e-09,15,2,true
2,bubble,V-exact,v_exact,v,exact,1.30,mg_exact,cuda,double,4095,7,6.084599e-10,1.888738e-13,3.366196e-13,1.043730e+02,1.086550e+02,1.043730e-01,1.086550e-01,1.000000e-09,15,2,true
2,bubble,V-exact,v_exact,v,exact,1.35,mg_exact,cuda,double,4095,8,6.282649e-10,2.972952e-13,4.185992e-13,1.153290e+02,1.227750e+02,1.153290e-01,1.227750e-01,1.000000e-09,15,2,true
2,bubble,V-exact,v_exact,v,exact,1.40,mg_exact,cuda,double,4095,9,6.959232e-10,5.707057e-13,8.597567e-13,1.226010e+02,1.345580e+02,1.226010e-01,1.345580e-01,1.000000e-09,15,2,true
2,bubble,V-exact,v_exact,v,exact,1.45,mg_exact,cuda,double,4095,10,8.573130e-10,1.181198e-12,1.831452e-12,1.295130e+02,1.327170e+02,1.295130e-01,1.327170e-01,1.000000e-09,15,2,true
2,bubble,V-exact,v_exact,v,exact,1.50,mg_exact,cuda,double,4095,12,5.225191e-10,3.707893e-13,5.991665e-13,1.558620e+02,1.593870e+02,1.558620e-01,1.593870e-01,1.000000e-09,15,2,true
2,bubble,V-SOR,v_sor,v,sor,1.00,mg_sor,cuda,double,4095,8,2.591367e-10,2.494138e-12,4.966347e-12,1.117500e+02,1.192870e+02,1.117500e-01,1.192870e-01,1.000000e-09,15,2,true
2,bubble,V-SOR,v_sor,v,sor,1.05,mg_sor,cuda,double,4095,7,6.158515e-10,1.267202e-11,2.530965e-11,1.049490e+02,1.117840e+02,1.049490e-01,1.117840e-01,1.000000e-09,15,2,true
2,bubble,V-SOR,v_sor,v,sor,1.10,mg_sor,cuda,double,4095,7,3.119662e-10,1.626504e-12,3.373267e-12,1.056150e+02,1.093000e+02,1.056150e-01,1.093000e-01,1.000000e-09,15,2,true
2,bubble,V-SOR,v_sor,v,sor,1.15,mg_sor,cuda,double,4095,6,4.711039e-10,5.838600e-12,1.177061e-11,9.410900e+01,1.006880e+02,9.410900e-02,1.006880e-01,1.000000e-09,15,2,true
2,bubble,V-SOR,v_sor,v,sor,1.20,mg_sor,cuda,double,4095,5,7.322496e-10,4.847362e-12,9.615447e-12,1.006640e+02,1.219430e+02,1.006640e-01,1.219430e-01,1.000000e-09,15,2,true
2,bubble,V-SOR,v_sor,v,sor,1.25,mg_sor,cuda,double,4095,6,5.996361e-10,1.666905e-13,3.397074e-13,9.583000e+01,9.934300e+01,9.583000e-02,9.934300e-02,1.000000e-09,15,2,true
2,bubble,V-SOR,v_sor,v,sor,1.30,mg_sor,cuda,double,4095,7,6.084385e-10,1.892875e-13,3.368278e-13,1.039660e+02,1.101590e+02,1.039660e-01,1.101590e-01,1.000000e-09,15,2,true
2,bubble,V-SOR,v_sor,v,sor,1.35,mg_sor,cuda,double,4095,8,6.282498e-10,2.981261e-13,4.189565e-13,1.187470e+02,1.293260e+02,1.187470e-01,1.293260e-01,1.000000e-09,15,2,true
2,bubble,V-SOR,v_sor,v,sor,1.40,mg_sor,cuda,double,4095,9,6.960730e-10,5.755780e-13,8.657797e-13,1.233490e+02,1.268540e+02,1.233490e-01,1.268540e-01,1.000000e-09,15,2,true
2,bubble,V-SOR,v_sor,v,sor,1.45,mg_sor,cuda,double,4095,10,8.573957e-10,1.181744e-12,1.834984e-12,1.385200e+02,1.445020e+02,1.385200e-01,1.445020e-01,1.000000e-09,15,2,true
2,bubble,V-SOR,v_sor,v,sor,1.50,mg_sor,cuda,double,4095,12,5.224057e-10,3.710100e-13,5.992290e-13,1.508190e+02,1.623670e+02,1.508190e-01,1.623670e-01,1.000000e-09,15,2,true
2,bubble,W-exact,w_exact,w,exact,1.00,mg_exact,cuda,double,4095,5,2.454975e-10,1.417351e-14,5.009881e-14,3.568360e+02,3.959870e+02,3.568360e-01,3.959870e-01,1.000000e-09,15,2,true
2,bubble,W-exact,w_exact,w,exact,1.05,mg_exact,cuda,double,4095,4,7.598068e-10,1.617855e-14,4.485995e-14,2.726130e+02,3.126780e+02,2.726130e-01,3.126780e-01,1.000000e-09,15,2,true
2,bubble,W-exact,w_exact,w,exact,1.10,mg_exact,cuda,double,4095,4,2.871234e-10,1.287341e-14,2.918499e-14,2.886050e+02,3.444030e+02,2.886050e-01,3.444030e-01,1.000000e-09,15,2,true
2,bubble,W-exact,w_exact,w,exact,1.15,mg_exact,cuda,double,4095,4,3.054277e-10,2.455545e-13,5.069417e-13,2.722010e+02,2.993630e+02,2.722010e-01,2.993630e-01,1.000000e-09,15,2,true
2,bubble,W-exact,w_exact,w,exact,1.20,mg_exact,cuda,double,4095,4,5.263944e-10,7.477374e-14,1.611905e-13,2.822270e+02,3.544400e+02,2.822270e-01,3.544400e-01,1.000000e-09,15,2,true
2,bubble,W-exact,w_exact,w,exact,1.25,mg_exact,cuda,double,4095,5,3.656413e-10,1.591546e-13,3.298473e-13,3.304190e+02,3.580460e+02,3.304190e-01,3.580460e-01,1.000000e-09,15,2,true
2,bubble,W-exact,w_exact,w,exact,1.30,mg_exact,cuda,double,4095,6,3.619425e-10,3.071428e-14,7.172735e-14,3.953290e+02,4.274600e+02,3.953290e-01,4.274600e-01,1.000000e-09,15,2,true
2,bubble,W-exact,w_exact,w,exact,1.35,mg_exact,cuda,double,4095,6,4.771135e-10,3.328299e-13,5.699816e-13,3.861390e+02,4.198760e+02,3.861390e-01,4.198760e-01,1.000000e-09,15,2,true
2,bubble,W-exact,w_exact,w,exact,1.40,mg_exact,cuda,double,4095,7,4.262774e-10,3.166885e-13,5.752135e-13,4.576910e+02,5.052670e+02,4.576910e-01,5.052670e-01,1.000000e-09,15,2,true
2,bubble,W-exact,w_exact,w,exact,1.45,mg_exact,cuda,double,4095,8,4.329050e-10,2.753900e-13,5.450154e-13,5.129750e+02,5.527080e+02,5.129750e-01,5.527080e-01,1.000000e-09,15,2,true
2,bubble,W-exact,w_exact,w,exact,1.50,mg_exact,cuda,double,4095,8,9.102571e-10,6.206953e-14,1.405542e-13,5.002330e+02,5.335090e+02,5.002330e-01,5.335090e-01,1.000000e-09,15,2,true
2,bubble,W-SOR,w_sor,w,sor,1.00,mg_sor,cuda,double,4095,5,2.453296e-10,1.983959e-14,5.290213e-14,2.420950e+02,2.712360e+02,2.420950e-01,2.712360e-01,1.000000e-09,15,2,true
2,bubble,W-SOR,w_sor,w,sor,1.05,mg_sor,cuda,double,4095,4,7.593541e-10,2.194413e-14,6.109696e-14,2.101210e+02,2.435290e+02,2.101210e-01,2.435290e-01,1.000000e-09,15,2,true
2,bubble,W-SOR,w_sor,w,sor,1.10,mg_sor,cuda,double,4095,4,2.888620e-10,6.172980e-15,2.162159e-14,2.060220e+02,2.358210e+02,2.060220e-01,2.358210e-01,1.000000e-09,15,2,true
2,bubble,W-SOR,w_sor,w,sor,1.15,mg_sor,cuda,double,4095,4,3.049769e-10,2.386794e-13,4.931888e-13,1.902960e+02,2.211090e+02,1.902960e-01,2.211090e-01,1.000000e-09,15,2,true
2,bubble,W-SOR,w_sor,w,sor,1.20,mg_sor,cuda,double,4095,4,5.264053e-10,6.618943e-14,1.409220e-13,2.321840e+02,2.647250e+02,2.321840e-01,2.647250e-01,1.000000e-09,15,2,true
2,bubble,W-SOR,w_sor,w,sor,1.25,mg_sor,cuda,double,4095,5,3.649328e-10,1.530697e-13,3.215414e-13,2.439810e+02,2.886140e+02,2.439810e-01,2.886140e-01,1.000000e-09,15,2,true
2,bubble,W-SOR,w_sor,w,sor,1.30,mg_sor,cuda,double,4095,6,3.619272e-10,3.150629e-14,7.461393e-14,2.971010e+02,3.479910e+02,2.971010e-01,3.479910e-01,1.000000e-09,15,2,true
2,bubble,W-SOR,w_sor,w,sor,1.35,mg_sor,cuda,double,4095,6,4.771640e-10,3.239206e-13,5.508441e-13,2.633900e+02,2.964270e+02,2.633900e-01,2.964270e-01,1.000000e-09,15,2,true
2,bubble,W-SOR,w_sor,w,sor,1.40,mg_sor,cuda,double,4095,7,4.261435e-10,3.136423e-13,5.647982e-13,3.487160e+02,3.774280e+02,3.487160e-01,3.774280e-01,1.000000e-09,15,2,true
2,bubble,W-SOR,w_sor,w,sor,1.45,mg_sor,cuda,double,4095,8,4.333226e-10,2.745977e-13,5.467987e-13,3.467570e+02,3.953520e+02,3.467570e-01,3.953520e-01,1.000000e-09,15,2,true
2,bubble,W-SOR,w_sor,w,sor,1.50,mg_sor,cuda,double,4095,8,9.108103e-10,6.160031e-14,1.418310e-13,3.645750e+02,3.962510e+02,3.645750e-01,3.962510e-01,1.000000e-09,15,2,true
2,exp,V-exact,v_exact,v,exact,1.00,mg_exact,cuda,double,4095,15,3.044086e-09,1.181242e-09,2.145823e-09,1.757400e+02,1.815420e+02,1.757400e-01,1.815420e-01,1.000000e-09,15,2,false
2,exp,V-exact,v_exact,v,exact,1.05,mg_exact,cuda,double,4095,15,3.236979e-09,1.181060e-09,2.145523e-09,1.778290e+02,1.957810e+02,1.778290e-01,1.957810e-01,1.000000e-09,15,2,false
2,exp,V-exact,v_exact,v,exact,1.10,mg_exact,cuda,double,4095,15,3.422694e-09,1.180983e-09,2.145171e-09,2.120690e+02,2.213540e+02,2.120690e-01,2.213540e-01,1.000000e-09,15,2,false
2,exp,V-exact,v_exact,v,exact,1.15,mg_exact,cuda,double,4095,15,3.625814e-09,1.181874e-09,2.146973e-09,1.760550e+02,1.868450e+02,1.760550e-01,1.868450e-01,1.000000e-09,15,2,false
2,exp,V-exact,v_exact,v,exact,1.20,mg_exact,cuda,double,4095,15,3.831447e-09,1.181015e-09,2.145301e-09,1.880890e+02,1.974010e+02,1.880890e-01,1.974010e-01,1.000000e-09,15,2,false
2,exp,V-exact,v_exact,v,exact,1.25,mg_exact,cuda,double,4095,15,4.046853e-09,1.180800e-09,2.144836e-09,1.746210e+02,1.777630e+02,1.746210e-01,1.777630e-01,1.000000e-09,15,2,false
2,exp,V-exact,v_exact,v,exact,1.30,mg_exact,cuda,double,4095,15,4.308207e-09,1.182068e-09,2.147257e-09,1.908150e+02,2.029330e+02,1.908150e-01,2.029330e-01,1.000000e-09,15,2,false
2,exp,V-exact,v_exact,v,exact,1.35,mg_exact,cuda,double,4095,15,4.606940e-09,1.180664e-09,2.144600e-09,1.772030e+02,1.807720e+02,1.772030e-01,1.807720e-01,1.000000e-09,15,2,false
2,exp,V-exact,v_exact,v,exact,1.40,mg_exact,cuda,double,4095,15,4.914506e-09,1.180818e-09,2.144898e-09,1.910760e+02,1.954310e+02,1.910760e-01,1.954310e-01,1.000000e-09,15,2,false
2,exp,V-exact,v_exact,v,exact,1.45,mg_exact,cuda,double,4095,15,5.202048e-09,1.180976e-09,2.145054e-09,1.762490e+02,1.941260e+02,1.762490e-01,1.941260e-01,1.000000e-09,15,2,false
2,exp,V-exact,v_exact,v,exact,1.50,mg_exact,cuda,double,4095,15,1.054464e-08,1.180531e-09,2.144153e-09,1.940730e+02,2.008800e+02,1.940730e-01,2.008800e-01,1.000000e-09,15,2,false
2,exp,V-SOR,v_sor,v,sor,1.00,mg_sor,cuda,double,4095,15,3.044302e-09,1.180908e-09,2.145117e-09,2.010450e+02,2.406750e+02,2.010450e-01,2.406750e-01,1.000000e-09,15,2,false
2,exp,V-SOR,v_sor,v,sor,1.05,mg_sor,cuda,double,4095,15,3.238556e-09,1.181137e-09,2.145547e-09,1.755000e+02,1.797880e+02,1.755000e-01,1.797880e-01,1.000000e-09,15,2,false
2,exp,V-SOR,v_sor,v,sor,1.10,mg_sor,cuda,double,4095,15,3.421538e-09,1.181289e-09,2.145624e-09,1.825000e+02,1.896870e+02,1.825000e-01,1.896870e-01,1.000000e-09,15,2,false
2,exp,V-SOR,v_sor,v,sor,1.15,mg_sor,cuda,double,4095,15,3.625099e-09,1.181615e-09,2.146389e-09,1.773350e+02,1.805620e+02,1.773350e-01,1.805620e-01,1.000000e-09,15,2,false
2,exp,V-SOR,v_sor,v,sor,1.20,mg_sor,cuda,double,4095,15,3.830669e-09,1.180835e-09,2.144725e-09,1.880750e+02,1.927910e+02,1.880750e-01,1.927910e-01,1.000000e-09,15,2,false
2,exp,V-SOR,v_sor,v,sor,1.25,mg_sor,cuda,double,4095,15,4.046463e-09,1.180857e-09,2.144917e-09,1.767200e+02,1.901340e+02,1.767200e-01,1.901340e-01,1.000000e-09,15,2,false
2,exp,V-SOR,v_sor,v,sor,1.30,mg_sor,cuda,double,4095,15,4.307400e-09,1.182176e-09,2.147526e-09,1.925520e+02,2.001340e+02,1.925520e-01,2.001340e-01,1.000000e-09,15,2,false
2,exp,V-SOR,v_sor,v,sor,1.35,mg_sor,cuda,double,4095,15,4.607785e-09,1.180637e-09,2.144610e-09,2.014080e+02,2.107970e+02,2.014080e-01,2.107970e-01,1.000000e-09,15,2,false
2,exp,V-SOR,v_sor,v,sor,1.40,mg_sor,cuda,double,4095,15,4.914350e-09,1.180845e-09,2.144744e-09,1.762030e+02,1.838910e+02,1.762030e-01,1.838910e-01,1.000000e-09,15,2,false
2,exp,V-SOR,v_sor,v,sor,1.45,mg_sor,cuda,double,4095,15,5.200220e-09,1.181063e-09,2.145455e-09,1.857680e+02,1.955400e+02,1.857680e-01,1.955400e-01,1.000000e-09,15,2,false
2,exp,V-SOR,v_sor,v,sor,1.50,mg_sor,cuda,double,4095,15,1.054651e-08,1.180948e-09,2.144648e-09,1.836570e+02,1.872620e+02,1.836570e-01,1.872620e-01,1.000000e-09,15,2,false
2,exp,W-exact,w_exact,w,exact,1.00,mg_exact,cuda,double,4095,15,3.045475e-09,1.181082e-09,2.145613e-09,9.130430e+02,9.561390e+02,9.130430e-01,9.561390e-01,1.000000e-09,15,2,false
2,exp,W-exact,w_exact,w,exact,1.05,mg_exact,cuda,double,4095,15,3.239002e-09,1.180915e-09,2.145280e-09,9.203150e+02,9.564570e+02,9.203150e-01,9.564570e-01,1.000000e-09,15,2,false
2,exp,W-exact,w_exact,w,exact,1.10,mg_exact,cuda,double,4095,15,3.422535e-09,1.181109e-09,2.145491e-09,9.306230e+02,9.837120e+02,9.306230e-01,9.837120e-01,1.000000e-09,15,2,false
2,exp,W-exact,w_exact,w,exact,1.15,mg_exact,cuda,double,4095,15,3.623908e-09,1.181540e-09,2.146153e-09,9.104390e+02,9.412860e+02,9.104390e-01,9.412860e-01,1.000000e-09,15,2,false
2,exp,W-exact,w_exact,w,exact,1.20,mg_exact,cuda,double,4095,15,3.827691e-09,1.180872e-09,2.144869e-09,9.133320e+02,9.438930e+02,9.133320e-01,9.438930e-01,1.000000e-09,15,2,false
2,exp,W-exact,w_exact,w,exact,1.25,mg_exact,cuda,double,4095,15,4.045747e-09,1.181121e-09,2.145476e-09,9.168330e+02,9.464360e+02,9.168330e-01,9.464360e-01,1.000000e-09,15,2,false
2,exp,W-exact,w_exact,w,exact,1.30,mg_exact,cuda,double,4095,15,4.301440e-09,1.182211e-09,2.147700e-09,9.073120e+02,9.528060e+02,9.073120e-01,9.528060e-01,1.000000e-09,15,2,false
2,exp,W-exact,w_exact,w,exact,1.35,mg_exact,cuda,double,4095,15,4.598638e-09,1.180676e-09,2.144566e-09,9.110050e+02,9.430100e+02,9.110050e-01,9.430100e-01,1.000000e-09,15,2,false
2,exp,W-exact,w_exact,w,exact,1.40,mg_exact,cuda,double,4095,15,4.900083e-09,1.180850e-09,2.144958e-09,9.065320e+02,9.398360e+02,9.065320e-01,9.398360e-01,1.000000e-09,15,2,false
2,exp,W-exact,w_exact,w,exact,1.45,mg_exact,cuda,double,4095,15,5.169290e-09,1.180949e-09,2.145248e-09,9.057830e+02,9.431220e+02,9.057830e-01,9.431220e-01,1.000000e-09,15,2,false
2,exp,W-exact,w_exact,w,exact,1.50,mg_exact,cuda,double,4095,15,5.689462e-09,1.180954e-09,2.145369e-09,9.069730e+02,9.519930e+02,9.069730e-01,9.519930e-01,1.000000e-09,15,2,false
2,exp,W-SOR,w_sor,w,sor,1.00,mg_sor,cuda,double,4095,15,3.045819e-09,1.181230e-09,2.145669e-09,6.028290e+02,6.420160e+02,6.028290e-01,6.420160e-01,1.000000e-09,15,2,false
2,exp,W-SOR,w_sor,w,sor,1.05,mg_sor,cuda,double,4095,15,3.238330e-09,1.181038e-09,2.145403e-09,6.051930e+02,6.546970e+02,6.051930e-01,6.546970e-01,1.000000e-09,15,2,false
2,exp,W-SOR,w_sor,w,sor,1.10,mg_sor,cuda,double,4095,15,3.423217e-09,1.181192e-09,2.145632e-09,6.208550e+02,6.684870e+02,6.208550e-01,6.684870e-01,1.000000e-09,15,2,false
2,exp,W-SOR,w_sor,w,sor,1.15,mg_sor,cuda,double,4095,15,3.624582e-09,1.181558e-09,2.146213e-09,6.046510e+02,6.442510e+02,6.046510e-01,6.442510e-01,1.000000e-09,15,2,false
2,exp,W-SOR,w_sor,w,sor,1.20,mg_sor,cuda,double,4095,15,3.828290e-09,1.180860e-09,2.145066e-09,5.912670e+02,6.273490e+02,5.912670e-01,6.273490e-01,1.000000e-09,15,2,false
2,exp,W-SOR,w_sor,w,sor,1.25,mg_sor,cuda,double,4095,15,4.045340e-09,1.180891e-09,2.145039e-09,6.008480e+02,6.466460e+02,6.008480e-01,6.466460e-01,1.000000e-09,15,2,false
2,exp,W-SOR,w_sor,w,sor,1.30,mg_sor,cuda,double,4095,15,4.304452e-09,1.182437e-09,2.147988e-09,6.136260e+02,6.635040e+02,6.136260e-01,6.635040e-01,1.000000e-09,15,2,false
2,exp,W-SOR,w_sor,w,sor,1.35,mg_sor,cuda,double,4095,15,4.598351e-09,1.180726e-09,2.144851e-09,6.101170e+02,6.817290e+02,6.101170e-01,6.817290e-01,1.000000e-09,15,2,false
2,exp,W-SOR,w_sor,w,sor,1.40,mg_sor,cuda,double,4095,15,4.902152e-09,1.180805e-09,2.144804e-09,5.977670e+02,6.322010e+02,5.977670e-01,6.322010e-01,1.000000e-09,15,2,false
2,exp,W-SOR,w_sor,w,sor,1.45,mg_sor,cuda,double,4095,15,5.176175e-09,1.181112e-09,2.145618e-09,5.923810e+02,6.209880e+02,5.923810e-01,6.209880e-01,1.000000e-09,15,2,false
2,exp,W-SOR,w_sor,w,sor,1.50,mg_sor,cuda,double,4095,15,5.691759e-09,1.180945e-09,2.145223e-09,6.165930e+02,6.464840e+02,6.165930e-01,6.464840e-01,1.000000e-09,15,2,false
2,cosine,V-exact,v_exact,v,exact,1.00,mg_exact,cuda,double,4095,10,3.277512e-10,4.546170e-09,8.836157e-09,1.345180e+02,1.472610e+02,1.345180e-01,1.472610e-01,1.000000e-09,15,2,true
2,cosine,V-exact,v_exact,v,exact,1.05,mg_exact,cuda,double,4095,9,4.321465e-10,4.545837e-09,8.835459e-09,1.204160e+02,1.250260e+02,1.204160e-01,1.250260e-01,1.000000e-09,15,2,true
2,cosine,V-exact,v_exact,v,exact,1.10,mg_exact,cuda,double,4095,8,5.932020e-10,4.545402e-09,8.834588e-09,1.169530e+02,1.248870e+02,1.169530e-01,1.248870e-01,1.000000e-09,15,2,true
2,cosine,V-exact,v_exact,v,exact,1.15,mg_exact,cuda,double,4095,7,6.167852e-10,4.545369e-09,8.834513e-09,1.108560e+02,1.287580e+02,1.108560e-01,1.287580e-01,1.000000e-09,15,2,true
2,cosine,V-exact,v_exact,v,exact,1.20,mg_exact,cuda,double,4095,8,3.832493e-10,4.546384e-09,8.836622e-09,1.154530e+02,1.197640e+02,1.154530e-01,1.197640e-01,1.000000e-09,15,2,true
2,cosine,V-exact,v_exact,v,exact,1.25,mg_exact,cuda,double,4095,9,4.501140e-10,4.546371e-09,8.836598e-09,1.316430e+02,1.359240e+02,1.316430e-01,1.359240e-01,1.000000e-09,15,2,true
2,cosine,V-exact,v_exact,v,exact,1.30,mg_exact,cuda,double,4095,10,5.627194e-10,4.546429e-09,8.836715e-09,1.400850e+02,1.458220e+02,1.400850e-01,1.458220e-01,1.000000e-09,15,2,true
2,cosine,V-exact,v_exact,v,exact,1.35,mg_exact,cuda,double,4095,11,7.858299e-10,4.546362e-09,8.836554e-09,1.393990e+02,1.461080e+02,1.393990e-01,1.461080e-01,1.000000e-09,15,2,true
2,cosine,V-exact,v_exact,v,exact,1.40,mg_exact,cuda,double,4095,13,4.826020e-10,4.546380e-09,8.836623e-09,1.782740e+02,1.823160e+02,1.782740e-01,1.823160e-01,1.000000e-09,15,2,true
2,cosine,V-exact,v_exact,v,exact,1.45,mg_exact,cuda,double,4095,14,5.766359e-10,4.546384e-09,8.836597e-09,2.029890e+02,2.077070e+02,2.029890e-01,2.077070e-01,1.000000e-09,15,2,true
2,cosine,V-exact,v_exact,v,exact,1.50,mg_exact,cuda,double,4095,15,1.234862e-09,4.546381e-09,8.836567e-09,2.166150e+02,2.223550e+02,2.166150e-01,2.223550e-01,1.000000e-09,15,2,false
2,cosine,V-SOR,v_sor,v,sor,1.00,mg_sor,cuda,double,4095,10,3.276543e-10,4.546166e-09,8.836145e-09,1.284680e+02,1.327410e+02,1.284680e-01,1.327410e-01,1.000000e-09,15,2,true
2,cosine,V-SOR,v_sor,v,sor,1.05,mg_sor,cuda,double,4095,9,4.320283e-10,4.545840e-09,8.835444e-09,1.296230e+02,1.380320e+02,1.296230e-01,1.380320e-01,1.000000e-09,15,2,true
2,cosine,V-SOR,v_sor,v,sor,1.10,mg_sor,cuda,double,4095,8,5.934541e-10,4.545401e-09,8.834567e-09,1.115170e+02,1.164220e+02,1.115170e-01,1.164220e-01,1.000000e-09,15,2,true
2,cosine,V-SOR,v_sor,v,sor,1.15,mg_sor,cuda,double,4095,7,6.170844e-10,4.545367e-09,8.834509e-09,1.156860e+02,1.209780e+02,1.156860e-01,1.209780e-01,1.000000e-09,15,2,true
2,cosine,V-SOR,v_sor,v,sor,1.20,mg_sor,cuda,double,4095,8,3.834207e-10,4.546386e-09,8.836617e-09,1.192540e+02,1.538130e+02,1.192540e-01,1.538130e-01,1.000000e-09,15,2,true
2,cosine,V-SOR,v_sor,v,sor,1.25,mg_sor,cuda,double,4095,9,4.501101e-10,4.546374e-09,8.836572e-09,1.237680e+02,1.303610e+02,1.237680e-01,1.303610e-01,1.000000e-09,15,2,true
2,cosine,V-SOR,v_sor,v,sor,1.30,mg_sor,cuda,double,4095,10,5.624324e-10,4.546423e-09,8.836687e-09,1.441280e+02,1.481480e+02,1.441280e-01,1.481480e-01,1.000000e-09,15,2,true
2,cosine,V-SOR,v_sor,v,sor,1.35,mg_sor,cuda,double,4095,11,7.856662e-10,4.546363e-09,8.836559e-09,1.422090e+02,1.460770e+02,1.422090e-01,1.460770e-01,1.000000e-09,15,2,true
2,cosine,V-SOR,v_sor,v,sor,1.40,mg_sor,cuda,double,4095,13,4.823848e-10,4.546374e-09,8.836583e-09,1.583990e+02,1.677410e+02,1.583990e-01,1.677410e-01,1.000000e-09,15,2,true
2,cosine,V-SOR,v_sor,v,sor,1.45,mg_sor,cuda,double,4095,14,5.769918e-10,4.546385e-09,8.836618e-09,1.709130e+02,1.863740e+02,1.709130e-01,1.863740e-01,1.000000e-09,15,2,true
2,cosine,V-SOR,v_sor,v,sor,1.50,mg_sor,cuda,double,4095,15,1.234724e-09,4.546373e-09,8.836567e-09,1.866330e+02,1.920770e+02,1.866330e-01,1.920770e-01,1.000000e-09,15,2,false
2,cosine,W-exact,w_exact,w,exact,1.00,mg_exact,cuda,double,4095,9,3.093640e-10,4.546388e-09,8.836629e-09,5.553680e+02,5.838940e+02,5.553680e-01,5.838940e-01,1.000000e-09,15,2,true
2,cosine,W-exact,w_exact,w,exact,1.05,mg_exact,cuda,double,4095,8,4.758305e-10,4.546376e-09,8.836614e-09,4.994080e+02,5.353660e+02,4.994080e-01,5.353660e-01,1.000000e-09,15,2,true
2,cosine,W-exact,w_exact,w,exact,1.10,mg_exact,cuda,double,4095,8,3.410420e-10,4.546384e-09,8.836606e-09,5.095160e+02,5.613470e+02,5.095160e-01,5.613470e-01,1.000000e-09,15,2,true
2,cosine,W-exact,w_exact,w,exact,1.15,mg_exact,cuda,double,4095,7,3.642030e-10,4.546414e-09,8.836653e-09,4.508910e+02,5.198250e+02,4.508910e-01,5.198250e-01,1.000000e-09,15,2,true
2,cosine,W-exact,w_exact,w,exact,1.20,mg_exact,cuda,double,4095,7,5.513507e-10,4.546386e-09,8.836618e-09,4.507520e+02,4.936290e+02,4.507520e-01,4.936290e-01,1.000000e-09,15,2,true
2,cosine,W-exact,w_exact,w,exact,1.25,mg_exact,cuda,double,4095,8,8.869345e-10,4.546386e-09,8.836604e-09,5.091220e+02,5.480330e+02,5.091220e-01,5.480330e-01,1.000000e-09,15,2,true
2,cosine,W-exact,w_exact,w,exact,1.30,mg_exact,cuda,double,4095,9,9.184273e-10,4.546425e-09,8.836682e-09,5.608010e+02,6.033940e+02,5.608010e-01,6.033940e-01,1.000000e-09,15,2,true
2,cosine,W-exact,w_exact,w,exact,1.35,mg_exact,cuda,double,4095,10,9.063974e-10,4.546359e-09,8.836578e-09,6.191820e+02,6.585700e+02,6.191820e-01,6.585700e-01,1.000000e-09,15,2,true
2,cosine,W-exact,w_exact,w,exact,1.40,mg_exact,cuda,double,4095,11,9.917023e-10,4.546381e-09,8.836613e-09,6.805500e+02,7.257680e+02,6.805500e-01,7.257680e-01,1.000000e-09,15,2,true
2,cosine,W-exact,w_exact,w,exact,1.45,mg_exact,cuda,double,4095,13,4.977930e-10,4.546387e-09,8.836618e-09,8.055700e+02,8.532910e+02,8.055700e-01,8.532910e-01,1.000000e-09,15,2,true
2,cosine,W-exact,w_exact,w,exact,1.50,mg_exact,cuda,double,4095,14,6.105892e-10,4.546384e-09,8.836622e-09,8.601130e+02,9.091460e+02,8.601130e-01,9.091460e-01,1.000000e-09,15,2,true
2,cosine,W-SOR,w_sor,w,sor,1.00,mg_sor,cuda,double,4095,9,3.094211e-10,4.546382e-09,8.836592e-09,3.898630e+02,4.319450e+02,3.898630e-01,4.319450e-01,1.000000e-09,15,2,true
2,cosine,W-SOR,w_sor,w,sor,1.05,mg_sor,cuda,double,4095,8,4.760065e-10,4.546376e-09,8.836599e-09,3.556470e+02,4.022580e+02,3.556470e-01,4.022580e-01,1.000000e-09,15,2,true
2,cosine,W-SOR,w_sor,w,sor,1.10,mg_sor,cuda,double,4095,8,3.409426e-10,4.546387e-09,8.836623e-09,3.473700e+02,3.763320e+02,3.473700e-01,3.763320e-01,1.000000e-09,15,2,true
2,cosine,W-SOR,w_sor,w,sor,1.15,mg_sor,cuda,double,4095,7,3.643052e-10,4.546416e-09,8.836666e-09,3.081260e+02,3.417250e+02,3.081260e-01,3.417250e-01,1.000000e-09,15,2,true
2,cosine,W-SOR,w_sor,w,sor,1.20,mg_sor,cuda,double,4095,7,5.512555e-10,4.546388e-09,8.836619e-09,3.238890e+02,3.813490e+02,3.238890e-01,3.813490e-01,1.000000e-09,15,2,true
2,cosine,W-SOR,w_sor,w,sor,1.25,mg_sor,cuda,double,4095,8,8.868592e-10,4.546380e-09,8.836607e-09,3.591760e+02,4.025810e+02,3.591760e-01,4.025810e-01,1.000000e-09,15,2,true
2,cosine,W-SOR,w_sor,w,sor,1.30,mg_sor,cuda,double,4095,9,9.184965e-10,4.546435e-09,8.836698e-09,4.004750e+02,4.505380e+02,4.004750e-01,4.505380e-01,1.000000e-09,15,2,true
2,cosine,W-SOR,w_sor,w,sor,1.35,mg_sor,cuda,double,4095,10,9.057585e-10,4.546361e-09,8.836575e-09,4.267830e+02,4.896470e+02,4.267830e-01,4.896470e-01,1.000000e-09,15,2,true
2,cosine,W-SOR,w_sor,w,sor,1.40,mg_sor,cuda,double,4095,11,9.917500e-10,4.546374e-09,8.836596e-09,4.706320e+02,4.986400e+02,4.706320e-01,4.986400e-01,1.000000e-09,15,2,true
2,cosine,W-SOR,w_sor,w,sor,1.45,mg_sor,cuda,double,4095,13,4.980089e-10,4.546388e-09,8.836589e-09,5.385250e+02,5.691450e+02,5.385250e-01,5.691450e-01,1.000000e-09,15,2,true
2,cosine,W-SOR,w_sor,w,sor,1.50,mg_sor,cuda,double,4095,14,6.108655e-10,4.546373e-09,8.836588e-09,5.656280e+02,6.062390e+02,5.656280e-01,6.062390e-01,1.000000e-09,15,2,true
2,sine,V-exact,v_exact,v,exact,1.00,mg_exact,cuda,double,4095,7,4.196321e-10,2.440654e-08,4.881313e-08,1.401710e+02,1.442550e+02,1.401710e-01,1.442550e-01,1.000000e-09,15,3,true
2,sine,V-exact,v_exact,v,exact,1.05,mg_exact,cuda,double,4095,7,3.195210e-10,2.448630e-08,4.897256e-08,1.282670e+02,1.360450e+02,1.282670e-01,1.360450e-01,1.000000e-09,15,3,true
2,sine,V-exact,v_exact,v,exact,1.10,mg_exact,cuda,double,4095,6,6.019186e-10,2.436670e-08,4.873336e-08,1.124210e+02,1.172450e+02,1.124210e-01,1.172450e-01,1.000000e-09,15,3,true
2,sine,V-exact,v_exact,v,exact,1.15,mg_exact,cuda,double,4095,6,3.607260e-10,2.449879e-08,4.899771e-08,1.221190e+02,1.272610e+02,1.221190e-01,1.272610e-01,1.000000e-09,15,3,true
2,sine,V-exact,v_exact,v,exact,1.20,mg_exact,cuda,double,4095,5,3.936975e-10,2.449486e-08,4.898974e-08,9.805400e+01,1.106890e+02,9.805400e-02,1.106890e-01,1.000000e-09,15,3,true
2,sine,V-exact,v_exact,v,exact,1.25,mg_exact,cuda,double,4095,4,5.079855e-10,2.450536e-08,4.900689e-08,9.078000e+01,9.478500e+01,9.078000e-02,9.478500e-02,1.000000e-09,15,3,true
2,sine,V-exact,v_exact,v,exact,1.30,mg_exact,cuda,double,4095,5,9.350167e-10,2.467585e-08,4.935241e-08,1.095310e+02,1.214410e+02,1.095310e-01,1.214410e-01,1.000000e-09,15,3,true
2,sine,V-exact,v_exact,v,exact,1.35,mg_exact,cuda,double,4095,6,7.423751e-10,2.439678e-08,4.879352e-08,1.134200e+02,1.174400e+02,1.134200e-01,1.174400e-01,1.000000e-09,15,3,true
2,sine,V-exact,v_exact,v,exact,1.40,mg_exact,cuda,double,4095,7,5.649443e-10,2.457319e-08,4.914640e-08,1.315250e+02,1.352960e+02,1.315250e-01,1.352960e-01,1.000000e-09,15,3,true
2,sine,V-exact,v_exact,v,exact,1.45,mg_exact,cuda,double,4095,8,5.340877e-10,2.447352e-08,4.894691e-08,1.392870e+02,1.590350e+02,1.392870e-01,1.590350e-01,1.000000e-09,15,3,true
2,sine,V-exact,v_exact,v,exact,1.50,mg_exact,cuda,double,4095,9,5.828121e-10,2.454175e-08,4.908344e-08,1.540780e+02,1.760720e+02,1.540780e-01,1.760720e-01,1.000000e-09,15,3,true
2,sine,V-SOR,v_sor,v,sor,1.00,mg_sor,cuda,double,4095,7,4.198101e-10,2.440649e-08,4.881303e-08,1.304810e+02,1.358700e+02,1.304810e-01,1.358700e-01,1.000000e-09,15,3,true
2,sine,V-SOR,v_sor,v,sor,1.05,mg_sor,cuda,double,4095,7,3.197354e-10,2.448631e-08,4.897259e-08,1.241490e+02,1.359170e+02,1.241490e-01,1.359170e-01,1.000000e-09,15,3,true
2,sine,V-SOR,v_sor,v,sor,1.10,mg_sor,cuda,double,4095,6,6.016537e-10,2.436671e-08,4.873345e-08,1.190860e+02,1.290620e+02,1.190860e-01,1.290620e-01,1.000000e-09,15,3,true
2,sine,V-SOR,v_sor,v,sor,1.15,mg_sor,cuda,double,4095,6,3.604675e-10,2.449877e-08,4.899767e-08,1.129670e+02,1.210070e+02,1.129670e-01,1.210070e-01,1.000000e-09,15,3,true
2,sine,V-SOR,v_sor,v,sor,1.20,mg_sor,cuda,double,4095,5,3.938772e-10,2.449487e-08,4.898977e-08,1.030670e+02,1.077940e+02,1.030670e-01,1.077940e-01,1.000000e-09,15,3,true
2,sine,V-SOR,v_sor,v,sor,1.25,mg_sor,cuda,double,4095,4,5.078831e-10,2.450536e-08,4.900691e-08,8.956800e+01,1.088830e+02,8.956800e-02,1.088830e-01,1.000000e-09,15,3,true
2,sine,V-SOR,v_sor,v,sor,1.30,mg_sor,cuda,double,4095,5,9.348151e-10,2.467579e-08,4.935226e-08,9.934100e+01,1.098340e+02,9.934100e-02,1.098340e-01,1.000000e-09,15,3,true
2,sine,V-SOR,v_sor,v,sor,1.35,mg_sor,cuda,double,4095,6,7.421174e-10,2.439679e-08,4.879360e-08,1.133770e+02,1.208980e+02,1.133770e-01,1.208980e-01,1.000000e-09,15,3,true
2,sine,V-SOR,v_sor,v,sor,1.40,mg_sor,cuda,double,4095,7,5.648672e-10,2.457318e-08,4.914640e-08,1.268720e+02,1.352410e+02,1.268720e-01,1.352410e-01,1.000000e-09,15,3,true
2,sine,V-SOR,v_sor,v,sor,1.45,mg_sor,cuda,double,4095,8,5.339215e-10,2.447358e-08,4.894705e-08,1.385740e+02,1.428550e+02,1.385740e-01,1.428550e-01,1.000000e-09,15,3,true
2,sine,V-SOR,v_sor,v,sor,1.50,mg_sor,cuda,double,4095,9,5.825464e-10,2.454184e-08,4.908363e-08,1.511550e+02,1.564210e+02,1.511550e-01,1.564210e-01,1.000000e-09,15,3,true
2,sine,W-exact,w_exact,w,exact,1.00,mg_exact,cuda,double,4095,2,2.826345e-10,2.451134e-08,4.902273e-08,1.716420e+02,2.084500e+02,1.716420e-01,2.084500e-01,1.000000e-09,15,3,true
2,sine,W-exact,w_exact,w,exact,1.05,mg_exact,cuda,double,4095,2,3.317226e-10,2.451141e-08,4.902274e-08,1.719360e+02,2.080970e+02,1.719360e-01,2.080970e-01,1.000000e-09,15,3,true
2,sine,W-exact,w_exact,w,exact,1.10,mg_exact,cuda,double,4095,2,9.431406e-10,2.451136e-08,4.902269e-08,1.791650e+02,2.325330e+02,1.791650e-01,2.325330e-01,1.000000e-09,15,3,true
2,sine,W-exact,w_exact,w,exact,1.15,mg_exact,cuda,double,4095,3,3.432849e-10,2.451187e-08,4.902414e-08,2.342980e+02,2.854420e+02,2.342980e-01,2.854420e-01,1.000000e-09,15,3,true
2,sine,W-exact,w_exact,w,exact,1.20,mg_exact,cuda,double,4095,3,3.787160e-10,2.451157e-08,4.902311e-08,2.385890e+02,2.780560e+02,2.385890e-01,2.780560e-01,1.000000e-09,15,3,true
2,sine,W-exact,w_exact,w,exact,1.25,mg_exact,cuda,double,4095,3,7.791353e-10,2.451223e-08,4.902452e-08,2.358940e+02,2.678960e+02,2.358940e-01,2.678960e-01,1.000000e-09,15,3,true
2,sine,W-exact,w_exact,w,exact,1.30,mg_exact,cuda,double,4095,4,4.058202e-10,2.451166e-08,4.902341e-08,3.033970e+02,3.520960e+02,3.033970e-01,3.520960e-01,1.000000e-09,15,3,true
2,sine,W-exact,w_exact,w,exact,1.35,mg_exact,cuda,double,4095,4,4.782905e-10,2.451110e-08,4.902187e-08,2.950360e+02,3.326240e+02,2.950360e-01,3.326240e-01,1.000000e-09,15,3,true
2,sine,W-exact,w_exact,w,exact,1.40,mg_exact,cuda,double,4095,5,4.599910e-10,2.451133e-08,4.902273e-08,3.697930e+02,4.027250e+02,3.697930e-01,4.027250e-01,1.000000e-09,15,3,true
2,sine,W-exact,w_exact,w,exact,1.45,mg_exact,cuda,double,4095,5,5.805736e-10,2.451191e-08,4.902411e-08,3.914610e+02,4.407160e+02,3.914610e-01,4.407160e-01,1.000000e-09,15,3,true
2,sine,W-exact,w_exact,w,exact,1.50,mg_exact,cuda,double,4095,6,5.545420e-10,2.451185e-08,4.902319e-08,4.894440e+02,5.810170e+02,4.894440e-01,5.810170e-01,1.000000e-09,15,3,true
2,sine,W-SOR,w_sor,w,sor,1.00,mg_sor,cuda,double,4095,2,2.825493e-10,2.451135e-08,4.902267e-08,1.335060e+02,2.038720e+02,1.335060e-01,2.038720e-01,1.000000e-09,15,3,true
2,sine,W-SOR,w_sor,w,sor,1.05,mg_sor,cuda,double,4095,2,3.318819e-10,2.451139e-08,4.902271e-08,1.333130e+02,1.708120e+02,1.333130e-01,1.708120e-01,1.000000e-09,15,3,true
2,sine,W-SOR,w_sor,w,sor,1.10,mg_sor,cuda,double,4095,2,9.434380e-10,2.451133e-08,4.902265e-08,1.360690e+02,1.719770e+02,1.360690e-01,1.719770e-01,1.000000e-09,15,3,true
2,sine,W-SOR,w_sor,w,sor,1.15,mg_sor,cuda,double,4095,3,3.432466e-10,2.451193e-08,4.902427e-08,1.705570e+02,2.107350e+02,1.705570e-01,2.107350e-01,1.000000e-09,15,3,true
2,sine,W-SOR,w_sor,w,sor,1.20,mg_sor,cuda,double,4095,3,3.788657e-10,2.451154e-08,4.902303e-08,1.700580e+02,2.065130e+02,1.700580e-01,2.065130e-01,1.000000e-09,15,3,true
2,sine,W-SOR,w_sor,w,sor,1.25,mg_sor,cuda,double,4095,3,7.795658e-10,2.451226e-08,4.902461e-08,1.781270e+02,2.157250e+02,1.781270e-01,2.157250e-01,1.000000e-09,15,3,true
2,sine,W-SOR,w_sor,w,sor,1.30,mg_sor,cuda,double,4095,4,4.058668e-10,2.451175e-08,4.902361e-08,2.241030e+02,2.643210e+02,2.241030e-01,2.643210e-01,1.000000e-09,15,3,true
2,sine,W-SOR,w_sor,w,sor,1.35,mg_sor,cuda,double,4095,4,4.781859e-10,2.451107e-08,4.902185e-08,2.102090e+02,2.473860e+02,2.102090e-01,2.473860e-01,1.000000e-09,15,3,true
2,sine,W-SOR,w_sor,w,sor,1.40,mg_sor,cuda,double,4095,5,4.598682e-10,2.451137e-08,4.902282e-08,2.718380e+02,3.169290e+02,2.718380e-01,3.169290e-01,1.000000e-09,15,3,true
2,sine,W-SOR,w_sor,w,sor,1.45,mg_sor,cuda,double,4095,5,5.804733e-10,2.451186e-08,4.902397e-08,2.559830e+02,2.919020e+02,2.559830e-01,2.919020e-01,1.000000e-09,15,3,true
2,sine,W-SOR,w_sor,w,sor,1.50,mg_sor,cuda,double,4095,6,5.545470e-10,2.451183e-08,4.902315e-08,2.978800e+02,3.342240e+02,2.978800e-01,3.342240e-01,1.000000e-09,15,3,true
2,mixed_sine,V-exact,v_exact,v,exact,1.00,mg_exact,cuda,double,4095,7,2.536996e-10,1.828048e-07,3.656097e-07,1.319490e+02,1.357660e+02,1.319490e-01,1.357660e-01,1.000000e-09,15,3,true
2,mixed_sine,V-exact,v_exact,v,exact,1.05,mg_exact,cuda,double,4095,7,7.142680e-11,1.828767e-07,3.657534e-07,1.289710e+02,1.382840e+02,1.289710e-01,1.382840e-01,1.000000e-09,15,3,true
2,mixed_sine,V-exact,v_exact,v,exact,1.10,mg_exact,cuda,double,4095,6,2.478008e-10,1.828173e-07,3.656346e-07,1.187050e+02,1.265340e+02,1.187050e-01,1.265340e-01,1.000000e-09,15,3,true
2,mixed_sine,V-exact,v_exact,v,exact,1.15,mg_exact,cuda,double,4095,6,5.879289e-11,1.828887e-07,3.657774e-07,1.119510e+02,1.157910e+02,1.119510e-01,1.157910e-01,1.000000e-09,15,3,true
2,mixed_sine,V-exact,v_exact,v,exact,1.20,mg_exact,cuda,double,4095,5,6.082054e-11,1.828910e-07,3.657820e-07,1.087370e+02,1.261090e+02,1.087370e-01,1.261090e-01,1.000000e-09,15,3,true
2,mixed_sine,V-exact,v_exact,v,exact,1.25,mg_exact,cuda,double,4095,5,6.275127e-11,1.828936e-07,3.657873e-07,1.021360e+02,1.104890e+02,1.021360e-01,1.104890e-01,1.000000e-09,15,3,true
2,mixed_sine,V-exact,v_exact,v,exact,1.30,mg_exact,cuda,double,4095,6,6.869986e-11,1.828888e-07,3.657775e-07,1.296060e+02,1.388950e+02,1.296060e-01,1.388950e-01,1.000000e-09,15,3,true
2,mixed_sine,V-exact,v_exact,v,exact,1.35,mg_exact,cuda,double,4095,6,6.739571e-10,1.827588e-07,3.655178e-07,1.216060e+02,1.349920e+02,1.216060e-01,1.349920e-01,1.000000e-09,15,3,true
2,mixed_sine,V-exact,v_exact,v,exact,1.40,mg_exact,cuda,double,4095,7,3.091716e-10,1.829506e-07,3.659012e-07,1.286410e+02,1.334050e+02,1.286410e-01,1.334050e-01,1.000000e-09,15,3,true
2,mixed_sine,V-exact,v_exact,v,exact,1.45,mg_exact,cuda,double,4095,8,1.836575e-10,1.828624e-07,3.657249e-07,1.493060e+02,1.542970e+02,1.493060e-01,1.542970e-01,1.000000e-09,15,3,true
2,mixed_sine,V-exact,v_exact,v,exact,1.50,mg_exact,cuda,double,4095,9,1.543175e-10,1.829155e-07,3.658311e-07,1.592450e+02,1.800480e+02,1.592450e-01,1.800480e-01,1.000000e-09,15,3,true
2,mixed_sine,V-SOR,v_sor,v,sor,1.00,mg_sor,cuda,double,4095,7,2.537132e-10,1.828048e-07,3.656096e-07,1.280120e+02,1.433320e+02,1.280120e-01,1.433320e-01,1.000000e-09,15,3,true
2,mixed_sine,V-SOR,v_sor,v,sor,1.05,mg_sor,cuda,double,4095,7,7.146800e-11,1.828767e-07,3.657534e-07,1.244420e+02,1.286690e+02,1.244420e-01,1.286690e-01,1.000000e-09,15,3,true
2,mixed_sine,V-SOR,v_sor,v,sor,1.10,mg_sor,cuda,double,4095,6,2.477520e-10,1.828173e-07,3.656346e-07,1.203310e+02,1.267980e+02,1.203310e-01,1.267980e-01,1.000000e-09,15,3,true
2,mixed_sine,V-SOR,v_sor,v,sor,1.15,mg_sor,cuda,double,4095,6,5.877589e-11,1.828887e-07,3.657774e-07,1.137670e+02,1.209380e+02,1.137670e-01,1.209380e-01,1.000000e-09,15,3,true
2,mixed_sine,V-SOR,v_sor,v,sor,1.20,mg_sor,cuda,double,4095,5,6.079778e-11,1.828910e-07,3.657819e-07,1.091060e+02,1.153260e+02,1.091060e-01,1.153260e-01,1.000000e-09,15,3,true
2,mixed_sine,V-SOR,v_sor,v,sor,1.25,mg_sor,cuda,double,4095,5,6.271664e-11,1.828936e-07,3.657873e-07,1.084320e+02,1.128190e+02,1.084320e-01,1.128190e-01,1.000000e-09,15,3,true
2,mixed_sine,V-SOR,v_sor,v,sor,1.30,mg_sor,cuda,double,4095,6,6.861783e-11,1.828888e-07,3.657775e-07,1.166880e+02,1.203850e+02,1.166880e-01,1.203850e-01,1.000000e-09,15,3,true
2,mixed_sine,V-SOR,v_sor,v,sor,1.35,mg_sor,cuda,double,4095,6,6.739766e-10,1.827588e-07,3.655178e-07,1.240740e+02,1.294730e+02,1.240740e-01,1.294730e-01,1.000000e-09,15,3,true
2,mixed_sine,V-SOR,v_sor,v,sor,1.40,mg_sor,cuda,double,4095,7,3.092237e-10,1.829506e-07,3.659013e-07,1.327540e+02,1.422230e+02,1.327540e-01,1.422230e-01,1.000000e-09,15,3,true
2,mixed_sine,V-SOR,v_sor,v,sor,1.45,mg_sor,cuda,double,4095,8,1.837036e-10,1.828624e-07,3.657248e-07,1.448540e+02,1.518220e+02,1.448540e-01,1.518220e-01,1.000000e-09,15,3,true
2,mixed_sine,V-SOR,v_sor,v,sor,1.50,mg_sor,cuda,double,4095,9,1.544003e-10,1.829155e-07,3.658311e-07,1.604540e+02,1.645630e+02,1.604540e-01,1.645630e-01,1.000000e-09,15,3,true
2,mixed_sine,W-exact,w_exact,w,exact,1.00,mg_exact,cuda,double,4095,2,4.442748e-11,1.828914e-07,3.657830e-07,1.732940e+02,2.168030e+02,1.732940e-01,2.168030e-01,1.000000e-09,15,3,true
2,mixed_sine,W-exact,w_exact,w,exact,1.05,mg_exact,cuda,double,4095,2,1.595359e-10,1.828918e-07,3.657835e-07,1.824860e+02,2.305740e+02,1.824860e-01,2.305740e-01,1.000000e-09,15,3,true
2,mixed_sine,W-exact,w_exact,w,exact,1.10,mg_exact,cuda,double,4095,3,5.047945e-11,1.828930e-07,3.657862e-07,2.385930e+02,3.049750e+02,2.385930e-01,3.049750e-01,1.000000e-09,15,3,true
2,mixed_sine,W-exact,w_exact,w,exact,1.15,mg_exact,cuda,double,4095,3,5.490751e-11,1.828931e-07,3.657861e-07,2.473020e+02,3.146760e+02,2.473020e-01,3.146760e-01,1.000000e-09,15,3,true
2,mixed_sine,W-exact,w_exact,w,exact,1.20,mg_exact,cuda,double,4095,3,6.709553e-11,1.828930e-07,3.657860e-07,2.321980e+02,2.705020e+02,2.321980e-01,2.705020e-01,1.000000e-09,15,3,true
2,mixed_sine,W-exact,w_exact,w,exact,1.25,mg_exact,cuda,double,4095,3,7.115600e-10,1.828930e-07,3.657860e-07,2.350370e+02,2.727360e+02,2.350370e-01,2.727360e-01,1.000000e-09,15,3,true
2,mixed_sine,W-exact,w_exact,w,exact,1.30,mg_exact,cuda,double,4095,4,6.504766e-11,1.828930e-07,3.657861e-07,2.934210e+02,3.365940e+02,2.934210e-01,3.365940e-01,1.000000e-09,15,3,true
2,mixed_sine,W-exact,w_exact,w,exact,1.35,mg_exact,cuda,double,4095,4,2.131106e-10,1.828930e-07,3.657860e-07,2.959250e+02,3.517590e+02,2.959250e-01,3.517590e-01,1.000000e-09,15,3,true
2,mixed_sine,W-exact,w_exact,w,exact,1.40,mg_exact,cuda,double,4095,5,7.349352e-11,1.828930e-07,3.657860e-07,3.615620e+02,4.008310e+02,3.615620e-01,4.008310e-01,1.000000e-09,15,3,true
2,mixed_sine,W-exact,w_exact,w,exact,1.45,mg_exact,cuda,double,4095,5,3.372250e-10,1.828930e-07,3.657862e-07,3.611190e+02,4.093460e+02,3.611190e-01,4.093460e-01,1.000000e-09,15,3,true
2,mixed_sine,W-exact,w_exact,w,exact,1.50,mg_exact,cuda,double,4095,6,1.140450e-10,1.828934e-07,3.657869e-07,4.248300e+02,4.712060e+02,4.248300e-01,4.712060e-01,1.000000e-09,15,3,true
2,mixed_sine,W-SOR,w_sor,w,sor,1.00,mg_sor,cuda,double,4095,2,4.442738e-11,1.828914e-07,3.657830e-07,1.304420e+02,1.799630e+02,1.304420e-01,1.799630e-01,1.000000e-09,15,3,true
2,mixed_sine,W-SOR,w_sor,w,sor,1.05,mg_sor,cuda,double,4095,2,1.595603e-10,1.828918e-07,3.657836e-07,1.341190e+02,1.690220e+02,1.341190e-01,1.690220e-01,1.000000e-09,15,3,true
2,mixed_sine,W-SOR,w_sor,w,sor,1.10,mg_sor,cuda,double,4095,3,5.046374e-11,1.828930e-07,3.657861e-07,1.745810e+02,2.137990e+02,1.745810e-01,2.137990e-01,1.000000e-09,15,3,true
2,mixed_sine,W-SOR,w_sor,w,sor,1.15,mg_sor,cuda,double,4095,3,5.490751e-11,1.828931e-07,3.657861e-07,1.758030e+02,2.292690e+02,1.758030e-01,2.292690e-01,1.000000e-09,15,3,true
2,mixed_sine,W-SOR,w_sor,w,sor,1.20,mg_sor,cuda,double,4095,3,6.713123e-11,1.828930e-07,3.657860e-07,1.728500e+02,2.081020e+02,1.728500e-01,2.081020e-01,1.000000e-09,15,3,true
2,mixed_sine,W-SOR,w_sor,w,sor,1.25,mg_sor,cuda,double,4095,3,7.115603e-10,1.828930e-07,3.657860e-07,1.724910e+02,2.164510e+02,1.724910e-01,2.164510e-01,1.000000e-09,15,3,true
2,mixed_sine,W-SOR,w_sor,w,sor,1.30,mg_sor,cuda,double,4095,4,6.500570e-11,1.828930e-07,3.657861e-07,2.153550e+02,2.504520e+02,2.153550e-01,2.504520e-01,1.000000e-09,15,3,true
2,mixed_sine,W-SOR,w_sor,w,sor,1.35,mg_sor,cuda,double,4095,4,2.131193e-10,1.828930e-07,3.657860e-07,2.152880e+02,2.500080e+02,2.152880e-01,2.500080e-01,1.000000e-09,15,3,true
2,mixed_sine,W-SOR,w_sor,w,sor,1.40,mg_sor,cuda,double,4095,5,7.349170e-11,1.828930e-07,3.657860e-07,2.527810e+02,2.906640e+02,2.527810e-01,2.906640e-01,1.000000e-09,15,3,true
2,mixed_sine,W-SOR,w_sor,w,sor,1.45,mg_sor,cuda,double,4095,5,3.371299e-10,1.828930e-07,3.657861e-07,2.730000e+02,3.263360e+02,2.730000e-01,3.263360e-01,1.000000e-09,15,3,true
2,mixed_sine,W-SOR,w_sor,w,sor,1.50,mg_sor,cuda,double,4095,6,1.140239e-10,1.828934e-07,3.657869e-07,3.225290e+02,3.593420e+02,3.225290e-01,3.593420e-01,1.000000e-09,15,3,true
2,bubble,V-exact,v_exact,v,exact,1.00,mg_exact,cuda,double,4095,7,3.776108e-10,6.979154e-12,1.386936e-11,1.250690e+02,1.290270e+02,1.250690e-01,1.290270e-01,1.000000e-09,15,3,true
2,bubble,V-exact,v_exact,v,exact,1.05,mg_exact,cuda,double,4095,7,2.662588e-10,1.423338e-12,2.857999e-12,1.268640e+02,1.306440e+02,1.268640e-01,1.306440e-01,1.000000e-09,15,3,true
2,bubble,V-exact,v_exact,v,exact,1.10,mg_exact,cuda,double,4095,6,5.477104e-10,9.573632e-12,1.919707e-11,1.185640e+02,1.226320e+02,1.185640e-01,1.226320e-01,1.000000e-09,15,3,true
2,bubble,V-exact,v_exact,v,exact,1.15,mg_exact,cuda,double,4095,6,3.035104e-10,3.105146e-13,7.547574e-13,1.220980e+02,1.290080e+02,1.220980e-01,1.290080e-01,1.000000e-09,15,3,true
2,bubble,V-exact,v_exact,v,exact,1.20,mg_exact,cuda,double,4095,5,3.445555e-10,1.128097e-12,2.151647e-12,1.123110e+02,1.224110e+02,1.123110e-01,1.224110e-01,1.000000e-09,15,3,true
2,bubble,V-exact,v_exact,v,exact,1.25,mg_exact,cuda,double,4095,5,5.005438e-10,3.435832e-13,6.150462e-13,1.141740e+02,1.180290e+02,1.141740e-01,1.180290e-01,1.000000e-09,15,3,true
2,bubble,V-exact,v_exact,v,exact,1.30,mg_exact,cuda,double,4095,6,3.798156e-10,1.844992e-13,2.706099e-13,1.363930e+02,1.402590e+02,1.363930e-01,1.402590e-01,1.000000e-09,15,3,true
2,bubble,V-exact,v_exact,v,exact,1.35,mg_exact,cuda,double,4095,7,3.824940e-10,3.278782e-13,4.549208e-13,1.409680e+02,1.463780e+02,1.409680e-01,1.463780e-01,1.000000e-09,15,3,true
2,bubble,V-exact,v_exact,v,exact,1.40,mg_exact,cuda,double,4095,7,6.651708e-10,4.215150e-12,7.072384e-12,1.417940e+02,1.459480e+02,1.417940e-01,1.459480e-01,1.000000e-09,15,3,true
2,bubble,V-exact,v_exact,v,exact,1.45,mg_exact,cuda,double,4095,8,5.148854e-10,2.417505e-12,4.288188e-12,1.417880e+02,1.544970e+02,1.417880e-01,1.544970e-01,1.000000e-09,15,3,true
2,bubble,V-exact,v_exact,v,exact,1.50,mg_exact,cuda,double,4095,9,5.265752e-10,2.080691e-12,3.874658e-12,1.515080e+02,1.596090e+02,1.515080e-01,1.596090e-01,1.000000e-09,15,3,true
2,bubble,V-SOR,v_sor,v,sor,1.00,mg_sor,cuda,double,4095,7,3.779169e-10,6.983745e-12,1.387583e-11,1.302230e+02,1.339370e+02,1.302230e-01,1.339370e-01,1.000000e-09,15,3,true
2,bubble,V-SOR,v_sor,v,sor,1.05,mg_sor,cuda,double,4095,7,2.661355e-10,1.424276e-12,2.863522e-12,1.277490e+02,1.442910e+02,1.277490e-01,1.442910e-01,1.000000e-09,15,3,true
2,bubble,V-SOR,v_sor,v,sor,1.10,mg_sor,cuda,double,4095,6,5.478403e-10,9.571858e-12,1.919154e-11,1.118330e+02,1.197880e+02,1.118330e-01,1.197880e-01,1.000000e-09,15,3,true
2,bubble,V-SOR,v_sor,v,sor,1.15,mg_sor,cuda,double,4095,6,3.033901e-10,3.095356e-13,7.528492e-13,1.134140e+02,1.544790e+02,1.134140e-01,1.544790e-01,1.000000e-09,15,3,true
2,bubble,V-SOR,v_sor,v,sor,1.20,mg_sor,cuda,double,4095,5,3.444139e-10,1.128393e-12,2.149773e-12,1.014530e+02,1.089260e+02,1.014530e-01,1.089260e-01,1.000000e-09,15,3,true
2,bubble,V-SOR,v_sor,v,sor,1.25,mg_sor,cuda,double,4095,5,4.995617e-10,3.465023e-13,6.188730e-13,1.065770e+02,1.117080e+02,1.065770e-01,1.117080e-01,1.000000e-09,15,3,true
2,bubble,V-SOR,v_sor,v,sor,1.30,mg_sor,cuda,double,4095,6,3.799261e-10,1.846602e-13,2.715467e-13,1.148210e+02,1.195670e+02,1.148210e-01,1.195670e-01,1.000000e-09,15,3,true
2,bubble,V-SOR,v_sor,v,sor,1.35,mg_sor,cuda,double,4095,7,3.826195e-10,3.262194e-13,4.518746e-13,1.255660e+02,1.361730e+02,1.255660e-01,1.361730e-01,1.000000e-09,15,3,true
2,bubble,V-SOR,v_sor,v,sor,1.40,mg_sor,cuda,double,4095,7,6.649230e-10,4.215056e-12,7.070018e-12,1.321030e+02,1.360900e+02,1.321030e-01,1.360900e-01,1.000000e-09,15,3,true
2,bubble,V-SOR,v_sor,v,sor,1.45,mg_sor,cuda,double,4095,8,5.147270e-10,2.413807e-12,4.277211e-12,1.391980e+02,1.480640e+02,1.391980e-01,1.480640e-01,1.000000e-09,15,3,true
2,bubble,V-SOR,v_sor,v,sor,1.50,mg_sor,cuda,double,4095,9,5.265502e-10,2.083330e-12,3.879577e-12,1.518500e+02,1.581760e+02,1.518500e-01,1.581760e-01,1.000000e-09,15,3,true
2,bubble,W-exact,w_exact,w,exact,1.00,mg_exact,cuda,double,4095,4,8.365053e-10,5.560682e-15,1.756928e-14,3.029310e+02,3.429310e+02,3.029310e-01,3.429310e-01,1.000000e-09,15,3,true
2,bubble,W-exact,w_exact,w,exact,1.05,mg_exact,cuda,double,4095,4,3.115685e-10,1.269666e-14,3.708839e-14,2.925760e+02,3.336590e+02,2.925760e-01,3.336590e-01,1.000000e-09,15,3,true
2,bubble,W-exact,w_exact,w,exact,1.10,mg_exact,cuda,double,4095,4,2.710965e-10,2.487087e-14,7.080447e-14,2.974650e+02,3.341320e+02,2.974650e-01,3.341320e-01,1.000000e-09,15,3,true
2,bubble,W-exact,w_exact,w,exact,1.15,mg_exact,cuda,double,4095,3,3.058033e-10,2.358259e-13,5.007800e-13,2.330150e+02,2.834120e+02,2.330150e-01,2.834120e-01,1.000000e-09,15,3,true
2,bubble,W-exact,w_exact,w,exact,1.20,mg_exact,cuda,double,4095,4,3.017284e-10,7.314887e-15,2.059464e-14,2.973740e+02,3.312760e+02,2.973740e-01,3.312760e-01,1.000000e-09,15,3,true
2,bubble,W-exact,w_exact,w,exact,1.25,mg_exact,cuda,double,4095,4,5.400633e-10,1.079236e-14,3.186340e-14,2.928630e+02,3.349160e+02,2.928630e-01,3.349160e-01,1.000000e-09,15,3,true
2,bubble,W-exact,w_exact,w,exact,1.30,mg_exact,cuda,double,4095,5,3.512059e-10,3.520764e-14,5.690587e-14,3.689620e+02,4.050450e+02,3.689620e-01,4.050450e-01,1.000000e-09,15,3,true
2,bubble,W-exact,w_exact,w,exact,1.35,mg_exact,cuda,double,4095,5,4.696274e-10,2.587192e-14,4.566486e-14,3.598650e+02,3.988640e+02,3.598650e-01,3.988640e-01,1.000000e-09,15,3,true
2,bubble,W-exact,w_exact,w,exact,1.40,mg_exact,cuda,double,4095,6,4.029307e-10,5.429990e-14,9.767187e-14,4.262790e+02,4.617010e+02,4.262790e-01,4.617010e-01,1.000000e-09,15,3,true
2,bubble,W-exact,w_exact,w,exact,1.45,mg_exact,cuda,double,4095,6,4.797713e-10,1.090896e-13,2.419107e-13,4.291750e+02,4.639430e+02,4.291750e-01,4.639430e-01,1.000000e-09,15,3,true
2,bubble,W-exact,w_exact,w,exact,1.50,mg_exact,cuda,double,4095,7,4.755081e-10,3.137548e-14,6.493417e-14,4.786840e+02,5.124950e+02,4.786840e-01,5.124950e-01,1.000000e-09,15,3,true
2,bubble,W-SOR,w_sor,w,sor,1.00,mg_sor,cuda,double,4095,4,8.348541e-10,1.470928e-14,3.869127e-14,2.251610e+02,2.646350e+02,2.251610e-01,2.646350e-01,1.000000e-09,15,3,true
2,bubble,W-SOR,w_sor,w,sor,1.05,mg_sor,cuda,double,4095,4,3.108345e-10,1.825885e-14,4.506812e-14,2.158630e+02,2.566190e+02,2.158630e-01,2.566190e-01,1.000000e-09,15,3,true
2,bubble,W-SOR,w_sor,w,sor,1.10,mg_sor,cuda,double,4095,4,2.730083e-10,1.178613e-14,3.182177e-14,2.220950e+02,2.556670e+02,2.220950e-01,2.556670e-01,1.000000e-09,15,3,true
2,bubble,W-SOR,w_sor,w,sor,1.15,mg_sor,cuda,double,4095,3,3.063012e-10,2.759055e-13,5.896880e-13,1.700460e+02,2.065700e+02,1.700460e-01,2.065700e-01,1.000000e-09,15,3,true
2,bubble,W-SOR,w_sor,w,sor,1.20,mg_sor,cuda,double,4095,4,3.019256e-10,6.571030e-15,1.999789e-14,2.170460e+02,2.542950e+02,2.170460e-01,2.542950e-01,1.000000e-09,15,3,true
2,bubble,W-SOR,w_sor,w,sor,1.25,mg_sor,cuda,double,4095,4,5.358291e-10,1.783252e-14,4.379830e-14,2.183910e+02,2.538020e+02,2.183910e-01,2.538020e-01,1.000000e-09,15,3,true
2,bubble,W-SOR,w_sor,w,sor,1.30,mg_sor,cuda,double,4095,5,3.522738e-10,3.286512e-14,5.485196e-14,2.682100e+02,3.253400e+02,2.682100e-01,3.253400e-01,1.000000e-09,15,3,true
2,bubble,W-SOR,w_sor,w,sor,1.35,mg_sor,cuda,double,4095,5,4.687287e-10,2.628559e-14,4.740652e-14,2.663610e+02,3.029910e+02,2.663610e-01,3.029910e-01,1.000000e-09,15,3,true
2,bubble,W-SOR,w_sor,w,sor,1.40,mg_sor,cuda,double,4095,6,4.027837e-10,5.021697e-14,8.894274e-14,3.024650e+02,3.385170e+02,3.024650e-01,3.385170e-01,1.000000e-09,15,3,true
2,bubble,W-SOR,w_sor,w,sor,1.45,mg_sor,cuda,double,4095,6,4.800477e-10,1.064218e-13,2.392253e-13,3.093160e+02,3.500920e+02,3.093160e-01,3.500920e-01,1.000000e-09,15,3,true
2,bubble,W-SOR,w_sor,w,sor,1.50,mg_sor,cuda,double,4095,7,4.776573e-10,3.387212e-14,7.159551e-14,3.552660e+02,4.011480e+02,3.552660e-01,4.011480e-01,1.000000e-09,15,3,true
2,exp,V-exact,v_exact,v,exact,1.00,mg_exact,cuda,double,4095,15,2.984759e-09,1.181122e-09,2.145506e-09,2.339220e+02,2.381190e+02,2.339220e-01,2.381190e-01,1.000000e-09,15,3,false
2,exp,V-exact,v_exact,v,exact,1.05,mg_exact,cuda,double,4095,15,3.138896e-09,1.180895e-09,2.145184e-09,2.238690e+02,2.323590e+02,2.238690e-01,2.323590e-01,1.000000e-09,15,3,false
2,exp,V-exact,v_exact,v,exact,1.10,mg_exact,cuda,double,4095,15,3.295065e-09,1.180971e-09,2.145238e-09,2.272890e+02,2.333510e+02,2.272890e-01,2.333510e-01,1.000000e-09,15,3,false
2,exp,V-exact,v_exact,v,exact,1.15,mg_exact,cuda,double,4095,15,3.482404e-09,1.181477e-09,2.145895e-09,2.215640e+02,2.263720e+02,2.215640e-01,2.263720e-01,1.000000e-09,15,3,false
2,exp,V-exact,v_exact,v,exact,1.20,mg_exact,cuda,double,4095,15,3.664281e-09,1.180875e-09,2.144860e-09,2.335150e+02,2.489870e+02,2.335150e-01,2.489870e-01,1.000000e-09,15,3,false
2,exp,V-exact,v_exact,v,exact,1.25,mg_exact,cuda,double,4095,15,3.840891e-09,1.181061e-09,2.145361e-09,2.241630e+02,2.413480e+02,2.241630e-01,2.413480e-01,1.000000e-09,15,3,false
2,exp,V-exact,v_exact,v,exact,1.30,mg_exact,cuda,double,4095,15,4.178577e-09,1.182081e-09,2.147179e-09,2.246180e+02,2.381200e+02,2.246180e-01,2.381200e-01,1.000000e-09,15,3,false
2,exp,V-exact,v_exact,v,exact,1.35,mg_exact,cuda,double,4095,15,4.497143e-09,1.180754e-09,2.144827e-09,2.287160e+02,2.348450e+02,2.287160e-01,2.348450e-01,1.000000e-09,15,3,false
2,exp,V-exact,v_exact,v,exact,1.40,mg_exact,cuda,double,4095,15,4.832202e-09,1.180944e-09,2.145024e-09,2.241690e+02,2.291430e+02,2.241690e-01,2.291430e-01,1.000000e-09,15,3,false
2,exp,V-exact,v_exact,v,exact,1.45,mg_exact,cuda,double,4095,15,5.123260e-09,1.181195e-09,2.145573e-09,2.220580e+02,2.288350e+02,2.220580e-01,2.288350e-01,1.000000e-09,15,3,false
2,exp,V-exact,v_exact,v,exact,1.50,mg_exact,cuda,double,4095,15,5.733631e-09,1.181000e-09,2.145478e-09,2.222680e+02,2.270940e+02,2.222680e-01,2.270940e-01,1.000000e-09,15,3,false
2,exp,V-SOR,v_sor,v,sor,1.00,mg_sor,cuda,double,4095,15,2.986340e-09,1.181093e-09,2.145558e-09,2.317850e+02,2.581320e+02,2.317850e-01,2.581320e-01,1.000000e-09,15,3,false
2,exp,V-SOR,v_sor,v,sor,1.05,mg_sor,cuda,double,4095,15,3.140236e-09,1.180787e-09,2.144967e-09,2.258180e+02,2.448340e+02,2.258180e-01,2.448340e-01,1.000000e-09,15,3,false
2,exp,V-SOR,v_sor,v,sor,1.10,mg_sor,cuda,double,4095,15,3.296928e-09,1.181237e-09,2.145701e-09,2.281540e+02,2.318950e+02,2.281540e-01,2.318950e-01,1.000000e-09,15,3,false
2,exp,V-SOR,v_sor,v,sor,1.15,mg_sor,cuda,double,4095,15,3.483154e-09,1.181927e-09,2.146991e-09,2.243120e+02,2.348320e+02,2.243120e-01,2.348320e-01,1.000000e-09,15,3,false
2,exp,V-SOR,v_sor,v,sor,1.20,mg_sor,cuda,double,4095,15,3.661127e-09,1.180856e-09,2.144933e-09,2.343710e+02,2.389470e+02,2.343710e-01,2.389470e-01,1.000000e-09,15,3,false
2,exp,V-SOR,v_sor,v,sor,1.25,mg_sor,cuda,double,4095,15,3.845404e-09,1.180963e-09,2.145008e-09,2.259750e+02,2.323590e+02,2.259750e-01,2.323590e-01,1.000000e-09,15,3,false
2,exp,V-SOR,v_sor,v,sor,1.30,mg_sor,cuda,double,4095,15,4.175345e-09,1.182253e-09,2.147630e-09,2.349470e+02,2.401520e+02,2.349470e-01,2.401520e-01,1.000000e-09,15,3,false
2,exp,V-SOR,v_sor,v,sor,1.35,mg_sor,cuda,double,4095,15,4.498106e-09,1.180906e-09,2.145196e-09,2.222450e+02,2.342940e+02,2.222450e-01,2.342940e-01,1.000000e-09,15,3,false
2,exp,V-SOR,v_sor,v,sor,1.40,mg_sor,cuda,double,4095,15,4.833628e-09,1.180880e-09,2.144943e-09,2.244260e+02,2.310030e+02,2.244260e-01,2.310030e-01,1.000000e-09,15,3,false
2,exp,V-SOR,v_sor,v,sor,1.45,mg_sor,cuda,double,4095,15,5.122603e-09,1.181124e-09,2.145424e-09,2.244920e+02,2.450190e+02,2.244920e-01,2.450190e-01,1.000000e-09,15,3,false
2,exp,V-SOR,v_sor,v,sor,1.50,mg_sor,cuda,double,4095,15,5.731571e-09,1.180844e-09,2.145162e-09,2.221280e+02,2.272870e+02,2.221280e-01,2.272870e-01,1.000000e-09,15,3,false
2,exp,W-exact,w_exact,w,exact,1.00,mg_exact,cuda,double,4095,15,2.987572e-09,1.181249e-09,2.145884e-09,1.004445e+03,1.052828e+03,1.004445e+00,1.052828e+00,1.000000e-09,15,3,false
2,exp,W-exact,w_exact,w,exact,1.05,mg_exact,cuda,double,4095,15,3.140432e-09,1.181095e-09,2.145616e-09,9.953180e+02,1.053260e+03,9.953180e-01,1.053260e+00,1.000000e-09,15,3,false
2,exp,W-exact,w_exact,w,exact,1.10,mg_exact,cuda,double,4095,15,3.296108e-09,1.181159e-09,2.145564e-09,9.921920e+02,1.026745e+03,9.921920e-01,1.026745e+00,1.000000e-09,15,3,false
2,exp,W-exact,w_exact,w,exact,1.15,mg_exact,cuda,double,4095,15,3.484283e-09,1.181663e-09,2.146356e-09,1.002940e+03,1.038825e+03,1.002940e+00,1.038825e+00,1.000000e-09,15,3,false
2,exp,W-exact,w_exact,w,exact,1.20,mg_exact,cuda,double,4095,15,3.663871e-09,1.180890e-09,2.145045e-09,1.001487e+03,1.053314e+03,1.001487e+00,1.053314e+00,1.000000e-09,15,3,false
2,exp,W-exact,w_exact,w,exact,1.25,mg_exact,cuda,double,4095,15,3.841718e-09,1.180899e-09,2.144840e-09,1.006754e+03,1.055885e+03,1.006754e+00,1.055885e+00,1.000000e-09,15,3,false
2,exp,W-exact,w_exact,w,exact,1.30,mg_exact,cuda,double,4095,15,4.176362e-09,1.182385e-09,2.147897e-09,1.012623e+03,1.053293e+03,1.012623e+00,1.053293e+00,1.000000e-09,15,3,false
2,exp,W-exact,w_exact,w,exact,1.35,mg_exact,cuda,double,4095,15,4.492137e-09,1.180779e-09,2.144710e-09,9.893390e+02,1.021627e+03,9.893390e-01,1.021627e+00,1.000000e-09,15,3,false
2,exp,W-exact,w_exact,w,exact,1.40,mg_exact,cuda,double,4095,15,4.826793e-09,1.180810e-09,2.144863e-09,1.001200e+03,1.041773e+03,1.001200e+00,1.041773e+00,1.000000e-09,15,3,false
2,exp,W-exact,w_exact,w,exact,1.45,mg_exact,cuda,double,4095,15,5.112676e-09,1.181176e-09,2.145390e-09,1.019826e+03,1.061896e+03,1.019826e+00,1.061896e+00,1.000000e-09,15,3,false
2,exp,W-exact,w_exact,w,exact,1.50,mg_exact,cuda,double,4095,15,5.727451e-09,1.180590e-09,2.144658e-09,1.012212e+03,1.063669e+03,1.012212e+00,1.063669e+00,1.000000e-09,15,3,false
2,exp,W-SOR,w_sor,w,sor,1.00,mg_sor,cuda,double,4095,15,2.985675e-09,1.181073e-09,2.145516e-09,7.127700e+02,7.804370e+02,7.127700e-01,7.804370e-01,1.000000e-09,15,3,false
2,exp,W-SOR,w_sor,w,sor,1.05,mg_sor,cuda,double,4095,15,3.140213e-09,1.181056e-09,2.145578e-09,7.294830e+02,7.785380e+02,7.294830e-01,7.785380e-01,1.000000e-09,15,3,false
2,exp,W-SOR,w_sor,w,sor,1.10,mg_sor,cuda,double,4095,15,3.296523e-09,1.180921e-09,2.145056e-09,6.856060e+02,7.243680e+02,6.856060e-01,7.243680e-01,1.000000e-09,15,3,false
2,exp,W-SOR,w_sor,w,sor,1.15,mg_sor,cuda,double,4095,15,3.481938e-09,1.181493e-09,2.146203e-09,7.100890e+02,7.563460e+02,7.100890e-01,7.563460e-01,1.000000e-09,15,3,false
2,exp,W-SOR,w_sor,w,sor,1.20,mg_sor,cuda,double,4095,15,3.662992e-09,1.180861e-09,2.144795e-09,7.070700e+02,7.519520e+02,7.070700e-01,7.519520e-01,1.000000e-09,15,3,false
2,exp,W-SOR,w_sor,w,sor,1.25,mg_sor,cuda,double,4095,15,3.842379e-09,1.181075e-09,2.145444e-09,7.066460e+02,7.708240e+02,7.066460e-01,7.708240e-01,1.000000e-09,15,3,false
2,exp,W-SOR,w_sor,w,sor,1.30,mg_sor,cuda,double,4095,15,4.177250e-09,1.182103e-09,2.147311e-09,6.874340e+02,7.302170e+02,6.874340e-01,7.302170e-01,1.000000e-09,15,3,false
2,exp,W-SOR,w_sor,w,sor,1.35,mg_sor,cuda,double,4095,15,4.494614e-09,1.180603e-09,2.144616e-09,6.848360e+02,7.257970e+02,6.848360e-01,7.257970e-01,1.000000e-09,15,3,false
2,exp,W-SOR,w_sor,w,sor,1.40,mg_sor,cuda,double,4095,15,4.825715e-09,1.180826e-09,2.144759e-09,6.969040e+02,7.328850e+02,6.969040e-01,7.328850e-01,1.000000e-09,15,3,false
2,exp,W-SOR,w_sor,w,sor,1.45,mg_sor,cuda,double,4095,15,5.117151e-09,1.181025e-09,2.145326e-09,7.272620e+02,7.589550e+02,7.272620e-01,7.589550e-01,1.000000e-09,15,3,false
2,exp,W-SOR,w_sor,w,sor,1.50,mg_sor,cuda,double,4095,15,5.727060e-09,1.181020e-09,2.145341e-09,7.009750e+02,7.802700e+02,7.009750e-01,7.802700e-01,1.000000e-09,15,3,false
2,cosine,V-exact,v_exact,v,exact,1.00,mg_exact,cuda,double,4095,9,2.946482e-10,4.546324e-09,8.836493e-09,1.525750e+02,1.598960e+02,1.525750e-01,1.598960e-01,1.000000e-09,15,3,true
2,cosine,V-exact,v_exact,v,exact,1.05,mg_exact,cuda,double,4095,8,4.103808e-10,4.545714e-09,8.835239e-09,1.396020e+02,1.548270e+02,1.396020e-01,1.548270e-01,1.000000e-09,15,3,true
2,cosine,V-exact,v_exact,v,exact,1.10,mg_exact,cuda,double,4095,8,3.290797e-10,4.546381e-09,8.836628e-09,1.437020e+02,1.480990e+02,1.437020e-01,1.480990e-01,1.000000e-09,15,3,true
2,cosine,V-exact,v_exact,v,exact,1.15,mg_exact,cuda,double,4095,7,3.509213e-10,4.546290e-09,8.836392e-09,1.277570e+02,1.321000e+02,1.277570e-01,1.321000e-01,1.000000e-09,15,3,true
2,cosine,V-exact,v_exact,v,exact,1.20,mg_exact,cuda,double,4095,7,3.619456e-10,4.546380e-09,8.836601e-09,1.255460e+02,1.293700e+02,1.255460e-01,1.293700e-01,1.000000e-09,15,3,true
2,cosine,V-exact,v_exact,v,exact,1.25,mg_exact,cuda,double,4095,8,3.862726e-10,4.546387e-09,8.836614e-09,1.496930e+02,1.686960e+02,1.496930e-01,1.686960e-01,1.000000e-09,15,3,true
2,cosine,V-exact,v_exact,v,exact,1.30,mg_exact,cuda,double,4095,8,8.814540e-10,4.546421e-09,8.836675e-09,1.411390e+02,1.510880e+02,1.411390e-01,1.510880e-01,1.000000e-09,15,3,true
2,cosine,V-exact,v_exact,v,exact,1.35,mg_exact,cuda,double,4095,9,6.155965e-10,4.546369e-09,8.836599e-09,1.511510e+02,1.645660e+02,1.511510e-01,1.645660e-01,1.000000e-09,15,3,true
2,cosine,V-exact,v_exact,v,exact,1.40,mg_exact,cuda,double,4095,10,5.489325e-10,4.546368e-09,8.836573e-09,1.679930e+02,1.719610e+02,1.679930e-01,1.719610e-01,1.000000e-09,15,3,true
2,cosine,V-exact,v_exact,v,exact,1.45,mg_exact,cuda,double,4095,11,5.472850e-10,4.546391e-09,8.836614e-09,1.775600e+02,1.864700e+02,1.775600e-01,1.864700e-01,1.000000e-09,15,3,true
2,cosine,V-exact,v_exact,v,exact,1.50,mg_exact,cuda,double,4095,12,6.461324e-10,4.546381e-09,8.836588e-09,1.867880e+02,1.912620e+02,1.867880e-01,1.912620e-01,1.000000e-09,15,3,true
2,cosine,V-SOR,v_sor,v,sor,1.00,mg_sor,cuda,double,4095,9,2.946904e-10,4.546322e-09,8.836493e-09,1.515260e+02,1.597310e+02,1.515260e-01,1.597310e-01,1.000000e-09,15,3,true
2,cosine,V-SOR,v_sor,v,sor,1.05,mg_sor,cuda,double,4095,8,4.107593e-10,4.545724e-09,8.835235e-09,1.453660e+02,1.496100e+02,1.453660e-01,1.496100e-01,1.000000e-09,15,3,true
2,cosine,V-SOR,v_sor,v,sor,1.10,mg_sor,cuda,double,4095,8,3.288861e-10,4.546388e-09,8.836658e-09,1.406790e+02,1.482840e+02,1.406790e-01,1.482840e-01,1.000000e-09,15,3,true
2,cosine,V-SOR,v_sor,v,sor,1.15,mg_sor,cuda,double,4095,7,3.511798e-10,4.546301e-09,8.836406e-09,1.324660e+02,1.518220e+02,1.324660e-01,1.518220e-01,1.000000e-09,15,3,true
2,cosine,V-SOR,v_sor,v,sor,1.20,mg_sor,cuda,double,4095,7,3.619117e-10,4.546386e-09,8.836609e-09,1.310150e+02,1.436770e+02,1.310150e-01,1.436770e-01,1.000000e-09,15,3,true
2,cosine,V-SOR,v_sor,v,sor,1.25,mg_sor,cuda,double,4095,8,3.863270e-10,4.546375e-09,8.836621e-09,1.376620e+02,1.423800e+02,1.376620e-01,1.423800e-01,1.000000e-09,15,3,true
2,cosine,V-SOR,v_sor,v,sor,1.30,mg_sor,cuda,double,4095,8,8.812511e-10,4.546426e-09,8.836685e-09,1.465180e+02,1.500520e+02,1.465180e-01,1.500520e-01,1.000000e-09,15,3,true
2,cosine,V-SOR,v_sor,v,sor,1.35,mg_sor,cuda,double,4095,9,6.159081e-10,4.546365e-09,8.836583e-09,1.518210e+02,1.563120e+02,1.518210e-01,1.563120e-01,1.000000e-09,15,3,true
2,cosine,V-SOR,v_sor,v,sor,1.40,mg_sor,cuda,double,4095,10,5.491625e-10,4.546368e-09,8.836584e-09,1.627500e+02,1.709430e+02,1.627500e-01,1.709430e-01,1.000000e-09,15,3,true
2,cosine,V-SOR,v_sor,v,sor,1.45,mg_sor,cuda,double,4095,11,5.472437e-10,4.546392e-09,8.836631e-09,1.840620e+02,1.901510e+02,1.840620e-01,1.901510e-01,1.000000e-09,15,3,true
2,cosine,V-SOR,v_sor,v,sor,1.50,mg_sor,cuda,double,4095,12,6.460725e-10,4.546376e-09,8.836608e-09,1.886330e+02,2.039260e+02,1.886330e-01,2.039260e-01,1.000000e-09,15,3,true
2,cosine,W-exact,w_exact,w,exact,1.00,mg_exact,cuda,double,4095,8,3.091421e-10,4.546381e-09,8.836616e-09,5.426440e+02,5.811570e+02,5.426440e-01,5.811570e-01,1.000000e-09,15,3,true
2,cosine,W-exact,w_exact,w,exact,1.05,mg_exact,cuda,double,4095,7,8.565928e-10,4.546372e-09,8.836590e-09,4.897580e+02,5.257990e+02,4.897580e-01,5.257990e-01,1.000000e-09,15,3,true
2,cosine,W-exact,w_exact,w,exact,1.10,mg_exact,cuda,double,4095,7,3.399859e-10,4.546388e-09,8.836610e-09,4.884730e+02,5.403370e+02,4.884730e-01,5.403370e-01,1.000000e-09,15,3,true
2,cosine,W-exact,w_exact,w,exact,1.15,mg_exact,cuda,double,4095,6,5.262456e-10,4.546410e-09,8.836653e-09,4.241570e+02,4.983680e+02,4.241570e-01,4.983680e-01,1.000000e-09,15,3,true
2,cosine,W-exact,w_exact,w,exact,1.20,mg_exact,cuda,double,4095,6,6.669340e-10,4.546380e-09,8.836629e-09,4.268920e+02,4.635470e+02,4.268920e-01,4.635470e-01,1.000000e-09,15,3,true
2,cosine,W-exact,w_exact,w,exact,1.25,mg_exact,cuda,double,4095,7,4.882064e-10,4.546383e-09,8.836601e-09,4.923500e+02,5.295870e+02,4.923500e-01,5.295870e-01,1.000000e-09,15,3,true
2,cosine,W-exact,w_exact,w,exact,1.30,mg_exact,cuda,double,4095,8,4.203681e-10,4.546431e-09,8.836684e-09,5.446470e+02,5.843240e+02,5.446470e-01,5.843240e-01,1.000000e-09,15,3,true
2,cosine,W-exact,w_exact,w,exact,1.35,mg_exact,cuda,double,4095,9,4.340201e-10,4.546362e-09,8.836555e-09,6.125390e+02,6.482360e+02,6.125390e-01,6.482360e-01,1.000000e-09,15,3,true
2,cosine,W-exact,w_exact,w,exact,1.40,mg_exact,cuda,double,4095,9,7.330000e-10,4.546365e-09,8.836573e-09,6.094300e+02,6.486630e+02,6.094300e-01,6.486630e-01,1.000000e-09,15,3,true
2,cosine,W-exact,w_exact,w,exact,1.45,mg_exact,cuda,double,4095,10,5.500149e-10,4.546383e-09,8.836595e-09,6.773030e+02,7.705040e+02,6.773030e-01,7.705040e-01,1.000000e-09,15,3,true
2,cosine,W-exact,w_exact,w,exact,1.50,mg_exact,cuda,double,4095,11,5.904492e-10,4.546386e-09,8.836599e-09,7.516550e+02,7.939270e+02,7.516550e-01,7.939270e-01,1.000000e-09,15,3,true
2,cosine,W-SOR,w_sor,w,sor,1.00,mg_sor,cuda,double,4095,8,3.090800e-10,4.546391e-09,8.836670e-09,4.397490e+02,4.825890e+02,4.397490e-01,4.825890e-01,1.000000e-09,15,3,true
2,cosine,W-SOR,w_sor,w,sor,1.05,mg_sor,cuda,double,4095,7,8.564361e-10,4.546384e-09,8.836622e-09,3.449140e+02,3.809780e+02,3.449140e-01,3.809780e-01,1.000000e-09,15,3,true
2,cosine,W-SOR,w_sor,w,sor,1.10,mg_sor,cuda,double,4095,7,3.399306e-10,4.546385e-09,8.836604e-09,3.451960e+02,4.019250e+02,3.451960e-01,4.019250e-01,1.000000e-09,15,3,true
2,cosine,W-SOR,w_sor,w,sor,1.15,mg_sor,cuda,double,4095,6,5.259748e-10,4.546415e-09,8.836653e-09,3.007790e+02,3.352670e+02,3.007790e-01,3.352670e-01,1.000000e-09,15,3,true
2,cosine,W-SOR,w_sor,w,sor,1.20,mg_sor,cuda,double,4095,6,6.668545e-10,4.546378e-09,8.836635e-09,2.972710e+02,3.451400e+02,2.972710e-01,3.451400e-01,1.000000e-09,15,3,true
2,cosine,W-SOR,w_sor,w,sor,1.25,mg_sor,cuda,double,4095,7,4.885886e-10,4.546384e-09,8.836645e-09,3.400300e+02,4.075580e+02,3.400300e-01,4.075580e-01,1.000000e-09,15,3,true
2,cosine,W-SOR,w_sor,w,sor,1.30,mg_sor,cuda,double,4095,8,4.209755e-10,4.546429e-09,8.836683e-09,4.052510e+02,4.739050e+02,4.052510e-01,4.739050e-01,1.000000e-09,15,3,true
2,cosine,W-SOR,w_sor,w,sor,1.35,mg_sor,cuda,double,4095,9,4.339218e-10,4.546365e-09,8.836578e-09,4.333390e+02,4.693420e+02,4.333390e-01,4.693420e-01,1.000000e-09,15,3,true
2,cosine,W-SOR,w_sor,w,sor,1.40,mg_sor,cuda,double,4095,9,7.329509e-10,4.546372e-09,8.836605e-09,4.282840e+02,4.666060e+02,4.282840e-01,4.666060e-01,1.000000e-09,15,3,true
2,cosine,W-SOR,w_sor,w,sor,1.45,mg_sor,cuda,double,4095,10,5.499447e-10,4.546394e-09,8.836616e-09,4.754570e+02,5.200570e+02,4.754570e-01,5.200570e-01,1.000000e-09,15,3,true
2,cosine,W-SOR,w_sor,w,sor,1.50,mg_sor,cuda,double,4095,11,5.904804e-10,4.546390e-09,8.836646e-09,5.132610e+02,5.619590e+02,5.132610e-01,5.619590e-01,1.000000e-09,15,3,true
2,sine,V-exact,v_exact,v,exact,1.00,mg_exact,cuda,double,4095,7,2.846474e-10,2.449162e-08,4.898343e-08,1.532000e+02,1.601490e+02,1.532000e-01,1.601490e-01,1.000000e-09,15,4,true
2,sine,V-exact,v_exact,v,exact,1.05,mg_exact,cuda,double,4095,6,6.082479e-10,2.434821e-08,4.869662e-08,1.478600e+02,1.657380e+02,1.478600e-01,1.657380e-01,1.000000e-09,15,4,true
2,sine,V-exact,v_exact,v,exact,1.10,mg_exact,cuda,double,4095,6,3.420109e-10,2.448135e-08,4.896249e-08,1.326030e+02,1.412800e+02,1.326030e-01,1.412800e-01,1.000000e-09,15,4,true
2,sine,V-exact,v_exact,v,exact,1.15,mg_exact,cuda,double,4095,5,8.073678e-10,2.430969e-08,4.861933e-08,1.175200e+02,1.244130e+02,1.175200e-01,1.244130e-01,1.000000e-09,15,4,true
2,sine,V-exact,v_exact,v,exact,1.20,mg_exact,cuda,double,4095,5,3.602710e-10,2.450565e-08,4.901134e-08,1.171780e+02,1.232320e+02,1.171780e-01,1.232320e-01,1.000000e-09,15,4,true
2,sine,V-exact,v_exact,v,exact,1.25,mg_exact,cuda,double,4095,3,9.852368e-10,2.456858e-08,4.914017e-08,9.039400e+01,1.399690e+02,9.039400e-02,1.399690e-01,1.000000e-09,15,4,true
2,sine,V-exact,v_exact,v,exact,1.30,mg_exact,cuda,double,4095,5,4.206654e-10,2.452614e-08,4.905243e-08,1.207310e+02,1.300570e+02,1.207310e-01,1.300570e-01,1.000000e-09,15,4,true
2,sine,V-exact,v_exact,v,exact,1.35,mg_exact,cuda,double,4095,6,4.304988e-10,2.450392e-08,4.900780e-08,1.327570e+02,1.452600e+02,1.327570e-01,1.452600e-01,1.000000e-09,15,4,true
2,sine,V-exact,v_exact,v,exact,1.40,mg_exact,cuda,double,4095,6,7.587205e-10,2.440265e-08,4.880524e-08,1.391020e+02,1.506140e+02,1.391020e-01,1.506140e-01,1.000000e-09,15,4,true
2,sine,V-exact,v_exact,v,exact,1.45,mg_exact,cuda,double,4095,7,5.156783e-10,2.454135e-08,4.908287e-08,1.753190e+02,1.984070e+02,1.753190e-01,1.984070e-01,1.000000e-09,15,4,true
2,sine,V-exact,v_exact,v,exact,1.50,mg_exact,cuda,double,4095,8,5.591767e-10,2.449625e-08,4.899215e-08,1.625530e+02,1.778120e+02,1.625530e-01,1.778120e-01,1.000000e-09,15,4,true
2,sine,V-SOR,v_sor,v,sor,1.00,mg_sor,cuda,double,4095,7,2.845251e-10,2.449162e-08,4.898345e-08,1.516140e+02,1.841240e+02,1.516140e-01,1.841240e-01,1.000000e-09,15,4,true
2,sine,V-SOR,v_sor,v,sor,1.05,mg_sor,cuda,double,4095,6,6.086722e-10,2.434819e-08,4.869659e-08,1.345690e+02,1.508820e+02,1.345690e-01,1.508820e-01,1.000000e-09,15,4,true
2,sine,V-SOR,v_sor,v,sor,1.10,mg_sor,cuda,double,4095,6,3.421069e-10,2.448141e-08,4.896262e-08,1.332430e+02,1.440300e+02,1.332430e-01,1.440300e-01,1.000000e-09,15,4,true
2,sine,V-SOR,v_sor,v,sor,1.15,mg_sor,cuda,double,4095,5,8.074603e-10,2.430970e-08,4.861935e-08,1.248940e+02,1.303690e+02,1.248940e-01,1.303690e-01,1.000000e-09,15,4,true
2,sine,V-SOR,v_sor,v,sor,1.20,mg_sor,cuda,double,4095,5,3.602210e-10,2.450562e-08,4.901127e-08,1.158340e+02,1.194580e+02,1.158340e-01,1.194580e-01,1.000000e-09,15,4,true
2,sine,V-SOR,v_sor,v,sor,1.25,mg_sor,cuda,double,4095,3,9.851861e-10,2.456864e-08,4.914026e-08,9.068700e+01,1.047540e+02,9.068700e-02,1.047540e-01,1.000000e-09,15,4,true
2,sine,V-SOR,v_sor,v,sor,1.30,mg_sor,cuda,double,4095,5,4.207783e-10,2.452616e-08,4.905245e-08,1.203270e+02,1.372670e+02,1.203270e-01,1.372670e-01,1.000000e-09,15,4,true
2,sine,V-SOR,v_sor,v,sor,1.35,mg_sor,cuda,double,4095,6,4.305459e-10,2.450397e-08,4.900792e-08,1.323250e+02,1.377950e+02,1.323250e-01,1.377950e-01,1.000000e-09,15,4,true
2,sine,V-SOR,v_sor,v,sor,1.40,mg_sor,cuda,double,4095,6,7.587604e-10,2.440270e-08,4.880535e-08,1.365120e+02,1.434650e+02,1.365120e-01,1.434650e-01,1.000000e-09,15,4,true
2,sine,V-SOR,v_sor,v,sor,1.45,mg_sor,cuda,double,4095,7,5.160011e-10,2.454131e-08,4.908278e-08,1.513410e+02,1.608030e+02,1.513410e-01,1.608030e-01,1.000000e-09,15,4,true
2,sine,V-SOR,v_sor,v,sor,1.50,mg_sor,cuda,double,4095,8,5.595331e-10,2.449621e-08,4.899210e-08,1.635420e+02,1.767470e+02,1.635420e-01,1.767470e-01,1.000000e-09,15,4,true
2,sine,W-exact,w_exact,w,exact,1.00,mg_exact,cuda,double,4095,2,2.802463e-10,2.451132e-08,4.902263e-08,1.851170e+02,2.352120e+02,1.851170e-01,2.352120e-01,1.000000e-09,15,4,true
2,sine,W-exact,w_exact,w,exact,1.05,mg_exact,cuda,double,4095,2,3.178604e-10,2.451138e-08,4.902272e-08,1.781790e+02,2.222840e+02,1.781790e-01,2.222840e-01,1.000000e-09,15,4,true
2,sine,W-exact,w_exact,w,exact,1.10,mg_exact,cuda,double,4095,2,3.453940e-10,2.451141e-08,4.902277e-08,1.873020e+02,2.461290e+02,1.873020e-01,2.461290e-01,1.000000e-09,15,4,true
2,sine,W-exact,w_exact,w,exact,1.15,mg_exact,cuda,double,4095,2,4.112438e-10,2.451134e-08,4.902272e-08,1.886700e+02,2.301990e+02,1.886700e-01,2.301990e-01,1.000000e-09,15,4,true
2,sine,W-exact,w_exact,w,exact,1.20,mg_exact,cuda,double,4095,3,3.443240e-10,2.451138e-08,4.902276e-08,2.481950e+02,2.873110e+02,2.481950e-01,2.873110e-01,1.000000e-09,15,4,true
2,sine,W-exact,w_exact,w,exact,1.25,mg_exact,cuda,double,4095,3,3.667381e-10,2.451013e-08,4.902076e-08,2.562210e+02,3.085890e+02,2.562210e-01,3.085890e-01,1.000000e-09,15,4,true
2,sine,W-exact,w_exact,w,exact,1.30,mg_exact,cuda,double,4095,3,4.115189e-10,2.451257e-08,4.902546e-08,2.527160e+02,2.932050e+02,2.527160e-01,2.932050e-01,1.000000e-09,15,4,true
2,sine,W-exact,w_exact,w,exact,1.35,mg_exact,cuda,double,4095,3,6.814962e-10,2.451148e-08,4.902261e-08,2.483730e+02,2.858450e+02,2.483730e-01,2.858450e-01,1.000000e-09,15,4,true
2,sine,W-exact,w_exact,w,exact,1.40,mg_exact,cuda,double,4095,4,4.510362e-10,2.451139e-08,4.902285e-08,3.168590e+02,3.756060e+02,3.168590e-01,3.756060e-01,1.000000e-09,15,4,true
2,sine,W-exact,w_exact,w,exact,1.45,mg_exact,cuda,double,4095,4,5.031457e-10,2.451188e-08,4.902405e-08,3.216290e+02,3.654860e+02,3.216290e-01,3.654860e-01,1.000000e-09,15,4,true
2,sine,W-exact,w_exact,w,exact,1.50,mg_exact,cuda,double,4095,5,5.458958e-10,2.451256e-08,4.902529e-08,3.950630e+02,4.400870e+02,3.950630e-01,4.400870e-01,1.000000e-09,15,4,true
2,sine,W-SOR,w_sor,w,sor,1.00,mg_sor,cuda,double,4095,2,2.802148e-10,2.451135e-08,4.902269e-08,1.428760e+02,2.031820e+02,1.428760e-01,2.031820e-01,1.000000e-09,15,4,true
2,sine,W-SOR,w_sor,w,sor,1.05,mg_sor,cuda,double,4095,2,3.175396e-10,2.451130e-08,4.902255e-08,1.434040e+02,1.872680e+02,1.434040e-01,1.872680e-01,1.000000e-09,15,4,true
2,sine,W-SOR,w_sor,w,sor,1.10,mg_sor,cuda,double,4095,2,3.455109e-10,2.451139e-08,4.902274e-08,1.429190e+02,1.938740e+02,1.429190e-01,1.938740e-01,1.000000e-09,15,4,true
2,sine,W-SOR,w_sor,w,sor,1.15,mg_sor,cuda,double,4095,2,4.113040e-10,2.451131e-08,4.902261e-08,1.480920e+02,1.848990e+02,1.480920e-01,1.848990e-01,1.000000e-09,15,4,true
2,sine,W-SOR,w_sor,w,sor,1.20,mg_sor,cuda,double,4095,3,3.443698e-10,2.451143e-08,4.902286e-08,1.973960e+02,2.536960e+02,1.973960e-01,2.536960e-01,1.000000e-09,15,4,true
2,sine,W-SOR,w_sor,w,sor,1.25,mg_sor,cuda,double,4095,3,3.667691e-10,2.451007e-08,4.902063e-08,2.060100e+02,2.538900e+02,2.060100e-01,2.538900e-01,1.000000e-09,15,4,true
2,sine,W-SOR,w_sor,w,sor,1.30,mg_sor,cuda,double,4095,3,4.116285e-10,2.451254e-08,4.902540e-08,2.012880e+02,2.391330e+02,2.012880e-01,2.391330e-01,1.000000e-09,15,4,true
2,sine,W-SOR,w_sor,w,sor,1.35,mg_sor,cuda,double,4095,3,6.810263e-10,2.451142e-08,4.902252e-08,1.918420e+02,2.329770e+02,1.918420e-01,2.329770e-01,1.000000e-09,15,4,true
2,sine,W-SOR,w_sor,w,sor,1.40,mg_sor,cuda,double,4095,4,4.514395e-10,2.451135e-08,4.902275e-08,2.415530e+02,2.820790e+02,2.415530e-01,2.820790e-01,1.000000e-09,15,4,true
2,sine,W-SOR,w_sor,w,sor,1.45,mg_sor,cuda,double,4095,4,5.029712e-10,2.451184e-08,4.902398e-08,2.365000e+02,2.831930e+02,2.365000e-01,2.831930e-01,1.000000e-09,15,4,true
2,sine,W-SOR,w_sor,w,sor,1.50,mg_sor,cuda,double,4095,5,5.460911e-10,2.451250e-08,4.902525e-08,2.890150e+02,3.324860e+02,2.890150e-01,3.324860e-01,1.000000e-09,15,4,true
2,mixed_sine,V-exact,v_exact,v,exact,1.00,mg_exact,cuda,double,4095,7,5.465212e-11,1.828813e-07,3.657625e-07,1.578430e+02,1.662060e+02,1.578430e-01,1.662060e-01,1.000000e-09,15,4,true
2,mixed_sine,V-exact,v_exact,v,exact,1.05,mg_exact,cuda,double,4095,6,2.786474e-10,1.828019e-07,3.656039e-07,1.388540e+02,1.613210e+02,1.388540e-01,1.613210e-01,1.000000e-09,15,4,true
2,mixed_sine,V-exact,v_exact,v,exact,1.10,mg_exact,cuda,double,4095,6,7.169968e-11,1.828787e-07,3.657575e-07,1.311970e+02,1.386250e+02,1.311970e-01,1.386250e-01,1.000000e-09,15,4,true
2,mixed_sine,V-exact,v_exact,v,exact,1.15,mg_exact,cuda,double,4095,5,3.044270e-10,1.828048e-07,3.656097e-07,1.281460e+02,1.324650e+02,1.281460e-01,1.324650e-01,1.000000e-09,15,4,true
2,mixed_sine,V-exact,v_exact,v,exact,1.20,mg_exact,cuda,double,4095,5,5.742941e-11,1.828916e-07,3.657832e-07,1.223310e+02,1.307860e+02,1.223310e-01,1.307860e-01,1.000000e-09,15,4,true
2,mixed_sine,V-exact,v_exact,v,exact,1.25,mg_exact,cuda,double,4095,4,6.889271e-11,1.828889e-07,3.657777e-07,1.047680e+02,1.181450e+02,1.047680e-01,1.181450e-01,1.000000e-09,15,4,true
2,mixed_sine,V-exact,v_exact,v,exact,1.30,mg_exact,cuda,double,4095,5,1.303266e-10,1.829179e-07,3.658359e-07,1.207320e+02,1.245260e+02,1.207320e-01,1.245260e-01,1.000000e-09,15,4,true
2,mixed_sine,V-exact,v_exact,v,exact,1.35,mg_exact,cuda,double,4095,6,8.593250e-11,1.828830e-07,3.657661e-07,1.365270e+02,1.465790e+02,1.365270e-01,1.465790e-01,1.000000e-09,15,4,true
2,mixed_sine,V-exact,v_exact,v,exact,1.40,mg_exact,cuda,double,4095,6,7.031458e-10,1.827588e-07,3.655176e-07,1.326960e+02,1.384670e+02,1.326960e-01,1.384670e-01,1.000000e-09,15,4,true
2,mixed_sine,V-exact,v_exact,v,exact,1.45,mg_exact,cuda,double,4095,7,2.379366e-10,1.829324e-07,3.658650e-07,1.512780e+02,1.569040e+02,1.512780e-01,1.569040e-01,1.000000e-09,15,4,true
2,mixed_sine,V-exact,v_exact,v,exact,1.50,mg_exact,cuda,double,4095,8,1.371339e-10,1.828761e-07,3.657525e-07,1.663420e+02,1.718250e+02,1.663420e-01,1.718250e-01,1.000000e-09,15,4,true
2,mixed_sine,V-SOR,v_sor,v,sor,1.00,mg_sor,cuda,double,4095,7,5.462637e-11,1.828813e-07,3.657626e-07,1.477960e+02,1.572980e+02,1.477960e-01,1.572980e-01,1.000000e-09,15,4,true
2,mixed_sine,V-SOR,v_sor,v,sor,1.05,mg_sor,cuda,double,4095,6,2.786131e-10,1.828019e-07,3.656039e-07,1.317700e+02,1.484090e+02,1.317700e-01,1.484090e-01,1.000000e-09,15,4,true
2,mixed_sine,V-SOR,v_sor,v,sor,1.10,mg_sor,cuda,double,4095,6,7.170668e-11,1.828787e-07,3.657575e-07,1.349470e+02,1.395700e+02,1.349470e-01,1.395700e-01,1.000000e-09,15,4,true
2,mixed_sine,V-SOR,v_sor,v,sor,1.15,mg_sor,cuda,double,4095,5,3.044256e-10,1.828048e-07,3.656096e-07,1.222380e+02,1.302530e+02,1.222380e-01,1.302530e-01,1.000000e-09,15,4,true
2,mixed_sine,V-SOR,v_sor,v,sor,1.20,mg_sor,cuda,double,4095,5,5.742284e-11,1.828916e-07,3.657833e-07,1.262320e+02,1.314880e+02,1.262320e-01,1.314880e-01,1.000000e-09,15,4,true
2,mixed_sine,V-SOR,v_sor,v,sor,1.25,mg_sor,cuda,double,4095,4,6.892416e-11,1.828889e-07,3.657778e-07,1.230590e+02,1.274180e+02,1.230590e-01,1.274180e-01,1.000000e-09,15,4,true
2,mixed_sine,V-SOR,v_sor,v,sor,1.30,mg_sor,cuda,double,4095,5,1.303388e-10,1.829179e-07,3.658359e-07,1.669220e+02,1.718510e+02,1.669220e-01,1.718510e-01,1.000000e-09,15,4,true
2,mixed_sine,V-SOR,v_sor,v,sor,1.35,mg_sor,cuda,double,4095,6,8.590649e-11,1.828830e-07,3.657661e-07,1.370380e+02,1.453690e+02,1.370380e-01,1.453690e-01,1.000000e-09,15,4,true
2,mixed_sine,V-SOR,v_sor,v,sor,1.40,mg_sor,cuda,double,4095,6,7.030688e-10,1.827588e-07,3.655176e-07,1.377400e+02,1.488670e+02,1.377400e-01,1.488670e-01,1.000000e-09,15,4,true
2,mixed_sine,V-SOR,v_sor,v,sor,1.45,mg_sor,cuda,double,4095,7,2.379669e-10,1.829324e-07,3.658649e-07,1.546210e+02,1.648880e+02,1.546210e-01,1.648880e-01,1.000000e-09,15,4,true
2,mixed_sine,V-SOR,v_sor,v,sor,1.50,mg_sor,cuda,double,4095,8,1.371100e-10,1.828761e-07,3.657525e-07,1.612500e+02,1.657540e+02,1.612500e-01,1.657540e-01,1.000000e-09,15,4,true
2,mixed_sine,W-exact,w_exact,w,exact,1.00,mg_exact,cuda,double,4095,2,4.396043e-11,1.828914e-07,3.657829e-07,2.288180e+02,2.791470e+02,2.288180e-01,2.791470e-01,1.000000e-09,15,4,true
2,mixed_sine,W-exact,w_exact,w,exact,1.05,mg_exact,cuda,double,4095,2,5.438672e-11,1.828918e-07,3.657836e-07,1.780730e+02,2.387260e+02,1.780730e-01,2.387260e-01,1.000000e-09,15,4,true
2,mixed_sine,W-exact,w_exact,w,exact,1.10,mg_exact,cuda,double,4095,2,1.161639e-10,1.828921e-07,3.657843e-07,1.786940e+02,2.202460e+02,1.786940e-01,2.202460e-01,1.000000e-09,15,4,true
2,mixed_sine,W-exact,w_exact,w,exact,1.15,mg_exact,cuda,double,4095,2,4.768237e-10,1.828924e-07,3.657848e-07,1.837270e+02,2.244520e+02,1.837270e-01,2.244520e-01,1.000000e-09,15,4,true
2,mixed_sine,W-exact,w_exact,w,exact,1.20,mg_exact,cuda,double,4095,3,5.376171e-11,1.828930e-07,3.657859e-07,2.667690e+02,3.141940e+02,2.667690e-01,3.141940e-01,1.000000e-09,15,4,true
2,mixed_sine,W-exact,w_exact,w,exact,1.25,mg_exact,cuda,double,4095,3,5.896392e-11,1.828934e-07,3.657869e-07,2.470400e+02,2.926240e+02,2.470400e-01,2.926240e-01,1.000000e-09,15,4,true
2,mixed_sine,W-exact,w_exact,w,exact,1.30,mg_exact,cuda,double,4095,3,7.024077e-11,1.828930e-07,3.657860e-07,2.479240e+02,3.343490e+02,2.479240e-01,3.343490e-01,1.000000e-09,15,4,true
2,mixed_sine,W-exact,w_exact,w,exact,1.35,mg_exact,cuda,double,4095,3,5.796271e-10,1.828930e-07,3.657860e-07,2.538750e+02,2.970200e+02,2.538750e-01,2.970200e-01,1.000000e-09,15,4,true
2,mixed_sine,W-exact,w_exact,w,exact,1.40,mg_exact,cuda,double,4095,4,7.155214e-11,1.828930e-07,3.657860e-07,3.240430e+02,3.622050e+02,3.240430e-01,3.622050e-01,1.000000e-09,15,4,true
2,mixed_sine,W-exact,w_exact,w,exact,1.45,mg_exact,cuda,double,4095,4,1.661486e-10,1.828930e-07,3.657861e-07,3.163010e+02,3.680490e+02,3.163010e-01,3.680490e-01,1.000000e-09,15,4,true
2,mixed_sine,W-exact,w_exact,w,exact,1.50,mg_exact,cuda,double,4095,5,8.551761e-11,1.828929e-07,3.657857e-07,3.804510e+02,4.253550e+02,3.804510e-01,4.253550e-01,1.000000e-09,15,4,true
2,mixed_sine,W-SOR,w_sor,w,sor,1.00,mg_sor,cuda,double,4095,2,4.396043e-11,1.828914e-07,3.657829e-07,1.437970e+02,1.901040e+02,1.437970e-01,1.901040e-01,1.000000e-09,15,4,true
2,mixed_sine,W-SOR,w_sor,w,sor,1.05,mg_sor,cuda,double,4095,2,5.438672e-11,1.828918e-07,3.657836e-07,1.427660e+02,1.865090e+02,1.427660e-01,1.865090e-01,1.000000e-09,15,4,true
2,mixed_sine,W-SOR,w_sor,w,sor,1.10,mg_sor,cuda,double,4095,2,1.161639e-10,1.828921e-07,3.657843e-07,1.417400e+02,1.832670e+02,1.417400e-01,1.832670e-01,1.000000e-09,15,4,true
2,mixed_sine,W-SOR,w_sor,w,sor,1.15,mg_sor,cuda,double,4095,2,4.768237e-10,1.828924e-07,3.657848e-07,1.405580e+02,1.924130e+02,1.405580e-01,1.924130e-01,1.000000e-09,15,4,true
2,mixed_sine,W-SOR,w_sor,w,sor,1.20,mg_sor,cuda,double,4095,3,5.376171e-11,1.828930e-07,3.657859e-07,1.829250e+02,2.446870e+02,1.829250e-01,2.446870e-01,1.000000e-09,15,4,true
2,mixed_sine,W-SOR,w_sor,w,sor,1.25,mg_sor,cuda,double,4095,3,5.896392e-11,1.828934e-07,3.657869e-07,1.842920e+02,2.213330e+02,1.842920e-01,2.213330e-01,1.000000e-09,15,4,true
2,mixed_sine,W-SOR,w_sor,w,sor,1.30,mg_sor,cuda,double,4095,3,7.025079e-11,1.828930e-07,3.657860e-07,1.971020e+02,2.357210e+02,1.971020e-01,2.357210e-01,1.000000e-09,15,4,true
2,mixed_sine,W-SOR,w_sor,w,sor,1.35,mg_sor,cuda,double,4095,3,5.796344e-10,1.828930e-07,3.657859e-07,1.801430e+02,2.257620e+02,1.801430e-01,2.257620e-01,1.000000e-09,15,4,true
2,mixed_sine,W-SOR,w_sor,w,sor,1.40,mg_sor,cuda,double,4095,4,7.155418e-11,1.828930e-07,3.657859e-07,2.314350e+02,2.740500e+02,2.314350e-01,2.740500e-01,1.000000e-09,15,4,true
2,mixed_sine,W-SOR,w_sor,w,sor,1.45,mg_sor,cuda,double,4095,4,1.661276e-10,1.828930e-07,3.657861e-07,2.575920e+02,2.948780e+02,2.575920e-01,2.948780e-01,1.000000e-09,15,4,true
2,mixed_sine,W-SOR,w_sor,w,sor,1.50,mg_sor,cuda,double,4095,5,8.555082e-11,1.828929e-07,3.657857e-07,2.833970e+02,3.251630e+02,2.833970e-01,3.251630e-01,1.000000e-09,15,4,true
2,bubble,V-exact,v_exact,v,exact,1.00,mg_exact,cuda,double,4095,7,2.368017e-10,1.329057e-12,2.615283e-12,1.452220e+02,1.567420e+02,1.452220e-01,1.567420e-01,1.000000e-09,15,4,true
2,bubble,V-exact,v_exact,v,exact,1.05,mg_exact,cuda,double,4095,6,5.660639e-10,1.114149e-11,2.220585e-11,1.371570e+02,1.506850e+02,1.371570e-01,1.506850e-01,1.000000e-09,15,4,true
2,bubble,V-exact,v_exact,v,exact,1.10,mg_exact,cuda,double,4095,6,2.864389e-10,1.588611e-12,3.319928e-12,1.336750e+02,1.386500e+02,1.336750e-01,1.386500e-01,1.000000e-09,15,4,true
2,bubble,V-exact,v_exact,v,exact,1.15,mg_exact,cuda,double,4095,5,7.482371e-10,1.342002e-11,2.685827e-11,1.185270e+02,1.223570e+02,1.185270e-01,1.223570e-01,1.000000e-09,15,4,true
2,bubble,V-exact,v_exact,v,exact,1.20,mg_exact,cuda,double,4095,5,3.061997e-10,2.663796e-13,6.800810e-13,1.172860e+02,1.266880e+02,1.172860e-01,1.266880e-01,1.000000e-09,15,4,true
2,bubble,V-exact,v_exact,v,exact,1.25,mg_exact,cuda,double,4095,5,3.301949e-10,3.571259e-14,7.673029e-14,1.152100e+02,1.304540e+02,1.152100e-01,1.304540e-01,1.000000e-09,15,4,true
2,bubble,V-exact,v_exact,v,exact,1.30,mg_exact,cuda,double,4095,5,7.332931e-10,1.311858e-12,1.933072e-12,1.171710e+02,1.238720e+02,1.171710e-01,1.238720e-01,1.000000e-09,15,4,true
2,bubble,V-exact,v_exact,v,exact,1.35,mg_exact,cuda,double,4095,6,3.951596e-10,6.894002e-13,1.104443e-12,1.318790e+02,1.421910e+02,1.318790e-01,1.421910e-01,1.000000e-09,15,4,true
2,bubble,V-exact,v_exact,v,exact,1.40,mg_exact,cuda,double,4095,7,4.012357e-10,3.386870e-13,5.304923e-13,1.476890e+02,1.559010e+02,1.476890e-01,1.559010e-01,1.000000e-09,15,4,true
2,bubble,V-exact,v_exact,v,exact,1.45,mg_exact,cuda,double,4095,7,5.049317e-10,2.140086e-12,3.773884e-12,1.521830e+02,1.590300e+02,1.521830e-01,1.590300e-01,1.000000e-09,15,4,true
2,bubble,V-exact,v_exact,v,exact,1.50,mg_exact,cuda,double,4095,8,4.857362e-10,1.107515e-12,2.048993e-12,1.604590e+02,1.643890e+02,1.604590e-01,1.643890e-01,1.000000e-09,15,4,true
2,bubble,V-SOR,v_sor,v,sor,1.00,mg_sor,cuda,double,4095,7,2.368031e-10,1.328194e-12,2.613576e-12,1.473690e+02,1.543270e+02,1.473690e-01,1.543270e-01,1.000000e-09,15,4,true
2,bubble,V-SOR,v_sor,v,sor,1.05,mg_sor,cuda,double,4095,6,5.661771e-10,1.114515e-11,2.221320e-11,1.337630e+02,1.412840e+02,1.337630e-01,1.412840e-01,1.000000e-09,15,4,true
2,bubble,V-SOR,v_sor,v,sor,1.10,mg_sor,cuda,double,4095,6,2.865610e-10,1.586918e-12,3.314529e-12,1.345440e+02,1.398600e+02,1.345440e-01,1.398600e-01,1.000000e-09,15,4,true
2,bubble,V-SOR,v_sor,v,sor,1.15,mg_sor,cuda,double,4095,5,7.485363e-10,1.342757e-11,2.687591e-11,1.175110e+02,1.224600e+02,1.175110e-01,1.224600e-01,1.000000e-09,15,4,true
2,bubble,V-SOR,v_sor,v,sor,1.20,mg_sor,cuda,double,4095,5,3.063493e-10,2.651448e-13,6.789846e-13,1.166390e+02,1.297200e+02,1.166390e-01,1.297200e-01,1.000000e-09,15,4,true
2,bubble,V-SOR,v_sor,v,sor,1.25,mg_sor,cuda,double,4095,5,3.292109e-10,3.530785e-14,7.564782e-14,1.147780e+02,1.258460e+02,1.147780e-01,1.258460e-01,1.000000e-09,15,4,true
2,bubble,V-SOR,v_sor,v,sor,1.30,mg_sor,cuda,double,4095,5,7.333691e-10,1.311286e-12,1.931441e-12,1.158160e+02,1.251860e+02,1.158160e-01,1.251860e-01,1.000000e-09,15,4,true
2,bubble,V-SOR,v_sor,v,sor,1.35,mg_sor,cuda,double,4095,6,3.952679e-10,6.907548e-13,1.108828e-12,1.318760e+02,1.363100e+02,1.318760e-01,1.363100e-01,1.000000e-09,15,4,true
2,bubble,V-SOR,v_sor,v,sor,1.40,mg_sor,cuda,double,4095,7,4.015079e-10,3.391646e-13,5.315817e-13,1.516740e+02,1.695860e+02,1.516740e-01,1.695860e-01,1.000000e-09,15,4,true
2,bubble,V-SOR,v_sor,v,sor,1.45,mg_sor,cuda,double,4095,7,5.047662e-10,2.136315e-12,3.764884e-12,1.478610e+02,1.588090e+02,1.478610e-01,1.588090e-01,1.000000e-09,15,4,true
2,bubble,V-SOR,v_sor,v,sor,1.50,mg_sor,cuda,double,4095,8,4.854255e-10,1.109206e-12,2.053233e-12,1.616630e+02,1.713000e+02,1.616630e-01,1.713000e-01,1.000000e-09,15,4,true
2,bubble,W-exact,w_exact,w,exact,1.00,mg_exact,cuda,double,4095,4,3.663848e-10,1.582209e-14,3.648470e-14,3.202930e+02,3.636980e+02,3.202930e-01,3.636980e-01,1.000000e-09,15,4,true
2,bubble,W-exact,w_exact,w,exact,1.05,mg_exact,cuda,double,4095,4,2.565938e-10,1.507613e-14,4.172357e-14,3.202830e+02,3.771570e+02,3.202830e-01,3.771570e-01,1.000000e-09,15,4,true
2,bubble,W-exact,w_exact,w,exact,1.10,mg_exact,cuda,double,4095,4,2.659309e-10,1.565519e-14,4.433953e-14,3.307380e+02,3.822540e+02,3.307380e-01,3.822540e-01,1.000000e-09,15,4,true
2,bubble,W-exact,w_exact,w,exact,1.15,mg_exact,cuda,double,4095,3,2.823093e-10,5.523564e-14,1.238246e-13,2.494020e+02,2.948930e+02,2.494020e-01,2.948930e-01,1.000000e-09,15,4,true
2,bubble,W-exact,w_exact,w,exact,1.20,mg_exact,cuda,double,4095,4,2.916440e-10,2.681420e-15,9.020562e-15,3.404250e+02,3.886880e+02,3.404250e-01,3.886880e-01,1.000000e-09,15,4,true
2,bubble,W-exact,w_exact,w,exact,1.25,mg_exact,cuda,double,4095,4,3.382651e-10,3.014919e-15,1.038059e-14,3.180960e+02,3.670760e+02,3.180960e-01,3.670760e-01,1.000000e-09,15,4,true
2,bubble,W-exact,w_exact,w,exact,1.30,mg_exact,cuda,double,4095,4,6.804971e-10,2.124027e-14,4.266726e-14,3.215860e+02,3.588290e+02,3.215860e-01,3.588290e-01,1.000000e-09,15,4,true
2,bubble,W-exact,w_exact,w,exact,1.35,mg_exact,cuda,double,4095,5,3.653082e-10,4.729924e-14,1.094264e-13,3.893480e+02,4.280000e+02,3.893480e-01,4.280000e-01,1.000000e-09,15,4,true
2,bubble,W-exact,w_exact,w,exact,1.40,mg_exact,cuda,double,4095,5,4.401615e-10,5.595289e-14,1.029593e-13,3.941860e+02,4.724750e+02,3.941860e-01,4.724750e-01,1.000000e-09,15,4,true
2,bubble,W-exact,w_exact,w,exact,1.45,mg_exact,cuda,double,4095,5,9.164534e-10,7.958282e-14,1.847203e-13,3.933140e+02,4.358300e+02,3.933140e-01,4.358300e-01,1.000000e-09,15,4,true
2,bubble,W-exact,w_exact,w,exact,1.50,mg_exact,cuda,double,4095,6,4.608953e-10,8.689004e-15,1.797867e-14,4.588400e+02,5.014160e+02,4.588400e-01,5.014160e-01,1.000000e-09,15,4,true
2,bubble,W-SOR,w_sor,w,sor,1.00,mg_sor,cuda,double,4095,4,3.652896e-10,1.113456e-14,2.527145e-14,2.465100e+02,2.841530e+02,2.465100e-01,2.841530e-01,1.000000e-09,15,4,true
2,bubble,W-SOR,w_sor,w,sor,1.05,mg_sor,cuda,double,4095,4,2.579542e-10,1.613323e-14,4.858614e-14,2.363200e+02,2.736310e+02,2.363200e-01,2.736310e-01,1.000000e-09,15,4,true
2,bubble,W-SOR,w_sor,w,sor,1.10,mg_sor,cuda,double,4095,4,2.662541e-10,1.820281e-14,4.575507e-14,2.371360e+02,2.831800e+02,2.371360e-01,2.831800e-01,1.000000e-09,15,4,true
2,bubble,W-SOR,w_sor,w,sor,1.15,mg_sor,cuda,double,4095,3,2.824792e-10,3.826017e-14,9.132278e-14,1.837770e+02,2.200400e+02,1.837770e-01,2.200400e-01,1.000000e-09,15,4,true
2,bubble,W-SOR,w_sor,w,sor,1.20,mg_sor,cuda,double,4095,4,2.928625e-10,3.853004e-15,1.110223e-14,2.404170e+02,2.813360e+02,2.404170e-01,2.813360e-01,1.000000e-09,15,4,true
2,bubble,W-SOR,w_sor,w,sor,1.25,mg_sor,cuda,double,4095,4,3.336327e-10,5.066019e-15,1.196265e-14,2.408340e+02,2.801940e+02,2.408340e-01,2.801940e-01,1.000000e-09,15,4,true
2,bubble,W-SOR,w_sor,w,sor,1.30,mg_sor,cuda,double,4095,4,6.802908e-10,1.469117e-14,2.924050e-14,2.471800e+02,2.856890e+02,2.471800e-01,2.856890e-01,1.000000e-09,15,4,true
2,bubble,W-SOR,w_sor,w,sor,1.35,mg_sor,cuda,double,4095,5,3.641895e-10,4.726126e-14,1.071157e-13,2.869160e+02,3.258050e+02,2.869160e-01,3.258050e-01,1.000000e-09,15,4,true
2,bubble,W-SOR,w_sor,w,sor,1.40,mg_sor,cuda,double,4095,5,4.387099e-10,5.479877e-14,9.844209e-14,2.935720e+02,3.463810e+02,2.935720e-01,3.463810e-01,1.000000e-09,15,4,true
2,bubble,W-SOR,w_sor,w,sor,1.45,mg_sor,cuda,double,4095,5,9.164376e-10,7.948284e-14,1.833811e-13,2.926810e+02,3.440730e+02,2.926810e-01,3.440730e-01,1.000000e-09,15,4,true
2,bubble,W-SOR,w_sor,w,sor,1.50,mg_sor,cuda,double,4095,6,4.658255e-10,8.936405e-15,2.510492e-14,3.355230e+02,3.801070e+02,3.355230e-01,3.801070e-01,1.000000e-09,15,4,true
2,exp,V-exact,v_exact,v,exact,1.00,mg_exact,cuda,double,4095,15,2.958440e-09,1.181215e-09,2.145741e-09,2.767000e+02,2.809690e+02,2.767000e-01,2.809690e-01,1.000000e-09,15,4,false
2,exp,V-exact,v_exact,v,exact,1.05,mg_exact,cuda,double,4095,15,3.082506e-09,1.180846e-09,2.145077e-09,2.694430e+02,2.798300e+02,2.694430e-01,2.798300e-01,1.000000e-09,15,4,false
2,exp,V-exact,v_exact,v,exact,1.10,mg_exact,cuda,double,4095,15,3.212836e-09,1.181077e-09,2.145427e-09,2.770380e+02,2.825540e+02,2.770380e-01,2.825540e-01,1.000000e-09,15,4,false
2,exp,V-exact,v_exact,v,exact,1.15,mg_exact,cuda,double,4095,15,3.377359e-09,1.181649e-09,2.146257e-09,2.734560e+02,2.884150e+02,2.734560e-01,2.884150e-01,1.000000e-09,15,4,false
2,exp,V-exact,v_exact,v,exact,1.20,mg_exact,cuda,double,4095,15,3.539928e-09,1.180852e-09,2.144761e-09,2.807190e+02,2.938770e+02,2.807190e-01,2.938770e-01,1.000000e-09,15,4,false
2,exp,V-exact,v_exact,v,exact,1.25,mg_exact,cuda,double,4095,15,3.704337e-09,1.180959e-09,2.145097e-09,2.718350e+02,2.877240e+02,2.718350e-01,2.877240e-01,1.000000e-09,15,4,false
2,exp,V-exact,v_exact,v,exact,1.30,mg_exact,cuda,double,4095,15,4.064229e-09,1.182246e-09,2.147570e-09,2.685010e+02,2.735520e+02,2.685010e-01,2.735520e-01,1.000000e-09,15,4,false
2,exp,V-exact,v_exact,v,exact,1.35,mg_exact,cuda,double,4095,15,4.392630e-09,1.180730e-09,2.144786e-09,2.838990e+02,3.051800e+02,2.838990e-01,3.051800e-01,1.000000e-09,15,4,false
2,exp,V-exact,v_exact,v,exact,1.40,mg_exact,cuda,double,4095,15,4.748163e-09,1.180667e-09,2.144580e-09,2.715080e+02,2.767530e+02,2.715080e-01,2.767530e-01,1.000000e-09,15,4,false
2,exp,V-exact,v_exact,v,exact,1.45,mg_exact,cuda,double,4095,15,5.044717e-09,1.181237e-09,2.145526e-09,2.753510e+02,2.823730e+02,2.753510e-01,2.823730e-01,1.000000e-09,15,4,false
2,exp,V-exact,v_exact,v,exact,1.50,mg_exact,cuda,double,4095,15,5.616174e-09,1.181080e-09,2.145529e-09,2.714480e+02,2.777980e+02,2.714480e-01,2.777980e-01,1.000000e-09,15,4,false
2,exp,V-SOR,v_sor,v,sor,1.00,mg_sor,cuda,double,4095,15,2.956835e-09,1.181314e-09,2.146024e-09,2.801990e+02,2.837910e+02,2.801990e-01,2.837910e-01,1.000000e-09,15,4,false
2,exp,V-SOR,v_sor,v,sor,1.05,mg_sor,cuda,double,4095,15,3.082506e-09,1.180940e-09,2.145239e-09,2.787930e+02,2.897370e+02,2.787930e-01,2.897370e-01,1.000000e-09,15,4,false
2,exp,V-SOR,v_sor,v,sor,1.10,mg_sor,cuda,double,4095,15,3.213463e-09,1.181016e-09,2.145260e-09,2.677500e+02,2.766990e+02,2.677500e-01,2.766990e-01,1.000000e-09,15,4,false
2,exp,V-SOR,v_sor,v,sor,1.15,mg_sor,cuda,double,4095,15,3.377199e-09,1.181636e-09,2.146396e-09,2.791340e+02,2.868110e+02,2.791340e-01,2.868110e-01,1.000000e-09,15,4,false
2,exp,V-SOR,v_sor,v,sor,1.20,mg_sor,cuda,double,4095,15,3.539440e-09,1.181045e-09,2.145226e-09,2.735990e+02,2.809430e+02,2.735990e-01,2.809430e-01,1.000000e-09,15,4,false
2,exp,V-SOR,v_sor,v,sor,1.25,mg_sor,cuda,double,4095,15,3.703539e-09,1.180845e-09,2.144868e-09,2.736380e+02,2.869090e+02,2.736380e-01,2.869090e-01,1.000000e-09,15,4,false
2,exp,V-SOR,v_sor,v,sor,1.30,mg_sor,cuda,double,4095,15,4.061437e-09,1.182238e-09,2.147591e-09,2.696580e+02,2.869440e+02,2.696580e-01,2.869440e-01,1.000000e-09,15,4,false
2,exp,V-SOR,v_sor,v,sor,1.35,mg_sor,cuda,double,4095,15,4.393321e-09,1.180720e-09,2.144697e-09,2.683710e+02,2.763060e+02,2.683710e-01,2.763060e-01,1.000000e-09,15,4,false
2,exp,V-SOR,v_sor,v,sor,1.40,mg_sor,cuda,double,4095,15,4.749480e-09,1.180779e-09,2.144565e-09,2.754360e+02,2.811830e+02,2.754360e-01,2.811830e-01,1.000000e-09,15,4,false
2,exp,V-SOR,v_sor,v,sor,1.45,mg_sor,cuda,double,4095,15,5.044710e-09,1.181272e-09,2.145693e-09,2.735400e+02,2.825400e+02,2.735400e-01,2.825400e-01,1.000000e-09,15,4,false
2,exp,V-SOR,v_sor,v,sor,1.50,mg_sor,cuda,double,4095,15,5.612895e-09,1.181191e-09,2.145859e-09,2.749860e+02,2.815780e+02,2.749860e-01,2.815780e-01,1.000000e-09,15,4,false
2,exp,W-exact,w_exact,w,exact,1.00,mg_exact,cuda,double,4095,15,2.958078e-09,1.181121e-09,2.145691e-09,1.074898e+03,1.117080e+03,1.074898e+00,1.117080e+00,1.000000e-09,15,4,false
2,exp,W-exact,w_exact,w,exact,1.05,mg_exact,cuda,double,4095,15,3.082867e-09,1.181127e-09,2.145709e-09,1.079199e+03,1.115314e+03,1.079199e+00,1.115314e+00,1.000000e-09,15,4,false
2,exp,W-exact,w_exact,w,exact,1.10,mg_exact,cuda,double,4095,15,3.212790e-09,1.181097e-09,2.145525e-09,1.091137e+03,1.136932e+03,1.091137e+00,1.136932e+00,1.000000e-09,15,4,false
2,exp,W-exact,w_exact,w,exact,1.15,mg_exact,cuda,double,4095,15,3.378440e-09,1.181454e-09,2.145825e-09,1.097791e+03,1.135822e+03,1.097791e+00,1.135822e+00,1.000000e-09,15,4,false
2,exp,W-exact,w_exact,w,exact,1.20,mg_exact,cuda,double,4095,15,3.538049e-09,1.181005e-09,2.145148e-09,1.093147e+03,1.135550e+03,1.093147e+00,1.135550e+00,1.000000e-09,15,4,false
2,exp,W-exact,w_exact,w,exact,1.25,mg_exact,cuda,double,4095,15,3.702297e-09,1.180841e-09,2.144791e-09,1.092489e+03,1.147537e+03,1.092489e+00,1.147537e+00,1.000000e-09,15,4,false
2,exp,W-exact,w_exact,w,exact,1.30,mg_exact,cuda,double,4095,15,4.065034e-09,1.182316e-09,2.147671e-09,1.086882e+03,1.155125e+03,1.086882e+00,1.155125e+00,1.000000e-09,15,4,false
2,exp,W-exact,w_exact,w,exact,1.35,mg_exact,cuda,double,4095,15,4.393020e-09,1.180835e-09,2.144933e-09,1.093174e+03,1.135740e+03,1.093174e+00,1.135740e+00,1.000000e-09,15,4,false
2,exp,W-exact,w_exact,w,exact,1.40,mg_exact,cuda,double,4095,15,4.745828e-09,1.180785e-09,2.144792e-09,1.093558e+03,1.138940e+03,1.093558e+00,1.138940e+00,1.000000e-09,15,4,false
2,exp,W-exact,w_exact,w,exact,1.45,mg_exact,cuda,double,4095,15,5.039642e-09,1.181328e-09,2.145841e-09,1.084665e+03,1.123478e+03,1.084665e+00,1.123478e+00,1.000000e-09,15,4,false
2,exp,W-exact,w_exact,w,exact,1.50,mg_exact,cuda,double,4095,15,5.613876e-09,1.181153e-09,2.145678e-09,1.081047e+03,1.116624e+03,1.081047e+00,1.116624e+00,1.000000e-09,15,4,false
2,exp,W-SOR,w_sor,w,sor,1.00,mg_sor,cuda,double,4095,15,2.957367e-09,1.181173e-09,2.145854e-09,7.779890e+02,8.364290e+02,7.779890e-01,8.364290e-01,1.000000e-09,15,4,false
2,exp,W-SOR,w_sor,w,sor,1.05,mg_sor,cuda,double,4095,15,3.083403e-09,1.180927e-09,2.145381e-09,7.898210e+02,8.429770e+02,7.898210e-01,8.429770e-01,1.000000e-09,15,4,false
2,exp,W-SOR,w_sor,w,sor,1.10,mg_sor,cuda,double,4095,15,3.211638e-09,1.181136e-09,2.145583e-09,7.778810e+02,8.138360e+02,7.778810e-01,8.138360e-01,1.000000e-09,15,4,false
2,exp,W-SOR,w_sor,w,sor,1.15,mg_sor,cuda,double,4095,15,3.378125e-09,1.181672e-09,2.146280e-09,7.990050e+02,8.911200e+02,7.990050e-01,8.911200e-01,1.000000e-09,15,4,false
2,exp,W-SOR,w_sor,w,sor,1.20,mg_sor,cuda,double,4095,15,3.538687e-09,1.180944e-09,2.145256e-09,7.956420e+02,8.603550e+02,7.956420e-01,8.603550e-01,1.000000e-09,15,4,false
2,exp,W-SOR,w_sor,w,sor,1.25,mg_sor,cuda,double,4095,15,3.705633e-09,1.180808e-09,2.144683e-09,7.899920e+02,8.348440e+02,7.899920e-01,8.348440e-01,1.000000e-09,15,4,false
2,exp,W-SOR,w_sor,w,sor,1.30,mg_sor,cuda,double,4095,15,4.062435e-09,1.182349e-09,2.147822e-09,7.883930e+02,8.278020e+02,7.883930e-01,8.278020e-01,1.000000e-09,15,4,false
2,exp,W-SOR,w_sor,w,sor,1.35,mg_sor,cuda,double,4095,15,4.391965e-09,1.180697e-09,2.144664e-09,8.059460e+02,8.466140e+02,8.059460e-01,8.466140e-01,1.000000e-09,15,4,false
2,exp,W-SOR,w_sor,w,sor,1.40,mg_sor,cuda,double,4095,15,4.749297e-09,1.180942e-09,2.144903e-09,7.675590e+02,8.067530e+02,7.675590e-01,8.067530e-01,1.000000e-09,15,4,false
2,exp,W-SOR,w_sor,w,sor,1.45,mg_sor,cuda,double,4095,15,5.045694e-09,1.181230e-09,2.145670e-09,7.689750e+02,8.052110e+02,7.689750e-01,8.052110e-01,1.000000e-09,15,4,false
2,exp,W-SOR,w_sor,w,sor,1.50,mg_sor,cuda,double,4095,15,5.611377e-09,1.180868e-09,2.145215e-09,7.895290e+02,8.307760e+02,7.895290e-01,8.307760e-01,1.000000e-09,15,4,false
2,cosine,V-exact,v_exact,v,exact,1.00,mg_exact,cuda,double,4095,8,3.325388e-10,4.545960e-09,8.835740e-09,1.768790e+02,1.809850e+02,1.768790e-01,1.809850e-01,1.000000e-09,15,4,true
2,cosine,V-exact,v_exact,v,exact,1.05,mg_exact,cuda,double,4095,8,3.048586e-10,4.546392e-09,8.836668e-09,1.654250e+02,1.694240e+02,1.654250e-01,1.694240e-01,1.000000e-09,15,4,true
2,cosine,V-exact,v_exact,v,exact,1.10,mg_exact,cuda,double,4095,7,3.529562e-10,4.545986e-09,8.835778e-09,1.479030e+02,1.602340e+02,1.479030e-01,1.602340e-01,1.000000e-09,15,4,true
2,cosine,V-exact,v_exact,v,exact,1.15,mg_exact,cuda,double,4095,6,7.444953e-10,4.544492e-09,8.832619e-09,1.429630e+02,1.471890e+02,1.429630e-01,1.471890e-01,1.000000e-09,15,4,true
2,cosine,V-exact,v_exact,v,exact,1.20,mg_exact,cuda,double,4095,6,3.575195e-10,4.546390e-09,8.836617e-09,1.354460e+02,1.421680e+02,1.354460e-01,1.421680e-01,1.000000e-09,15,4,true
2,cosine,V-exact,v_exact,v,exact,1.25,mg_exact,cuda,double,4095,7,3.782276e-10,4.546369e-09,8.836595e-09,1.480950e+02,1.525360e+02,1.480950e-01,1.525360e-01,1.000000e-09,15,4,true
2,cosine,V-exact,v_exact,v,exact,1.30,mg_exact,cuda,double,4095,8,3.962076e-10,4.546429e-09,8.836686e-09,1.718200e+02,1.928470e+02,1.718200e-01,1.928470e-01,1.000000e-09,15,4,true
2,cosine,V-exact,v_exact,v,exact,1.35,mg_exact,cuda,double,4095,8,5.763960e-10,4.546365e-09,8.836594e-09,1.670470e+02,1.979390e+02,1.670470e-01,1.979390e-01,1.000000e-09,15,4,true
2,cosine,V-exact,v_exact,v,exact,1.40,mg_exact,cuda,double,4095,9,4.728034e-10,4.546371e-09,8.836578e-09,1.787870e+02,1.926600e+02,1.787870e-01,1.926600e-01,1.000000e-09,15,4,true
2,cosine,V-exact,v_exact,v,exact,1.45,mg_exact,cuda,double,4095,10,4.776167e-10,4.546387e-09,8.836615e-09,1.966510e+02,2.090770e+02,1.966510e-01,2.090770e-01,1.000000e-09,15,4,true
2,cosine,V-exact,v_exact,v,exact,1.50,mg_exact,cuda,double,4095,10,8.926792e-10,4.546371e-09,8.836632e-09,1.979080e+02,2.014790e+02,1.979080e-01,2.014790e-01,1.000000e-09,15,4,true
2,cosine,V-SOR,v_sor,v,sor,1.00,mg_sor,cuda,double,4095,8,3.324576e-10,4.545960e-09,8.835740e-09,1.669540e+02,1.701510e+02,1.669540e-01,1.701510e-01,1.000000e-09,15,4,true
2,cosine,V-SOR,v_sor,v,sor,1.05,mg_sor,cuda,double,4095,8,3.048424e-10,4.546391e-09,8.836622e-09,1.629380e+02,1.710790e+02,1.629380e-01,1.710790e-01,1.000000e-09,15,4,true
2,cosine,V-SOR,v_sor,v,sor,1.10,mg_sor,cuda,double,4095,7,3.527149e-10,4.545972e-09,8.835731e-09,1.558180e+02,1.668830e+02,1.558180e-01,1.668830e-01,1.000000e-09,15,4,true
2,cosine,V-SOR,v_sor,v,sor,1.15,mg_sor,cuda,double,4095,6,7.446425e-10,4.544498e-09,8.832661e-09,1.312360e+02,1.383240e+02,1.312360e-01,1.383240e-01,1.000000e-09,15,4,true
2,cosine,V-SOR,v_sor,v,sor,1.20,mg_sor,cuda,double,4095,6,3.575696e-10,4.546388e-09,8.836628e-09,1.369870e+02,1.421640e+02,1.369870e-01,1.421640e-01,1.000000e-09,15,4,true
2,cosine,V-SOR,v_sor,v,sor,1.25,mg_sor,cuda,double,4095,7,3.782680e-10,4.546378e-09,8.836613e-09,1.503390e+02,1.556810e+02,1.503390e-01,1.556810e-01,1.000000e-09,15,4,true
2,cosine,V-SOR,v_sor,v,sor,1.30,mg_sor,cuda,double,4095,8,3.962978e-10,4.546436e-09,8.836708e-09,1.660620e+02,1.721370e+02,1.660620e-01,1.721370e-01,1.000000e-09,15,4,true
2,cosine,V-SOR,v_sor,v,sor,1.35,mg_sor,cuda,double,4095,8,5.763591e-10,4.546369e-09,8.836614e-09,1.662070e+02,1.773070e+02,1.662070e-01,1.773070e-01,1.000000e-09,15,4,true
2,cosine,V-SOR,v_sor,v,sor,1.40,mg_sor,cuda,double,4095,9,4.732086e-10,4.546373e-09,8.836563e-09,1.820950e+02,1.885840e+02,1.820950e-01,1.885840e-01,1.000000e-09,15,4,true
2,cosine,V-SOR,v_sor,v,sor,1.45,mg_sor,cuda,double,4095,10,4.777125e-10,4.546397e-09,8.836635e-09,1.933060e+02,1.966890e+02,1.933060e-01,1.966890e-01,1.000000e-09,15,4,true
2,cosine,V-SOR,v_sor,v,sor,1.50,mg_sor,cuda,double,4095,10,8.919724e-10,4.546359e-09,8.836625e-09,1.966000e+02,2.074450e+02,1.966000e-01,2.074450e-01,1.000000e-09,15,4,true
2,cosine,W-exact,w_exact,w,exact,1.00,mg_exact,cuda,double,4095,7,6.688401e-10,4.546380e-09,8.836641e-09,5.286330e+02,5.714900e+02,5.286330e-01,5.714900e-01,1.000000e-09,15,4,true
2,cosine,W-exact,w_exact,w,exact,1.05,mg_exact,cuda,double,4095,7,3.229785e-10,4.546376e-09,8.836594e-09,5.366420e+02,5.734690e+02,5.366420e-01,5.734690e-01,1.000000e-09,15,4,true
2,cosine,W-exact,w_exact,w,exact,1.10,mg_exact,cuda,double,4095,7,3.208877e-10,4.546391e-09,8.836631e-09,5.307910e+02,6.148550e+02,5.307910e-01,6.148550e-01,1.000000e-09,15,4,true
2,cosine,W-exact,w_exact,w,exact,1.15,mg_exact,cuda,double,4095,6,3.479609e-10,4.546423e-09,8.836720e-09,4.602570e+02,4.970080e+02,4.602570e-01,4.970080e-01,1.000000e-09,15,4,true
2,cosine,W-exact,w_exact,w,exact,1.20,mg_exact,cuda,double,4095,6,3.515963e-10,4.546386e-09,8.836618e-09,4.963470e+02,5.442550e+02,4.963470e-01,5.442550e-01,1.000000e-09,15,4,true
2,cosine,W-exact,w_exact,w,exact,1.25,mg_exact,cuda,double,4095,7,3.732269e-10,4.546385e-09,8.836612e-09,5.248740e+02,5.758520e+02,5.248740e-01,5.758520e-01,1.000000e-09,15,4,true
2,cosine,W-exact,w_exact,w,exact,1.30,mg_exact,cuda,double,4095,7,4.931996e-10,4.546423e-09,8.836681e-09,5.230590e+02,5.622500e+02,5.230590e-01,5.622500e-01,1.000000e-09,15,4,true
2,cosine,W-exact,w_exact,w,exact,1.35,mg_exact,cuda,double,4095,8,4.260902e-10,4.546362e-09,8.836596e-09,6.047770e+02,6.493640e+02,6.047770e-01,6.493640e-01,1.000000e-09,15,4,true
2,cosine,W-exact,w_exact,w,exact,1.40,mg_exact,cuda,double,4095,8,6.838649e-10,4.546379e-09,8.836611e-09,6.083560e+02,6.562490e+02,6.083560e-01,6.562490e-01,1.000000e-09,15,4,true
2,cosine,W-exact,w_exact,w,exact,1.45,mg_exact,cuda,double,4095,9,4.887936e-10,4.546391e-09,8.836618e-09,6.713830e+02,7.117680e+02,6.713830e-01,7.117680e-01,1.000000e-09,15,4,true
2,cosine,W-exact,w_exact,w,exact,1.50,mg_exact,cuda,double,4095,10,5.554206e-10,4.546390e-09,8.836644e-09,7.404690e+02,7.951460e+02,7.404690e-01,7.951460e-01,1.000000e-09,15,4,true
2,cosine,W-SOR,w_sor,w,sor,1.00,mg_sor,cuda,double,4095,7,6.690592e-10,4.546388e-09,8.836628e-09,3.883960e+02,4.297310e+02,3.883960e-01,4.297310e-01,1.000000e-09,15,4,true
2,cosine,W-SOR,w_sor,w,sor,1.05,mg_sor,cuda,double,4095,7,3.229711e-10,4.546375e-09,8.836592e-09,3.923530e+02,4.414660e+02,3.923530e-01,4.414660e-01,1.000000e-09,15,4,true
2,cosine,W-SOR,w_sor,w,sor,1.10,mg_sor,cuda,double,4095,7,3.210904e-10,4.546375e-09,8.836602e-09,3.918950e+02,4.384170e+02,3.918950e-01,4.384170e-01,1.000000e-09,15,4,true
2,cosine,W-SOR,w_sor,w,sor,1.15,mg_sor,cuda,double,4095,6,3.477990e-10,4.546415e-09,8.836681e-09,3.330730e+02,3.809860e+02,3.330730e-01,3.809860e-01,1.000000e-09,15,4,true
2,cosine,W-SOR,w_sor,w,sor,1.20,mg_sor,cuda,double,4095,6,3.515963e-10,4.546386e-09,8.836618e-09,3.365700e+02,3.755980e+02,3.365700e-01,3.755980e-01,1.000000e-09,15,4,true
2,cosine,W-SOR,w_sor,w,sor,1.25,mg_sor,cuda,double,4095,7,3.729018e-10,4.546388e-09,8.836625e-09,3.836590e+02,4.214780e+02,3.836590e-01,4.214780e-01,1.000000e-09,15,4,true
2,cosine,W-SOR,w_sor,w,sor,1.30,mg_sor,cuda,double,4095,7,4.932101e-10,4.546431e-09,8.836708e-09,3.908260e+02,4.297920e+02,3.908260e-01,4.297920e-01,1.000000e-09,15,4,true
2,cosine,W-SOR,w_sor,w,sor,1.35,mg_sor,cuda,double,4095,8,4.256245e-10,4.546374e-09,8.836589e-09,4.267620e+02,4.637670e+02,4.267620e-01,4.637670e-01,1.000000e-09,15,4,true
2,cosine,W-SOR,w_sor,w,sor,1.40,mg_sor,cuda,double,4095,8,6.844201e-10,4.546379e-09,8.836617e-09,4.550210e+02,4.932140e+02,4.550210e-01,4.932140e-01,1.000000e-09,15,4,true
2,cosine,W-SOR,w_sor,w,sor,1.45,mg_sor,cuda,double,4095,9,4.888671e-10,4.546391e-09,8.836602e-09,4.948260e+02,5.409260e+02,4.948260e-01,5.409260e-01,1.000000e-09,15,4,true
2,cosine,W-SOR,w_sor,w,sor,1.50,mg_sor,cuda,double,4095,10,5.554003e-10,4.546388e-09,8.836621e-09,5.210740e+02,5.723400e+02,5.210740e-01,5.723400e-01,1.000000e-09,15,4,true
2,sine,V-exact,v_exact,v,exact,1.00,mg_exact,cuda,double,4095,6,5.772789e-10,2.434064e-08,4.868128e-08,1.573090e+02,1.621380e+02,1.573090e-01,1.621380e-01,1.000000e-09,15,5,true
2,sine,V-exact,v_exact,v,exact,1.05,mg_exact,cuda,double,4095,6,3.306593e-10,2.446694e-08,4.893386e-08,1.562430e+02,1.595010e+02,1.562430e-01,1.595010e-01,1.000000e-09,15,5,true
2,sine,V-exact,v_exact,v,exact,1.10,mg_exact,cuda,double,4095,6,3.163441e-10,2.450322e-08,4.900638e-08,1.493720e+02,1.562400e+02,1.493720e-01,1.562400e-01,1.000000e-09,15,5,true
2,sine,V-exact,v_exact,v,exact,1.15,mg_exact,cuda,double,4095,5,4.434250e-10,2.444134e-08,4.888257e-08,1.356960e+02,1.497680e+02,1.356960e-01,1.497680e-01,1.000000e-09,15,5,true
2,sine,V-exact,v_exact,v,exact,1.20,mg_exact,cuda,double,4095,5,3.433000e-10,2.450909e-08,4.901819e-08,1.351610e+02,1.406100e+02,1.351610e-01,1.406100e-01,1.000000e-09,15,5,true
2,sine,V-exact,v_exact,v,exact,1.25,mg_exact,cuda,double,4095,3,3.909863e-10,2.450903e-08,4.901806e-08,1.044850e+02,1.170560e+02,1.044850e-01,1.170560e-01,1.000000e-09,15,5,true
2,sine,V-exact,v_exact,v,exact,1.30,mg_exact,cuda,double,4095,5,3.899507e-10,2.451373e-08,4.902744e-08,1.415580e+02,1.455760e+02,1.415580e-01,1.455760e-01,1.000000e-09,15,5,true
2,sine,V-exact,v_exact,v,exact,1.35,mg_exact,cuda,double,4095,5,6.648378e-10,2.460456e-08,4.920913e-08,1.341830e+02,1.379010e+02,1.341830e-01,1.379010e-01,1.000000e-09,15,5,true
2,sine,V-exact,v_exact,v,exact,1.40,mg_exact,cuda,double,4095,6,4.683543e-10,2.449484e-08,4.898964e-08,1.551770e+02,1.677080e+02,1.551770e-01,1.677080e-01,1.000000e-09,15,5,true
2,sine,V-exact,v_exact,v,exact,1.45,mg_exact,cuda,double,4095,6,9.549669e-10,2.436996e-08,4.873992e-08,1.605090e+02,1.680490e+02,1.605090e-01,1.680490e-01,1.000000e-09,15,5,true
2,sine,V-exact,v_exact,v,exact,1.50,mg_exact,cuda,double,4095,7,5.850977e-10,2.454365e-08,4.908816e-08,1.679170e+02,1.810380e+02,1.679170e-01,1.810380e-01,1.000000e-09,15,5,true
2,sine,V-SOR,v_sor,v,sor,1.00,mg_sor,cuda,double,4095,6,5.774084e-10,2.434063e-08,4.868128e-08,1.622780e+02,1.664500e+02,1.622780e-01,1.664500e-01,1.000000e-09,15,5,true
2,sine,V-SOR,v_sor,v,sor,1.05,mg_sor,cuda,double,4095,6,3.307715e-10,2.446693e-08,4.893382e-08,1.536760e+02,1.620790e+02,1.536760e-01,1.620790e-01,1.000000e-09,15,5,true
2,sine,V-SOR,v_sor,v,sor,1.10,mg_sor,cuda,double,4095,6,3.164901e-10,2.450322e-08,4.900637e-08,1.503400e+02,1.537810e+02,1.503400e-01,1.537810e-01,1.000000e-09,15,5,true
2,sine,V-SOR,v_sor,v,sor,1.15,mg_sor,cuda,double,4095,5,4.433302e-10,2.444146e-08,4.888285e-08,1.346020e+02,1.427560e+02,1.346020e-01,1.427560e-01,1.000000e-09,15,5,true
2,sine,V-SOR,v_sor,v,sor,1.20,mg_sor,cuda,double,4095,5,3.433704e-10,2.450908e-08,4.901813e-08,1.375390e+02,1.503460e+02,1.375390e-01,1.503460e-01,1.000000e-09,15,5,true
2,sine,V-SOR,v_sor,v,sor,1.25,mg_sor,cuda,double,4095,3,3.913201e-10,2.450906e-08,4.901812e-08,9.932600e+01,1.032070e+02,9.932600e-02,1.032070e-01,1.000000e-09,15,5,true
2,sine,V-SOR,v_sor,v,sor,1.30,mg_sor,cuda,double,4095,5,3.898638e-10,2.451371e-08,4.902741e-08,1.326370e+02,1.524460e+02,1.326370e-01,1.524460e-01,1.000000e-09,15,5,true
2,sine,V-SOR,v_sor,v,sor,1.35,mg_sor,cuda,double,4095,5,6.647901e-10,2.460454e-08,4.920910e-08,1.374840e+02,1.696530e+02,1.374840e-01,1.696530e-01,1.000000e-09,15,5,true
2,sine,V-SOR,v_sor,v,sor,1.40,mg_sor,cuda,double,4095,6,4.684402e-10,2.449477e-08,4.898951e-08,1.539840e+02,1.608640e+02,1.539840e-01,1.608640e-01,1.000000e-09,15,5,true
2,sine,V-SOR,v_sor,v,sor,1.45,mg_sor,cuda,double,4095,6,9.551485e-10,2.436994e-08,4.873989e-08,1.483410e+02,1.538890e+02,1.483410e-01,1.538890e-01,1.000000e-09,15,5,true
2,sine,V-SOR,v_sor,v,sor,1.50,mg_sor,cuda,double,4095,7,5.850880e-10,2.454371e-08,4.908832e-08,1.726060e+02,1.863550e+02,1.726060e-01,1.863550e-01,1.000000e-09,15,5,true
2,sine,W-exact,w_exact,w,exact,1.00,mg_exact,cuda,double,4095,2,2.792587e-10,2.451142e-08,4.902285e-08,2.002010e+02,2.477220e+02,2.002010e-01,2.477220e-01,1.000000e-09,15,5,true
2,sine,W-exact,w_exact,w,exact,1.05,mg_exact,cuda,double,4095,2,3.051787e-10,2.451135e-08,4.902259e-08,1.997730e+02,2.530510e+02,1.997730e-01,2.530510e-01,1.000000e-09,15,5,true
2,sine,W-exact,w_exact,w,exact,1.10,mg_exact,cuda,double,4095,2,3.305774e-10,2.451134e-08,4.902266e-08,1.897740e+02,2.331750e+02,1.897740e-01,2.331750e-01,1.000000e-09,15,5,true
2,sine,W-exact,w_exact,w,exact,1.15,mg_exact,cuda,double,4095,2,3.582839e-10,2.451131e-08,4.902262e-08,1.962530e+02,2.781200e+02,1.962530e-01,2.781200e-01,1.000000e-09,15,5,true
2,sine,W-exact,w_exact,w,exact,1.20,mg_exact,cuda,double,4095,2,3.782900e-10,2.451139e-08,4.902278e-08,2.254470e+02,2.778360e+02,2.254470e-01,2.778360e-01,1.000000e-09,15,5,true
2,sine,W-exact,w_exact,w,exact,1.25,mg_exact,cuda,double,4095,2,7.966320e-10,2.451140e-08,4.902265e-08,1.880960e+02,2.336680e+02,1.880960e-01,2.336680e-01,1.000000e-09,15,5,true
2,sine,W-exact,w_exact,w,exact,1.30,mg_exact,cuda,double,4095,3,3.829214e-10,2.451192e-08,4.902398e-08,2.867790e+02,3.423530e+02,2.867790e-01,3.423530e-01,1.000000e-09,15,5,true
2,sine,W-exact,w_exact,w,exact,1.35,mg_exact,cuda,double,4095,3,4.134358e-10,2.451117e-08,4.902209e-08,2.770800e+02,3.243280e+02,2.770800e-01,3.243280e-01,1.000000e-09,15,5,true
2,sine,W-exact,w_exact,w,exact,1.40,mg_exact,cuda,double,4095,3,4.670591e-10,2.451157e-08,4.902312e-08,2.873060e+02,3.416370e+02,2.873060e-01,3.416370e-01,1.000000e-09,15,5,true
2,sine,W-exact,w_exact,w,exact,1.45,mg_exact,cuda,double,4095,4,4.638665e-10,2.451161e-08,4.902345e-08,3.513300e+02,4.088570e+02,3.513300e-01,4.088570e-01,1.000000e-09,15,5,true
2,sine,W-exact,w_exact,w,exact,1.50,mg_exact,cuda,double,4095,4,5.490436e-10,2.451184e-08,4.902313e-08,3.688890e+02,4.431780e+02,3.688890e-01,4.431780e-01,1.000000e-09,15,5,true
2,sine,W-SOR,w_sor,w,sor,1.00,mg_sor,cuda,double,4095,2,2.793534e-10,2.451140e-08,4.902280e-08,1.581850e+02,2.293180e+02,1.581850e-01,2.293180e-01,1.000000e-09,15,5,true
2,sine,W-SOR,w_sor,w,sor,1.05,mg_sor,cuda,double,4095,2,3.053928e-10,2.451133e-08,4.902261e-08,1.700790e+02,2.172810e+02,1.700790e-01,2.172810e-01,1.000000e-09,15,5,true
2,sine,W-SOR,w_sor,w,sor,1.10,mg_sor,cuda,double,4095,2,3.305894e-10,2.451136e-08,4.902276e-08,1.512970e+02,1.904470e+02,1.512970e-01,1.904470e-01,1.000000e-09,15,5,true
2,sine,W-SOR,w_sor,w,sor,1.15,mg_sor,cuda,double,4095,2,3.585044e-10,2.451139e-08,4.902280e-08,1.572300e+02,2.030730e+02,1.572300e-01,2.030730e-01,1.000000e-09,15,5,true
2,sine,W-SOR,w_sor,w,sor,1.20,mg_sor,cuda,double,4095,2,3.782723e-10,2.451142e-08,4.902283e-08,1.595530e+02,2.164220e+02,1.595530e-01,2.164220e-01,1.000000e-09,15,5,true
2,sine,W-SOR,w_sor,w,sor,1.25,mg_sor,cuda,double,4095,2,7.965677e-10,2.451137e-08,4.902262e-08,1.626610e+02,2.074220e+02,1.626610e-01,2.074220e-01,1.000000e-09,15,5,true
2,sine,W-SOR,w_sor,w,sor,1.30,mg_sor,cuda,double,4095,3,3.831406e-10,2.451188e-08,4.902386e-08,2.044470e+02,2.446170e+02,2.044470e-01,2.446170e-01,1.000000e-09,15,5,true
2,sine,W-SOR,w_sor,w,sor,1.35,mg_sor,cuda,double,4095,3,4.135152e-10,2.451112e-08,4.902197e-08,2.135090e+02,2.762230e+02,2.135090e-01,2.762230e-01,1.000000e-09,15,5,true
2,sine,W-SOR,w_sor,w,sor,1.40,mg_sor,cuda,double,4095,3,4.671374e-10,2.451152e-08,4.902299e-08,2.058850e+02,2.633950e+02,2.058850e-01,2.633950e-01,1.000000e-09,15,5,true
2,sine,W-SOR,w_sor,w,sor,1.45,mg_sor,cuda,double,4095,4,4.635917e-10,2.451161e-08,4.902351e-08,2.791250e+02,3.214570e+02,2.791250e-01,3.214570e-01,1.000000e-09,15,5,true
2,sine,W-SOR,w_sor,w,sor,1.50,mg_sor,cuda,double,4095,4,5.490998e-10,2.451181e-08,4.902309e-08,2.656260e+02,3.217030e+02,2.656260e-01,3.217030e-01,1.000000e-09,15,5,true
2,mixed_sine,V-exact,v_exact,v,exact,1.00,mg_exact,cuda,double,4095,6,2.865273e-10,1.827929e-07,3.655858e-07,1.557710e+02,1.695540e+02,1.557710e-01,1.695540e-01,1.000000e-09,15,5,true
2,mixed_sine,V-exact,v_exact,v,exact,1.05,mg_exact,cuda,double,4095,6,9.078917e-11,1.828687e-07,3.657375e-07,1.556720e+02,1.594990e+02,1.556720e-01,1.594990e-01,1.000000e-09,15,5,true
2,mixed_sine,V-exact,v_exact,v,exact,1.10,mg_exact,cuda,double,4095,5,9.049855e-10,1.826077e-07,3.652155e-07,1.313310e+02,1.492550e+02,1.313310e-01,1.492550e-01,1.000000e-09,15,5,true
2,mixed_sine,V-exact,v_exact,v,exact,1.15,mg_exact,cuda,double,4095,5,1.343879e-10,1.828586e-07,3.657174e-07,1.361220e+02,1.440540e+02,1.361220e-01,1.440540e-01,1.000000e-09,15,5,true
2,mixed_sine,V-exact,v_exact,v,exact,1.20,mg_exact,cuda,double,4095,4,6.321847e-10,1.827188e-07,3.654376e-07,1.153520e+02,1.208940e+02,1.153520e-01,1.208940e-01,1.000000e-09,15,5,true
2,mixed_sine,V-exact,v_exact,v,exact,1.25,mg_exact,cuda,double,4095,4,5.817926e-11,1.828927e-07,3.657854e-07,1.157630e+02,1.211060e+02,1.157630e-01,1.211060e-01,1.000000e-09,15,5,true
2,mixed_sine,V-exact,v_exact,v,exact,1.30,mg_exact,cuda,double,4095,5,6.968289e-11,1.828983e-07,3.657967e-07,1.400500e+02,1.455940e+02,1.400500e-01,1.455940e-01,1.000000e-09,15,5,true
2,mixed_sine,V-exact,v_exact,v,exact,1.35,mg_exact,cuda,double,4095,5,7.095980e-10,1.830451e-07,3.660903e-07,1.389560e+02,1.447640e+02,1.389560e-01,1.447640e-01,1.000000e-09,15,5,true
2,mixed_sine,V-exact,v_exact,v,exact,1.40,mg_exact,cuda,double,4095,6,1.581388e-10,1.828664e-07,3.657328e-07,1.519790e+02,1.591420e+02,1.519790e-01,1.591420e-01,1.000000e-09,15,5,true
2,mixed_sine,V-exact,v_exact,v,exact,1.45,mg_exact,cuda,double,4095,7,8.413494e-11,1.828988e-07,3.657976e-07,1.809370e+02,1.976580e+02,1.809370e-01,1.976580e-01,1.000000e-09,15,5,true
2,mixed_sine,V-exact,v_exact,v,exact,1.50,mg_exact,cuda,double,4095,7,3.092902e-10,1.829399e-07,3.658798e-07,1.747490e+02,1.848700e+02,1.747490e-01,1.848700e-01,1.000000e-09,15,5,true
2,mixed_sine,V-SOR,v_sor,v,sor,1.00,mg_sor,cuda,double,4095,6,2.865031e-10,1.827929e-07,3.655859e-07,1.550580e+02,1.642200e+02,1.550580e-01,1.642200e-01,1.000000e-09,15,5,true
2,mixed_sine,V-SOR,v_sor,v,sor,1.05,mg_sor,cuda,double,4095,6,9.078057e-11,1.828687e-07,3.657375e-07,1.594350e+02,1.671090e+02,1.594350e-01,1.671090e-01,1.000000e-09,15,5,true
2,mixed_sine,V-SOR,v_sor,v,sor,1.10,mg_sor,cuda,double,4095,5,9.049443e-10,1.826077e-07,3.652155e-07,1.315470e+02,1.363530e+02,1.315470e-01,1.363530e-01,1.000000e-09,15,5,true
2,mixed_sine,V-SOR,v_sor,v,sor,1.15,mg_sor,cuda,double,4095,5,1.343330e-10,1.828586e-07,3.657173e-07,1.300120e+02,1.511750e+02,1.300120e-01,1.511750e-01,1.000000e-09,15,5,true
2,mixed_sine,V-SOR,v_sor,v,sor,1.20,mg_sor,cuda,double,4095,4,6.322500e-10,1.827188e-07,3.654376e-07,1.189250e+02,1.316780e+02,1.189250e-01,1.316780e-01,1.000000e-09,15,5,true
2,mixed_sine,V-SOR,v_sor,v,sor,1.25,mg_sor,cuda,double,4095,4,5.815878e-11,1.828927e-07,3.657853e-07,1.153910e+02,1.223940e+02,1.153910e-01,1.223940e-01,1.000000e-09,15,5,true
2,mixed_sine,V-SOR,v_sor,v,sor,1.30,mg_sor,cuda,double,4095,5,6.971549e-11,1.828983e-07,3.657967e-07,1.369210e+02,1.404600e+02,1.369210e-01,1.404600e-01,1.000000e-09,15,5,true
2,mixed_sine,V-SOR,v_sor,v,sor,1.35,mg_sor,cuda,double,4095,5,7.095122e-10,1.830451e-07,3.660903e-07,1.367640e+02,1.460650e+02,1.367640e-01,1.460650e-01,1.000000e-09,15,5,true
2,mixed_sine,V-SOR,v_sor,v,sor,1.40,mg_sor,cuda,double,4095,6,1.581795e-10,1.828664e-07,3.657327e-07,1.563920e+02,1.635710e+02,1.563920e-01,1.635710e-01,1.000000e-09,15,5,true
2,mixed_sine,V-SOR,v_sor,v,sor,1.45,mg_sor,cuda,double,4095,7,8.419416e-11,1.828988e-07,3.657976e-07,1.717790e+02,1.842620e+02,1.717790e-01,1.842620e-01,1.000000e-09,15,5,true
2,mixed_sine,V-SOR,v_sor,v,sor,1.50,mg_sor,cuda,double,4095,7,3.093284e-10,1.829399e-07,3.658797e-07,1.742710e+02,1.790130e+02,1.742710e-01,1.790130e-01,1.000000e-09,15,5,true
2,mixed_sine,W-exact,w_exact,w,exact,1.00,mg_exact,cuda,double,4095,2,4.377075e-11,1.828914e-07,3.657829e-07,1.876010e+02,2.298280e+02,1.876010e-01,2.298280e-01,1.000000e-09,15,5,true
2,mixed_sine,W-exact,w_exact,w,exact,1.05,mg_exact,cuda,double,4095,2,5.023342e-11,1.828918e-07,3.657836e-07,1.884680e+02,2.375230e+02,1.884680e-01,2.375230e-01,1.000000e-09,15,5,true
2,mixed_sine,W-exact,w_exact,w,exact,1.10,mg_exact,cuda,double,4095,2,5.680857e-11,1.828921e-07,3.657843e-07,1.921220e+02,2.465270e+02,1.921220e-01,2.465270e-01,1.000000e-09,15,5,true
2,mixed_sine,W-exact,w_exact,w,exact,1.15,mg_exact,cuda,double,4095,2,8.338045e-11,1.828925e-07,3.657851e-07,1.912580e+02,2.429260e+02,1.912580e-01,2.429260e-01,1.000000e-09,15,5,true
2,mixed_sine,W-exact,w_exact,w,exact,1.20,mg_exact,cuda,double,4095,2,1.763687e-10,1.828928e-07,3.657856e-07,1.917060e+02,2.358050e+02,1.917060e-01,2.358050e-01,1.000000e-09,15,5,true
2,mixed_sine,W-exact,w_exact,w,exact,1.25,mg_exact,cuda,double,4095,2,7.623292e-10,1.828925e-07,3.657850e-07,1.892980e+02,2.317030e+02,1.892980e-01,2.317030e-01,1.000000e-09,15,5,true
2,mixed_sine,W-exact,w_exact,w,exact,1.30,mg_exact,cuda,double,4095,3,6.003392e-11,1.828931e-07,3.657863e-07,2.677860e+02,3.168860e+02,2.677860e-01,3.168860e-01,1.000000e-09,15,5,true
2,mixed_sine,W-exact,w_exact,w,exact,1.35,mg_exact,cuda,double,4095,3,6.644549e-11,1.828930e-07,3.657860e-07,2.719150e+02,3.201020e+02,2.719150e-01,3.201020e-01,1.000000e-09,15,5,true
2,mixed_sine,W-exact,w_exact,w,exact,1.40,mg_exact,cuda,double,4095,3,1.096503e-10,1.828930e-07,3.657860e-07,2.643250e+02,3.148940e+02,2.643250e-01,3.148940e-01,1.000000e-09,15,5,true
2,mixed_sine,W-exact,w_exact,w,exact,1.45,mg_exact,cuda,double,4095,4,7.235214e-11,1.828930e-07,3.657861e-07,3.449590e+02,3.850620e+02,3.449590e-01,3.850620e-01,1.000000e-09,15,5,true
2,mixed_sine,W-exact,w_exact,w,exact,1.50,mg_exact,cuda,double,4095,4,8.486647e-11,1.828934e-07,3.657869e-07,3.385430e+02,3.809590e+02,3.385430e-01,3.809590e-01,1.000000e-09,15,5,true
2,mixed_sine,W-SOR,w_sor,w,sor,1.00,mg_sor,cuda,double,4095,2,4.377075e-11,1.828914e-07,3.657829e-07,1.605310e+02,2.043390e+02,1.605310e-01,2.043390e-01,1.000000e-09,15,5,true
2,mixed_sine,W-SOR,w_sor,w,sor,1.05,mg_sor,cuda,double,4095,2,5.023342e-11,1.828918e-07,3.657836e-07,1.574470e+02,2.226280e+02,1.574470e-01,2.226280e-01,1.000000e-09,15,5,true
2,mixed_sine,W-SOR,w_sor,w,sor,1.10,mg_sor,cuda,double,4095,2,5.680857e-11,1.828921e-07,3.657843e-07,1.534490e+02,2.027050e+02,1.534490e-01,2.027050e-01,1.000000e-09,15,5,true
2,mixed_sine,W-SOR,w_sor,w,sor,1.15,mg_sor,cuda,double,4095,2,8.338045e-11,1.828925e-07,3.657851e-07,1.913310e+02,2.362190e+02,1.913310e-01,2.362190e-01,1.000000e-09,15,5,true
2,mixed_sine,W-SOR,w_sor,w,sor,1.20,mg_sor,cuda,double,4095,2,1.763687e-10,1.828928e-07,3.657856e-07,1.588370e+02,2.128450e+02,1.588370e-01,2.128450e-01,1.000000e-09,15,5,true
2,mixed_sine,W-SOR,w_sor,w,sor,1.25,mg_sor,cuda,double,4095,2,7.623292e-10,1.828925e-07,3.657850e-07,1.494880e+02,1.994990e+02,1.494880e-01,1.994990e-01,1.000000e-09,15,5,true
2,mixed_sine,W-SOR,w_sor,w,sor,1.30,mg_sor,cuda,double,4095,3,6.003392e-11,1.828931e-07,3.657863e-07,2.108500e+02,2.563870e+02,2.108500e-01,2.563870e-01,1.000000e-09,15,5,true
2,mixed_sine,W-SOR,w_sor,w,sor,1.35,mg_sor,cuda,double,4095,3,6.650436e-11,1.828930e-07,3.657860e-07,2.101680e+02,2.759190e+02,2.101680e-01,2.759190e-01,1.000000e-09,15,5,true
2,mixed_sine,W-SOR,w_sor,w,sor,1.40,mg_sor,cuda,double,4095,3,1.096385e-10,1.828930e-07,3.657860e-07,2.072340e+02,2.560300e+02,2.072340e-01,2.560300e-01,1.000000e-09,15,5,true
2,mixed_sine,W-SOR,w_sor,w,sor,1.45,mg_sor,cuda,double,4095,4,7.236291e-11,1.828930e-07,3.657861e-07,2.809630e+02,3.230950e+02,2.809630e-01,3.230950e-01,1.000000e-09,15,5,true
2,mixed_sine,W-SOR,w_sor,w,sor,1.50,mg_sor,cuda,double,4095,4,8.489190e-11,1.828934e-07,3.657869e-07,2.643280e+02,3.045570e+02,2.643280e-01,3.045570e-01,1.000000e-09,15,5,true
2,bubble,V-exact,v_exact,v,exact,1.00,mg_exact,cuda,double,4095,6,5.267795e-10,1.136432e-11,2.258113e-11,1.487280e+02,1.573840e+02,1.487280e-01,1.573840e-01,1.000000e-09,15,5,true
2,bubble,V-exact,v_exact,v,exact,1.05,mg_exact,cuda,double,4095,6,2.749839e-10,2.408194e-12,4.886244e-12,1.689230e+02,1.808460e+02,1.689230e-01,1.808460e-01,1.000000e-09,15,5,true
2,bubble,V-exact,v_exact,v,exact,1.10,mg_exact,cuda,double,4095,6,2.682707e-10,1.796957e-13,3.808412e-13,1.500690e+02,1.575330e+02,1.500690e-01,1.575330e-01,1.000000e-09,15,5,true
2,bubble,V-exact,v_exact,v,exact,1.15,mg_exact,cuda,double,4095,5,4.001865e-10,4.695651e-12,9.356904e-12,1.306570e+02,1.383070e+02,1.306570e-01,1.383070e-01,1.000000e-09,15,5,true
2,bubble,V-exact,v_exact,v,exact,1.20,mg_exact,cuda,double,4095,5,2.855134e-10,3.048205e-13,4.668557e-13,1.383340e+02,1.447220e+02,1.383340e-01,1.447220e-01,1.000000e-09,15,5,true
2,bubble,V-exact,v_exact,v,exact,1.25,mg_exact,cuda,double,4095,5,3.269717e-10,4.856132e-14,1.017519e-13,1.362670e+02,1.410370e+02,1.362670e-01,1.410370e-01,1.000000e-09,15,5,true
2,bubble,V-exact,v_exact,v,exact,1.30,mg_exact,cuda,double,4095,5,3.768440e-10,2.299964e-13,3.737080e-13,1.347060e+02,1.388110e+02,1.347060e-01,1.388110e-01,1.000000e-09,15,5,true
2,bubble,V-exact,v_exact,v,exact,1.35,mg_exact,cuda,double,4095,6,3.650249e-10,2.533504e-13,3.714876e-13,1.526440e+02,1.749580e+02,1.526440e-01,1.749580e-01,1.000000e-09,15,5,true
2,bubble,V-exact,v_exact,v,exact,1.40,mg_exact,cuda,double,4095,6,4.372024e-10,1.077091e-12,1.585655e-12,1.566400e+02,1.718950e+02,1.566400e-01,1.718950e-01,1.000000e-09,15,5,true
2,bubble,V-exact,v_exact,v,exact,1.45,mg_exact,cuda,double,4095,7,4.203163e-10,5.026600e-13,8.859094e-13,1.688850e+02,1.817620e+02,1.688850e-01,1.817620e-01,1.000000e-09,15,5,true
2,bubble,V-exact,v_exact,v,exact,1.50,mg_exact,cuda,double,4095,7,5.340720e-10,1.871032e-12,3.134354e-12,1.696970e+02,1.754520e+02,1.696970e-01,1.754520e-01,1.000000e-09,15,5,true
2,bubble,V-SOR,v_sor,v,sor,1.00,mg_sor,cuda,double,4095,6,5.270595e-10,1.137136e-11,2.259887e-11,1.520840e+02,1.602610e+02,1.520840e-01,1.602610e-01,1.000000e-09,15,5,true
2,bubble,V-SOR,v_sor,v,sor,1.05,mg_sor,cuda,double,4095,6,2.750144e-10,2.408626e-12,4.886376e-12,1.506550e+02,1.556600e+02,1.506550e-01,1.556600e-01,1.000000e-09,15,5,true
2,bubble,V-SOR,v_sor,v,sor,1.10,mg_sor,cuda,double,4095,6,2.677994e-10,1.785059e-13,3.757619e-13,1.532670e+02,1.568150e+02,1.532670e-01,1.568150e-01,1.000000e-09,15,5,true
2,bubble,V-SOR,v_sor,v,sor,1.15,mg_sor,cuda,double,4095,5,3.999149e-10,4.693182e-12,9.351284e-12,1.391820e+02,1.455040e+02,1.391820e-01,1.455040e-01,1.000000e-09,15,5,true
2,bubble,V-SOR,v_sor,v,sor,1.20,mg_sor,cuda,double,4095,5,2.875922e-10,3.075878e-13,4.738501e-13,1.357410e+02,1.526930e+02,1.357410e-01,1.526930e-01,1.000000e-09,15,5,true
2,bubble,V-SOR,v_sor,v,sor,1.25,mg_sor,cuda,double,4095,5,3.248857e-10,5.226139e-14,1.074904e-13,1.309850e+02,1.343340e+02,1.309850e-01,1.343340e-01,1.000000e-09,15,5,true
2,bubble,V-SOR,v_sor,v,sor,1.30,mg_sor,cuda,double,4095,5,3.765895e-10,2.281302e-13,3.715570e-13,1.314080e+02,1.390180e+02,1.314080e-01,1.390180e-01,1.000000e-09,15,5,true
2,bubble,V-SOR,v_sor,v,sor,1.35,mg_sor,cuda,double,4095,6,3.656052e-10,2.530311e-13,3.706341e-13,1.515620e+02,1.552310e+02,1.515620e-01,1.552310e-01,1.000000e-09,15,5,true
2,bubble,V-SOR,v_sor,v,sor,1.40,mg_sor,cuda,double,4095,6,4.372086e-10,1.082951e-12,1.599637e-12,1.605100e+02,1.681480e+02,1.605100e-01,1.681480e-01,1.000000e-09,15,5,true
2,bubble,V-SOR,v_sor,v,sor,1.45,mg_sor,cuda,double,4095,7,4.203119e-10,5.002625e-13,8.771386e-13,1.724520e+02,2.097540e+02,1.724520e-01,2.097540e-01,1.000000e-09,15,5,true
2,bubble,V-SOR,v_sor,v,sor,1.50,mg_sor,cuda,double,4095,7,5.340336e-10,1.876566e-12,3.149460e-12,1.705570e+02,1.786350e+02,1.705570e-01,1.786350e-01,1.000000e-09,15,5,true
2,bubble,W-exact,w_exact,w,exact,1.00,mg_exact,cuda,double,4095,4,2.638333e-10,1.573613e-14,3.545775e-14,3.412500e+02,3.823400e+02,3.412500e-01,3.823400e-01,1.000000e-09,15,5,true
2,bubble,W-exact,w_exact,w,exact,1.05,mg_exact,cuda,double,4095,4,2.508039e-10,9.459361e-15,3.106543e-14,3.417490e+02,3.938810e+02,3.417490e-01,3.938810e-01,1.000000e-09,15,5,true
2,bubble,W-exact,w_exact,w,exact,1.10,mg_exact,cuda,double,4095,4,2.620370e-10,2.167138e-14,4.859307e-14,3.420750e+02,3.883680e+02,3.420750e-01,3.883680e-01,1.000000e-09,15,5,true
2,bubble,W-exact,w_exact,w,exact,1.15,mg_exact,cuda,double,4095,3,2.800051e-10,3.099513e-14,7.694539e-14,2.660920e+02,3.110870e+02,2.660920e-01,3.110870e-01,1.000000e-09,15,5,true
2,bubble,W-exact,w_exact,w,exact,1.20,mg_exact,cuda,double,4095,3,5.355796e-10,1.704846e-14,4.796163e-14,2.717250e+02,3.256630e+02,2.717250e-01,3.256630e-01,1.000000e-09,15,5,true
2,bubble,W-exact,w_exact,w,exact,1.25,mg_exact,cuda,double,4095,4,3.206571e-10,7.704506e-15,2.153833e-14,3.477560e+02,3.881520e+02,3.477560e-01,3.881520e-01,1.000000e-09,15,5,true
2,bubble,W-exact,w_exact,w,exact,1.30,mg_exact,cuda,double,4095,4,3.880812e-10,1.070463e-14,2.713801e-14,3.413120e+02,3.937860e+02,3.413120e-01,3.937860e-01,1.000000e-09,15,5,true
2,bubble,W-exact,w_exact,w,exact,1.35,mg_exact,cuda,double,4095,4,9.656324e-10,3.005467e-14,6.461498e-14,3.406610e+02,4.248060e+02,3.406610e-01,4.248060e-01,1.000000e-09,15,5,true
2,bubble,W-exact,w_exact,w,exact,1.40,mg_exact,cuda,double,4095,5,3.937783e-10,4.251776e-14,8.567452e-14,4.165640e+02,4.701650e+02,4.165640e-01,4.701650e-01,1.000000e-09,15,5,true
2,bubble,W-exact,w_exact,w,exact,1.45,mg_exact,cuda,double,4095,5,4.563765e-10,4.704323e-14,1.179959e-13,4.148320e+02,4.623090e+02,4.148320e-01,4.623090e-01,1.000000e-09,15,5,true
2,bubble,W-exact,w_exact,w,exact,1.50,mg_exact,cuda,double,4095,5,8.894916e-10,5.263859e-15,1.357942e-14,4.127040e+02,4.604520e+02,4.127040e-01,4.604520e-01,1.000000e-09,15,5,true
2,bubble,W-SOR,w_sor,w,sor,1.00,mg_sor,cuda,double,4095,4,2.653693e-10,1.420506e-14,2.778333e-14,2.570750e+02,3.127990e+02,2.570750e-01,3.127990e-01,1.000000e-09,15,5,true
2,bubble,W-SOR,w_sor,w,sor,1.05,mg_sor,cuda,double,4095,4,2.497297e-10,1.740543e-14,4.410361e-14,2.547510e+02,2.999880e+02,2.547510e-01,2.999880e-01,1.000000e-09,15,5,true
2,bubble,W-SOR,w_sor,w,sor,1.10,mg_sor,cuda,double,4095,4,2.616978e-10,2.332218e-14,5.309642e-14,2.647730e+02,3.084800e+02,2.647730e-01,3.084800e-01,1.000000e-09,15,5,true
2,bubble,W-SOR,w_sor,w,sor,1.15,mg_sor,cuda,double,4095,3,2.804555e-10,3.252178e-14,7.906176e-14,2.044250e+02,2.487540e+02,2.044250e-01,2.487540e-01,1.000000e-09,15,5,true
2,bubble,W-SOR,w_sor,w,sor,1.20,mg_sor,cuda,double,4095,3,5.340317e-10,1.824319e-14,5.302703e-14,1.934210e+02,2.324210e+02,1.934210e-01,2.324210e-01,1.000000e-09,15,5,true
2,bubble,W-SOR,w_sor,w,sor,1.25,mg_sor,cuda,double,4095,4,3.213955e-10,5.340177e-15,1.948441e-14,2.679520e+02,3.195460e+02,2.679520e-01,3.195460e-01,1.000000e-09,15,5,true
2,bubble,W-SOR,w_sor,w,sor,1.30,mg_sor,cuda,double,4095,4,3.874220e-10,1.792486e-14,3.803902e-14,2.627480e+02,3.067130e+02,2.627480e-01,3.067130e-01,1.000000e-09,15,5,true
2,bubble,W-SOR,w_sor,w,sor,1.35,mg_sor,cuda,double,4095,4,9.654261e-10,2.848370e-14,6.116635e-14,2.688430e+02,3.150720e+02,2.688430e-01,3.150720e-01,1.000000e-09,15,5,true
2,bubble,W-SOR,w_sor,w,sor,1.40,mg_sor,cuda,double,4095,5,3.930147e-10,4.189510e-14,8.338469e-14,3.121520e+02,3.554190e+02,3.121520e-01,3.554190e-01,1.000000e-09,15,5,true
2,bubble,W-SOR,w_sor,w,sor,1.45,mg_sor,cuda,double,4095,5,4.569140e-10,4.327852e-14,1.069492e-13,3.173030e+02,3.944000e+02,3.173030e-01,3.944000e-01,1.000000e-09,15,5,true
2,bubble,W-SOR,w_sor,w,sor,1.50,mg_sor,cuda,double,4095,5,8.972269e-10,1.161465e-14,2.634004e-14,3.159520e+02,3.725240e+02,3.159520e-01,3.725240e-01,1.000000e-09,15,5,true
2,exp,V-exact,v_exact,v,exact,1.00,mg_exact,cuda,double,4095,15,2.943027e-09,1.181234e-09,2.145835e-09,3.189570e+02,3.225310e+02,3.189570e-01,3.225310e-01,1.000000e-09,15,5,false
2,exp,V-exact,v_exact,v,exact,1.05,mg_exact,cuda,double,4095,15,3.050145e-09,1.180956e-09,2.145491e-09,3.181960e+02,3.440570e+02,3.181960e-01,3.440570e-01,1.000000e-09,15,5,false
2,exp,V-exact,v_exact,v,exact,1.10,mg_exact,cuda,double,4095,15,3.164956e-09,1.181195e-09,2.145741e-09,3.232400e+02,3.337560e+02,3.232400e-01,3.337560e-01,1.000000e-09,15,5,false
2,exp,V-exact,v_exact,v,exact,1.15,mg_exact,cuda,double,4095,15,3.313550e-09,1.181634e-09,2.146336e-09,3.213990e+02,3.421370e+02,3.213990e-01,3.421370e-01,1.000000e-09,15,5,false
2,exp,V-exact,v_exact,v,exact,1.20,mg_exact,cuda,double,4095,15,3.453958e-09,1.180757e-09,2.144580e-09,3.257580e+02,3.425910e+02,3.257580e-01,3.425910e-01,1.000000e-09,15,5,false
2,exp,V-exact,v_exact,v,exact,1.25,mg_exact,cuda,double,4095,15,3.605666e-09,1.180907e-09,2.145159e-09,3.258140e+02,3.463930e+02,3.258140e-01,3.463930e-01,1.000000e-09,15,5,false
2,exp,V-exact,v_exact,v,exact,1.30,mg_exact,cuda,double,4095,15,3.987166e-09,1.182229e-09,2.147471e-09,3.201940e+02,3.298660e+02,3.201940e-01,3.298660e-01,1.000000e-09,15,5,false
2,exp,V-exact,v_exact,v,exact,1.35,mg_exact,cuda,double,4095,15,4.324837e-09,1.180688e-09,2.144678e-09,3.302630e+02,3.389730e+02,3.302630e-01,3.389730e-01,1.000000e-09,15,5,false
2,exp,V-exact,v_exact,v,exact,1.40,mg_exact,cuda,double,4095,15,4.682355e-09,1.180783e-09,2.144381e-09,3.149870e+02,3.259990e+02,3.149870e-01,3.259990e-01,1.000000e-09,15,5,false
2,exp,V-exact,v_exact,v,exact,1.45,mg_exact,cuda,double,4095,15,4.988073e-09,1.181300e-09,2.145887e-09,3.242980e+02,3.362800e+02,3.242980e-01,3.362800e-01,1.000000e-09,15,5,false
2,exp,V-exact,v_exact,v,exact,1.50,mg_exact,cuda,double,4095,15,5.642505e-09,1.180666e-09,2.144789e-09,3.232290e+02,3.272060e+02,3.232290e-01,3.272060e-01,1.000000e-09,15,5,false
2,exp,V-SOR,v_sor,v,sor,1.00,mg_sor,cuda,double,4095,15,2.941780e-09,1.181212e-09,2.145749e-09,3.275800e+02,3.335400e+02,3.275800e-01,3.335400e-01,1.000000e-09,15,5,false
2,exp,V-SOR,v_sor,v,sor,1.05,mg_sor,cuda,double,4095,15,3.051395e-09,1.181005e-09,2.145332e-09,3.226040e+02,3.345350e+02,3.226040e-01,3.345350e-01,1.000000e-09,15,5,false
2,exp,V-SOR,v_sor,v,sor,1.10,mg_sor,cuda,double,4095,15,3.163562e-09,1.180973e-09,2.145061e-09,3.146230e+02,3.207890e+02,3.146230e-01,3.207890e-01,1.000000e-09,15,5,false
2,exp,V-SOR,v_sor,v,sor,1.15,mg_sor,cuda,double,4095,15,3.314944e-09,1.181473e-09,2.146043e-09,3.206130e+02,3.278860e+02,3.206130e-01,3.278860e-01,1.000000e-09,15,5,false
2,exp,V-SOR,v_sor,v,sor,1.20,mg_sor,cuda,double,4095,15,3.453662e-09,1.180880e-09,2.144787e-09,3.236800e+02,3.395500e+02,3.236800e-01,3.395500e-01,1.000000e-09,15,5,false
2,exp,V-SOR,v_sor,v,sor,1.25,mg_sor,cuda,double,4095,15,3.606192e-09,1.180860e-09,2.144799e-09,3.199340e+02,3.252500e+02,3.199340e-01,3.252500e-01,1.000000e-09,15,5,false
2,exp,V-SOR,v_sor,v,sor,1.30,mg_sor,cuda,double,4095,15,3.986489e-09,1.182397e-09,2.147943e-09,3.263990e+02,3.400040e+02,3.263990e-01,3.400040e-01,1.000000e-09,15,5,false
2,exp,V-SOR,v_sor,v,sor,1.35,mg_sor,cuda,double,4095,15,4.325127e-09,1.180750e-09,2.144734e-09,3.215200e+02,3.311310e+02,3.215200e-01,3.311310e-01,1.000000e-09,15,5,false
2,exp,V-SOR,v_sor,v,sor,1.40,mg_sor,cuda,double,4095,15,4.683384e-09,1.180748e-09,2.144499e-09,3.160240e+02,3.224120e+02,3.160240e-01,3.224120e-01,1.000000e-09,15,5,false
2,exp,V-SOR,v_sor,v,sor,1.45,mg_sor,cuda,double,4095,15,4.990126e-09,1.181463e-09,2.146141e-09,3.300430e+02,3.367280e+02,3.300430e-01,3.367280e-01,1.000000e-09,15,5,false
2,exp,V-SOR,v_sor,v,sor,1.50,mg_sor,cuda,double,4095,15,5.644655e-09,1.180831e-09,2.145216e-09,3.245310e+02,3.293530e+02,3.245310e-01,3.293530e-01,1.000000e-09,15,5,false
2,exp,W-exact,w_exact,w,exact,1.00,mg_exact,cuda,double,4095,15,2.941582e-09,1.181243e-09,2.145697e-09,1.166418e+03,1.264479e+03,1.166418e+00,1.264479e+00,1.000000e-09,15,5,false
2,exp,W-exact,w_exact,w,exact,1.05,mg_exact,cuda,double,4095,15,3.052368e-09,1.181038e-09,2.145542e-09,1.174479e+03,1.216227e+03,1.174479e+00,1.216227e+00,1.000000e-09,15,5,false
2,exp,W-exact,w_exact,w,exact,1.10,mg_exact,cuda,double,4095,15,3.166240e-09,1.180889e-09,2.144962e-09,1.160969e+03,1.206981e+03,1.160969e+00,1.206981e+00,1.000000e-09,15,5,false
2,exp,W-exact,w_exact,w,exact,1.15,mg_exact,cuda,double,4095,15,3.313759e-09,1.181534e-09,2.146098e-09,1.152240e+03,1.198979e+03,1.152240e+00,1.198979e+00,1.000000e-09,15,5,false
2,exp,W-exact,w_exact,w,exact,1.20,mg_exact,cuda,double,4095,15,3.456115e-09,1.180783e-09,2.144463e-09,1.175217e+03,1.221915e+03,1.175217e+00,1.221915e+00,1.000000e-09,15,5,false
2,exp,W-exact,w_exact,w,exact,1.25,mg_exact,cuda,double,4095,15,3.605850e-09,1.180929e-09,2.145039e-09,1.161668e+03,1.201855e+03,1.161668e+00,1.201855e+00,1.000000e-09,15,5,false
2,exp,W-exact,w_exact,w,exact,1.30,mg_exact,cuda,double,4095,15,3.987100e-09,1.182324e-09,2.147746e-09,1.152211e+03,1.192219e+03,1.152211e+00,1.192219e+00,1.000000e-09,15,5,false
2,exp,W-exact,w_exact,w,exact,1.35,mg_exact,cuda,double,4095,15,4.321788e-09,1.180789e-09,2.144892e-09,1.173937e+03,1.226873e+03,1.173937e+00,1.226873e+00,1.000000e-09,15,5,false
2,exp,W-exact,w_exact,w,exact,1.40,mg_exact,cuda,double,4095,15,4.680239e-09,1.180640e-09,2.144410e-09,1.178622e+03,1.223001e+03,1.178622e+00,1.223001e+00,1.000000e-09,15,5,false
2,exp,W-exact,w_exact,w,exact,1.45,mg_exact,cuda,double,4095,15,4.987023e-09,1.181345e-09,2.145745e-09,1.174318e+03,1.219915e+03,1.174318e+00,1.219915e+00,1.000000e-09,15,5,false
2,exp,W-exact,w_exact,w,exact,1.50,mg_exact,cuda,double,4095,15,5.641590e-09,1.180978e-09,2.145216e-09,1.164547e+03,1.213683e+03,1.164547e+00,1.213683e+00,1.000000e-09,15,5,false
2,exp,W-SOR,w_sor,w,sor,1.00,mg_sor,cuda,double,4095,15,2.943244e-09,1.181167e-09,2.145616e-09,8.608080e+02,9.013740e+02,8.608080e-01,9.013740e-01,1.000000e-09,15,5,false
2,exp,W-SOR,w_sor,w,sor,1.05,mg_sor,cuda,double,4095,15,3.050359e-09,1.180812e-09,2.145140e-09,8.526300e+02,9.008000e+02,8.526300e-01,9.008000e-01,1.000000e-09,15,5,false
2,exp,W-SOR,w_sor,w,sor,1.10,mg_sor,cuda,double,4095,15,3.165146e-09,1.181151e-09,2.145505e-09,8.670820e+02,9.102690e+02,8.670820e-01,9.102690e-01,1.000000e-09,15,5,false
2,exp,W-SOR,w_sor,w,sor,1.15,mg_sor,cuda,double,4095,15,3.315964e-09,1.181798e-09,2.146550e-09,8.641670e+02,9.080940e+02,8.641670e-01,9.080940e-01,1.000000e-09,15,5,false
2,exp,W-SOR,w_sor,w,sor,1.20,mg_sor,cuda,double,4095,15,3.453417e-09,1.181136e-09,2.145466e-09,8.735640e+02,9.314380e+02,8.735640e-01,9.314380e-01,1.000000e-09,15,5,false
2,exp,W-SOR,w_sor,w,sor,1.25,mg_sor,cuda,double,4095,15,3.606573e-09,1.180907e-09,2.144899e-09,8.747780e+02,9.440980e+02,8.747780e-01,9.440980e-01,1.000000e-09,15,5,false
2,exp,W-SOR,w_sor,w,sor,1.30,mg_sor,cuda,double,4095,15,3.986750e-09,1.182403e-09,2.147973e-09,8.706610e+02,9.754400e+02,8.706610e-01,9.754400e-01,1.000000e-09,15,5,false
2,exp,W-SOR,w_sor,w,sor,1.35,mg_sor,cuda,double,4095,15,4.322673e-09,1.180784e-09,2.144805e-09,8.681320e+02,9.161560e+02,8.681320e-01,9.161560e-01,1.000000e-09,15,5,false
2,exp,W-SOR,w_sor,w,sor,1.40,mg_sor,cuda,double,4095,15,4.684080e-09,1.180848e-09,2.144625e-09,8.621160e+02,9.031970e+02,8.621160e-01,9.031970e-01,1.000000e-09,15,5,false
2,exp,W-SOR,w_sor,w,sor,1.45,mg_sor,cuda,double,4095,15,4.983299e-09,1.181362e-09,2.146090e-09,8.635810e+02,9.056720e+02,8.635810e-01,9.056720e-01,1.000000e-09,15,5,false
2,exp,W-SOR,w_sor,w,sor,1.50,mg_sor,cuda,double,4095,15,5.640624e-09,1.181011e-09,2.145396e-09,8.701470e+02,9.102260e+02,8.701470e-01,9.102260e-01,1.000000e-09,15,5,false
2,cosine,V-exact,v_exact,v,exact,1.00,mg_exact,cuda,double,4095,8,2.846132e-10,4.546412e-09,8.836712e-09,1.914240e+02,1.950170e+02,1.914240e-01,1.950170e-01,1.000000e-09,15,5,true
2,cosine,V-exact,v_exact,v,exact,1.05,mg_exact,cuda,double,4095,7,3.812545e-10,4.545725e-09,8.835193e-09,1.698380e+02,1.745510e+02,1.698380e-01,1.745510e-01,1.000000e-09,15,5,true
2,cosine,V-exact,v_exact,v,exact,1.10,mg_exact,cuda,double,4095,7,3.186941e-10,4.546390e-09,8.836623e-09,1.700320e+02,1.895920e+02,1.700320e-01,1.895920e-01,1.000000e-09,15,5,true
2,cosine,V-exact,v_exact,v,exact,1.15,mg_exact,cuda,double,4095,6,3.825045e-10,4.545886e-09,8.835526e-09,1.507460e+02,1.545230e+02,1.507460e-01,1.545230e-01,1.000000e-09,15,5,true
2,cosine,V-exact,v_exact,v,exact,1.20,mg_exact,cuda,double,4095,6,3.425632e-10,4.546404e-09,8.836678e-09,1.506530e+02,1.557900e+02,1.506530e-01,1.557900e-01,1.000000e-09,15,5,true
2,cosine,V-exact,v_exact,v,exact,1.25,mg_exact,cuda,double,4095,6,9.440880e-10,4.546355e-09,8.836567e-09,1.522750e+02,1.558220e+02,1.522750e-01,1.558220e-01,1.000000e-09,15,5,true
2,cosine,V-exact,v_exact,v,exact,1.30,mg_exact,cuda,double,4095,7,4.273545e-10,4.546415e-09,8.836660e-09,1.719010e+02,1.765510e+02,1.719010e-01,1.765510e-01,1.000000e-09,15,5,true
2,cosine,V-exact,v_exact,v,exact,1.35,mg_exact,cuda,double,4095,8,4.187592e-10,4.546355e-09,8.836557e-09,1.957710e+02,2.176820e+02,1.957710e-01,2.176820e-01,1.000000e-09,15,5,true
2,cosine,V-exact,v_exact,v,exact,1.40,mg_exact,cuda,double,4095,8,5.700437e-10,4.546376e-09,8.836618e-09,1.891730e+02,2.025140e+02,1.891730e-01,2.025140e-01,1.000000e-09,15,5,true
2,cosine,V-exact,v_exact,v,exact,1.45,mg_exact,cuda,double,4095,9,4.791641e-10,4.546388e-09,8.836589e-09,2.068080e+02,2.152400e+02,2.068080e-01,2.152400e-01,1.000000e-09,15,5,true
2,cosine,V-exact,v_exact,v,exact,1.50,mg_exact,cuda,double,4095,9,9.321244e-10,4.546396e-09,8.836593e-09,2.114970e+02,2.151670e+02,2.114970e-01,2.151670e-01,1.000000e-09,15,5,true
2,cosine,V-SOR,v_sor,v,sor,1.00,mg_sor,cuda,double,4095,8,2.846176e-10,4.546406e-09,8.836698e-09,1.850580e+02,1.889720e+02,1.850580e-01,1.889720e-01,1.000000e-09,15,5,true
2,cosine,V-SOR,v_sor,v,sor,1.05,mg_sor,cuda,double,4095,7,3.810324e-10,4.545721e-09,8.835205e-09,1.814910e+02,1.943510e+02,1.814910e-01,1.943510e-01,1.000000e-09,15,5,true
2,cosine,V-SOR,v_sor,v,sor,1.10,mg_sor,cuda,double,4095,7,3.186720e-10,4.546388e-09,8.836631e-09,1.763020e+02,1.820640e+02,1.763020e-01,1.820640e-01,1.000000e-09,15,5,true
2,cosine,V-SOR,v_sor,v,sor,1.15,mg_sor,cuda,double,4095,6,3.821243e-10,4.545882e-09,8.835541e-09,1.594330e+02,1.668960e+02,1.594330e-01,1.668960e-01,1.000000e-09,15,5,true
2,cosine,V-SOR,v_sor,v,sor,1.20,mg_sor,cuda,double,4095,6,3.426519e-10,4.546413e-09,8.836694e-09,1.487900e+02,1.546690e+02,1.487900e-01,1.546690e-01,1.000000e-09,15,5,true
2,cosine,V-SOR,v_sor,v,sor,1.25,mg_sor,cuda,double,4095,6,9.440564e-10,4.546347e-09,8.836564e-09,1.569570e+02,1.682320e+02,1.569570e-01,1.682320e-01,1.000000e-09,15,5,true
2,cosine,V-SOR,v_sor,v,sor,1.30,mg_sor,cuda,double,4095,7,4.274723e-10,4.546418e-09,8.836651e-09,1.680400e+02,1.731400e+02,1.680400e-01,1.731400e-01,1.000000e-09,15,5,true
2,cosine,V-SOR,v_sor,v,sor,1.35,mg_sor,cuda,double,4095,8,4.185467e-10,4.546359e-09,8.836565e-09,1.893220e+02,1.973970e+02,1.893220e-01,1.973970e-01,1.000000e-09,15,5,true
2,cosine,V-SOR,v_sor,v,sor,1.40,mg_sor,cuda,double,4095,8,5.698259e-10,4.546372e-09,8.836629e-09,1.970080e+02,2.063740e+02,1.970080e-01,2.063740e-01,1.000000e-09,15,5,true
2,cosine,V-SOR,v_sor,v,sor,1.45,mg_sor,cuda,double,4095,9,4.792001e-10,4.546384e-09,8.836570e-09,2.072360e+02,2.157270e+02,2.072360e-01,2.157270e-01,1.000000e-09,15,5,true
2,cosine,V-SOR,v_sor,v,sor,1.50,mg_sor,cuda,double,4095,9,9.323665e-10,4.546392e-09,8.836581e-09,2.125240e+02,2.214850e+02,2.125240e-01,2.214850e-01,1.000000e-09,15,5,true
2,cosine,W-exact,w_exact,w,exact,1.00,mg_exact,cuda,double,4095,7,3.089069e-10,4.546381e-09,8.836619e-09,5.681270e+02,6.121640e+02,5.681270e-01,6.121640e-01,1.000000e-09,15,5,true
2,cosine,W-exact,w_exact,w,exact,1.05,mg_exact,cuda,double,4095,7,3.021362e-10,4.546372e-09,8.836624e-09,5.677450e+02,6.205930e+02,5.677450e-01,6.205930e-01,1.000000e-09,15,5,true
2,cosine,W-exact,w_exact,w,exact,1.10,mg_exact,cuda,double,4095,6,4.351589e-10,4.546385e-09,8.836633e-09,4.943260e+02,5.521650e+02,4.943260e-01,5.521650e-01,1.000000e-09,15,5,true
2,cosine,W-exact,w_exact,w,exact,1.15,mg_exact,cuda,double,4095,6,3.335510e-10,4.546418e-09,8.836674e-09,4.845520e+02,5.371880e+02,4.845520e-01,5.371880e-01,1.000000e-09,15,5,true
2,cosine,W-exact,w_exact,w,exact,1.20,mg_exact,cuda,double,4095,6,3.417567e-10,4.546380e-09,8.836623e-09,4.853190e+02,5.258860e+02,4.853190e-01,5.258860e-01,1.000000e-09,15,5,true
2,cosine,W-exact,w_exact,w,exact,1.25,mg_exact,cuda,double,4095,6,4.463182e-10,4.546378e-09,8.836671e-09,5.003630e+02,5.548330e+02,5.003630e-01,5.548330e-01,1.000000e-09,15,5,true
2,cosine,W-exact,w_exact,w,exact,1.30,mg_exact,cuda,double,4095,7,3.921920e-10,4.546435e-09,8.836699e-09,5.631280e+02,6.082370e+02,5.631280e-01,6.082370e-01,1.000000e-09,15,5,true
2,cosine,W-exact,w_exact,w,exact,1.35,mg_exact,cuda,double,4095,7,5.586017e-10,4.546362e-09,8.836572e-09,5.634830e+02,6.069550e+02,5.634830e-01,6.069550e-01,1.000000e-09,15,5,true
2,cosine,W-exact,w_exact,w,exact,1.40,mg_exact,cuda,double,4095,8,4.540175e-10,4.546376e-09,8.836625e-09,6.406110e+02,6.913450e+02,6.406110e-01,6.913450e-01,1.000000e-09,15,5,true
2,cosine,W-exact,w_exact,w,exact,1.45,mg_exact,cuda,double,4095,8,5.810618e-10,4.546388e-09,8.836609e-09,6.386210e+02,6.780870e+02,6.386210e-01,6.780870e-01,1.000000e-09,15,5,true
2,cosine,W-exact,w_exact,w,exact,1.50,mg_exact,cuda,double,4095,9,5.606500e-10,4.546379e-09,8.836622e-09,7.168120e+02,7.665690e+02,7.168120e-01,7.665690e-01,1.000000e-09,15,5,true
2,cosine,W-SOR,w_sor,w,sor,1.00,mg_sor,cuda,double,4095,7,3.089402e-10,4.546389e-09,8.836632e-09,4.145620e+02,4.565230e+02,4.145620e-01,4.565230e-01,1.000000e-09,15,5,true
2,cosine,W-SOR,w_sor,w,sor,1.05,mg_sor,cuda,double,4095,7,3.022816e-10,4.546385e-09,8.836608e-09,4.115970e+02,4.645110e+02,4.115970e-01,4.645110e-01,1.000000e-09,15,5,true
2,cosine,W-SOR,w_sor,w,sor,1.10,mg_sor,cuda,double,4095,6,4.351817e-10,4.546378e-09,8.836617e-09,3.859500e+02,4.608820e+02,3.859500e-01,4.608820e-01,1.000000e-09,15,5,true
2,cosine,W-SOR,w_sor,w,sor,1.15,mg_sor,cuda,double,4095,6,3.335510e-10,4.546418e-09,8.836674e-09,3.724680e+02,4.305890e+02,3.724680e-01,4.305890e-01,1.000000e-09,15,5,true
2,cosine,W-SOR,w_sor,w,sor,1.20,mg_sor,cuda,double,4095,6,3.417567e-10,4.546380e-09,8.836623e-09,3.661250e+02,4.195730e+02,3.661250e-01,4.195730e-01,1.000000e-09,15,5,true
2,cosine,W-SOR,w_sor,w,sor,1.25,mg_sor,cuda,double,4095,6,4.463182e-10,4.546378e-09,8.836671e-09,3.622350e+02,4.108950e+02,3.622350e-01,4.108950e-01,1.000000e-09,15,5,true
2,cosine,W-SOR,w_sor,w,sor,1.30,mg_sor,cuda,double,4095,7,3.922262e-10,4.546428e-09,8.836716e-09,4.232640e+02,5.171980e+02,4.232640e-01,5.171980e-01,1.000000e-09,15,5,true
2,cosine,W-SOR,w_sor,w,sor,1.35,mg_sor,cuda,double,4095,7,5.587475e-10,4.546356e-09,8.836561e-09,4.172920e+02,4.593090e+02,4.172920e-01,4.593090e-01,1.000000e-09,15,5,true
2,cosine,W-SOR,w_sor,w,sor,1.40,mg_sor,cuda,double,4095,8,4.538105e-10,4.546386e-09,8.836626e-09,4.717830e+02,5.397940e+02,4.717830e-01,5.397940e-01,1.000000e-09,15,5,true
2,cosine,W-SOR,w_sor,w,sor,1.45,mg_sor,cuda,double,4095,8,5.810863e-10,4.546394e-09,8.836659e-09,4.793830e+02,5.303900e+02,4.793830e-01,5.303900e-01,1.000000e-09,15,5,true
2,cosine,W-SOR,w_sor,w,sor,1.50,mg_sor,cuda,double,4095,9,5.602696e-10,4.546384e-09,8.836604e-09,5.329980e+02,5.908490e+02,5.329980e-01,5.908490e-01,1.000000e-09,15,5,true
2,sine,V-exact,v_exact,v,exact,1.00,mg_exact,cuda,double,8191,15,1.213590e-09,6.127904e-09,1.225574e-08,6.091780e+02,6.191030e+02,6.091780e-01,6.191030e-01,1.000000e-09,15,1,false
2,sine,V-exact,v_exact,v,exact,1.05,mg_exact,cuda,double,8191,15,1.348736e-09,6.127581e-09,1.225454e-08,5.478050e+02,5.564220e+02,5.478050e-01,5.564220e-01,1.000000e-09,15,1,false
2,sine,V-exact,v_exact,v,exact,1.10,mg_exact,cuda,double,8191,15,1.459399e-09,6.128104e-09,1.225640e-08,5.222880e+02,5.326530e+02,5.222880e-01,5.326530e-01,1.000000e-09,15,1,false
2,sine,V-exact,v_exact,v,exact,1.15,mg_exact,cuda,double,8191,15,1.555316e-09,6.129275e-09,1.225924e-08,4.964400e+02,5.051180e+02,4.964400e-01,5.051180e-01,1.000000e-09,15,1,false
2,sine,V-exact,v_exact,v,exact,1.20,mg_exact,cuda,double,8191,15,1.638863e-09,6.127971e-09,1.225601e-08,5.052620e+02,5.141530e+02,5.052620e-01,5.141530e-01,1.000000e-09,15,1,false
2,sine,V-exact,v_exact,v,exact,1.25,mg_exact,cuda,double,8191,15,1.789444e-09,6.127898e-09,1.225573e-08,5.201220e+02,5.291530e+02,5.201220e-01,5.291530e-01,1.000000e-09,15,1,false
2,sine,V-exact,v_exact,v,exact,1.30,mg_exact,cuda,double,8191,15,1.791994e-09,6.129086e-09,1.225848e-08,4.987010e+02,5.072930e+02,4.987010e-01,5.072930e-01,1.000000e-09,15,1,false
2,sine,V-exact,v_exact,v,exact,1.35,mg_exact,cuda,double,8191,15,1.887548e-09,6.126999e-09,1.225327e-08,4.999940e+02,5.086200e+02,4.999940e-01,5.086200e-01,1.000000e-09,15,1,false
2,sine,V-exact,v_exact,v,exact,1.40,mg_exact,cuda,double,8191,15,2.049485e-09,6.127917e-09,1.225574e-08,5.131480e+02,5.236400e+02,5.131480e-01,5.236400e-01,1.000000e-09,15,1,false
2,sine,V-exact,v_exact,v,exact,1.45,mg_exact,cuda,double,8191,15,5.040103e-09,6.128132e-09,1.225465e-08,5.882850e+02,6.075050e+02,5.882850e-01,6.075050e-01,1.000000e-09,15,1,false
2,sine,V-exact,v_exact,v,exact,1.50,mg_exact,cuda,double,8191,15,4.638953e-08,6.128992e-09,1.225078e-08,5.526290e+02,5.614170e+02,5.526290e-01,5.614170e-01,1.000000e-09,15,1,false
2,sine,V-SOR,v_sor,v,sor,1.00,mg_sor,cuda,double,8191,15,1.213537e-09,6.127919e-09,1.225583e-08,5.192240e+02,5.295560e+02,5.192240e-01,5.295560e-01,1.000000e-09,15,1,false
2,sine,V-SOR,v_sor,v,sor,1.05,mg_sor,cuda,double,8191,15,1.348824e-09,6.127624e-09,1.225457e-08,5.062780e+02,5.187790e+02,5.062780e-01,5.187790e-01,1.000000e-09,15,1,false
2,sine,V-SOR,v_sor,v,sor,1.10,mg_sor,cuda,double,8191,15,1.459323e-09,6.128268e-09,1.225673e-08,5.155350e+02,5.485310e+02,5.155350e-01,5.485310e-01,1.000000e-09,15,1,false
2,sine,V-SOR,v_sor,v,sor,1.15,mg_sor,cuda,double,8191,15,1.554908e-09,6.129183e-09,1.225911e-08,5.093680e+02,5.221890e+02,5.093680e-01,5.221890e-01,1.000000e-09,15,1,false
2,sine,V-SOR,v_sor,v,sor,1.20,mg_sor,cuda,double,8191,15,1.639091e-09,6.127943e-09,1.225589e-08,5.032970e+02,5.121010e+02,5.032970e-01,5.121010e-01,1.000000e-09,15,1,false
2,sine,V-SOR,v_sor,v,sor,1.25,mg_sor,cuda,double,8191,15,1.789187e-09,6.127748e-09,1.225548e-08,4.976390e+02,5.064260e+02,4.976390e-01,5.064260e-01,1.000000e-09,15,1,false
2,sine,V-SOR,v_sor,v,sor,1.30,mg_sor,cuda,double,8191,15,1.791456e-09,6.129011e-09,1.225823e-08,5.462030e+02,5.583970e+02,5.462030e-01,5.583970e-01,1.000000e-09,15,1,false
2,sine,V-SOR,v_sor,v,sor,1.35,mg_sor,cuda,double,8191,15,1.887649e-09,6.126992e-09,1.225327e-08,5.132680e+02,5.242950e+02,5.132680e-01,5.242950e-01,1.000000e-09,15,1,false
2,sine,V-SOR,v_sor,v,sor,1.40,mg_sor,cuda,double,8191,15,2.049640e-09,6.127920e-09,1.225564e-08,5.030880e+02,5.123390e+02,5.030880e-01,5.123390e-01,1.000000e-09,15,1,false
2,sine,V-SOR,v_sor,v,sor,1.45,mg_sor,cuda,double,8191,15,5.040996e-09,6.128141e-09,1.225460e-08,5.061190e+02,5.242940e+02,5.061190e-01,5.242940e-01,1.000000e-09,15,1,false
2,sine,V-SOR,v_sor,v,sor,1.50,mg_sor,cuda,double,8191,15,4.639137e-08,6.128899e-09,1.225061e-08,5.135810e+02,5.222610e+02,5.135810e-01,5.222610e-01,1.000000e-09,15,1,false
2,sine,W-exact,w_exact,w,exact,1.00,mg_exact,cuda,double,8191,15,1.214798e-09,6.127907e-09,1.225578e-08,1.963133e+03,2.017111e+03,1.963133e+00,2.017111e+00,1.000000e-09,15,1,false
2,sine,W-exact,w_exact,w,exact,1.05,mg_exact,cuda,double,8191,15,1.349976e-09,6.127577e-09,1.225447e-08,2.055098e+03,2.190640e+03,2.055098e+00,2.190640e+00,1.000000e-09,15,1,false
2,sine,W-exact,w_exact,w,exact,1.10,mg_exact,cuda,double,8191,15,1.459257e-09,6.128178e-09,1.225655e-08,1.937034e+03,2.003445e+03,1.937034e+00,2.003445e+00,1.000000e-09,15,1,false
2,sine,W-exact,w_exact,w,exact,1.15,mg_exact,cuda,double,8191,15,1.554293e-09,6.129228e-09,1.225919e-08,1.971546e+03,2.035049e+03,1.971546e+00,2.035049e+00,1.000000e-09,15,1,false
2,sine,W-exact,w_exact,w,exact,1.20,mg_exact,cuda,double,8191,15,1.637319e-09,6.127861e-09,1.225572e-08,1.945989e+03,2.016117e+03,1.945989e+00,2.016117e+00,1.000000e-09,15,1,false
2,sine,W-exact,w_exact,w,exact,1.25,mg_exact,cuda,double,8191,15,1.786135e-09,6.127870e-09,1.225572e-08,1.937023e+03,1.994094e+03,1.937023e+00,1.994094e+00,1.000000e-09,15,1,false
2,sine,W-exact,w_exact,w,exact,1.30,mg_exact,cuda,double,8191,15,1.786198e-09,6.128920e-09,1.225811e-08,2.021167e+03,2.120194e+03,2.021167e+00,2.120194e+00,1.000000e-09,15,1,false
2,sine,W-exact,w_exact,w,exact,1.35,mg_exact,cuda,double,8191,15,1.877542e-09,6.126930e-09,1.225308e-08,1.933074e+03,1.991402e+03,1.933074e+00,1.991402e+00,1.000000e-09,15,1,false
2,sine,W-exact,w_exact,w,exact,1.40,mg_exact,cuda,double,8191,15,1.961488e-09,6.127814e-09,1.225564e-08,1.962951e+03,2.021709e+03,1.962951e+00,2.021709e+00,1.000000e-09,15,1,false
2,sine,W-exact,w_exact,w,exact,1.45,mg_exact,cuda,double,8191,15,2.034424e-09,6.128750e-09,1.225838e-08,1.948938e+03,2.010863e+03,1.948938e+00,2.010863e+00,1.000000e-09,15,1,false
2,sine,W-exact,w_exact,w,exact,1.50,mg_exact,cuda,double,8191,15,2.595824e-09,6.129530e-09,1.225765e-08,1.950291e+03,2.010307e+03,1.950291e+00,2.010307e+00,1.000000e-09,15,1,false
2,sine,W-SOR,w_sor,w,sor,1.00,mg_sor,cuda,double,8191,15,1.215129e-09,6.127823e-09,1.225551e-08,1.424272e+03,1.548636e+03,1.424272e+00,1.548636e+00,1.000000e-09,15,1,false
2,sine,W-SOR,w_sor,w,sor,1.05,mg_sor,cuda,double,8191,15,1.349479e-09,6.127643e-09,1.225461e-08,1.380331e+03,1.439053e+03,1.380331e+00,1.439053e+00,1.000000e-09,15,1,false
2,sine,W-SOR,w_sor,w,sor,1.10,mg_sor,cuda,double,8191,15,1.459343e-09,6.128156e-09,1.225642e-08,1.375911e+03,1.436437e+03,1.375911e+00,1.436437e+00,1.000000e-09,15,1,false
2,sine,W-SOR,w_sor,w,sor,1.15,mg_sor,cuda,double,8191,15,1.553665e-09,6.129270e-09,1.225935e-08,1.435861e+03,1.495965e+03,1.435861e+00,1.495965e+00,1.000000e-09,15,1,false
2,sine,W-SOR,w_sor,w,sor,1.20,mg_sor,cuda,double,8191,15,1.637094e-09,6.127822e-09,1.225571e-08,1.369428e+03,1.427805e+03,1.369428e+00,1.427805e+00,1.000000e-09,15,1,false
2,sine,W-SOR,w_sor,w,sor,1.25,mg_sor,cuda,double,8191,15,1.786177e-09,6.127879e-09,1.225574e-08,1.557091e+03,1.645735e+03,1.557091e+00,1.645735e+00,1.000000e-09,15,1,false
2,sine,W-SOR,w_sor,w,sor,1.30,mg_sor,cuda,double,8191,15,1.786680e-09,6.128889e-09,1.225804e-08,1.375829e+03,1.472649e+03,1.375829e+00,1.472649e+00,1.000000e-09,15,1,false
2,sine,W-SOR,w_sor,w,sor,1.35,mg_sor,cuda,double,8191,15,1.877853e-09,6.126994e-09,1.225332e-08,1.386313e+03,1.444231e+03,1.386313e+00,1.444231e+00,1.000000e-09,15,1,false
2,sine,W-SOR,w_sor,w,sor,1.40,mg_sor,cuda,double,8191,15,1.960988e-09,6.127901e-09,1.225589e-08,1.412168e+03,1.480877e+03,1.412168e+00,1.480877e+00,1.000000e-09,15,1,false
2,sine,W-SOR,w_sor,w,sor,1.45,mg_sor,cuda,double,8191,15,2.033790e-09,6.128721e-09,1.225829e-08,1.381411e+03,1.444407e+03,1.381411e+00,1.444407e+00,1.000000e-09,15,1,false
2,sine,W-SOR,w_sor,w,sor,1.50,mg_sor,cuda,double,8191,15,2.595889e-09,6.129404e-09,1.225749e-08,1.392559e+03,1.463345e+03,1.392559e+00,1.463345e+00,1.000000e-09,15,1,false
2,mixed_sine,V-exact,v_exact,v,exact,1.00,mg_exact,cuda,double,8191,10,6.964664e-10,4.558911e-08,9.119478e-08,4.820560e+02,4.931040e+02,4.820560e-01,4.931040e-01,1.000000e-09,15,1,true
2,mixed_sine,V-exact,v_exact,v,exact,1.05,mg_exact,cuda,double,8191,9,6.226467e-10,4.563582e-08,9.128199e-08,4.130510e+02,4.220970e+02,4.130510e-01,4.220970e-01,1.000000e-09,15,1,true
2,mixed_sine,V-exact,v_exact,v,exact,1.10,mg_exact,cuda,double,8191,8,6.874251e-10,4.568851e-08,9.138134e-08,3.382530e+02,3.488640e+02,3.382530e-01,3.488640e-01,1.000000e-09,15,1,true
2,mixed_sine,V-exact,v_exact,v,exact,1.15,mg_exact,cuda,double,8191,8,2.815178e-10,4.572320e-08,9.144654e-08,3.470880e+02,3.565730e+02,3.470880e-01,3.565730e-01,1.000000e-09,15,1,true
2,mixed_sine,V-exact,v_exact,v,exact,1.20,mg_exact,cuda,double,8191,9,7.245742e-10,4.572331e-08,9.144675e-08,3.659890e+02,3.877100e+02,3.659890e-01,3.877100e-01,1.000000e-09,15,1,true
2,mixed_sine,V-exact,v_exact,v,exact,1.25,mg_exact,cuda,double,8191,11,3.605895e-10,4.572328e-08,9.144664e-08,4.241880e+02,4.339330e+02,4.241880e-01,4.339330e-01,1.000000e-09,15,1,true
2,mixed_sine,V-exact,v_exact,v,exact,1.30,mg_exact,cuda,double,8191,12,7.532894e-10,4.572300e-08,9.144657e-08,4.559410e+02,4.657690e+02,4.559410e-01,4.657690e-01,1.000000e-09,15,1,true
2,mixed_sine,V-exact,v_exact,v,exact,1.35,mg_exact,cuda,double,8191,14,4.610604e-10,4.572309e-08,9.144644e-08,4.794260e+02,4.956890e+02,4.794260e-01,4.956890e-01,1.000000e-09,15,1,true
2,mixed_sine,V-exact,v_exact,v,exact,1.40,mg_exact,cuda,double,8191,15,1.107168e-09,4.572392e-08,9.144870e-08,5.352800e+02,5.484570e+02,5.352800e-01,5.484570e-01,1.000000e-09,15,1,false
2,mixed_sine,V-exact,v_exact,v,exact,1.45,mg_exact,cuda,double,8191,15,1.170216e-08,4.573743e-08,9.148799e-08,5.178220e+02,5.272540e+02,5.178220e-01,5.272540e-01,1.000000e-09,15,1,false
2,mixed_sine,V-exact,v_exact,v,exact,1.50,mg_exact,cuda,double,8191,15,1.174447e-07,4.594197e-08,9.204502e-08,5.134810e+02,5.253440e+02,5.134810e-01,5.253440e-01,1.000000e-09,15,1,false
2,mixed_sine,V-SOR,v_sor,v,sor,1.00,mg_sor,cuda,double,8191,10,6.964649e-10,4.558912e-08,9.119471e-08,4.014660e+02,4.117120e+02,4.014660e-01,4.117120e-01,1.000000e-09,15,1,true
2,mixed_sine,V-SOR,v_sor,v,sor,1.05,mg_sor,cuda,double,8191,9,6.225768e-10,4.563583e-08,9.128198e-08,3.763890e+02,3.931540e+02,3.763890e-01,3.931540e-01,1.000000e-09,15,1,true
2,mixed_sine,V-SOR,v_sor,v,sor,1.10,mg_sor,cuda,double,8191,8,6.874722e-10,4.568853e-08,9.138140e-08,4.323160e+02,4.423540e+02,4.323160e-01,4.423540e-01,1.000000e-09,15,1,true
2,mixed_sine,V-SOR,v_sor,v,sor,1.15,mg_sor,cuda,double,8191,8,2.815887e-10,4.572321e-08,9.144656e-08,4.004320e+02,4.100460e+02,4.004320e-01,4.100460e-01,1.000000e-09,15,1,true
2,mixed_sine,V-SOR,v_sor,v,sor,1.20,mg_sor,cuda,double,8191,9,7.245151e-10,4.572330e-08,9.144674e-08,4.083360e+02,4.221360e+02,4.083360e-01,4.221360e-01,1.000000e-09,15,1,true
2,mixed_sine,V-SOR,v_sor,v,sor,1.25,mg_sor,cuda,double,8191,11,3.605614e-10,4.572328e-08,9.144671e-08,4.302160e+02,4.386760e+02,4.302160e-01,4.386760e-01,1.000000e-09,15,1,true
2,mixed_sine,V-SOR,v_sor,v,sor,1.30,mg_sor,cuda,double,8191,12,7.533037e-10,4.572302e-08,9.144673e-08,4.486030e+02,4.599740e+02,4.486030e-01,4.599740e-01,1.000000e-09,15,1,true
2,mixed_sine,V-SOR,v_sor,v,sor,1.35,mg_sor,cuda,double,8191,14,4.610973e-10,4.572309e-08,9.144651e-08,5.083620e+02,5.269260e+02,5.083620e-01,5.269260e-01,1.000000e-09,15,1,true
2,mixed_sine,V-SOR,v_sor,v,sor,1.40,mg_sor,cuda,double,8191,15,1.107221e-09,4.572390e-08,9.144867e-08,5.266190e+02,5.410800e+02,5.266190e-01,5.410800e-01,1.000000e-09,15,1,false
2,mixed_sine,V-SOR,v_sor,v,sor,1.45,mg_sor,cuda,double,8191,15,1.170220e-08,4.573744e-08,9.148791e-08,5.583510e+02,5.679870e+02,5.583510e-01,5.679870e-01,1.000000e-09,15,1,false
2,mixed_sine,V-SOR,v_sor,v,sor,1.50,mg_sor,cuda,double,8191,15,1.174446e-07,4.594196e-08,9.204503e-08,5.415580e+02,5.899080e+02,5.415580e-01,5.899080e-01,1.000000e-09,15,1,false
2,mixed_sine,W-exact,w_exact,w,exact,1.00,mg_exact,cuda,double,8191,2,1.901590e-10,4.572316e-08,9.144639e-08,4.024530e+02,4.959940e+02,4.024530e-01,4.959940e-01,1.000000e-09,15,1,true
2,mixed_sine,W-exact,w_exact,w,exact,1.05,mg_exact,cuda,double,8191,5,2.217628e-10,4.572341e-08,9.144677e-08,7.513760e+02,8.264400e+02,7.513760e-01,8.264400e-01,1.000000e-09,15,1,true
2,mixed_sine,W-exact,w_exact,w,exact,1.10,mg_exact,cuda,double,8191,5,8.640299e-10,4.572329e-08,9.144674e-08,7.782880e+02,8.669560e+02,7.782880e-01,8.669560e-01,1.000000e-09,15,1,true
2,mixed_sine,W-exact,w_exact,w,exact,1.15,mg_exact,cuda,double,8191,6,7.009984e-10,4.572322e-08,9.144644e-08,1.086959e+03,1.183087e+03,1.086959e+00,1.183087e+00,1.000000e-09,15,1,true
2,mixed_sine,W-exact,w_exact,w,exact,1.20,mg_exact,cuda,double,8191,7,6.727851e-10,4.572322e-08,9.144650e-08,9.889630e+02,1.081315e+03,9.889630e-01,1.081315e+00,1.000000e-09,15,1,true
2,mixed_sine,W-exact,w_exact,w,exact,1.25,mg_exact,cuda,double,8191,8,7.621678e-10,4.572347e-08,9.144757e-08,1.124016e+03,1.208980e+03,1.124016e+00,1.208980e+00,1.000000e-09,15,1,true
2,mixed_sine,W-exact,w_exact,w,exact,1.30,mg_exact,cuda,double,8191,10,2.936759e-10,4.572313e-08,9.144639e-08,1.348835e+03,1.419760e+03,1.348835e+00,1.419760e+00,1.000000e-09,15,1,true
2,mixed_sine,W-exact,w_exact,w,exact,1.35,mg_exact,cuda,double,8191,11,3.580599e-10,4.572350e-08,9.144708e-08,1.456830e+03,1.528552e+03,1.456830e+00,1.528552e+00,1.000000e-09,15,1,true
2,mixed_sine,W-exact,w_exact,w,exact,1.40,mg_exact,cuda,double,8191,12,6.147142e-10,4.572324e-08,9.144661e-08,1.602674e+03,1.710718e+03,1.602674e+00,1.710718e+00,1.000000e-09,15,1,true
2,mixed_sine,W-exact,w_exact,w,exact,1.45,mg_exact,cuda,double,8191,14,4.593985e-10,4.572323e-08,9.144647e-08,1.937766e+03,2.042176e+03,1.937766e+00,2.042176e+00,1.000000e-09,15,1,true
2,mixed_sine,W-exact,w_exact,w,exact,1.50,mg_exact,cuda,double,8191,15,1.448400e-09,4.572480e-08,9.144998e-08,1.945515e+03,2.024223e+03,1.945515e+00,2.024223e+00,1.000000e-09,15,1,false
2,mixed_sine,W-SOR,w_sor,w,sor,1.00,mg_sor,cuda,double,8191,2,1.901319e-10,4.572316e-08,9.144642e-08,3.243230e+02,4.357450e+02,3.243230e-01,4.357450e-01,1.000000e-09,15,1,true
2,mixed_sine,W-SOR,w_sor,w,sor,1.05,mg_sor,cuda,double,8191,5,2.217688e-10,4.572342e-08,9.144680e-08,5.678490e+02,6.558840e+02,5.678490e-01,6.558840e-01,1.000000e-09,15,1,true
2,mixed_sine,W-SOR,w_sor,w,sor,1.10,mg_sor,cuda,double,8191,5,8.641004e-10,4.572330e-08,9.144671e-08,5.623040e+02,6.593740e+02,5.623040e-01,6.593740e-01,1.000000e-09,15,1,true
2,mixed_sine,W-SOR,w_sor,w,sor,1.15,mg_sor,cuda,double,8191,6,7.009969e-10,4.572321e-08,9.144644e-08,6.546960e+02,7.328720e+02,6.546960e-01,7.328720e-01,1.000000e-09,15,1,true
2,mixed_sine,W-SOR,w_sor,w,sor,1.20,mg_sor,cuda,double,8191,7,6.727755e-10,4.572323e-08,9.144661e-08,8.218740e+02,9.181080e+02,8.218740e-01,9.181080e-01,1.000000e-09,15,1,true
2,mixed_sine,W-SOR,w_sor,w,sor,1.25,mg_sor,cuda,double,8191,8,7.621207e-10,4.572349e-08,9.144783e-08,8.149320e+02,9.097830e+02,8.149320e-01,9.097830e-01,1.000000e-09,15,1,true
2,mixed_sine,W-SOR,w_sor,w,sor,1.30,mg_sor,cuda,double,8191,10,2.936830e-10,4.572313e-08,9.144634e-08,9.797470e+02,1.052728e+03,9.797470e-01,1.052728e+00,1.000000e-09,15,1,true
2,mixed_sine,W-SOR,w_sor,w,sor,1.35,mg_sor,cuda,double,8191,11,3.579526e-10,4.572351e-08,9.144704e-08,1.045378e+03,1.122727e+03,1.045378e+00,1.122727e+00,1.000000e-09,15,1,true
2,mixed_sine,W-SOR,w_sor,w,sor,1.40,mg_sor,cuda,double,8191,12,6.147653e-10,4.572325e-08,9.144661e-08,1.104784e+03,1.191289e+03,1.104784e+00,1.191289e+00,1.000000e-09,15,1,true
2,mixed_sine,W-SOR,w_sor,w,sor,1.45,mg_sor,cuda,double,8191,14,4.593616e-10,4.572325e-08,9.144657e-08,1.476935e+03,1.568470e+03,1.476935e+00,1.568470e+00,1.000000e-09,15,1,true
2,mixed_sine,W-SOR,w_sor,w,sor,1.50,mg_sor,cuda,double,8191,15,1.448377e-09,4.572480e-08,9.145000e-08,1.351860e+03,1.444841e+03,1.351860e+00,1.444841e+00,1.000000e-09,15,1,false
2,bubble,V-exact,v_exact,v,exact,1.00,mg_exact,cuda,double,8191,11,9.992890e-10,2.493825e-14,4.793388e-14,4.368680e+02,4.473350e+02,4.368680e-01,4.473350e-01,1.000000e-09,15,1,true
2,bubble,V-exact,v_exact,v,exact,1.05,mg_exact,cuda,double,8191,15,1.129286e-09,5.547806e-14,1.906045e-13,5.281390e+02,5.376920e+02,5.281390e-01,5.376920e-01,1.000000e-09,15,1,false
2,bubble,V-exact,v_exact,v,exact,1.10,mg_exact,cuda,double,8191,15,1.240026e-09,3.152049e-14,8.542472e-14,5.333620e+02,5.442570e+02,5.333620e-01,5.442570e-01,1.000000e-09,15,1,false
2,bubble,V-exact,v_exact,v,exact,1.15,mg_exact,cuda,double,8191,15,1.336083e-09,9.862504e-14,2.625955e-13,5.018370e+02,5.129720e+02,5.018370e-01,5.129720e-01,1.000000e-09,15,1,false
2,bubble,V-exact,v_exact,v,exact,1.20,mg_exact,cuda,double,8191,15,1.420748e-09,3.103998e-14,9.014317e-14,5.414090e+02,5.516870e+02,5.414090e-01,5.516870e-01,1.000000e-09,15,1,false
2,bubble,V-exact,v_exact,v,exact,1.25,mg_exact,cuda,double,8191,15,1.549026e-09,1.905954e-14,6.392109e-14,5.378820e+02,5.489300e+02,5.378820e-01,5.489300e-01,1.000000e-09,15,1,false
2,bubble,V-exact,v_exact,v,exact,1.30,mg_exact,cuda,double,8191,15,1.569937e-09,1.363322e-13,2.583905e-13,5.589060e+02,5.680640e+02,5.589060e-01,5.680640e-01,1.000000e-09,15,1,false
2,bubble,V-exact,v_exact,v,exact,1.35,mg_exact,cuda,double,8191,15,1.663237e-09,1.037406e-13,2.722475e-13,5.733830e+02,5.853950e+02,5.733830e-01,5.853950e-01,1.000000e-09,15,1,false
2,bubble,V-exact,v_exact,v,exact,1.40,mg_exact,cuda,double,8191,15,2.116623e-09,1.972654e-13,4.463027e-13,5.513710e+02,5.598820e+02,5.513710e-01,5.598820e-01,1.000000e-09,15,1,false
2,bubble,V-exact,v_exact,v,exact,1.45,mg_exact,cuda,double,8191,15,1.301187e-08,4.632346e-13,8.091756e-13,5.296380e+02,5.436680e+02,5.296380e-01,5.436680e-01,1.000000e-09,15,1,false
2,bubble,V-exact,v_exact,v,exact,1.50,mg_exact,cuda,double,8191,15,1.251667e-07,5.985676e-12,1.116196e-11,5.284860e+02,5.364110e+02,5.284860e-01,5.364110e-01,1.000000e-09,15,1,false
2,bubble,V-SOR,v_sor,v,sor,1.00,mg_sor,cuda,double,8191,11,9.979996e-10,1.779415e-14,3.631123e-14,4.117190e+02,4.204130e+02,4.117190e-01,4.204130e-01,1.000000e-09,15,1,true
2,bubble,V-SOR,v_sor,v,sor,1.05,mg_sor,cuda,double,8191,15,1.128394e-09,5.139706e-14,1.789194e-13,5.019840e+02,5.121040e+02,5.019840e-01,5.121040e-01,1.000000e-09,15,1,false
2,bubble,V-SOR,v_sor,v,sor,1.10,mg_sor,cuda,double,8191,15,1.243283e-09,2.079215e-14,6.256107e-14,5.303860e+02,5.393540e+02,5.303860e-01,5.393540e-01,1.000000e-09,15,1,false
2,bubble,V-SOR,v_sor,v,sor,1.15,mg_sor,cuda,double,8191,15,1.337152e-09,9.348298e-14,2.599934e-13,5.821100e+02,5.942060e+02,5.821100e-01,5.942060e-01,1.000000e-09,15,1,false
2,bubble,V-SOR,v_sor,v,sor,1.20,mg_sor,cuda,double,8191,15,1.420775e-09,1.390770e-14,4.170275e-14,5.371870e+02,5.461690e+02,5.371870e-01,5.461690e-01,1.000000e-09,15,1,false
2,bubble,V-SOR,v_sor,v,sor,1.25,mg_sor,cuda,double,8191,15,1.564442e-09,8.397848e-15,3.183565e-14,5.220610e+02,5.316660e+02,5.220610e-01,5.316660e-01,1.000000e-09,15,1,false
2,bubble,V-SOR,v_sor,v,sor,1.30,mg_sor,cuda,double,8191,15,1.569079e-09,1.432411e-13,2.824269e-13,5.005850e+02,5.094500e+02,5.005850e-01,5.094500e-01,1.000000e-09,15,1,false
2,bubble,V-SOR,v_sor,v,sor,1.35,mg_sor,cuda,double,8191,15,1.661729e-09,9.776859e-14,2.580228e-13,5.790760e+02,5.893810e+02,5.790760e-01,5.893810e-01,1.000000e-09,15,1,false
2,bubble,V-SOR,v_sor,v,sor,1.40,mg_sor,cuda,double,8191,15,2.116744e-09,2.016762e-13,4.572037e-13,5.762110e+02,5.849490e+02,5.762110e-01,5.849490e-01,1.000000e-09,15,1,false
2,bubble,V-SOR,v_sor,v,sor,1.45,mg_sor,cuda,double,8191,15,1.301147e-08,4.636879e-13,8.098158e-13,5.266880e+02,5.381900e+02,5.266880e-01,5.381900e-01,1.000000e-09,15,1,false
2,bubble,V-SOR,v_sor,v,sor,1.50,mg_sor,cuda,double,8191,15,1.251672e-07,5.986260e-12,1.115057e-11,5.274450e+02,5.438540e+02,5.274450e-01,5.438540e-01,1.000000e-09,15,1,false
2,bubble,W-exact,w_exact,w,exact,1.00,mg_exact,cuda,double,8191,7,9.932030e-10,2.196507e-14,6.586398e-14,1.012678e+03,1.075568e+03,1.012678e+00,1.075568e+00,1.000000e-09,15,1,true
2,bubble,W-exact,w_exact,w,exact,1.05,mg_exact,cuda,double,8191,15,1.131481e-09,6.985855e-14,2.173817e-13,2.014640e+03,2.079630e+03,2.014640e+00,2.079630e+00,1.000000e-09,15,1,false
2,bubble,W-exact,w_exact,w,exact,1.10,mg_exact,cuda,double,8191,15,1.238648e-09,4.508664e-14,1.092668e-13,1.992861e+03,2.063951e+03,1.992861e+00,2.063951e+00,1.000000e-09,15,1,false
2,bubble,W-exact,w_exact,w,exact,1.15,mg_exact,cuda,double,8191,15,1.337528e-09,9.338397e-14,2.566281e-13,1.968009e+03,2.039467e+03,1.968009e+00,2.039467e+00,1.000000e-09,15,1,false
2,bubble,W-exact,w_exact,w,exact,1.20,mg_exact,cuda,double,8191,15,1.421266e-09,1.880576e-14,5.827977e-14,1.972407e+03,2.064916e+03,1.972407e+00,2.064916e+00,1.000000e-09,15,1,false
2,bubble,W-exact,w_exact,w,exact,1.25,mg_exact,cuda,double,8191,15,1.558428e-09,1.017157e-14,3.828188e-14,2.046123e+03,2.131070e+03,2.046123e+00,2.131070e+00,1.000000e-09,15,1,false
2,bubble,W-exact,w_exact,w,exact,1.30,mg_exact,cuda,double,8191,15,1.566362e-09,1.311225e-13,2.583003e-13,1.987622e+03,2.053299e+03,1.987622e+00,2.053299e+00,1.000000e-09,15,1,false
2,bubble,W-exact,w_exact,w,exact,1.35,mg_exact,cuda,double,8191,15,1.649261e-09,1.026591e-13,2.670572e-13,1.984945e+03,2.051462e+03,1.984945e+00,2.051462e+00,1.000000e-09,15,1,false
2,bubble,W-exact,w_exact,w,exact,1.40,mg_exact,cuda,double,8191,15,1.728841e-09,2.170975e-13,4.359083e-13,1.992181e+03,2.065387e+03,1.992181e+00,2.065387e+00,1.000000e-09,15,1,false
2,bubble,W-exact,w_exact,w,exact,1.45,mg_exact,cuda,double,8191,15,1.800759e-09,3.116731e-13,7.346068e-13,1.992510e+03,2.050954e+03,1.992510e+00,2.050954e+00,1.000000e-09,15,1,false
2,bubble,W-exact,w_exact,w,exact,1.50,mg_exact,cuda,double,8191,15,2.433363e-09,3.181174e-13,5.727571e-13,1.960915e+03,2.018477e+03,1.960915e+00,2.018477e+00,1.000000e-09,15,1,false
2,bubble,W-SOR,w_sor,w,sor,1.00,mg_sor,cuda,double,8191,7,9.952876e-10,1.544356e-14,5.666995e-14,7.487700e+02,8.124610e+02,7.487700e-01,8.124610e-01,1.000000e-09,15,1,true
2,bubble,W-SOR,w_sor,w,sor,1.05,mg_sor,cuda,double,8191,15,1.129774e-09,5.927657e-14,1.980985e-13,1.413976e+03,1.469478e+03,1.413976e+00,1.469478e+00,1.000000e-09,15,1,false
2,bubble,W-SOR,w_sor,w,sor,1.10,mg_sor,cuda,double,8191,15,1.243427e-09,4.375126e-14,1.066994e-13,1.480284e+03,1.547210e+03,1.480284e+00,1.547210e+00,1.000000e-09,15,1,false
2,bubble,W-SOR,w_sor,w,sor,1.15,mg_sor,cuda,double,8191,15,1.335193e-09,1.054449e-13,2.839257e-13,1.457811e+03,1.541601e+03,1.457811e+00,1.541601e+00,1.000000e-09,15,1,false
2,bubble,W-SOR,w_sor,w,sor,1.20,mg_sor,cuda,double,8191,15,1.414190e-09,1.568424e-14,3.825412e-14,1.387459e+03,1.454697e+03,1.387459e+00,1.454697e+00,1.000000e-09,15,1,false
2,bubble,W-SOR,w_sor,w,sor,1.25,mg_sor,cuda,double,8191,15,1.540076e-09,1.840902e-14,5.719036e-14,1.438657e+03,1.507843e+03,1.438657e+00,1.507843e+00,1.000000e-09,15,1,false
2,bubble,W-SOR,w_sor,w,sor,1.30,mg_sor,cuda,double,8191,15,1.565805e-09,1.245902e-13,2.553097e-13,1.434371e+03,1.498431e+03,1.434371e+00,1.498431e+00,1.000000e-09,15,1,false
2,bubble,W-SOR,w_sor,w,sor,1.35,mg_sor,cuda,double,8191,15,1.648815e-09,9.432017e-14,2.479475e-13,1.438034e+03,1.503537e+03,1.438034e+00,1.503537e+00,1.000000e-09,15,1,false
2,bubble,W-SOR,w_sor,w,sor,1.40,mg_sor,cuda,double,8191,15,1.728931e-09,2.239643e-13,4.581474e-13,1.396530e+03,1.471402e+03,1.396530e+00,1.471402e+00,1.000000e-09,15,1,false
2,bubble,W-SOR,w_sor,w,sor,1.45,mg_sor,cuda,double,8191,15,1.800807e-09,3.181975e-13,7.465070e-13,1.414301e+03,1.499252e+03,1.414301e+00,1.499252e+00,1.000000e-09,15,1,false
2,bubble,W-SOR,w_sor,w,sor,1.50,mg_sor,cuda,double,8191,15,2.432406e-09,3.316160e-13,6.194351e-13,1.469676e+03,1.538082e+03,1.469676e+00,1.538082e+00,1.000000e-09,15,1,false
2,exp,V-exact,v_exact,v,exact,1.00,mg_exact,cuda,double,8191,15,1.256585e-08,2.977551e-10,5.423177e-10,6.684680e+02,6.779080e+02,6.684680e-01,6.779080e-01,1.000000e-09,15,1,false
2,exp,V-exact,v_exact,v,exact,1.05,mg_exact,cuda,double,8191,15,1.368606e-08,2.981349e-10,5.426157e-10,5.367730e+02,5.517050e+02,5.367730e-01,5.517050e-01,1.000000e-09,15,1,false
2,exp,V-exact,v_exact,v,exact,1.10,mg_exact,cuda,double,8191,15,1.468967e-08,2.977476e-10,5.416489e-10,5.300870e+02,5.394110e+02,5.300870e-01,5.394110e-01,1.000000e-09,15,1,false
2,exp,V-exact,v_exact,v,exact,1.15,mg_exact,cuda,double,8191,15,1.567992e-08,3.004896e-10,5.476948e-10,5.290960e+02,5.377160e+02,5.290960e-01,5.377160e-01,1.000000e-09,15,1,false
2,exp,V-exact,v_exact,v,exact,1.20,mg_exact,cuda,double,8191,15,1.663705e-08,2.977769e-10,5.422778e-10,5.334940e+02,5.423630e+02,5.334940e-01,5.423630e-01,1.000000e-09,15,1,false
2,exp,V-exact,v_exact,v,exact,1.25,mg_exact,cuda,double,8191,15,1.833301e-08,2.978874e-10,5.419301e-10,5.478210e+02,5.571570e+02,5.478210e-01,5.571570e-01,1.000000e-09,15,1,false
2,exp,V-exact,v_exact,v,exact,1.30,mg_exact,cuda,double,8191,15,1.143078e-07,3.013200e-10,5.488019e-10,5.520690e+02,5.702160e+02,5.520690e-01,5.702160e-01,1.000000e-09,15,1,false
2,exp,V-exact,v_exact,v,exact,1.35,mg_exact,cuda,double,8191,15,4.511864e-06,2.989231e-10,5.336127e-10,5.313900e+02,5.402260e+02,5.313900e-01,5.402260e-01,1.000000e-09,15,1,false
2,exp,V-exact,v_exact,v,exact,1.40,mg_exact,cuda,double,8191,15,9.601929e-05,4.413798e-10,1.490288e-09,6.769130e+02,6.868270e+02,6.769130e-01,6.868270e-01,1.000000e-09,15,1,false
2,exp,V-exact,v_exact,v,exact,1.45,mg_exact,cuda,double,8191,15,1.337190e-03,4.135717e-09,2.124215e-08,5.437950e+02,5.557420e+02,5.437950e-01,5.557420e-01,1.000000e-09,15,1,false
2,exp,V-exact,v_exact,v,exact,1.50,mg_exact,cuda,double,8191,15,1.381585e-02,4.209760e-08,2.213205e-07,5.514110e+02,5.603210e+02,5.514110e-01,5.603210e-01,1.000000e-09,15,1,false
2,exp,V-SOR,v_sor,v,sor,1.00,mg_sor,cuda,double,8191,15,1.256550e-08,2.971210e-10,5.411778e-10,5.451450e+02,5.580130e+02,5.451450e-01,5.580130e-01,1.000000e-09,15,1,false
2,exp,V-SOR,v_sor,v,sor,1.05,mg_sor,cuda,double,8191,15,1.368684e-08,2.977721e-10,5.418221e-10,5.560430e+02,5.647000e+02,5.560430e-01,5.647000e-01,1.000000e-09,15,1,false
2,exp,V-SOR,v_sor,v,sor,1.10,mg_sor,cuda,double,8191,15,1.468687e-08,2.985822e-10,5.436886e-10,5.519960e+02,5.620720e+02,5.519960e-01,5.620720e-01,1.000000e-09,15,1,false
2,exp,V-SOR,v_sor,v,sor,1.15,mg_sor,cuda,double,8191,15,1.568622e-08,3.006894e-10,5.475722e-10,5.400910e+02,5.579640e+02,5.400910e-01,5.579640e-01,1.000000e-09,15,1,false
2,exp,V-SOR,v_sor,v,sor,1.20,mg_sor,cuda,double,8191,15,1.663775e-08,2.980971e-10,5.428706e-10,5.625280e+02,5.711390e+02,5.625280e-01,5.711390e-01,1.000000e-09,15,1,false
2,exp,V-SOR,v_sor,v,sor,1.25,mg_sor,cuda,double,8191,15,1.832928e-08,2.977034e-10,5.419185e-10,5.411980e+02,5.550720e+02,5.411980e-01,5.550720e-01,1.000000e-09,15,1,false
2,exp,V-SOR,v_sor,v,sor,1.30,mg_sor,cuda,double,8191,15,1.143044e-07,3.009742e-10,5.477090e-10,5.500800e+02,5.609520e+02,5.500800e-01,5.609520e-01,1.000000e-09,15,1,false
2,exp,V-SOR,v_sor,v,sor,1.35,mg_sor,cuda,double,8191,15,4.511864e-06,2.993455e-10,5.345693e-10,5.401990e+02,5.485940e+02,5.401990e-01,5.485940e-01,1.000000e-09,15,1,false
2,exp,V-SOR,v_sor,v,sor,1.40,mg_sor,cuda,double,8191,15,9.601929e-05,4.410707e-10,1.490283e-09,5.996110e+02,6.110700e+02,5.996110e-01,6.110700e-01,1.000000e-09,15,1,false
2,exp,V-SOR,v_sor,v,sor,1.45,mg_sor,cuda,double,8191,15,1.337190e-03,4.135601e-09,2.124217e-08,5.543100e+02,5.666510e+02,5.543100e-01,5.666510e-01,1.000000e-09,15,1,false
2,exp,V-SOR,v_sor,v,sor,1.50,mg_sor,cuda,double,8191,15,1.381585e-02,4.209748e-08,2.213205e-07,5.565940e+02,5.653090e+02,5.565940e-01,5.653090e-01,1.000000e-09,15,1,false
2,exp,W-exact,w_exact,w,exact,1.00,mg_exact,cuda,double,8191,15,1.258197e-08,2.972343e-10,5.409762e-10,1.982305e+03,2.052290e+03,1.982305e+00,2.052290e+00,1.000000e-09,15,1,false
2,exp,W-exact,w_exact,w,exact,1.05,mg_exact,cuda,double,8191,15,1.369904e-08,2.980342e-10,5.425451e-10,1.967371e+03,2.085046e+03,1.967371e+00,2.085046e+00,1.000000e-09,15,1,false
2,exp,W-exact,w_exact,w,exact,1.10,mg_exact,cuda,double,8191,15,1.469688e-08,2.981537e-10,5.425287e-10,1.986493e+03,2.062700e+03,1.986493e+00,2.062700e+00,1.000000e-09,15,1,false
2,exp,W-exact,w_exact,w,exact,1.15,mg_exact,cuda,double,8191,15,1.567334e-08,3.008409e-10,5.481318e-10,2.004941e+03,2.076116e+03,2.004941e+00,2.076116e+00,1.000000e-09,15,1,false
2,exp,W-exact,w_exact,w,exact,1.20,mg_exact,cuda,double,8191,15,1.661193e-08,2.980131e-10,5.423275e-10,1.988180e+03,2.091341e+03,1.988180e+00,2.091341e+00,1.000000e-09,15,1,false
2,exp,W-exact,w_exact,w,exact,1.25,mg_exact,cuda,double,8191,15,1.824760e-08,2.976668e-10,5.415810e-10,2.000763e+03,2.071684e+03,2.000763e+00,2.071684e+00,1.000000e-09,15,1,false
2,exp,W-exact,w_exact,w,exact,1.30,mg_exact,cuda,double,8191,15,1.886281e-08,3.017011e-10,5.493628e-10,2.022646e+03,2.099227e+03,2.022646e+00,2.099227e+00,1.000000e-09,15,1,false
2,exp,W-exact,w_exact,w,exact,1.35,mg_exact,cuda,double,8191,15,1.955246e-07,2.961727e-10,5.378942e-10,1.985343e+03,2.106516e+03,1.985343e+00,2.106516e+00,1.000000e-09,15,1,false
2,exp,W-exact,w_exact,w,exact,1.40,mg_exact,cuda,double,8191,15,5.512462e-06,2.978047e-10,5.418603e-10,2.020139e+03,2.081872e+03,2.020139e+00,2.081872e+00,1.000000e-09,15,1,false
2,exp,W-exact,w_exact,w,exact,1.45,mg_exact,cuda,double,8191,15,1.064328e-04,2.959807e-10,5.825687e-10,2.004663e+03,2.068830e+03,2.004663e+00,2.068830e+00,1.000000e-09,15,1,false
2,exp,W-exact,w_exact,w,exact,1.50,mg_exact,cuda,double,8191,15,1.592599e-03,3.163614e-10,9.142988e-09,2.034939e+03,2.156210e+03,2.034939e+00,2.156210e+00,1.000000e-09,15,1,false
2,exp,W-SOR,w_sor,w,sor,1.00,mg_sor,cuda,double,8191,15,1.258129e-08,2.968776e-10,5.407248e-10,1.452352e+03,1.528998e+03,1.452352e+00,1.528998e+00,1.000000e-09,15,1,false
2,exp,W-SOR,w_sor,w,sor,1.05,mg_sor,cuda,double,8191,15,1.370385e-08,2.977357e-10,5.417244e-10,1.450864e+03,1.525495e+03,1.450864e+00,1.525495e+00,1.000000e-09,15,1,false
2,exp,W-SOR,w_sor,w,sor,1.10,mg_sor,cuda,double,8191,15,1.469129e-08,2.983301e-10,5.430452e-10,1.448988e+03,1.525116e+03,1.448988e+00,1.525116e+00,1.000000e-09,15,1,false
2,exp,W-SOR,w_sor,w,sor,1.15,mg_sor,cuda,double,8191,15,1.567069e-08,3.007863e-10,5.479346e-10,1.451390e+03,1.523671e+03,1.451390e+00,1.523671e+00,1.000000e-09,15,1,false
2,exp,W-SOR,w_sor,w,sor,1.20,mg_sor,cuda,double,8191,15,1.661411e-08,2.976303e-10,5.415606e-10,1.461990e+03,1.532141e+03,1.461990e+00,1.532141e+00,1.000000e-09,15,1,false
2,exp,W-SOR,w_sor,w,sor,1.25,mg_sor,cuda,double,8191,15,1.824861e-08,2.977026e-10,5.416458e-10,1.445959e+03,1.524696e+03,1.445959e+00,1.524696e+00,1.000000e-09,15,1,false
2,exp,W-SOR,w_sor,w,sor,1.30,mg_sor,cuda,double,8191,15,1.885565e-08,3.017107e-10,5.494969e-10,1.429594e+03,1.533026e+03,1.429594e+00,1.533026e+00,1.000000e-09,15,1,false
2,exp,W-SOR,w_sor,w,sor,1.35,mg_sor,cuda,double,8191,15,1.955291e-07,2.958681e-10,5.377125e-10,1.402648e+03,1.465981e+03,1.402648e+00,1.465981e+00,1.000000e-09,15,1,false
2,exp,W-SOR,w_sor,w,sor,1.40,mg_sor,cuda,double,8191,15,5.512466e-06,2.974438e-10,5.410050e-10,1.402380e+03,1.465169e+03,1.402380e+00,1.465169e+00,1.000000e-09,15,1,false
2,exp,W-SOR,w_sor,w,sor,1.45,mg_sor,cuda,double,8191,15,1.064328e-04,2.961728e-10,5.825687e-10,1.448659e+03,1.523056e+03,1.448659e+00,1.523056e+00,1.000000e-09,15,1,false
2,exp,W-SOR,w_sor,w,sor,1.50,mg_sor,cuda,double,8191,15,1.592599e-03,3.163941e-10,9.142989e-09,1.418677e+03,1.491178e+03,1.418677e+00,1.491178e+00,1.000000e-09,15,1,false
2,cosine,V-exact,v_exact,v,exact,1.00,mg_exact,cuda,double,8191,15,1.233529e-09,1.136601e-09,2.209253e-09,5.181700e+02,5.398820e+02,5.181700e-01,5.398820e-01,1.000000e-09,15,1,false
2,cosine,V-exact,v_exact,v,exact,1.05,mg_exact,cuda,double,8191,15,1.365501e-09,1.136605e-09,2.209211e-09,5.306580e+02,5.396680e+02,5.306580e-01,5.396680e-01,1.000000e-09,15,1,false
2,cosine,V-exact,v_exact,v,exact,1.10,mg_exact,cuda,double,8191,15,1.472618e-09,1.136638e-09,2.209285e-09,5.218020e+02,5.335890e+02,5.218020e-01,5.335890e-01,1.000000e-09,15,1,false
2,cosine,V-exact,v_exact,v,exact,1.15,mg_exact,cuda,double,8191,15,1.566425e-09,1.136738e-09,2.209421e-09,5.216660e+02,5.364460e+02,5.216660e-01,5.364460e-01,1.000000e-09,15,1,false
2,cosine,V-exact,v_exact,v,exact,1.20,mg_exact,cuda,double,8191,15,1.648704e-09,1.136605e-09,2.209196e-09,5.706330e+02,5.807260e+02,5.706330e-01,5.807260e-01,1.000000e-09,15,1,false
2,cosine,V-exact,v_exact,v,exact,1.25,mg_exact,cuda,double,8191,15,1.800415e-09,1.136599e-09,2.209199e-09,5.236140e+02,5.329490e+02,5.236140e-01,5.329490e-01,1.000000e-09,15,1,false
2,cosine,V-exact,v_exact,v,exact,1.30,mg_exact,cuda,double,8191,15,1.416095e-08,1.136738e-09,2.209426e-09,5.789630e+02,5.925220e+02,5.789630e-01,5.925220e-01,1.000000e-09,15,1,false
2,cosine,V-exact,v_exact,v,exact,1.35,mg_exact,cuda,double,8191,15,5.622371e-07,1.137109e-09,2.209412e-09,5.495980e+02,5.584890e+02,5.495980e-01,5.584890e-01,1.000000e-09,15,1,false
2,cosine,V-exact,v_exact,v,exact,1.40,mg_exact,cuda,double,8191,15,1.196981e-05,1.149249e-09,2.216204e-09,5.143750e+02,5.229540e+02,5.143750e-01,5.229540e-01,1.000000e-09,15,1,false
2,cosine,V-exact,v_exact,v,exact,1.45,mg_exact,cuda,double,8191,15,1.667532e-04,1.416083e-09,3.020943e-09,5.246920e+02,5.346380e+02,5.246920e-01,5.346380e-01,1.000000e-09,15,1,false
2,cosine,V-exact,v_exact,v,exact,1.50,mg_exact,cuda,double,8191,15,1.723461e-03,6.158498e-09,3.118549e-08,5.283650e+02,5.381220e+02,5.283650e-01,5.381220e-01,1.000000e-09,15,1,false
2,cosine,V-SOR,v_sor,v,sor,1.00,mg_sor,cuda,double,8191,15,1.233826e-09,1.136593e-09,2.209166e-09,5.842320e+02,5.938950e+02,5.842320e-01,5.938950e-01,1.000000e-09,15,1,false
2,cosine,V-SOR,v_sor,v,sor,1.05,mg_sor,cuda,double,8191,15,1.365637e-09,1.136588e-09,2.209211e-09,5.243970e+02,5.332820e+02,5.243970e-01,5.332820e-01,1.000000e-09,15,1,false
2,cosine,V-SOR,v_sor,v,sor,1.10,mg_sor,cuda,double,8191,15,1.473194e-09,1.136641e-09,2.209307e-09,5.257480e+02,5.345540e+02,5.257480e-01,5.345540e-01,1.000000e-09,15,1,false
2,cosine,V-SOR,v_sor,v,sor,1.15,mg_sor,cuda,double,8191,15,1.566686e-09,1.136732e-09,2.209444e-09,5.098160e+02,5.353710e+02,5.098160e-01,5.353710e-01,1.000000e-09,15,1,false
2,cosine,V-SOR,v_sor,v,sor,1.20,mg_sor,cuda,double,8191,15,1.648935e-09,1.136608e-09,2.209231e-09,5.262400e+02,5.427740e+02,5.262400e-01,5.427740e-01,1.000000e-09,15,1,false
2,cosine,V-SOR,v_sor,v,sor,1.25,mg_sor,cuda,double,8191,15,1.800851e-09,1.136626e-09,2.209262e-09,6.223860e+02,6.371080e+02,6.223860e-01,6.371080e-01,1.000000e-09,15,1,false
2,cosine,V-SOR,v_sor,v,sor,1.30,mg_sor,cuda,double,8191,15,1.416088e-08,1.136751e-09,2.209483e-09,5.204800e+02,5.326440e+02,5.204800e-01,5.326440e-01,1.000000e-09,15,1,false
2,cosine,V-SOR,v_sor,v,sor,1.35,mg_sor,cuda,double,8191,15,5.622368e-07,1.137100e-09,2.209454e-09,5.157560e+02,5.286510e+02,5.157560e-01,5.286510e-01,1.000000e-09,15,1,false
2,cosine,V-SOR,v_sor,v,sor,1.40,mg_sor,cuda,double,8191,15,1.196981e-05,1.149230e-09,2.216226e-09,5.183270e+02,5.307840e+02,5.183270e-01,5.307840e-01,1.000000e-09,15,1,false
2,cosine,V-SOR,v_sor,v,sor,1.45,mg_sor,cuda,double,8191,15,1.667532e-04,1.416075e-09,3.020946e-09,5.184550e+02,5.309160e+02,5.184550e-01,5.309160e-01,1.000000e-09,15,1,false
2,cosine,V-SOR,v_sor,v,sor,1.50,mg_sor,cuda,double,8191,15,1.723461e-03,6.158497e-09,3.118548e-08,5.143470e+02,5.362770e+02,5.143470e-01,5.362770e-01,1.000000e-09,15,1,false
2,cosine,W-exact,w_exact,w,exact,1.00,mg_exact,cuda,double,8191,15,1.234531e-09,1.136602e-09,2.209205e-09,1.982540e+03,2.037635e+03,1.982540e+00,2.037635e+00,1.000000e-09,15,1,false
2,cosine,W-exact,w_exact,w,exact,1.05,mg_exact,cuda,double,8191,15,1.366152e-09,1.136606e-09,2.209259e-09,1.992581e+03,2.049888e+03,1.992581e+00,2.049888e+00,1.000000e-09,15,1,false
2,cosine,W-exact,w_exact,w,exact,1.10,mg_exact,cuda,double,8191,15,1.473349e-09,1.136617e-09,2.209168e-09,2.024542e+03,2.090836e+03,2.024542e+00,2.090836e+00,1.000000e-09,15,1,false
2,cosine,W-exact,w_exact,w,exact,1.15,mg_exact,cuda,double,8191,15,1.565378e-09,1.136734e-09,2.209408e-09,2.051287e+03,2.106968e+03,2.051287e+00,2.106968e+00,1.000000e-09,15,1,false
2,cosine,W-exact,w_exact,w,exact,1.20,mg_exact,cuda,double,8191,15,1.647159e-09,1.136599e-09,2.209196e-09,2.020699e+03,2.079284e+03,2.020699e+00,2.079284e+00,1.000000e-09,15,1,false
2,cosine,W-exact,w_exact,w,exact,1.25,mg_exact,cuda,double,8191,15,1.792738e-09,1.136589e-09,2.209164e-09,1.998974e+03,2.065015e+03,1.998974e+00,2.065015e+00,1.000000e-09,15,1,false
2,cosine,W-exact,w_exact,w,exact,1.30,mg_exact,cuda,double,8191,15,1.854052e-09,1.136746e-09,2.209451e-09,2.046042e+03,2.146295e+03,2.046042e+00,2.146295e+00,1.000000e-09,15,1,false
2,cosine,W-exact,w_exact,w,exact,1.35,mg_exact,cuda,double,8191,15,2.439661e-08,1.136528e-09,2.209097e-09,1.999950e+03,2.084526e+03,1.999950e+00,2.084526e+00,1.000000e-09,15,1,false
2,cosine,W-exact,w_exact,w,exact,1.40,mg_exact,cuda,double,8191,15,6.892110e-07,1.136576e-09,2.209184e-09,1.998469e+03,2.055734e+03,1.998469e+00,2.055734e+00,1.000000e-09,15,1,false
2,cosine,W-exact,w_exact,w,exact,1.45,mg_exact,cuda,double,8191,15,1.330749e-05,1.136639e-09,2.209263e-09,1.989267e+03,2.073824e+03,1.989267e+00,2.073824e+00,1.000000e-09,15,1,false
2,cosine,W-exact,w_exact,w,exact,1.50,mg_exact,cuda,double,8191,15,1.991303e-04,1.137420e-09,2.210448e-09,1.996638e+03,2.061413e+03,1.996638e+00,2.061413e+00,1.000000e-09,15,1,false
2,cosine,W-SOR,w_sor,w,sor,1.00,mg_sor,cuda,double,8191,15,1.234515e-09,1.136601e-09,2.209301e-09,1.507078e+03,1.601098e+03,1.507078e+00,1.601098e+00,1.000000e-09,15,1,false
2,cosine,W-SOR,w_sor,w,sor,1.05,mg_sor,cuda,double,8191,15,1.366222e-09,1.136615e-09,2.209270e-09,1.373285e+03,1.431566e+03,1.373285e+00,1.431566e+00,1.000000e-09,15,1,false
2,cosine,W-SOR,w_sor,w,sor,1.10,mg_sor,cuda,double,8191,15,1.473401e-09,1.136634e-09,2.209262e-09,1.435576e+03,1.495953e+03,1.435576e+00,1.495953e+00,1.000000e-09,15,1,false
2,cosine,W-SOR,w_sor,w,sor,1.15,mg_sor,cuda,double,8191,15,1.565736e-09,1.136746e-09,2.209432e-09,1.387081e+03,1.446813e+03,1.387081e+00,1.446813e+00,1.000000e-09,15,1,false
2,cosine,W-SOR,w_sor,w,sor,1.20,mg_sor,cuda,double,8191,15,1.646359e-09,1.136608e-09,2.209248e-09,1.368379e+03,1.424321e+03,1.368379e+00,1.424321e+00,1.000000e-09,15,1,false
2,cosine,W-SOR,w_sor,w,sor,1.25,mg_sor,cuda,double,8191,15,1.792623e-09,1.136590e-09,2.209166e-09,1.426074e+03,1.487555e+03,1.426074e+00,1.487555e+00,1.000000e-09,15,1,false
2,cosine,W-SOR,w_sor,w,sor,1.30,mg_sor,cuda,double,8191,15,1.853925e-09,1.136752e-09,2.209512e-09,1.471830e+03,1.566232e+03,1.471830e+00,1.566232e+00,1.000000e-09,15,1,false
2,cosine,W-SOR,w_sor,w,sor,1.35,mg_sor,cuda,double,8191,15,2.439659e-08,1.136520e-09,2.209073e-09,1.452719e+03,1.524589e+03,1.452719e+00,1.524589e+00,1.000000e-09,15,1,false
2,cosine,W-SOR,w_sor,w,sor,1.40,mg_sor,cuda,double,8191,15,6.892115e-07,1.136588e-09,2.209250e-09,1.428575e+03,1.491075e+03,1.428575e+00,1.491075e+00,1.000000e-09,15,1,false
2,cosine,W-SOR,w_sor,w,sor,1.45,mg_sor,cuda,double,8191,15,1.330749e-05,1.136639e-09,2.209210e-09,1.407372e+03,1.467466e+03,1.407372e+00,1.467466e+00,1.000000e-09,15,1,false
2,cosine,W-SOR,w_sor,w,sor,1.50,mg_sor,cuda,double,8191,15,1.991303e-04,1.137417e-09,2.210388e-09,1.468957e+03,1.529028e+03,1.468957e+00,1.529028e+00,1.000000e-09,15,1,false
2,sine,V-exact,v_exact,v,exact,1.00,mg_exact,cuda,double,8191,15,1.146265e-09,6.127875e-09,1.225571e-08,7.215190e+02,7.321990e+02,7.215190e-01,7.321990e-01,1.000000e-09,15,2,false
2,sine,V-exact,v_exact,v,exact,1.05,mg_exact,cuda,double,8191,15,1.250872e-09,6.127367e-09,1.225403e-08,8.329010e+02,8.422730e+02,8.329010e-01,8.422730e-01,1.000000e-09,15,2,false
2,sine,V-exact,v_exact,v,exact,1.10,mg_exact,cuda,double,8191,15,1.341740e-09,6.127870e-09,1.225571e-08,7.671970e+02,7.760730e+02,7.671970e-01,7.760730e-01,1.000000e-09,15,2,false
2,sine,V-exact,v_exact,v,exact,1.15,mg_exact,cuda,double,8191,15,1.423030e-09,6.129078e-09,1.225878e-08,7.310110e+02,7.509220e+02,7.310110e-01,7.509220e-01,1.000000e-09,15,2,false
2,sine,V-exact,v_exact,v,exact,1.20,mg_exact,cuda,double,8191,15,1.496285e-09,6.127849e-09,1.225567e-08,7.198100e+02,7.277830e+02,7.198100e-01,7.277830e-01,1.000000e-09,15,2,false
2,sine,V-exact,v_exact,v,exact,1.25,mg_exact,cuda,double,8191,15,1.603988e-09,6.128008e-09,1.225602e-08,7.302270e+02,7.411270e+02,7.302270e-01,7.411270e-01,1.000000e-09,15,2,false
2,sine,V-exact,v_exact,v,exact,1.30,mg_exact,cuda,double,8191,15,1.656828e-09,6.129110e-09,1.225855e-08,7.336250e+02,7.426700e+02,7.336250e-01,7.426700e-01,1.000000e-09,15,2,false
2,sine,V-exact,v_exact,v,exact,1.35,mg_exact,cuda,double,8191,15,1.754012e-09,6.126850e-09,1.225305e-08,7.896720e+02,8.137140e+02,7.896720e-01,8.137140e-01,1.000000e-09,15,2,false
2,sine,V-exact,v_exact,v,exact,1.40,mg_exact,cuda,double,8191,15,1.864527e-09,6.127790e-09,1.225562e-08,7.554600e+02,7.644470e+02,7.554600e-01,7.644470e-01,1.000000e-09,15,2,false
2,sine,V-exact,v_exact,v,exact,1.45,mg_exact,cuda,double,8191,15,1.934385e-09,6.128736e-09,1.225832e-08,7.906160e+02,8.016420e+02,7.906160e-01,8.016420e-01,1.000000e-09,15,2,false
2,sine,V-exact,v_exact,v,exact,1.50,mg_exact,cuda,double,8191,15,2.187856e-09,6.127928e-09,1.225587e-08,7.248190e+02,7.389310e+02,7.248190e-01,7.389310e-01,1.000000e-09,15,2,false
2,sine,V-SOR,v_sor,v,sor,1.00,mg_sor,cuda,double,8191,15,1.146492e-09,6.127834e-09,1.225568e-08,7.441650e+02,7.531270e+02,7.441650e-01,7.531270e-01,1.000000e-09,15,2,false
2,sine,V-SOR,v_sor,v,sor,1.05,mg_sor,cuda,double,8191,15,1.250889e-09,6.127391e-09,1.225412e-08,7.476950e+02,7.637070e+02,7.476950e-01,7.637070e-01,1.000000e-09,15,2,false
2,sine,V-SOR,v_sor,v,sor,1.10,mg_sor,cuda,double,8191,15,1.341906e-09,6.127930e-09,1.225587e-08,8.167200e+02,8.262730e+02,8.167200e-01,8.262730e-01,1.000000e-09,15,2,false
2,sine,V-SOR,v_sor,v,sor,1.15,mg_sor,cuda,double,8191,15,1.422905e-09,6.129078e-09,1.225878e-08,7.259110e+02,7.364340e+02,7.259110e-01,7.364340e-01,1.000000e-09,15,2,false
2,sine,V-SOR,v_sor,v,sor,1.20,mg_sor,cuda,double,8191,15,1.496451e-09,6.127937e-09,1.225578e-08,7.265080e+02,7.351580e+02,7.265080e-01,7.351580e-01,1.000000e-09,15,2,false
2,sine,V-SOR,v_sor,v,sor,1.25,mg_sor,cuda,double,8191,15,1.603845e-09,6.127904e-09,1.225573e-08,7.444410e+02,7.532490e+02,7.444410e-01,7.532490e-01,1.000000e-09,15,2,false
2,sine,V-SOR,v_sor,v,sor,1.30,mg_sor,cuda,double,8191,15,1.656794e-09,6.129111e-09,1.225862e-08,7.468780e+02,7.554600e+02,7.468780e-01,7.554600e-01,1.000000e-09,15,2,false
2,sine,V-SOR,v_sor,v,sor,1.35,mg_sor,cuda,double,8191,15,1.754568e-09,6.126894e-09,1.225303e-08,7.323900e+02,7.425300e+02,7.323900e-01,7.425300e-01,1.000000e-09,15,2,false
2,sine,V-SOR,v_sor,v,sor,1.40,mg_sor,cuda,double,8191,15,1.864436e-09,6.127743e-09,1.225555e-08,7.474620e+02,7.566220e+02,7.474620e-01,7.566220e-01,1.000000e-09,15,2,false
2,sine,V-SOR,v_sor,v,sor,1.45,mg_sor,cuda,double,8191,15,1.934607e-09,6.128716e-09,1.225835e-08,7.270330e+02,7.450630e+02,7.270330e-01,7.450630e-01,1.000000e-09,15,2,false
2,sine,V-SOR,v_sor,v,sor,1.50,mg_sor,cuda,double,8191,15,2.187702e-09,6.127822e-09,1.225564e-08,7.202190e+02,7.307070e+02,7.202190e-01,7.307070e-01,1.000000e-09,15,2,false
2,sine,W-exact,w_exact,w,exact,1.00,mg_exact,cuda,double,8191,15,1.146996e-09,6.127859e-09,1.225573e-08,2.356448e+03,2.418833e+03,2.356448e+00,2.418833e+00,1.000000e-09,15,2,false
2,sine,W-exact,w_exact,w,exact,1.05,mg_exact,cuda,double,8191,15,1.251164e-09,6.127320e-09,1.225392e-08,2.381206e+03,2.448009e+03,2.381206e+00,2.448009e+00,1.000000e-09,15,2,false
2,sine,W-exact,w_exact,w,exact,1.10,mg_exact,cuda,double,8191,15,1.342037e-09,6.127918e-09,1.225584e-08,2.437751e+03,2.521306e+03,2.437751e+00,2.521306e+00,1.000000e-09,15,2,false
2,sine,W-exact,w_exact,w,exact,1.15,mg_exact,cuda,double,8191,15,1.423081e-09,6.129059e-09,1.225874e-08,2.383478e+03,2.449729e+03,2.383478e+00,2.449729e+00,1.000000e-09,15,2,false
2,sine,W-exact,w_exact,w,exact,1.20,mg_exact,cuda,double,8191,15,1.496480e-09,6.127887e-09,1.225568e-08,2.379537e+03,2.489369e+03,2.379537e+00,2.489369e+00,1.000000e-09,15,2,false
2,sine,W-exact,w_exact,w,exact,1.25,mg_exact,cuda,double,8191,15,1.603089e-09,6.127855e-09,1.225567e-08,2.347772e+03,2.413008e+03,2.347772e+00,2.413008e+00,1.000000e-09,15,2,false
2,sine,W-exact,w_exact,w,exact,1.30,mg_exact,cuda,double,8191,15,1.655994e-09,6.129067e-09,1.225848e-08,2.357120e+03,2.424053e+03,2.357120e+00,2.424053e+00,1.000000e-09,15,2,false
2,sine,W-exact,w_exact,w,exact,1.35,mg_exact,cuda,double,8191,15,1.752816e-09,6.126982e-09,1.225326e-08,2.358021e+03,2.428360e+03,2.358021e+00,2.428360e+00,1.000000e-09,15,2,false
2,sine,W-exact,w_exact,w,exact,1.40,mg_exact,cuda,double,8191,15,1.861804e-09,6.127828e-09,1.225576e-08,2.344492e+03,2.406195e+03,2.344492e+00,2.406195e+00,1.000000e-09,15,2,false
2,sine,W-exact,w_exact,w,exact,1.45,mg_exact,cuda,double,8191,15,1.930210e-09,6.128828e-09,1.225856e-08,2.362568e+03,2.458831e+03,2.362568e+00,2.458831e+00,1.000000e-09,15,2,false
2,sine,W-exact,w_exact,w,exact,1.50,mg_exact,cuda,double,8191,15,2.184240e-09,6.127868e-09,1.225578e-08,2.340023e+03,2.439174e+03,2.340023e+00,2.439174e+00,1.000000e-09,15,2,false
2,sine,W-SOR,w_sor,w,sor,1.00,mg_sor,cuda,double,8191,15,1.146688e-09,6.127872e-09,1.225573e-08,1.770347e+03,1.843846e+03,1.770347e+00,1.843846e+00,1.000000e-09,15,2,false
2,sine,W-SOR,w_sor,w,sor,1.05,mg_sor,cuda,double,8191,15,1.251488e-09,6.127421e-09,1.225421e-08,1.792071e+03,1.879869e+03,1.792071e+00,1.879869e+00,1.000000e-09,15,2,false
2,sine,W-SOR,w_sor,w,sor,1.10,mg_sor,cuda,double,8191,15,1.342151e-09,6.127833e-09,1.225561e-08,1.780188e+03,1.847157e+03,1.780188e+00,1.847157e+00,1.000000e-09,15,2,false
2,sine,W-SOR,w_sor,w,sor,1.15,mg_sor,cuda,double,8191,15,1.422645e-09,6.129084e-09,1.225883e-08,1.827511e+03,1.952789e+03,1.827511e+00,1.952789e+00,1.000000e-09,15,2,false
2,sine,W-SOR,w_sor,w,sor,1.20,mg_sor,cuda,double,8191,15,1.496421e-09,6.127863e-09,1.225572e-08,1.727757e+03,1.801919e+03,1.727757e+00,1.801919e+00,1.000000e-09,15,2,false
2,sine,W-SOR,w_sor,w,sor,1.25,mg_sor,cuda,double,8191,15,1.603361e-09,6.127803e-09,1.225552e-08,1.740119e+03,1.812307e+03,1.740119e+00,1.812307e+00,1.000000e-09,15,2,false
2,sine,W-SOR,w_sor,w,sor,1.30,mg_sor,cuda,double,8191,15,1.655679e-09,6.129115e-09,1.225858e-08,1.736619e+03,1.849810e+03,1.736619e+00,1.849810e+00,1.000000e-09,15,2,false
2,sine,W-SOR,w_sor,w,sor,1.35,mg_sor,cuda,double,8191,15,1.752868e-09,6.126979e-09,1.225326e-08,1.761858e+03,1.838891e+03,1.761858e+00,1.838891e+00,1.000000e-09,15,2,false
2,sine,W-SOR,w_sor,w,sor,1.40,mg_sor,cuda,double,8191,15,1.861437e-09,6.127848e-09,1.225580e-08,1.774213e+03,1.863161e+03,1.774213e+00,1.863161e+00,1.000000e-09,15,2,false
2,sine,W-SOR,w_sor,w,sor,1.45,mg_sor,cuda,double,8191,15,1.930790e-09,6.128829e-09,1.225858e-08,1.769546e+03,1.866502e+03,1.769546e+00,1.866502e+00,1.000000e-09,15,2,false
2,sine,W-SOR,w_sor,w,sor,1.50,mg_sor,cuda,double,8191,15,2.185165e-09,6.127858e-09,1.225576e-08,1.735489e+03,1.846574e+03,1.735489e+00,1.846574e+00,1.000000e-09,15,2,false
2,mixed_sine,V-exact,v_exact,v,exact,1.00,mg_exact,cuda,double,8191,8,2.745858e-10,4.565054e-08,9.130134e-08,4.999120e+02,5.091820e+02,4.999120e-01,5.091820e-01,1.000000e-09,15,2,true
2,mixed_sine,V-exact,v_exact,v,exact,1.05,mg_exact,cuda,double,8191,7,7.303015e-10,4.549061e-08,9.098130e-08,4.457920e+02,4.555060e+02,4.457920e-01,4.555060e-01,1.000000e-09,15,2,true
2,mixed_sine,V-exact,v_exact,v,exact,1.10,mg_exact,cuda,double,8191,7,2.360114e-10,4.569900e-08,9.139806e-08,4.474170e+02,4.591780e+02,4.474170e-01,4.591780e-01,1.000000e-09,15,2,true
2,mixed_sine,V-exact,v_exact,v,exact,1.15,mg_exact,cuda,double,8191,6,2.762961e-10,4.569031e-08,9.138063e-08,4.041320e+02,4.190810e+02,4.041320e-01,4.190810e-01,1.000000e-09,15,2,true
2,mixed_sine,V-exact,v_exact,v,exact,1.20,mg_exact,cuda,double,8191,5,3.122623e-10,4.572076e-08,9.144147e-08,3.676250e+02,3.761400e+02,3.676250e-01,3.761400e-01,1.000000e-09,15,2,true
2,mixed_sine,V-exact,v_exact,v,exact,1.25,mg_exact,cuda,double,8191,6,4.546613e-10,4.572250e-08,9.144669e-08,4.130770e+02,4.348120e+02,4.130770e-01,4.348120e-01,1.000000e-09,15,2,true
2,mixed_sine,V-exact,v_exact,v,exact,1.30,mg_exact,cuda,double,8191,7,5.258427e-10,4.573104e-08,9.146230e-08,4.775690e+02,4.923960e+02,4.775690e-01,4.923960e-01,1.000000e-09,15,2,true
2,mixed_sine,V-exact,v_exact,v,exact,1.35,mg_exact,cuda,double,8191,8,5.793017e-10,4.570677e-08,9.141677e-08,4.715480e+02,4.796220e+02,4.715480e-01,4.796220e-01,1.000000e-09,15,2,true
2,mixed_sine,V-exact,v_exact,v,exact,1.40,mg_exact,cuda,double,8191,9,6.719704e-10,4.574993e-08,9.150024e-08,5.143020e+02,5.282800e+02,5.143020e-01,5.282800e-01,1.000000e-09,15,2,true
2,mixed_sine,V-exact,v_exact,v,exact,1.45,mg_exact,cuda,double,8191,10,8.770482e-10,4.567829e-08,9.136171e-08,5.476500e+02,5.562260e+02,5.476500e-01,5.562260e-01,1.000000e-09,15,2,true
2,mixed_sine,V-exact,v_exact,v,exact,1.50,mg_exact,cuda,double,8191,12,3.994200e-10,4.571183e-08,9.142489e-08,6.549970e+02,6.638070e+02,6.549970e-01,6.638070e-01,1.000000e-09,15,2,true
2,mixed_sine,V-SOR,v_sor,v,sor,1.00,mg_sor,cuda,double,8191,8,2.745737e-10,4.565054e-08,9.130133e-08,5.366720e+02,5.555380e+02,5.366720e-01,5.555380e-01,1.000000e-09,15,2,true
2,mixed_sine,V-SOR,v_sor,v,sor,1.05,mg_sor,cuda,double,8191,7,7.302988e-10,4.549061e-08,9.098123e-08,4.420640e+02,4.509060e+02,4.420640e-01,4.509060e-01,1.000000e-09,15,2,true
2,mixed_sine,V-SOR,v_sor,v,sor,1.10,mg_sor,cuda,double,8191,7,2.359732e-10,4.569899e-08,9.139816e-08,4.593770e+02,4.713910e+02,4.593770e-01,4.713910e-01,1.000000e-09,15,2,true
2,mixed_sine,V-SOR,v_sor,v,sor,1.15,mg_sor,cuda,double,8191,6,2.762242e-10,4.569032e-08,9.138083e-08,3.993820e+02,4.198940e+02,3.993820e-01,4.198940e-01,1.000000e-09,15,2,true
2,mixed_sine,V-SOR,v_sor,v,sor,1.20,mg_sor,cuda,double,8191,5,3.123157e-10,4.572076e-08,9.144150e-08,3.610170e+02,3.703110e+02,3.610170e-01,3.703110e-01,1.000000e-09,15,2,true
2,mixed_sine,V-SOR,v_sor,v,sor,1.25,mg_sor,cuda,double,8191,6,4.546472e-10,4.572250e-08,9.144673e-08,4.028350e+02,4.138970e+02,4.028350e-01,4.138970e-01,1.000000e-09,15,2,true
2,mixed_sine,V-SOR,v_sor,v,sor,1.30,mg_sor,cuda,double,8191,7,5.258096e-10,4.573104e-08,9.146233e-08,4.527650e+02,4.705680e+02,4.527650e-01,4.705680e-01,1.000000e-09,15,2,true
2,mixed_sine,V-SOR,v_sor,v,sor,1.35,mg_sor,cuda,double,8191,8,5.793287e-10,4.570676e-08,9.141687e-08,5.119100e+02,5.215560e+02,5.119100e-01,5.215560e-01,1.000000e-09,15,2,true
2,mixed_sine,V-SOR,v_sor,v,sor,1.40,mg_sor,cuda,double,8191,9,6.719117e-10,4.574992e-08,9.150017e-08,5.213250e+02,5.392940e+02,5.213250e-01,5.392940e-01,1.000000e-09,15,2,true
2,mixed_sine,V-SOR,v_sor,v,sor,1.45,mg_sor,cuda,double,8191,10,8.769307e-10,4.567831e-08,9.136190e-08,5.423240e+02,5.522710e+02,5.423240e-01,5.522710e-01,1.000000e-09,15,2,true
2,mixed_sine,V-SOR,v_sor,v,sor,1.50,mg_sor,cuda,double,8191,12,3.993796e-10,4.571183e-08,9.142500e-08,6.192130e+02,6.281960e+02,6.192130e-01,6.281960e-01,1.000000e-09,15,2,true
2,mixed_sine,W-exact,w_exact,w,exact,1.00,mg_exact,cuda,double,8191,2,1.823762e-10,4.572315e-08,9.144638e-08,4.734270e+02,5.822190e+02,4.734270e-01,5.822190e-01,1.000000e-09,15,2,true
2,mixed_sine,W-exact,w_exact,w,exact,1.05,mg_exact,cuda,double,8191,3,1.960759e-10,4.572316e-08,9.144627e-08,7.169390e+02,8.341220e+02,7.169390e-01,8.341220e-01,1.000000e-09,15,2,true
2,mixed_sine,W-exact,w_exact,w,exact,1.10,mg_exact,cuda,double,8191,3,2.496036e-10,4.572334e-08,9.144684e-08,6.156630e+02,7.750940e+02,6.156630e-01,7.750940e-01,1.000000e-09,15,2,true
2,mixed_sine,W-exact,w_exact,w,exact,1.15,mg_exact,cuda,double,8191,4,2.241707e-10,4.572353e-08,9.144737e-08,7.475750e+02,8.145980e+02,7.475750e-01,8.145980e-01,1.000000e-09,15,2,true
2,mixed_sine,W-exact,w_exact,w,exact,1.20,mg_exact,cuda,double,8191,4,2.824627e-10,4.572323e-08,9.144653e-08,7.702670e+02,8.411380e+02,7.702670e-01,8.411380e-01,1.000000e-09,15,2,true
2,mixed_sine,W-exact,w_exact,w,exact,1.25,mg_exact,cuda,double,8191,5,2.510705e-10,4.572159e-08,9.144334e-08,9.002800e+02,9.794230e+02,9.002800e-01,9.794230e-01,1.000000e-09,15,2,true
2,mixed_sine,W-exact,w_exact,w,exact,1.30,mg_exact,cuda,double,8191,5,3.970888e-10,4.572323e-08,9.144667e-08,8.877920e+02,9.637230e+02,8.877920e-01,9.637230e-01,1.000000e-09,15,2,true
2,mixed_sine,W-exact,w_exact,w,exact,1.35,mg_exact,cuda,double,8191,6,2.856286e-10,4.572354e-08,9.144706e-08,1.097051e+03,1.204475e+03,1.097051e+00,1.204475e+00,1.000000e-09,15,2,true
2,mixed_sine,W-exact,w_exact,w,exact,1.40,mg_exact,cuda,double,8191,7,2.939475e-10,4.572319e-08,9.144642e-08,1.189431e+03,1.276049e+03,1.189431e+00,1.276049e+00,1.000000e-09,15,2,true
2,mixed_sine,W-exact,w_exact,w,exact,1.45,mg_exact,cuda,double,8191,7,7.951115e-10,4.572332e-08,9.144670e-08,1.173368e+03,1.261869e+03,1.173368e+00,1.261869e+00,1.000000e-09,15,2,true
2,mixed_sine,W-exact,w_exact,w,exact,1.50,mg_exact,cuda,double,8191,8,7.557947e-10,4.572492e-08,9.145019e-08,1.343961e+03,1.423712e+03,1.343961e+00,1.423712e+00,1.000000e-09,15,2,true
2,mixed_sine,W-SOR,w_sor,w,sor,1.00,mg_sor,cuda,double,8191,2,1.824059e-10,4.572315e-08,9.144640e-08,3.799990e+02,4.610900e+02,3.799990e-01,4.610900e-01,1.000000e-09,15,2,true
2,mixed_sine,W-SOR,w_sor,w,sor,1.05,mg_sor,cuda,double,8191,3,1.960865e-10,4.572314e-08,9.144630e-08,5.069780e+02,6.425030e+02,5.069780e-01,6.425030e-01,1.000000e-09,15,2,true
2,mixed_sine,W-SOR,w_sor,w,sor,1.10,mg_sor,cuda,double,8191,3,2.496122e-10,4.572335e-08,9.144683e-08,5.093490e+02,6.231740e+02,5.093490e-01,6.231740e-01,1.000000e-09,15,2,true
2,mixed_sine,W-SOR,w_sor,w,sor,1.15,mg_sor,cuda,double,8191,4,2.241781e-10,4.572351e-08,9.144736e-08,5.919030e+02,6.892880e+02,5.919030e-01,6.892880e-01,1.000000e-09,15,2,true
2,mixed_sine,W-SOR,w_sor,w,sor,1.20,mg_sor,cuda,double,8191,4,2.824790e-10,4.572324e-08,9.144657e-08,5.829810e+02,6.607780e+02,5.829810e-01,6.607780e-01,1.000000e-09,15,2,true
2,mixed_sine,W-SOR,w_sor,w,sor,1.25,mg_sor,cuda,double,8191,5,2.510571e-10,4.572159e-08,9.144336e-08,6.989980e+02,7.765340e+02,6.989980e-01,7.765340e-01,1.000000e-09,15,2,true
2,mixed_sine,W-SOR,w_sor,w,sor,1.30,mg_sor,cuda,double,8191,5,3.971182e-10,4.572324e-08,9.144669e-08,7.093330e+02,7.811840e+02,7.093330e-01,7.811840e-01,1.000000e-09,15,2,true
2,mixed_sine,W-SOR,w_sor,w,sor,1.35,mg_sor,cuda,double,8191,6,2.854917e-10,4.572353e-08,9.144703e-08,7.869740e+02,8.538590e+02,7.869740e-01,8.538590e-01,1.000000e-09,15,2,true
2,mixed_sine,W-SOR,w_sor,w,sor,1.40,mg_sor,cuda,double,8191,7,2.939352e-10,4.572319e-08,9.144639e-08,9.483320e+02,1.049772e+03,9.483320e-01,1.049772e+00,1.000000e-09,15,2,true
2,mixed_sine,W-SOR,w_sor,w,sor,1.45,mg_sor,cuda,double,8191,7,7.951707e-10,4.572330e-08,9.144681e-08,8.979950e+02,9.691420e+02,8.979950e-01,9.691420e-01,1.000000e-09,15,2,true
2,mixed_sine,W-SOR,w_sor,w,sor,1.50,mg_sor,cuda,double,8191,8,7.558468e-10,4.572492e-08,9.145017e-08,1.008332e+03,1.091578e+03,1.008332e+00,1.091578e+00,1.000000e-09,15,2,true
2,bubble,V-exact,v_exact,v,exact,1.00,mg_exact,cuda,double,8191,8,9.560699e-10,2.728724e-12,5.456233e-12,4.784500e+02,4.951060e+02,4.784500e-01,4.951060e-01,1.000000e-09,15,2,true
2,bubble,V-exact,v_exact,v,exact,1.05,mg_exact,cuda,double,8191,15,1.032042e-09,7.990664e-14,2.327930e-13,7.287940e+02,7.374960e+02,7.287940e-01,7.374960e-01,1.000000e-09,15,2,false
2,bubble,V-exact,v_exact,v,exact,1.10,mg_exact,cuda,double,8191,15,1.123849e-09,7.814438e-14,1.892653e-13,7.417610e+02,7.511470e+02,7.417610e-01,7.511470e-01,1.000000e-09,15,2,false
2,bubble,V-exact,v_exact,v,exact,1.15,mg_exact,cuda,double,8191,15,1.204913e-09,9.661697e-14,2.528047e-13,7.369220e+02,7.460550e+02,7.369220e-01,7.460550e-01,1.000000e-09,15,2,false
2,bubble,V-exact,v_exact,v,exact,1.20,mg_exact,cuda,double,8191,15,1.266550e-09,2.584419e-14,7.987361e-14,7.404310e+02,7.639120e+02,7.404310e-01,7.639120e-01,1.000000e-09,15,2,false
2,bubble,V-exact,v_exact,v,exact,1.25,mg_exact,cuda,double,8191,15,1.395451e-09,2.646539e-14,1.041875e-13,7.988340e+02,8.070040e+02,7.988340e-01,8.070040e-01,1.000000e-09,15,2,false
2,bubble,V-exact,v_exact,v,exact,1.30,mg_exact,cuda,double,8191,15,1.435679e-09,1.295143e-13,2.978173e-13,7.538200e+02,7.627980e+02,7.538200e-01,7.627980e-01,1.000000e-09,15,2,false
2,bubble,V-exact,v_exact,v,exact,1.35,mg_exact,cuda,double,8191,15,1.517027e-09,1.043623e-13,2.840853e-13,7.407540e+02,7.566940e+02,7.407540e-01,7.566940e-01,1.000000e-09,15,2,false
2,bubble,V-exact,v_exact,v,exact,1.40,mg_exact,cuda,double,8191,15,1.624879e-09,2.016290e-13,4.146544e-13,7.456760e+02,7.623680e+02,7.456760e-01,7.623680e-01,1.000000e-09,15,2,false
2,bubble,V-exact,v_exact,v,exact,1.45,mg_exact,cuda,double,8191,15,1.687682e-09,1.415970e-13,3.676850e-13,7.483640e+02,7.601510e+02,7.483640e-01,7.601510e-01,1.000000e-09,15,2,false
2,bubble,V-exact,v_exact,v,exact,1.50,mg_exact,cuda,double,8191,15,1.854665e-09,1.947899e-14,5.766221e-14,7.328810e+02,7.422780e+02,7.328810e-01,7.422780e-01,1.000000e-09,15,2,false
2,bubble,V-SOR,v_sor,v,sor,1.00,mg_sor,cuda,double,8191,8,9.558136e-10,2.731090e-12,5.459022e-12,4.489910e+02,4.577760e+02,4.489910e-01,4.577760e-01,1.000000e-09,15,2,true
2,bubble,V-SOR,v_sor,v,sor,1.05,mg_sor,cuda,double,8191,15,1.035304e-09,6.435363e-14,2.126632e-13,7.606260e+02,7.820980e+02,7.606260e-01,7.820980e-01,1.000000e-09,15,2,false
2,bubble,V-SOR,v_sor,v,sor,1.10,mg_sor,cuda,double,8191,15,1.123124e-09,7.067576e-14,1.713629e-13,7.386550e+02,7.645130e+02,7.386550e-01,7.645130e-01,1.000000e-09,15,2,false
2,bubble,V-SOR,v_sor,v,sor,1.15,mg_sor,cuda,double,8191,15,1.204884e-09,8.718572e-14,2.289696e-13,7.356810e+02,7.511650e+02,7.356810e-01,7.511650e-01,1.000000e-09,15,2,false
2,bubble,V-SOR,v_sor,v,sor,1.20,mg_sor,cuda,double,8191,15,1.265899e-09,3.823990e-14,1.022932e-13,7.412170e+02,7.526050e+02,7.412170e-01,7.526050e-01,1.000000e-09,15,2,false
2,bubble,V-SOR,v_sor,v,sor,1.25,mg_sor,cuda,double,8191,15,1.403135e-09,1.562826e-14,5.562217e-14,7.709170e+02,7.814180e+02,7.709170e-01,7.814180e-01,1.000000e-09,15,2,false
2,bubble,V-SOR,v_sor,v,sor,1.30,mg_sor,cuda,double,8191,15,1.432455e-09,8.415612e-14,1.902714e-13,7.552330e+02,7.645070e+02,7.552330e-01,7.645070e-01,1.000000e-09,15,2,false
2,bubble,V-SOR,v_sor,v,sor,1.35,mg_sor,cuda,double,8191,15,1.521264e-09,8.889446e-14,2.403563e-13,7.192050e+02,7.295330e+02,7.192050e-01,7.295330e-01,1.000000e-09,15,2,false
2,bubble,V-SOR,v_sor,v,sor,1.40,mg_sor,cuda,double,8191,15,1.631199e-09,1.617987e-13,3.145748e-13,7.423640e+02,7.543780e+02,7.423640e-01,7.543780e-01,1.000000e-09,15,2,false
2,bubble,V-SOR,v_sor,v,sor,1.45,mg_sor,cuda,double,8191,15,1.690065e-09,1.534808e-13,3.987297e-13,7.337940e+02,7.425710e+02,7.337940e-01,7.425710e-01,1.000000e-09,15,2,false
2,bubble,V-SOR,v_sor,v,sor,1.50,mg_sor,cuda,double,8191,15,1.854627e-09,1.012063e-14,4.016926e-14,7.385990e+02,7.477570e+02,7.385990e-01,7.477570e-01,1.000000e-09,15,2,false
2,bubble,W-exact,w_exact,w,exact,1.00,mg_exact,cuda,double,8191,5,9.383552e-10,3.711863e-14,1.079553e-13,8.882380e+02,9.494800e+02,8.882380e-01,9.494800e-01,1.000000e-09,15,2,true
2,bubble,W-exact,w_exact,w,exact,1.05,mg_exact,cuda,double,8191,15,1.041912e-09,8.140717e-14,2.420356e-13,2.308427e+03,2.375654e+03,2.308427e+00,2.375654e+00,1.000000e-09,15,2,false
2,bubble,W-exact,w_exact,w,exact,1.10,mg_exact,cuda,double,8191,15,1.128799e-09,8.055747e-14,2.237724e-13,2.338435e+03,2.406377e+03,2.338435e+00,2.406377e+00,1.000000e-09,15,2,false
2,bubble,W-exact,w_exact,w,exact,1.15,mg_exact,cuda,double,8191,15,1.205175e-09,9.849600e-14,2.533390e-13,2.300950e+03,2.375219e+03,2.300950e+00,2.375219e+00,1.000000e-09,15,2,false
2,bubble,W-exact,w_exact,w,exact,1.20,mg_exact,cuda,double,8191,15,1.272174e-09,5.802263e-14,1.478054e-13,2.354331e+03,2.434238e+03,2.354331e+00,2.434238e+00,1.000000e-09,15,2,false
2,bubble,W-exact,w_exact,w,exact,1.25,mg_exact,cuda,double,8191,15,1.392431e-09,6.356685e-14,1.492001e-13,2.304857e+03,2.389200e+03,2.304857e+00,2.389200e+00,1.000000e-09,15,2,false
2,bubble,W-exact,w_exact,w,exact,1.30,mg_exact,cuda,double,8191,15,1.430892e-09,9.793628e-14,2.160841e-13,2.286928e+03,2.354037e+03,2.286928e+00,2.354037e+00,1.000000e-09,15,2,false
2,bubble,W-exact,w_exact,w,exact,1.35,mg_exact,cuda,double,8191,15,1.517750e-09,1.071854e-13,2.824893e-13,2.356079e+03,2.426944e+03,2.356079e+00,2.426944e+00,1.000000e-09,15,2,false
2,bubble,W-exact,w_exact,w,exact,1.40,mg_exact,cuda,double,8191,15,1.626789e-09,1.979177e-13,3.919365e-13,2.312212e+03,2.379054e+03,2.312212e+00,2.379054e+00,1.000000e-09,15,2,false
2,bubble,W-exact,w_exact,w,exact,1.45,mg_exact,cuda,double,8191,15,1.686119e-09,1.488458e-13,3.876968e-13,2.306078e+03,2.386926e+03,2.306078e+00,2.386926e+00,1.000000e-09,15,2,false
2,bubble,W-exact,w_exact,w,exact,1.50,mg_exact,cuda,double,8191,15,1.867290e-09,2.080619e-14,6.870893e-14,2.325458e+03,2.397827e+03,2.325458e+00,2.397827e+00,1.000000e-09,15,2,false
2,bubble,W-SOR,w_sor,w,sor,1.00,mg_sor,cuda,double,8191,5,9.343079e-10,5.293758e-14,1.326023e-13,7.268550e+02,8.101900e+02,7.268550e-01,8.101900e-01,1.000000e-09,15,2,true
2,bubble,W-SOR,w_sor,w,sor,1.05,mg_sor,cuda,double,8191,15,1.036757e-09,8.949188e-14,2.625261e-13,1.745370e+03,1.828588e+03,1.745370e+00,1.828588e+00,1.000000e-09,15,2,false
2,bubble,W-SOR,w_sor,w,sor,1.10,mg_sor,cuda,double,8191,15,1.128676e-09,7.891499e-14,2.060921e-13,1.716339e+03,1.785971e+03,1.716339e+00,1.785971e+00,1.000000e-09,15,2,false
2,bubble,W-SOR,w_sor,w,sor,1.15,mg_sor,cuda,double,8191,15,1.206517e-09,8.884767e-14,2.410364e-13,1.728013e+03,1.811236e+03,1.728013e+00,1.811236e+00,1.000000e-09,15,2,false
2,bubble,W-SOR,w_sor,w,sor,1.20,mg_sor,cuda,double,8191,15,1.280736e-09,1.517640e-14,4.975881e-14,1.756835e+03,1.837475e+03,1.756835e+00,1.837475e+00,1.000000e-09,15,2,false
2,bubble,W-SOR,w_sor,w,sor,1.25,mg_sor,cuda,double,8191,15,1.403125e-09,2.557738e-14,8.854029e-14,1.716658e+03,1.787812e+03,1.716658e+00,1.787812e+00,1.000000e-09,15,2,false
2,bubble,W-SOR,w_sor,w,sor,1.30,mg_sor,cuda,double,8191,15,1.435716e-09,1.146215e-13,2.640735e-13,1.728687e+03,1.791154e+03,1.728687e+00,1.791154e+00,1.000000e-09,15,2,false
2,bubble,W-SOR,w_sor,w,sor,1.35,mg_sor,cuda,double,8191,15,1.520227e-09,8.984933e-14,2.469691e-13,1.742741e+03,1.817498e+03,1.742741e+00,1.817498e+00,1.000000e-09,15,2,false
2,bubble,W-SOR,w_sor,w,sor,1.40,mg_sor,cuda,double,8191,15,1.623976e-09,2.055623e-13,4.154455e-13,1.733083e+03,1.820318e+03,1.733083e+00,1.820318e+00,1.000000e-09,15,2,false
2,bubble,W-SOR,w_sor,w,sor,1.45,mg_sor,cuda,double,8191,15,1.686149e-09,1.307432e-13,3.457651e-13,1.795482e+03,1.887335e+03,1.795482e+00,1.887335e+00,1.000000e-09,15,2,false
2,bubble,W-SOR,w_sor,w,sor,1.50,mg_sor,cuda,double,8191,15,1.842075e-09,1.630548e-14,5.866141e-14,1.755458e+03,1.824679e+03,1.755458e+00,1.824679e+00,1.000000e-09,15,2,false
2,exp,V-exact,v_exact,v,exact,1.00,mg_exact,cuda,double,8191,15,1.181778e-08,2.975920e-10,5.422822e-10,7.425580e+02,7.583880e+02,7.425580e-01,7.583880e-01,1.000000e-09,15,2,false
2,exp,V-exact,v_exact,v,exact,1.05,mg_exact,cuda,double,8191,15,1.261601e-08,2.966331e-10,5.400298e-10,7.369140e+02,7.456600e+02,7.369140e-01,7.456600e-01,1.000000e-09,15,2,false
2,exp,V-exact,v_exact,v,exact,1.10,mg_exact,cuda,double,8191,15,1.339195e-08,2.977092e-10,5.418950e-10,7.355410e+02,7.441280e+02,7.355410e-01,7.441280e-01,1.000000e-09,15,2,false
2,exp,V-exact,v_exact,v,exact,1.15,mg_exact,cuda,double,8191,15,1.422605e-08,3.005037e-10,5.474492e-10,7.418270e+02,7.512460e+02,7.418270e-01,7.512460e-01,1.000000e-09,15,2,false
2,exp,V-exact,v_exact,v,exact,1.20,mg_exact,cuda,double,8191,15,1.509788e-08,2.981357e-10,5.429839e-10,7.473870e+02,7.557450e+02,7.473870e-01,7.557450e-01,1.000000e-09,15,2,false
2,exp,V-exact,v_exact,v,exact,1.25,mg_exact,cuda,double,8191,15,1.613100e-08,2.970326e-10,5.406360e-10,7.402580e+02,7.491110e+02,7.402580e-01,7.491110e-01,1.000000e-09,15,2,false
2,exp,V-exact,v_exact,v,exact,1.30,mg_exact,cuda,double,8191,15,1.706502e-08,3.026488e-10,5.513514e-10,7.416860e+02,7.644970e+02,7.416860e-01,7.644970e-01,1.000000e-09,15,2,false
2,exp,V-exact,v_exact,v,exact,1.35,mg_exact,cuda,double,8191,15,1.831507e-08,2.956289e-10,5.370464e-10,7.446400e+02,7.648310e+02,7.446400e-01,7.648310e-01,1.000000e-09,15,2,false
2,exp,V-exact,v_exact,v,exact,1.40,mg_exact,cuda,double,8191,15,1.964324e-08,2.976770e-10,5.416920e-10,7.732200e+02,7.826880e+02,7.732200e-01,7.826880e-01,1.000000e-09,15,2,false
2,exp,V-exact,v_exact,v,exact,1.45,mg_exact,cuda,double,8191,15,2.080480e-08,2.965034e-10,5.393010e-10,7.481550e+02,7.596460e+02,7.481550e-01,7.596460e-01,1.000000e-09,15,2,false
2,exp,V-exact,v_exact,v,exact,1.50,mg_exact,cuda,double,8191,15,3.383092e-08,2.949791e-10,5.355805e-10,7.520260e+02,7.627430e+02,7.520260e-01,7.627430e-01,1.000000e-09,15,2,false
2,exp,V-SOR,v_sor,v,sor,1.00,mg_sor,cuda,double,8191,15,1.181568e-08,2.974354e-10,5.418128e-10,7.487210e+02,7.570180e+02,7.487210e-01,7.570180e-01,1.000000e-09,15,2,false
2,exp,V-SOR,v_sor,v,sor,1.05,mg_sor,cuda,double,8191,15,1.261617e-08,2.966081e-10,5.399303e-10,7.469030e+02,7.633390e+02,7.469030e-01,7.633390e-01,1.000000e-09,15,2,false
2,exp,V-SOR,v_sor,v,sor,1.10,mg_sor,cuda,double,8191,15,1.339189e-08,2.976640e-10,5.419341e-10,7.321760e+02,7.406800e+02,7.321760e-01,7.406800e-01,1.000000e-09,15,2,false
2,exp,V-SOR,v_sor,v,sor,1.15,mg_sor,cuda,double,8191,15,1.422792e-08,3.008489e-10,5.479701e-10,7.388610e+02,7.484790e+02,7.388610e-01,7.484790e-01,1.000000e-09,15,2,false
2,exp,V-SOR,v_sor,v,sor,1.20,mg_sor,cuda,double,8191,15,1.509875e-08,2.980855e-10,5.431366e-10,7.305420e+02,7.405910e+02,7.305420e-01,7.405910e-01,1.000000e-09,15,2,false
2,exp,V-SOR,v_sor,v,sor,1.25,mg_sor,cuda,double,8191,15,1.612684e-08,2.970067e-10,5.403518e-10,7.862170e+02,7.956270e+02,7.862170e-01,7.956270e-01,1.000000e-09,15,2,false
2,exp,V-SOR,v_sor,v,sor,1.30,mg_sor,cuda,double,8191,15,1.707216e-08,3.022629e-10,5.506000e-10,7.307660e+02,7.414910e+02,7.307660e-01,7.414910e-01,1.000000e-09,15,2,false
2,exp,V-SOR,v_sor,v,sor,1.35,mg_sor,cuda,double,8191,15,1.831409e-08,2.954324e-10,5.370948e-10,7.490010e+02,7.579220e+02,7.490010e-01,7.579220e-01,1.000000e-09,15,2,false
2,exp,V-SOR,v_sor,v,sor,1.40,mg_sor,cuda,double,8191,15,1.964092e-08,2.972225e-10,5.406391e-10,7.333220e+02,7.420900e+02,7.333220e-01,7.420900e-01,1.000000e-09,15,2,false
2,exp,V-SOR,v_sor,v,sor,1.45,mg_sor,cuda,double,8191,15,2.080999e-08,2.963728e-10,5.392482e-10,8.305740e+02,8.398070e+02,8.305740e-01,8.398070e-01,1.000000e-09,15,2,false
2,exp,V-SOR,v_sor,v,sor,1.50,mg_sor,cuda,double,8191,15,3.382633e-08,2.954355e-10,5.370802e-10,7.420450e+02,7.606500e+02,7.420450e-01,7.606500e-01,1.000000e-09,15,2,false
2,exp,W-exact,w_exact,w,exact,1.00,mg_exact,cuda,double,8191,15,1.182285e-08,2.971572e-10,5.412257e-10,2.333337e+03,2.401223e+03,2.333337e+00,2.401223e+00,1.000000e-09,15,2,false
2,exp,W-exact,w_exact,w,exact,1.05,mg_exact,cuda,double,8191,15,1.262359e-08,2.968434e-10,5.402714e-10,2.313672e+03,2.394175e+03,2.313672e+00,2.394175e+00,1.000000e-09,15,2,false
2,exp,W-exact,w_exact,w,exact,1.10,mg_exact,cuda,double,8191,15,1.339291e-08,2.974930e-10,5.417529e-10,2.344110e+03,2.433141e+03,2.344110e+00,2.433141e+00,1.000000e-09,15,2,false
2,exp,W-exact,w_exact,w,exact,1.15,mg_exact,cuda,double,8191,15,1.422642e-08,3.006532e-10,5.479164e-10,2.323655e+03,2.396928e+03,2.323655e+00,2.396928e+00,1.000000e-09,15,2,false
2,exp,W-exact,w_exact,w,exact,1.20,mg_exact,cuda,double,8191,15,1.509574e-08,2.976529e-10,5.418461e-10,2.323967e+03,2.395864e+03,2.323967e+00,2.395864e+00,1.000000e-09,15,2,false
2,exp,W-exact,w_exact,w,exact,1.25,mg_exact,cuda,double,8191,15,1.611733e-08,2.975276e-10,5.413310e-10,2.350262e+03,2.425486e+03,2.350262e+00,2.425486e+00,1.000000e-09,15,2,false
2,exp,W-exact,w_exact,w,exact,1.30,mg_exact,cuda,double,8191,15,1.704313e-08,3.024410e-10,5.509269e-10,2.314242e+03,2.395155e+03,2.314242e+00,2.395155e+00,1.000000e-09,15,2,false
2,exp,W-exact,w_exact,w,exact,1.35,mg_exact,cuda,double,8191,15,1.828143e-08,2.962937e-10,5.387055e-10,2.318245e+03,2.434326e+03,2.318245e+00,2.434326e+00,1.000000e-09,15,2,false
2,exp,W-exact,w_exact,w,exact,1.40,mg_exact,cuda,double,8191,15,1.959320e-08,2.973969e-10,5.408025e-10,2.343261e+03,2.445872e+03,2.343261e+00,2.445872e+00,1.000000e-09,15,2,false
2,exp,W-exact,w_exact,w,exact,1.45,mg_exact,cuda,double,8191,15,2.070528e-08,2.959805e-10,5.386229e-10,2.316668e+03,2.386076e+03,2.316668e+00,2.386076e+00,1.000000e-09,15,2,false
2,exp,W-exact,w_exact,w,exact,1.50,mg_exact,cuda,double,8191,15,2.240903e-08,2.954056e-10,5.369767e-10,2.316963e+03,2.395496e+03,2.316963e+00,2.395496e+00,1.000000e-09,15,2,false
2,exp,W-SOR,w_sor,w,sor,1.00,mg_sor,cuda,double,8191,15,1.182550e-08,2.969872e-10,5.408842e-10,1.809790e+03,1.886764e+03,1.809790e+00,1.886764e+00,1.000000e-09,15,2,false
2,exp,W-SOR,w_sor,w,sor,1.05,mg_sor,cuda,double,8191,15,1.261978e-08,2.967327e-10,5.404943e-10,1.752511e+03,1.819835e+03,1.752511e+00,1.819835e+00,1.000000e-09,15,2,false
2,exp,W-SOR,w_sor,w,sor,1.10,mg_sor,cuda,double,8191,15,1.339383e-08,2.972609e-10,5.414207e-10,1.760629e+03,1.855489e+03,1.760629e+00,1.855489e+00,1.000000e-09,15,2,false
2,exp,W-SOR,w_sor,w,sor,1.15,mg_sor,cuda,double,8191,15,1.422740e-08,3.005547e-10,5.475718e-10,1.731632e+03,1.817738e+03,1.731632e+00,1.817738e+00,1.000000e-09,15,2,false
2,exp,W-SOR,w_sor,w,sor,1.20,mg_sor,cuda,double,8191,15,1.508999e-08,2.982331e-10,5.433924e-10,1.757188e+03,1.830968e+03,1.757188e+00,1.830968e+00,1.000000e-09,15,2,false
2,exp,W-SOR,w_sor,w,sor,1.25,mg_sor,cuda,double,8191,15,1.611904e-08,2.972552e-10,5.406950e-10,1.751887e+03,1.837388e+03,1.751887e+00,1.837388e+00,1.000000e-09,15,2,false
2,exp,W-SOR,w_sor,w,sor,1.30,mg_sor,cuda,double,8191,15,1.705060e-08,3.030905e-10,5.524248e-10,1.742923e+03,1.817671e+03,1.742923e+00,1.817671e+00,1.000000e-09,15,2,false
2,exp,W-SOR,w_sor,w,sor,1.35,mg_sor,cuda,double,8191,15,1.828288e-08,2.956863e-10,5.374781e-10,1.731145e+03,1.800040e+03,1.731145e+00,1.800040e+00,1.000000e-09,15,2,false
2,exp,W-SOR,w_sor,w,sor,1.40,mg_sor,cuda,double,8191,15,1.959413e-08,2.973647e-10,5.410432e-10,1.749586e+03,1.817727e+03,1.749586e+00,1.817727e+00,1.000000e-09,15,2,false
2,exp,W-SOR,w_sor,w,sor,1.45,mg_sor,cuda,double,8191,15,2.070581e-08,2.961751e-10,5.386829e-10,1.757486e+03,1.850968e+03,1.757486e+00,1.850968e+00,1.000000e-09,15,2,false
2,exp,W-SOR,w_sor,w,sor,1.50,mg_sor,cuda,double,8191,15,2.239936e-08,2.950807e-10,5.363092e-10,1.753793e+03,1.851990e+03,1.753793e+00,1.851990e+00,1.000000e-09,15,2,false
2,cosine,V-exact,v_exact,v,exact,1.00,mg_exact,cuda,double,8191,15,1.166445e-09,1.136596e-09,2.209163e-09,7.346000e+02,7.441580e+02,7.346000e-01,7.441580e-01,1.000000e-09,15,2,false
2,cosine,V-exact,v_exact,v,exact,1.05,mg_exact,cuda,double,8191,15,1.269607e-09,1.136587e-09,2.209203e-09,7.689080e+02,7.933910e+02,7.689080e-01,7.933910e-01,1.000000e-09,15,2,false
2,cosine,V-exact,v_exact,v,exact,1.10,mg_exact,cuda,double,8191,15,1.359728e-09,1.136633e-09,2.209297e-09,7.645040e+02,7.768000e+02,7.645040e-01,7.768000e-01,1.000000e-09,15,2,false
2,cosine,V-exact,v_exact,v,exact,1.15,mg_exact,cuda,double,8191,15,1.439653e-09,1.136711e-09,2.209397e-09,7.302070e+02,7.389530e+02,7.302070e-01,7.389530e-01,1.000000e-09,15,2,false
2,cosine,V-exact,v_exact,v,exact,1.20,mg_exact,cuda,double,8191,15,1.513032e-09,1.136606e-09,2.209275e-09,7.327080e+02,7.602200e+02,7.327080e-01,7.602200e-01,1.000000e-09,15,2,false
2,cosine,V-exact,v_exact,v,exact,1.25,mg_exact,cuda,double,8191,15,1.617644e-09,1.136598e-09,2.209221e-09,7.353500e+02,7.500390e+02,7.353500e-01,7.500390e-01,1.000000e-09,15,2,false
2,cosine,V-exact,v_exact,v,exact,1.30,mg_exact,cuda,double,8191,15,1.673164e-09,1.136753e-09,2.209496e-09,8.038370e+02,8.125900e+02,8.038370e-01,8.125900e-01,1.000000e-09,15,2,false
2,cosine,V-exact,v_exact,v,exact,1.35,mg_exact,cuda,double,8191,15,1.771568e-09,1.136522e-09,2.209156e-09,7.658370e+02,7.747950e+02,7.658370e-01,7.747950e-01,1.000000e-09,15,2,false
2,cosine,V-exact,v_exact,v,exact,1.40,mg_exact,cuda,double,8191,15,1.879238e-09,1.136572e-09,2.209181e-09,7.288900e+02,7.429580e+02,7.288900e-01,7.429580e-01,1.000000e-09,15,2,false
2,cosine,V-exact,v_exact,v,exact,1.45,mg_exact,cuda,double,8191,15,1.952922e-09,1.136630e-09,2.209193e-09,7.396560e+02,7.483610e+02,7.396560e-01,7.483610e-01,1.000000e-09,15,2,false
2,cosine,V-exact,v_exact,v,exact,1.50,mg_exact,cuda,double,8191,15,3.845724e-09,1.136565e-09,2.209106e-09,7.360200e+02,7.544720e+02,7.360200e-01,7.544720e-01,1.000000e-09,15,2,false
2,cosine,V-SOR,v_sor,v,sor,1.00,mg_sor,cuda,double,8191,15,1.166272e-09,1.136609e-09,2.209227e-09,8.255320e+02,8.349200e+02,8.255320e-01,8.349200e-01,1.000000e-09,15,2,false
2,cosine,V-SOR,v_sor,v,sor,1.05,mg_sor,cuda,double,8191,15,1.269410e-09,1.136579e-09,2.209254e-09,7.796650e+02,7.886740e+02,7.796650e-01,7.886740e-01,1.000000e-09,15,2,false
2,cosine,V-SOR,v_sor,v,sor,1.10,mg_sor,cuda,double,8191,15,1.359748e-09,1.136619e-09,2.209273e-09,7.282500e+02,7.373580e+02,7.282500e-01,7.373580e-01,1.000000e-09,15,2,false
2,cosine,V-SOR,v_sor,v,sor,1.15,mg_sor,cuda,double,8191,15,1.439931e-09,1.136719e-09,2.209380e-09,7.220480e+02,7.305920e+02,7.220480e-01,7.305920e-01,1.000000e-09,15,2,false
2,cosine,V-SOR,v_sor,v,sor,1.20,mg_sor,cuda,double,8191,15,1.513167e-09,1.136616e-09,2.209260e-09,7.242140e+02,7.329800e+02,7.242140e-01,7.329800e-01,1.000000e-09,15,2,false
2,cosine,V-SOR,v_sor,v,sor,1.25,mg_sor,cuda,double,8191,15,1.617744e-09,1.136603e-09,2.209188e-09,7.866100e+02,7.962030e+02,7.866100e-01,7.962030e-01,1.000000e-09,15,2,false
2,cosine,V-SOR,v_sor,v,sor,1.30,mg_sor,cuda,double,8191,15,1.673170e-09,1.136766e-09,2.209499e-09,7.526110e+02,7.700100e+02,7.526110e-01,7.700100e-01,1.000000e-09,15,2,false
2,cosine,V-SOR,v_sor,v,sor,1.35,mg_sor,cuda,double,8191,15,1.771499e-09,1.136532e-09,2.209111e-09,7.318970e+02,7.408440e+02,7.318970e-01,7.408440e-01,1.000000e-09,15,2,false
2,cosine,V-SOR,v_sor,v,sor,1.40,mg_sor,cuda,double,8191,15,1.879503e-09,1.136586e-09,2.209138e-09,8.141150e+02,8.231590e+02,8.141150e-01,8.231590e-01,1.000000e-09,15,2,false
2,cosine,V-SOR,v_sor,v,sor,1.45,mg_sor,cuda,double,8191,15,1.952578e-09,1.136616e-09,2.209189e-09,7.722120e+02,7.815370e+02,7.722120e-01,7.815370e-01,1.000000e-09,15,2,false
2,cosine,V-SOR,v_sor,v,sor,1.50,mg_sor,cuda,double,8191,15,3.846030e-09,1.136581e-09,2.209098e-09,7.231420e+02,7.408300e+02,7.231420e-01,7.408300e-01,1.000000e-09,15,2,false
2,cosine,W-exact,w_exact,w,exact,1.00,mg_exact,cuda,double,8191,15,1.166866e-09,1.136597e-09,2.209179e-09,2.335388e+03,2.410387e+03,2.335388e+00,2.410387e+00,1.000000e-09,15,2,false
2,cosine,W-exact,w_exact,w,exact,1.05,mg_exact,cuda,double,8191,15,1.270030e-09,1.136571e-09,2.209153e-09,2.315801e+03,2.378142e+03,2.315801e+00,2.378142e+00,1.000000e-09,15,2,false
2,cosine,W-exact,w_exact,w,exact,1.10,mg_exact,cuda,double,8191,15,1.360082e-09,1.136598e-09,2.209197e-09,2.385827e+03,2.457378e+03,2.385827e+00,2.457378e+00,1.000000e-09,15,2,false
2,cosine,W-exact,w_exact,w,exact,1.15,mg_exact,cuda,double,8191,15,1.440430e-09,1.136748e-09,2.209486e-09,2.346469e+03,2.443674e+03,2.346469e+00,2.443674e+00,1.000000e-09,15,2,false
2,cosine,W-exact,w_exact,w,exact,1.20,mg_exact,cuda,double,8191,15,1.512876e-09,1.136603e-09,2.209218e-09,2.366622e+03,2.433243e+03,2.366622e+00,2.433243e+00,1.000000e-09,15,2,false
2,cosine,W-exact,w_exact,w,exact,1.25,mg_exact,cuda,double,8191,15,1.617089e-09,1.136586e-09,2.209160e-09,2.336138e+03,2.404512e+03,2.336138e+00,2.404512e+00,1.000000e-09,15,2,false
2,cosine,W-exact,w_exact,w,exact,1.30,mg_exact,cuda,double,8191,15,1.672906e-09,1.136768e-09,2.209484e-09,2.326140e+03,2.394667e+03,2.326140e+00,2.394667e+00,1.000000e-09,15,2,false
2,cosine,W-exact,w_exact,w,exact,1.35,mg_exact,cuda,double,8191,15,1.769855e-09,1.136529e-09,2.209134e-09,2.419191e+03,2.527921e+03,2.419191e+00,2.527921e+00,1.000000e-09,15,2,false
2,cosine,W-exact,w_exact,w,exact,1.40,mg_exact,cuda,double,8191,15,1.876641e-09,1.136591e-09,2.209182e-09,2.324583e+03,2.426749e+03,2.324583e+00,2.426749e+00,1.000000e-09,15,2,false
2,cosine,W-exact,w_exact,w,exact,1.45,mg_exact,cuda,double,8191,15,1.945355e-09,1.136620e-09,2.209183e-09,2.301606e+03,2.374380e+03,2.301606e+00,2.374380e+00,1.000000e-09,15,2,false
2,cosine,W-exact,w_exact,w,exact,1.50,mg_exact,cuda,double,8191,15,2.218580e-09,1.136596e-09,2.209183e-09,2.313941e+03,2.381050e+03,2.313941e+00,2.381050e+00,1.000000e-09,15,2,false
2,cosine,W-SOR,w_sor,w,sor,1.00,mg_sor,cuda,double,8191,15,1.166487e-09,1.136592e-09,2.209217e-09,1.697079e+03,1.758551e+03,1.697079e+00,1.758551e+00,1.000000e-09,15,2,false
2,cosine,W-SOR,w_sor,w,sor,1.05,mg_sor,cuda,double,8191,15,1.270166e-09,1.136556e-09,2.209144e-09,1.820231e+03,1.943825e+03,1.820231e+00,1.943825e+00,1.000000e-09,15,2,false
2,cosine,W-SOR,w_sor,w,sor,1.10,mg_sor,cuda,double,8191,15,1.360125e-09,1.136613e-09,2.209235e-09,1.717297e+03,1.838594e+03,1.717297e+00,1.838594e+00,1.000000e-09,15,2,false
2,cosine,W-SOR,w_sor,w,sor,1.15,mg_sor,cuda,double,8191,15,1.439914e-09,1.136747e-09,2.209488e-09,1.740214e+03,1.828910e+03,1.740214e+00,1.828910e+00,1.000000e-09,15,2,false
2,cosine,W-SOR,w_sor,w,sor,1.20,mg_sor,cuda,double,8191,15,1.512799e-09,1.136587e-09,2.209205e-09,1.690050e+03,1.756425e+03,1.690050e+00,1.756425e+00,1.000000e-09,15,2,false
2,cosine,W-SOR,w_sor,w,sor,1.25,mg_sor,cuda,double,8191,15,1.617206e-09,1.136605e-09,2.209221e-09,1.735211e+03,1.801700e+03,1.735211e+00,1.801700e+00,1.000000e-09,15,2,false
2,cosine,W-SOR,w_sor,w,sor,1.30,mg_sor,cuda,double,8191,15,1.672297e-09,1.136776e-09,2.209538e-09,1.787185e+03,1.902526e+03,1.787185e+00,1.902526e+00,1.000000e-09,15,2,false
2,cosine,W-SOR,w_sor,w,sor,1.35,mg_sor,cuda,double,8191,15,1.769777e-09,1.136538e-09,2.209092e-09,1.762904e+03,1.857810e+03,1.762904e+00,1.857810e+00,1.000000e-09,15,2,false
2,cosine,W-SOR,w_sor,w,sor,1.40,mg_sor,cuda,double,8191,15,1.877131e-09,1.136568e-09,2.209220e-09,1.721954e+03,1.787811e+03,1.721954e+00,1.787811e+00,1.000000e-09,15,2,false
2,cosine,W-SOR,w_sor,w,sor,1.45,mg_sor,cuda,double,8191,15,1.945601e-09,1.136625e-09,2.209177e-09,1.761880e+03,1.833418e+03,1.761880e+00,1.833418e+00,1.000000e-09,15,2,false
2,cosine,W-SOR,w_sor,w,sor,1.50,mg_sor,cuda,double,8191,15,2.218238e-09,1.136603e-09,2.209230e-09,1.758420e+03,1.873522e+03,1.758420e+00,1.873522e+00,1.000000e-09,15,2,false
2,sine,V-exact,v_exact,v,exact,1.00,mg_exact,cuda,double,8191,15,1.125609e-09,6.127808e-09,1.225559e-08,1.011687e+03,1.020970e+03,1.011687e+00,1.020970e+00,1.000000e-09,15,3,false
2,sine,V-exact,v_exact,v,exact,1.05,mg_exact,cuda,double,8191,15,1.213928e-09,6.127342e-09,1.225397e-08,9.977150e+02,1.012740e+03,9.977150e-01,1.012740e+00,1.000000e-09,15,3,false
2,sine,V-exact,v_exact,v,exact,1.10,mg_exact,cuda,double,8191,15,1.292429e-09,6.127897e-09,1.225574e-08,9.416060e+02,9.567410e+02,9.416060e-01,9.567410e-01,1.000000e-09,15,3,false
2,sine,V-exact,v_exact,v,exact,1.15,mg_exact,cuda,double,8191,15,1.367200e-09,6.128953e-09,1.225848e-08,9.458020e+02,9.909440e+02,9.458020e-01,9.909440e-01,1.000000e-09,15,3,false
2,sine,V-exact,v_exact,v,exact,1.20,mg_exact,cuda,double,8191,15,1.423368e-09,6.127819e-09,1.225564e-08,9.506740e+02,9.587440e+02,9.506740e-01,9.587440e-01,1.000000e-09,15,3,false
2,sine,V-exact,v_exact,v,exact,1.25,mg_exact,cuda,double,8191,15,1.517318e-09,6.127838e-09,1.225564e-08,9.677470e+02,9.764300e+02,9.677470e-01,9.764300e-01,1.000000e-09,15,3,false
2,sine,V-exact,v_exact,v,exact,1.30,mg_exact,cuda,double,8191,15,1.600701e-09,6.129113e-09,1.225859e-08,1.072272e+03,1.082845e+03,1.072272e+00,1.082845e+00,1.000000e-09,15,3,false
2,sine,V-exact,v_exact,v,exact,1.35,mg_exact,cuda,double,8191,15,1.705350e-09,6.126984e-09,1.225330e-08,9.568780e+02,9.699550e+02,9.568780e-01,9.699550e-01,1.000000e-09,15,3,false
2,sine,V-exact,v_exact,v,exact,1.40,mg_exact,cuda,double,8191,15,1.828411e-09,6.127915e-09,1.225600e-08,9.357890e+02,9.447870e+02,9.357890e-01,9.447870e-01,1.000000e-09,15,3,false
2,sine,V-exact,v_exact,v,exact,1.45,mg_exact,cuda,double,8191,15,1.904730e-09,6.128847e-09,1.225860e-08,9.352070e+02,9.488500e+02,9.352070e-01,9.488500e-01,1.000000e-09,15,3,false
2,sine,V-exact,v_exact,v,exact,1.50,mg_exact,cuda,double,8191,15,2.220841e-09,6.127913e-09,1.225578e-08,9.482860e+02,9.573280e+02,9.482860e-01,9.573280e-01,1.000000e-09,15,3,false
2,sine,V-SOR,v_sor,v,sor,1.00,mg_sor,cuda,double,8191,15,1.125749e-09,6.127846e-09,1.225566e-08,9.466490e+02,9.585980e+02,9.466490e-01,9.585980e-01,1.000000e-09,15,3,false
2,sine,V-SOR,v_sor,v,sor,1.05,mg_sor,cuda,double,8191,15,1.214260e-09,6.127315e-09,1.225393e-08,1.112024e+03,1.121319e+03,1.112024e+00,1.121319e+00,1.000000e-09,15,3,false
2,sine,V-SOR,v_sor,v,sor,1.10,mg_sor,cuda,double,8191,15,1.292572e-09,6.127855e-09,1.225565e-08,9.663260e+02,9.751800e+02,9.663260e-01,9.751800e-01,1.000000e-09,15,3,false
2,sine,V-SOR,v_sor,v,sor,1.15,mg_sor,cuda,double,8191,15,1.367833e-09,6.129022e-09,1.225865e-08,9.344330e+02,9.434960e+02,9.344330e-01,9.434960e-01,1.000000e-09,15,3,false
2,sine,V-SOR,v_sor,v,sor,1.20,mg_sor,cuda,double,8191,15,1.423104e-09,6.127803e-09,1.225560e-08,9.571520e+02,9.726770e+02,9.571520e-01,9.726770e-01,1.000000e-09,15,3,false
2,sine,V-SOR,v_sor,v,sor,1.25,mg_sor,cuda,double,8191,15,1.516991e-09,6.127957e-09,1.225599e-08,9.552520e+02,9.816180e+02,9.552520e-01,9.816180e-01,1.000000e-09,15,3,false
2,sine,V-SOR,v_sor,v,sor,1.30,mg_sor,cuda,double,8191,15,1.600648e-09,6.129160e-09,1.225868e-08,1.114892e+03,1.125142e+03,1.114892e+00,1.125142e+00,1.000000e-09,15,3,false
2,sine,V-SOR,v_sor,v,sor,1.35,mg_sor,cuda,double,8191,15,1.704957e-09,6.126865e-09,1.225312e-08,9.435590e+02,9.548380e+02,9.435590e-01,9.548380e-01,1.000000e-09,15,3,false
2,sine,V-SOR,v_sor,v,sor,1.40,mg_sor,cuda,double,8191,15,1.828677e-09,6.127754e-09,1.225561e-08,9.445810e+02,9.577270e+02,9.445810e-01,9.577270e-01,1.000000e-09,15,3,false
2,sine,V-SOR,v_sor,v,sor,1.45,mg_sor,cuda,double,8191,15,1.903754e-09,6.128914e-09,1.225878e-08,9.651610e+02,9.738860e+02,9.651610e-01,9.738860e-01,1.000000e-09,15,3,false
2,sine,V-SOR,v_sor,v,sor,1.50,mg_sor,cuda,double,8191,15,2.221023e-09,6.127812e-09,1.225557e-08,9.553910e+02,9.709260e+02,9.553910e-01,9.709260e-01,1.000000e-09,15,3,false
2,sine,W-exact,w_exact,w,exact,1.00,mg_exact,cuda,double,8191,15,1.125862e-09,6.127910e-09,1.225576e-08,2.691842e+03,2.776112e+03,2.691842e+00,2.776112e+00,1.000000e-09,15,3,false
2,sine,W-exact,w_exact,w,exact,1.05,mg_exact,cuda,double,8191,15,1.214034e-09,6.127355e-09,1.225408e-08,2.689983e+03,2.773572e+03,2.689983e+00,2.773572e+00,1.000000e-09,15,3,false
2,sine,W-exact,w_exact,w,exact,1.10,mg_exact,cuda,double,8191,15,1.292675e-09,6.127840e-09,1.225566e-08,2.719919e+03,2.797498e+03,2.719919e+00,2.797498e+00,1.000000e-09,15,3,false
2,sine,W-exact,w_exact,w,exact,1.15,mg_exact,cuda,double,8191,15,1.367045e-09,6.128916e-09,1.225838e-08,2.640710e+03,2.718237e+03,2.640710e+00,2.718237e+00,1.000000e-09,15,3,false
2,sine,W-exact,w_exact,w,exact,1.20,mg_exact,cuda,double,8191,15,1.422928e-09,6.127890e-09,1.225585e-08,2.695132e+03,2.793123e+03,2.695132e+00,2.793123e+00,1.000000e-09,15,3,false
2,sine,W-exact,w_exact,w,exact,1.25,mg_exact,cuda,double,8191,15,1.516745e-09,6.127971e-09,1.225592e-08,2.701162e+03,2.786332e+03,2.701162e+00,2.786332e+00,1.000000e-09,15,3,false
2,sine,W-exact,w_exact,w,exact,1.30,mg_exact,cuda,double,8191,15,1.600245e-09,6.129075e-09,1.225846e-08,2.721645e+03,2.802917e+03,2.721645e+00,2.802917e+00,1.000000e-09,15,3,false
2,sine,W-exact,w_exact,w,exact,1.35,mg_exact,cuda,double,8191,15,1.704819e-09,6.126927e-09,1.225314e-08,2.664152e+03,2.767611e+03,2.664152e+00,2.767611e+00,1.000000e-09,15,3,false
2,sine,W-exact,w_exact,w,exact,1.40,mg_exact,cuda,double,8191,15,1.826885e-09,6.127874e-09,1.225591e-08,2.701438e+03,2.776014e+03,2.701438e+00,2.776014e+00,1.000000e-09,15,3,false
2,sine,W-exact,w_exact,w,exact,1.45,mg_exact,cuda,double,8191,15,1.902728e-09,6.128882e-09,1.225872e-08,2.643197e+03,2.746639e+03,2.643197e+00,2.746639e+00,1.000000e-09,15,3,false
2,sine,W-exact,w_exact,w,exact,1.50,mg_exact,cuda,double,8191,15,2.219995e-09,6.127750e-09,1.225545e-08,2.651929e+03,2.734151e+03,2.651929e+00,2.734151e+00,1.000000e-09,15,3,false
2,sine,W-SOR,w_sor,w,sor,1.00,mg_sor,cuda,double,8191,15,1.126006e-09,6.127918e-09,1.225581e-08,2.142945e+03,2.223805e+03,2.142945e+00,2.223805e+00,1.000000e-09,15,3,false
2,sine,W-SOR,w_sor,w,sor,1.05,mg_sor,cuda,double,8191,15,1.214108e-09,6.127315e-09,1.225389e-08,2.081517e+03,2.154329e+03,2.081517e+00,2.154329e+00,1.000000e-09,15,3,false
2,sine,W-SOR,w_sor,w,sor,1.10,mg_sor,cuda,double,8191,15,1.292249e-09,6.127826e-09,1.225554e-08,2.094315e+03,2.203106e+03,2.094315e+00,2.203106e+00,1.000000e-09,15,3,false
2,sine,W-SOR,w_sor,w,sor,1.15,mg_sor,cuda,double,8191,15,1.367100e-09,6.129073e-09,1.225875e-08,2.074059e+03,2.159819e+03,2.074059e+00,2.159819e+00,1.000000e-09,15,3,false
2,sine,W-SOR,w_sor,w,sor,1.20,mg_sor,cuda,double,8191,15,1.423317e-09,6.127943e-09,1.225591e-08,2.080751e+03,2.176706e+03,2.080751e+00,2.176706e+00,1.000000e-09,15,3,false
2,sine,W-SOR,w_sor,w,sor,1.25,mg_sor,cuda,double,8191,15,1.517245e-09,6.127858e-09,1.225571e-08,2.100706e+03,2.210298e+03,2.100706e+00,2.210298e+00,1.000000e-09,15,3,false
2,sine,W-SOR,w_sor,w,sor,1.30,mg_sor,cuda,double,8191,15,1.600582e-09,6.129144e-09,1.225861e-08,2.084968e+03,2.166178e+03,2.084968e+00,2.166178e+00,1.000000e-09,15,3,false
2,sine,W-SOR,w_sor,w,sor,1.35,mg_sor,cuda,double,8191,15,1.704417e-09,6.126956e-09,1.225321e-08,2.095604e+03,2.216916e+03,2.095604e+00,2.216916e+00,1.000000e-09,15,3,false
2,sine,W-SOR,w_sor,w,sor,1.40,mg_sor,cuda,double,8191,15,1.827746e-09,6.127857e-09,1.225580e-08,2.088624e+03,2.212913e+03,2.088624e+00,2.212913e+00,1.000000e-09,15,3,false
2,sine,W-SOR,w_sor,w,sor,1.45,mg_sor,cuda,double,8191,15,1.902558e-09,6.128833e-09,1.225863e-08,2.063787e+03,2.175647e+03,2.063787e+00,2.175647e+00,1.000000e-09,15,3,false
2,sine,W-SOR,w_sor,w,sor,1.50,mg_sor,cuda,double,8191,15,2.220059e-09,6.127790e-09,1.225561e-08,2.081232e+03,2.168105e+03,2.081232e+00,2.168105e+00,1.000000e-09,15,3,false
2,mixed_sine,V-exact,v_exact,v,exact,1.00,mg_exact,cuda,double,8191,7,3.110625e-10,4.563506e-08,9.127019e-08,5.301900e+02,5.456430e+02,5.301900e-01,5.456430e-01,1.000000e-09,15,3,true
2,mixed_sine,V-exact,v_exact,v,exact,1.05,mg_exact,cuda,double,8191,7,1.998953e-10,4.570702e-08,9.141411e-08,5.887500e+02,6.010820e+02,5.887500e-01,6.010820e-01,1.000000e-09,15,3,true
2,mixed_sine,V-exact,v_exact,v,exact,1.10,mg_exact,cuda,double,8191,6,3.338992e-10,4.564745e-08,9.129493e-08,5.152500e+02,5.252340e+02,5.152500e-01,5.252340e-01,1.000000e-09,15,3,true
2,mixed_sine,V-exact,v_exact,v,exact,1.15,mg_exact,cuda,double,8191,6,2.209131e-10,4.571922e-08,9.143864e-08,5.058000e+02,5.157090e+02,5.058000e-01,5.157090e-01,1.000000e-09,15,3,true
2,mixed_sine,V-exact,v_exact,v,exact,1.20,mg_exact,cuda,double,8191,5,2.343044e-10,4.572118e-08,9.144240e-08,4.123920e+02,4.223150e+02,4.123920e-01,4.223150e-01,1.000000e-09,15,3,true
2,mixed_sine,V-exact,v_exact,v,exact,1.25,mg_exact,cuda,double,8191,5,2.418615e-10,4.572300e-08,9.144619e-08,4.339870e+02,4.655800e+02,4.339870e-01,4.655800e-01,1.000000e-09,15,3,true
2,mixed_sine,V-exact,v_exact,v,exact,1.30,mg_exact,cuda,double,8191,6,2.586765e-10,4.571897e-08,9.143794e-08,4.777660e+02,4.917860e+02,4.777660e-01,4.917860e-01,1.000000e-09,15,3,true
2,mixed_sine,V-exact,v_exact,v,exact,1.35,mg_exact,cuda,double,8191,6,7.315629e-10,4.558906e-08,9.117837e-08,5.175950e+02,5.315950e+02,5.175950e-01,5.315950e-01,1.000000e-09,15,3,true
2,mixed_sine,V-exact,v_exact,v,exact,1.40,mg_exact,cuda,double,8191,7,4.224023e-10,4.578087e-08,9.156183e-08,5.275740e+02,5.386370e+02,5.275740e-01,5.386370e-01,1.000000e-09,15,3,true
2,mixed_sine,V-exact,v_exact,v,exact,1.45,mg_exact,cuda,double,8191,8,3.455968e-10,4.569278e-08,9.138582e-08,6.100360e+02,6.192090e+02,6.100360e-01,6.192090e-01,1.000000e-09,15,3,true
2,mixed_sine,V-exact,v_exact,v,exact,1.50,mg_exact,cuda,double,8191,9,3.662078e-10,4.574471e-08,9.148928e-08,6.294020e+02,6.434910e+02,6.294020e-01,6.434910e-01,1.000000e-09,15,3,true
2,mixed_sine,V-SOR,v_sor,v,sor,1.00,mg_sor,cuda,double,8191,7,3.109985e-10,4.563505e-08,9.127030e-08,5.571490e+02,5.673590e+02,5.571490e-01,5.673590e-01,1.000000e-09,15,3,true
2,mixed_sine,V-SOR,v_sor,v,sor,1.05,mg_sor,cuda,double,8191,7,1.999506e-10,4.570700e-08,9.141409e-08,5.239890e+02,5.344460e+02,5.239890e-01,5.344460e-01,1.000000e-09,15,3,true
2,mixed_sine,V-SOR,v_sor,v,sor,1.10,mg_sor,cuda,double,8191,6,3.339211e-10,4.564744e-08,9.129484e-08,4.810820e+02,4.955310e+02,4.810820e-01,4.955310e-01,1.000000e-09,15,3,true
2,mixed_sine,V-SOR,v_sor,v,sor,1.15,mg_sor,cuda,double,8191,6,2.209198e-10,4.571923e-08,9.143868e-08,5.488400e+02,5.642790e+02,5.488400e-01,5.642790e-01,1.000000e-09,15,3,true
2,mixed_sine,V-SOR,v_sor,v,sor,1.20,mg_sor,cuda,double,8191,5,2.343437e-10,4.572118e-08,9.144240e-08,4.632290e+02,4.734260e+02,4.632290e-01,4.734260e-01,1.000000e-09,15,3,true
2,mixed_sine,V-SOR,v_sor,v,sor,1.25,mg_sor,cuda,double,8191,5,2.417913e-10,4.572300e-08,9.144606e-08,4.277370e+02,4.379150e+02,4.277370e-01,4.379150e-01,1.000000e-09,15,3,true
2,mixed_sine,V-SOR,v_sor,v,sor,1.30,mg_sor,cuda,double,8191,6,2.586238e-10,4.571896e-08,9.143807e-08,4.877000e+02,5.132930e+02,4.877000e-01,5.132930e-01,1.000000e-09,15,3,true
2,mixed_sine,V-SOR,v_sor,v,sor,1.35,mg_sor,cuda,double,8191,6,7.314076e-10,4.558907e-08,9.117835e-08,5.006360e+02,5.182560e+02,5.006360e-01,5.182560e-01,1.000000e-09,15,3,true
2,mixed_sine,V-SOR,v_sor,v,sor,1.40,mg_sor,cuda,double,8191,7,4.223589e-10,4.578086e-08,9.156196e-08,5.290650e+02,5.399980e+02,5.290650e-01,5.399980e-01,1.000000e-09,15,3,true
2,mixed_sine,V-SOR,v_sor,v,sor,1.45,mg_sor,cuda,double,8191,8,3.456747e-10,4.569278e-08,9.138570e-08,5.904670e+02,5.995470e+02,5.904670e-01,5.995470e-01,1.000000e-09,15,3,true
2,mixed_sine,V-SOR,v_sor,v,sor,1.50,mg_sor,cuda,double,8191,9,3.663054e-10,4.574474e-08,9.148941e-08,7.009490e+02,7.143470e+02,7.009490e-01,7.143470e-01,1.000000e-09,15,3,true
2,mixed_sine,W-exact,w_exact,w,exact,1.00,mg_exact,cuda,double,8191,2,1.769834e-10,4.572315e-08,9.144636e-08,5.066290e+02,5.831980e+02,5.066290e-01,5.831980e-01,1.000000e-09,15,3,true
2,mixed_sine,W-exact,w_exact,w,exact,1.05,mg_exact,cuda,double,8191,2,2.256118e-10,4.572317e-08,9.144639e-08,5.432370e+02,7.327100e+02,5.432370e-01,7.327100e-01,1.000000e-09,15,3,true
2,mixed_sine,W-exact,w_exact,w,exact,1.10,mg_exact,cuda,double,8191,3,2.017353e-10,4.572341e-08,9.144709e-08,6.924890e+02,7.772750e+02,6.924890e-01,7.772750e-01,1.000000e-09,15,3,true
2,mixed_sine,W-exact,w_exact,w,exact,1.15,mg_exact,cuda,double,8191,3,2.151237e-10,4.572349e-08,9.144727e-08,7.054290e+02,7.852080e+02,7.054290e-01,7.852080e-01,1.000000e-09,15,3,true
2,mixed_sine,W-exact,w_exact,w,exact,1.20,mg_exact,cuda,double,8191,3,2.374610e-10,4.572325e-08,9.144656e-08,7.134300e+02,8.629240e+02,7.134300e-01,8.629240e-01,1.000000e-09,15,3,true
2,mixed_sine,W-exact,w_exact,w,exact,1.25,mg_exact,cuda,double,8191,3,7.554067e-10,4.572333e-08,9.144672e-08,6.758070e+02,7.572820e+02,6.758070e-01,7.572820e-01,1.000000e-09,15,3,true
2,mixed_sine,W-exact,w_exact,w,exact,1.30,mg_exact,cuda,double,8191,4,2.540838e-10,4.572313e-08,9.144633e-08,8.743280e+02,1.016698e+03,8.743280e-01,1.016698e+00,1.000000e-09,15,3,true
2,mixed_sine,W-exact,w_exact,w,exact,1.35,mg_exact,cuda,double,8191,4,3.528703e-10,4.572347e-08,9.144723e-08,8.677940e+02,9.719520e+02,8.677940e-01,9.719520e-01,1.000000e-09,15,3,true
2,mixed_sine,W-exact,w_exact,w,exact,1.40,mg_exact,cuda,double,8191,5,2.871606e-10,4.572321e-08,9.144649e-08,9.886430e+02,1.073399e+03,9.886430e-01,1.073399e+00,1.000000e-09,15,3,true
2,mixed_sine,W-exact,w_exact,w,exact,1.45,mg_exact,cuda,double,8191,5,4.452478e-10,4.572330e-08,9.144668e-08,1.057894e+03,1.171255e+03,1.057894e+00,1.171255e+00,1.000000e-09,15,3,true
2,mixed_sine,W-exact,w_exact,w,exact,1.50,mg_exact,cuda,double,8191,6,3.447469e-10,4.572270e-08,9.144534e-08,1.163298e+03,1.246998e+03,1.163298e+00,1.246998e+00,1.000000e-09,15,3,true
2,mixed_sine,W-SOR,w_sor,w,sor,1.00,mg_sor,cuda,double,8191,2,1.769867e-10,4.572314e-08,9.144641e-08,4.526990e+02,5.869440e+02,4.526990e-01,5.869440e-01,1.000000e-09,15,3,true
2,mixed_sine,W-SOR,w_sor,w,sor,1.05,mg_sor,cuda,double,8191,2,2.256341e-10,4.572318e-08,9.144645e-08,4.642040e+02,5.698350e+02,4.642040e-01,5.698350e-01,1.000000e-09,15,3,true
2,mixed_sine,W-SOR,w_sor,w,sor,1.10,mg_sor,cuda,double,8191,3,2.017911e-10,4.572343e-08,9.144712e-08,5.602560e+02,6.296900e+02,5.602560e-01,6.296900e-01,1.000000e-09,15,3,true
2,mixed_sine,W-SOR,w_sor,w,sor,1.15,mg_sor,cuda,double,8191,3,2.151311e-10,4.572349e-08,9.144728e-08,6.020320e+02,7.226880e+02,6.020320e-01,7.226880e-01,1.000000e-09,15,3,true
2,mixed_sine,W-SOR,w_sor,w,sor,1.20,mg_sor,cuda,double,8191,3,2.375617e-10,4.572328e-08,9.144662e-08,6.016590e+02,7.210210e+02,6.016590e-01,7.210210e-01,1.000000e-09,15,3,true
2,mixed_sine,W-SOR,w_sor,w,sor,1.25,mg_sor,cuda,double,8191,3,7.554314e-10,4.572332e-08,9.144661e-08,6.105190e+02,6.878270e+02,6.105190e-01,6.878270e-01,1.000000e-09,15,3,true
2,mixed_sine,W-SOR,w_sor,w,sor,1.30,mg_sor,cuda,double,8191,4,2.541408e-10,4.572311e-08,9.144623e-08,6.913920e+02,8.061990e+02,6.913920e-01,8.061990e-01,1.000000e-09,15,3,true
2,mixed_sine,W-SOR,w_sor,w,sor,1.35,mg_sor,cuda,double,8191,4,3.527440e-10,4.572347e-08,9.144713e-08,7.178110e+02,8.389250e+02,7.178110e-01,8.389250e-01,1.000000e-09,15,3,true
2,mixed_sine,W-SOR,w_sor,w,sor,1.40,mg_sor,cuda,double,8191,5,2.870690e-10,4.572321e-08,9.144644e-08,8.677220e+02,1.015676e+03,8.677220e-01,1.015676e+00,1.000000e-09,15,3,true
2,mixed_sine,W-SOR,w_sor,w,sor,1.45,mg_sor,cuda,double,8191,5,4.451686e-10,4.572332e-08,9.144670e-08,8.285460e+02,8.988890e+02,8.285460e-01,8.988890e-01,1.000000e-09,15,3,true
2,mixed_sine,W-SOR,w_sor,w,sor,1.50,mg_sor,cuda,double,8191,6,3.447768e-10,4.572270e-08,9.144534e-08,1.000434e+03,1.127953e+03,1.000434e+00,1.127953e+00,1.000000e-09,15,3,true
2,bubble,V-exact,v_exact,v,exact,1.00,mg_exact,cuda,double,8191,7,9.695775e-10,6.993167e-12,1.383141e-11,5.304310e+02,5.439600e+02,5.304310e-01,5.439600e-01,1.000000e-09,15,3,true
2,bubble,V-exact,v_exact,v,exact,1.05,mg_exact,cuda,double,8191,15,1.012821e-09,7.364436e-14,2.302949e-13,1.049656e+03,1.059202e+03,1.049656e+00,1.059202e+00,1.000000e-09,15,3,false
2,bubble,V-exact,v_exact,v,exact,1.10,mg_exact,cuda,double,8191,15,1.087545e-09,5.980058e-14,1.721470e-13,9.407750e+02,9.621900e+02,9.407750e-01,9.621900e-01,1.000000e-09,15,3,false
2,bubble,V-exact,v_exact,v,exact,1.15,mg_exact,cuda,double,8191,15,1.161146e-09,9.555864e-14,2.622694e-13,9.491530e+02,9.584870e+02,9.491530e-01,9.584870e-01,1.000000e-09,15,3,false
2,bubble,V-exact,v_exact,v,exact,1.20,mg_exact,cuda,double,8191,15,1.206971e-09,1.807982e-14,6.246392e-14,9.511510e+02,9.596570e+02,9.511510e-01,9.596570e-01,1.000000e-09,15,3,false
2,bubble,V-exact,v_exact,v,exact,1.25,mg_exact,cuda,double,8191,15,1.356875e-09,1.180076e-14,4.121703e-14,9.451210e+02,9.552400e+02,9.451210e-01,9.552400e-01,1.000000e-09,15,3,false
2,bubble,V-exact,v_exact,v,exact,1.30,mg_exact,cuda,double,8191,15,1.386978e-09,8.854345e-14,1.986189e-13,9.459640e+02,9.601000e+02,9.459640e-01,9.601000e-01,1.000000e-09,15,3,false
2,bubble,V-exact,v_exact,v,exact,1.35,mg_exact,cuda,double,8191,15,1.479467e-09,1.159742e-13,3.032019e-13,1.012369e+03,1.021464e+03,1.012369e+00,1.021464e+00,1.000000e-09,15,3,false
2,bubble,V-exact,v_exact,v,exact,1.40,mg_exact,cuda,double,8191,15,1.598969e-09,1.817310e-13,3.605519e-13,9.419920e+02,9.506510e+02,9.419920e-01,9.506510e-01,1.000000e-09,15,3,false
2,bubble,V-exact,v_exact,v,exact,1.45,mg_exact,cuda,double,8191,15,1.669308e-09,1.602445e-13,4.059045e-13,9.917630e+02,1.000392e+03,9.917630e-01,1.000392e+00,1.000000e-09,15,3,false
2,bubble,V-exact,v_exact,v,exact,1.50,mg_exact,cuda,double,8191,15,1.868860e-09,2.913232e-14,8.052586e-14,9.571520e+02,9.654730e+02,9.571520e-01,9.654730e-01,1.000000e-09,15,3,false
2,bubble,V-SOR,v_sor,v,sor,1.00,mg_sor,cuda,double,8191,7,9.697680e-10,6.990292e-12,1.382724e-11,5.213230e+02,5.332890e+02,5.213230e-01,5.332890e-01,1.000000e-09,15,3,true
2,bubble,V-SOR,v_sor,v,sor,1.05,mg_sor,cuda,double,8191,15,1.011580e-09,7.521065e-14,2.235226e-13,9.384840e+02,9.527490e+02,9.384840e-01,9.527490e-01,1.000000e-09,15,3,false
2,bubble,V-SOR,v_sor,v,sor,1.10,mg_sor,cuda,double,8191,15,1.080991e-09,5.837105e-14,1.601774e-13,9.502170e+02,9.624310e+02,9.502170e-01,9.624310e-01,1.000000e-09,15,3,false
2,bubble,V-SOR,v_sor,v,sor,1.15,mg_sor,cuda,double,8191,15,1.157966e-09,9.906973e-14,2.655029e-13,9.396100e+02,9.533570e+02,9.396100e-01,9.533570e-01,1.000000e-09,15,3,false
2,bubble,V-SOR,v_sor,v,sor,1.20,mg_sor,cuda,double,8191,15,1.190765e-09,4.372424e-14,9.795637e-14,9.420880e+02,9.584410e+02,9.420880e-01,9.584410e-01,1.000000e-09,15,3,false
2,bubble,V-SOR,v_sor,v,sor,1.25,mg_sor,cuda,double,8191,15,1.345748e-09,3.480147e-14,9.373058e-14,9.402810e+02,9.492300e+02,9.402810e-01,9.492300e-01,1.000000e-09,15,3,false
2,bubble,V-SOR,v_sor,v,sor,1.30,mg_sor,cuda,double,8191,15,1.387333e-09,7.269057e-14,1.652498e-13,9.847350e+02,9.941860e+02,9.847350e-01,9.941860e-01,1.000000e-09,15,3,false
2,bubble,V-SOR,v_sor,v,sor,1.35,mg_sor,cuda,double,8191,15,1.481972e-09,9.963104e-14,2.717132e-13,9.416610e+02,9.678130e+02,9.416610e-01,9.678130e-01,1.000000e-09,15,3,false
2,bubble,V-SOR,v_sor,v,sor,1.40,mg_sor,cuda,double,8191,15,1.597010e-09,1.908528e-13,3.868086e-13,9.494070e+02,9.753990e+02,9.494070e-01,9.753990e-01,1.000000e-09,15,3,false
2,bubble,V-SOR,v_sor,v,sor,1.45,mg_sor,cuda,double,8191,15,1.667840e-09,1.543191e-13,3.916520e-13,9.395750e+02,9.496060e+02,9.395750e-01,9.496060e-01,1.000000e-09,15,3,false
2,bubble,V-SOR,v_sor,v,sor,1.50,mg_sor,cuda,double,8191,15,1.879835e-09,1.977018e-14,8.719414e-14,9.413980e+02,9.505310e+02,9.413980e-01,9.505310e-01,1.000000e-09,15,3,false
2,bubble,W-exact,w_exact,w,exact,1.00,mg_exact,cuda,double,8191,5,9.333750e-10,2.501274e-14,7.950585e-14,1.000527e+03,1.073031e+03,1.000527e+00,1.073031e+00,1.000000e-09,15,3,true
2,bubble,W-exact,w_exact,w,exact,1.05,mg_exact,cuda,double,8191,15,1.010454e-09,8.626290e-14,2.506120e-13,2.676772e+03,2.765816e+03,2.676772e+00,2.765816e+00,1.000000e-09,15,3,false
2,bubble,W-exact,w_exact,w,exact,1.10,mg_exact,cuda,double,8191,15,1.094589e-09,7.136085e-14,2.108660e-13,2.655599e+03,2.733406e+03,2.655599e+00,2.733406e+00,1.000000e-09,15,3,false
2,bubble,W-exact,w_exact,w,exact,1.15,mg_exact,cuda,double,8191,15,1.163080e-09,1.101046e-13,2.687919e-13,2.640413e+03,2.728907e+03,2.640413e+00,2.728907e+00,1.000000e-09,15,3,false
2,bubble,W-exact,w_exact,w,exact,1.20,mg_exact,cuda,double,8191,15,1.203425e-09,4.803499e-14,1.123476e-13,2.665359e+03,2.738656e+03,2.665359e+00,2.738656e+00,1.000000e-09,15,3,false
2,bubble,W-exact,w_exact,w,exact,1.25,mg_exact,cuda,double,8191,15,1.329020e-09,2.077400e-14,6.638440e-14,2.663222e+03,2.734290e+03,2.663222e+00,2.734290e+00,1.000000e-09,15,3,false
2,bubble,W-exact,w_exact,w,exact,1.30,mg_exact,cuda,double,8191,15,1.391344e-09,9.794448e-14,1.978279e-13,2.750320e+03,2.842176e+03,2.750320e+00,2.842176e+00,1.000000e-09,15,3,false
2,bubble,W-exact,w_exact,w,exact,1.35,mg_exact,cuda,double,8191,15,1.478751e-09,1.111317e-13,2.958120e-13,2.645646e+03,2.720476e+03,2.645646e+00,2.720476e+00,1.000000e-09,15,3,false
2,bubble,W-exact,w_exact,w,exact,1.40,mg_exact,cuda,double,8191,15,1.598355e-09,2.049899e-13,4.288306e-13,2.684846e+03,2.787459e+03,2.684846e+00,2.787459e+00,1.000000e-09,15,3,false
2,bubble,W-exact,w_exact,w,exact,1.45,mg_exact,cuda,double,8191,15,1.666510e-09,1.494372e-13,3.823122e-13,2.671638e+03,2.763502e+03,2.671638e+00,2.763502e+00,1.000000e-09,15,3,false
2,bubble,W-exact,w_exact,w,exact,1.50,mg_exact,cuda,double,8191,15,1.837130e-09,1.419261e-14,4.177214e-14,2.673244e+03,2.759938e+03,2.673244e+00,2.759938e+00,1.000000e-09,15,3,false
2,bubble,W-SOR,w_sor,w,sor,1.00,mg_sor,cuda,double,8191,5,9.283827e-10,3.097587e-14,8.540391e-14,8.755250e+02,9.755700e+02,8.755250e-01,9.755700e-01,1.000000e-09,15,3,true
2,bubble,W-SOR,w_sor,w,sor,1.05,mg_sor,cuda,double,8191,15,1.016871e-09,8.332810e-14,2.499459e-13,2.063136e+03,2.136035e+03,2.063136e+00,2.136035e+00,1.000000e-09,15,3,false
2,bubble,W-SOR,w_sor,w,sor,1.10,mg_sor,cuda,double,8191,15,1.084879e-09,5.239866e-14,1.537173e-13,2.067372e+03,2.137044e+03,2.067372e+00,2.137044e+00,1.000000e-09,15,3,false
2,bubble,W-SOR,w_sor,w,sor,1.15,mg_sor,cuda,double,8191,15,1.164507e-09,7.168455e-14,1.981332e-13,2.056062e+03,2.147648e+03,2.056062e+00,2.147648e+00,1.000000e-09,15,3,false
2,bubble,W-SOR,w_sor,w,sor,1.20,mg_sor,cuda,double,8191,15,1.199426e-09,3.765209e-14,1.018283e-13,2.106498e+03,2.198067e+03,2.106498e+00,2.198067e+00,1.000000e-09,15,3,false
2,bubble,W-SOR,w_sor,w,sor,1.25,mg_sor,cuda,double,8191,15,1.344902e-09,1.960208e-14,6.585010e-14,2.057727e+03,2.154980e+03,2.057727e+00,2.154980e+00,1.000000e-09,15,3,false
2,bubble,W-SOR,w_sor,w,sor,1.30,mg_sor,cuda,double,8191,15,1.387891e-09,7.716531e-14,1.711617e-13,2.074099e+03,2.142454e+03,2.074099e+00,2.142454e+00,1.000000e-09,15,3,false
2,bubble,W-SOR,w_sor,w,sor,1.35,mg_sor,cuda,double,8191,15,1.481961e-09,1.115777e-13,2.971998e-13,2.042372e+03,2.113157e+03,2.042372e+00,2.113157e+00,1.000000e-09,15,3,false
2,bubble,W-SOR,w_sor,w,sor,1.40,mg_sor,cuda,double,8191,15,1.599670e-09,1.839132e-13,3.591086e-13,2.050632e+03,2.122188e+03,2.050632e+00,2.122188e+00,1.000000e-09,15,3,false
2,bubble,W-SOR,w_sor,w,sor,1.45,mg_sor,cuda,double,8191,15,1.667424e-09,1.471458e-13,3.814032e-13,2.088763e+03,2.179083e+03,2.088763e+00,2.179083e+00,1.000000e-09,15,3,false
2,bubble,W-SOR,w_sor,w,sor,1.50,mg_sor,cuda,double,8191,15,1.814661e-09,9.328695e-15,2.934458e-14,2.041341e+03,2.117848e+03,2.041341e+00,2.117848e+00,1.000000e-09,15,3,false
2,exp,V-exact,v_exact,v,exact,1.00,mg_exact,cuda,double,8191,15,1.158281e-08,2.968845e-10,5.408527e-10,9.475020e+02,9.566880e+02,9.475020e-01,9.566880e-01,1.000000e-09,15,3,false
2,exp,V-exact,v_exact,v,exact,1.05,mg_exact,cuda,double,8191,15,1.221869e-08,2.965436e-10,5.400871e-10,9.706140e+02,9.871560e+02,9.706140e-01,9.871560e-01,1.000000e-09,15,3,false
2,exp,V-exact,v_exact,v,exact,1.10,mg_exact,cuda,double,8191,15,1.285319e-08,2.972015e-10,5.413097e-10,1.007890e+03,1.018193e+03,1.007890e+00,1.018193e+00,1.000000e-09,15,3,false
2,exp,V-exact,v_exact,v,exact,1.15,mg_exact,cuda,double,8191,15,1.361426e-08,3.009215e-10,5.482970e-10,9.706810e+02,9.874100e+02,9.706810e-01,9.874100e-01,1.000000e-09,15,3,false
2,exp,V-exact,v_exact,v,exact,1.20,mg_exact,cuda,double,8191,15,1.438266e-08,2.982403e-10,5.433769e-10,1.085022e+03,1.095102e+03,1.085022e+00,1.095102e+00,1.000000e-09,15,3,false
2,exp,V-exact,v_exact,v,exact,1.25,mg_exact,cuda,double,8191,15,1.528574e-08,2.973346e-10,5.414975e-10,9.335450e+02,9.483420e+02,9.335450e-01,9.483420e-01,1.000000e-09,15,3,false
2,exp,V-exact,v_exact,v,exact,1.30,mg_exact,cuda,double,8191,15,1.649063e-08,3.024784e-10,5.510095e-10,9.794730e+02,9.881250e+02,9.794730e-01,9.881250e-01,1.000000e-09,15,3,false
2,exp,V-exact,v_exact,v,exact,1.35,mg_exact,cuda,double,8191,15,1.784076e-08,2.960989e-10,5.385177e-10,1.035338e+03,1.046931e+03,1.035338e+00,1.046931e+00,1.000000e-09,15,3,false
2,exp,V-exact,v_exact,v,exact,1.40,mg_exact,cuda,double,8191,15,1.928480e-08,2.975255e-10,5.410556e-10,9.799000e+02,9.915980e+02,9.799000e-01,9.915980e-01,1.000000e-09,15,3,false
2,exp,V-exact,v_exact,v,exact,1.45,mg_exact,cuda,double,8191,15,2.049483e-08,2.961259e-10,5.382113e-10,1.017128e+03,1.026536e+03,1.017128e+00,1.026536e+00,1.000000e-09,15,3,false
2,exp,V-exact,v_exact,v,exact,1.50,mg_exact,cuda,double,8191,15,2.278091e-08,2.947724e-10,5.356608e-10,9.334840e+02,9.432170e+02,9.334840e-01,9.432170e-01,1.000000e-09,15,3,false
2,exp,V-SOR,v_sor,v,sor,1.00,mg_sor,cuda,double,8191,15,1.158146e-08,2.974679e-10,5.417391e-10,1.050599e+03,1.059232e+03,1.050599e+00,1.059232e+00,1.000000e-09,15,3,false
2,exp,V-SOR,v_sor,v,sor,1.05,mg_sor,cuda,double,8191,15,1.221680e-08,2.965285e-10,5.399299e-10,9.653920e+02,9.748010e+02,9.653920e-01,9.748010e-01,1.000000e-09,15,3,false
2,exp,V-SOR,v_sor,v,sor,1.10,mg_sor,cuda,double,8191,15,1.285225e-08,2.975655e-10,5.416361e-10,1.052877e+03,1.064717e+03,1.052877e+00,1.064717e+00,1.000000e-09,15,3,false
2,exp,V-SOR,v_sor,v,sor,1.15,mg_sor,cuda,double,8191,15,1.361895e-08,3.012312e-10,5.489578e-10,9.525110e+02,9.634500e+02,9.525110e-01,9.634500e-01,1.000000e-09,15,3,false
2,exp,V-SOR,v_sor,v,sor,1.20,mg_sor,cuda,double,8191,15,1.438223e-08,2.978184e-10,5.424532e-10,9.966560e+02,1.029837e+03,9.966560e-01,1.029837e+00,1.000000e-09,15,3,false
2,exp,V-SOR,v_sor,v,sor,1.25,mg_sor,cuda,double,8191,15,1.528520e-08,2.970640e-10,5.411533e-10,9.557150e+02,9.687330e+02,9.557150e-01,9.687330e-01,1.000000e-09,15,3,false
2,exp,V-SOR,v_sor,v,sor,1.30,mg_sor,cuda,double,8191,15,1.649040e-08,3.025279e-10,5.512808e-10,1.014914e+03,1.025107e+03,1.014914e+00,1.025107e+00,1.000000e-09,15,3,false
2,exp,V-SOR,v_sor,v,sor,1.35,mg_sor,cuda,double,8191,15,1.784207e-08,2.954211e-10,5.371592e-10,9.334810e+02,9.420380e+02,9.334810e-01,9.420380e-01,1.000000e-09,15,3,false
2,exp,V-SOR,v_sor,v,sor,1.40,mg_sor,cuda,double,8191,15,1.928526e-08,2.969510e-10,5.399232e-10,1.020184e+03,1.030005e+03,1.020184e+00,1.030005e+00,1.000000e-09,15,3,false
2,exp,V-SOR,v_sor,v,sor,1.45,mg_sor,cuda,double,8191,15,2.050242e-08,2.964221e-10,5.393574e-10,9.409430e+02,9.502440e+02,9.409430e-01,9.502440e-01,1.000000e-09,15,3,false
2,exp,V-SOR,v_sor,v,sor,1.50,mg_sor,cuda,double,8191,15,2.278001e-08,2.944159e-10,5.348970e-10,1.025352e+03,1.035262e+03,1.025352e+00,1.035262e+00,1.000000e-09,15,3,false
2,exp,W-exact,w_exact,w,exact,1.00,mg_exact,cuda,double,8191,15,1.158774e-08,2.975390e-10,5.420859e-10,2.694327e+03,2.796396e+03,2.694327e+00,2.796396e+00,1.000000e-09,15,3,false
2,exp,W-exact,w_exact,w,exact,1.05,mg_exact,cuda,double,8191,15,1.221510e-08,2.966213e-10,5.402230e-10,2.681544e+03,2.793380e+03,2.681544e+00,2.793380e+00,1.000000e-09,15,3,false
2,exp,W-exact,w_exact,w,exact,1.10,mg_exact,cuda,double,8191,15,1.285783e-08,2.974871e-10,5.416791e-10,2.690550e+03,2.790572e+03,2.690550e+00,2.790572e+00,1.000000e-09,15,3,false
2,exp,W-exact,w_exact,w,exact,1.15,mg_exact,cuda,double,8191,15,1.361252e-08,3.006513e-10,5.475815e-10,2.654921e+03,2.760187e+03,2.654921e+00,2.760187e+00,1.000000e-09,15,3,false
2,exp,W-exact,w_exact,w,exact,1.20,mg_exact,cuda,double,8191,15,1.438802e-08,2.981999e-10,5.430247e-10,2.635107e+03,2.724204e+03,2.635107e+00,2.724204e+00,1.000000e-09,15,3,false
2,exp,W-exact,w_exact,w,exact,1.25,mg_exact,cuda,double,8191,15,1.529107e-08,2.967898e-10,5.405090e-10,2.662264e+03,2.768693e+03,2.662264e+00,2.768693e+00,1.000000e-09,15,3,false
2,exp,W-exact,w_exact,w,exact,1.30,mg_exact,cuda,double,8191,15,1.648183e-08,3.026822e-10,5.516743e-10,2.704898e+03,2.806823e+03,2.704898e+00,2.806823e+00,1.000000e-09,15,3,false
2,exp,W-exact,w_exact,w,exact,1.35,mg_exact,cuda,double,8191,15,1.782771e-08,2.953729e-10,5.368368e-10,2.647954e+03,2.750816e+03,2.647954e+00,2.750816e+00,1.000000e-09,15,3,false
2,exp,W-exact,w_exact,w,exact,1.40,mg_exact,cuda,double,8191,15,1.926981e-08,2.969494e-10,5.399654e-10,2.682298e+03,2.796427e+03,2.682298e+00,2.796427e+00,1.000000e-09,15,3,false
2,exp,W-exact,w_exact,w,exact,1.45,mg_exact,cuda,double,8191,15,2.046921e-08,2.965801e-10,5.394543e-10,2.639456e+03,2.730683e+03,2.639456e+00,2.730683e+00,1.000000e-09,15,3,false
2,exp,W-exact,w_exact,w,exact,1.50,mg_exact,cuda,double,8191,15,2.276543e-08,2.945011e-10,5.354464e-10,2.667467e+03,2.775150e+03,2.667467e+00,2.775150e+00,1.000000e-09,15,3,false
2,exp,W-SOR,w_sor,w,sor,1.00,mg_sor,cuda,double,8191,15,1.158564e-08,2.976349e-10,5.421361e-10,2.043615e+03,2.131267e+03,2.043615e+00,2.131267e+00,1.000000e-09,15,3,false
2,exp,W-SOR,w_sor,w,sor,1.05,mg_sor,cuda,double,8191,15,1.221820e-08,2.966834e-10,5.401430e-10,2.054675e+03,2.152572e+03,2.054675e+00,2.152572e+00,1.000000e-09,15,3,false
2,exp,W-SOR,w_sor,w,sor,1.10,mg_sor,cuda,double,8191,15,1.285658e-08,2.976356e-10,5.421925e-10,2.035046e+03,2.108333e+03,2.035046e+00,2.108333e+00,1.000000e-09,15,3,false
2,exp,W-SOR,w_sor,w,sor,1.15,mg_sor,cuda,double,8191,15,1.361498e-08,3.010127e-10,5.486860e-10,2.072883e+03,2.186771e+03,2.072883e+00,2.186771e+00,1.000000e-09,15,3,false
2,exp,W-SOR,w_sor,w,sor,1.20,mg_sor,cuda,double,8191,15,1.438419e-08,2.982901e-10,5.435603e-10,2.090555e+03,2.191263e+03,2.090555e+00,2.191263e+00,1.000000e-09,15,3,false
2,exp,W-SOR,w_sor,w,sor,1.25,mg_sor,cuda,double,8191,15,1.528944e-08,2.970943e-10,5.412675e-10,2.079680e+03,2.191670e+03,2.079680e+00,2.191670e+00,1.000000e-09,15,3,false
2,exp,W-SOR,w_sor,w,sor,1.30,mg_sor,cuda,double,8191,15,1.648150e-08,3.026616e-10,5.516241e-10,2.098695e+03,2.173108e+03,2.098695e+00,2.173108e+00,1.000000e-09,15,3,false
2,exp,W-SOR,w_sor,w,sor,1.35,mg_sor,cuda,double,8191,15,1.782882e-08,2.954216e-10,5.371041e-10,2.033700e+03,2.115778e+03,2.033700e+00,2.115778e+00,1.000000e-09,15,3,false
2,exp,W-SOR,w_sor,w,sor,1.40,mg_sor,cuda,double,8191,15,1.927515e-08,2.971473e-10,5.406808e-10,2.059800e+03,2.149138e+03,2.059800e+00,2.149138e+00,1.000000e-09,15,3,false
2,exp,W-SOR,w_sor,w,sor,1.45,mg_sor,cuda,double,8191,15,2.046733e-08,2.959703e-10,5.383032e-10,2.065796e+03,2.158079e+03,2.065796e+00,2.158079e+00,1.000000e-09,15,3,false
2,exp,W-SOR,w_sor,w,sor,1.50,mg_sor,cuda,double,8191,15,2.276510e-08,2.947582e-10,5.358110e-10,2.002410e+03,2.093583e+03,2.002410e+00,2.093583e+00,1.000000e-09,15,3,false
2,cosine,V-exact,v_exact,v,exact,1.00,mg_exact,cuda,double,8191,15,1.144961e-09,1.136601e-09,2.209208e-09,1.019365e+03,1.029443e+03,1.019365e+00,1.029443e+00,1.000000e-09,15,3,false
2,cosine,V-exact,v_exact,v,exact,1.05,mg_exact,cuda,double,8191,15,1.233180e-09,1.136573e-09,2.209153e-09,9.580030e+02,9.681100e+02,9.580030e-01,9.681100e-01,1.000000e-09,15,3,false
2,cosine,V-exact,v_exact,v,exact,1.10,mg_exact,cuda,double,8191,15,1.312324e-09,1.136606e-09,2.209229e-09,9.927060e+02,1.001305e+03,9.927060e-01,1.001305e+00,1.000000e-09,15,3,false
2,cosine,V-exact,v_exact,v,exact,1.15,mg_exact,cuda,double,8191,15,1.387199e-09,1.136729e-09,2.209442e-09,9.468600e+02,9.559110e+02,9.468600e-01,9.559110e-01,1.000000e-09,15,3,false
2,cosine,V-exact,v_exact,v,exact,1.20,mg_exact,cuda,double,8191,15,1.444338e-09,1.136606e-09,2.209202e-09,9.819180e+02,9.980220e+02,9.819180e-01,9.980220e-01,1.000000e-09,15,3,false
2,cosine,V-exact,v_exact,v,exact,1.25,mg_exact,cuda,double,8191,15,1.540376e-09,1.136586e-09,2.209175e-09,9.427380e+02,9.515140e+02,9.427380e-01,9.515140e-01,1.000000e-09,15,3,false
2,cosine,V-exact,v_exact,v,exact,1.30,mg_exact,cuda,double,8191,15,1.622708e-09,1.136772e-09,2.209482e-09,9.952920e+02,1.009907e+03,9.952920e-01,1.009907e+00,1.000000e-09,15,3,false
2,cosine,V-exact,v_exact,v,exact,1.35,mg_exact,cuda,double,8191,15,1.727164e-09,1.136512e-09,2.209065e-09,9.636940e+02,9.754960e+02,9.636940e-01,9.754960e-01,1.000000e-09,15,3,false
2,cosine,V-exact,v_exact,v,exact,1.40,mg_exact,cuda,double,8191,15,1.848227e-09,1.136579e-09,2.209187e-09,9.584850e+02,9.676050e+02,9.584850e-01,9.676050e-01,1.000000e-09,15,3,false
2,cosine,V-exact,v_exact,v,exact,1.45,mg_exact,cuda,double,8191,15,1.923765e-09,1.136642e-09,2.209259e-09,9.672770e+02,9.780620e+02,9.672770e-01,9.780620e-01,1.000000e-09,15,3,false
2,cosine,V-exact,v_exact,v,exact,1.50,mg_exact,cuda,double,8191,15,2.242864e-09,1.136608e-09,2.209201e-09,9.475880e+02,9.647850e+02,9.475880e-01,9.647850e-01,1.000000e-09,15,3,false
2,cosine,V-SOR,v_sor,v,sor,1.00,mg_sor,cuda,double,8191,15,1.144953e-09,1.136609e-09,2.209186e-09,9.738780e+02,9.847220e+02,9.738780e-01,9.847220e-01,1.000000e-09,15,3,false
2,cosine,V-SOR,v_sor,v,sor,1.05,mg_sor,cuda,double,8191,15,1.233452e-09,1.136576e-09,2.209228e-09,9.722320e+02,9.818270e+02,9.722320e-01,9.818270e-01,1.000000e-09,15,3,false
2,cosine,V-SOR,v_sor,v,sor,1.10,mg_sor,cuda,double,8191,15,1.311962e-09,1.136582e-09,2.209170e-09,9.717230e+02,9.816210e+02,9.717230e-01,9.816210e-01,1.000000e-09,15,3,false
2,cosine,V-SOR,v_sor,v,sor,1.15,mg_sor,cuda,double,8191,15,1.386914e-09,1.136727e-09,2.209421e-09,9.812390e+02,9.901440e+02,9.812390e-01,9.901440e-01,1.000000e-09,15,3,false
2,cosine,V-SOR,v_sor,v,sor,1.20,mg_sor,cuda,double,8191,15,1.444170e-09,1.136586e-09,2.209167e-09,9.417300e+02,9.545200e+02,9.417300e-01,9.545200e-01,1.000000e-09,15,3,false
2,cosine,V-SOR,v_sor,v,sor,1.25,mg_sor,cuda,double,8191,15,1.539937e-09,1.136599e-09,2.209185e-09,9.760010e+02,1.000231e+03,9.760010e-01,1.000231e+00,1.000000e-09,15,3,false
2,cosine,V-SOR,v_sor,v,sor,1.30,mg_sor,cuda,double,8191,15,1.623278e-09,1.136793e-09,2.209570e-09,9.715120e+02,9.810010e+02,9.715120e-01,9.810010e-01,1.000000e-09,15,3,false
2,cosine,V-SOR,v_sor,v,sor,1.35,mg_sor,cuda,double,8191,15,1.726955e-09,1.136514e-09,2.209101e-09,9.821940e+02,9.945610e+02,9.821940e-01,9.945610e-01,1.000000e-09,15,3,false
2,cosine,V-SOR,v_sor,v,sor,1.40,mg_sor,cuda,double,8191,15,1.848459e-09,1.136568e-09,2.209120e-09,1.017231e+03,1.028606e+03,1.017231e+00,1.028606e+00,1.000000e-09,15,3,false
2,cosine,V-SOR,v_sor,v,sor,1.45,mg_sor,cuda,double,8191,15,1.923856e-09,1.136638e-09,2.209241e-09,9.423620e+02,9.567430e+02,9.423620e-01,9.567430e-01,1.000000e-09,15,3,false
2,cosine,V-SOR,v_sor,v,sor,1.50,mg_sor,cuda,double,8191,15,2.242270e-09,1.136592e-09,2.209207e-09,9.856310e+02,9.952470e+02,9.856310e-01,9.952470e-01,1.000000e-09,15,3,false
2,cosine,W-exact,w_exact,w,exact,1.00,mg_exact,cuda,double,8191,15,1.145014e-09,1.136611e-09,2.209202e-09,2.693962e+03,2.776903e+03,2.693962e+00,2.776903e+00,1.000000e-09,15,3,false
2,cosine,W-exact,w_exact,w,exact,1.05,mg_exact,cuda,double,8191,15,1.233274e-09,1.136572e-09,2.209183e-09,2.689426e+03,2.783689e+03,2.689426e+00,2.783689e+00,1.000000e-09,15,3,false
2,cosine,W-exact,w_exact,w,exact,1.10,mg_exact,cuda,double,8191,15,1.312046e-09,1.136596e-09,2.209220e-09,2.689276e+03,2.799229e+03,2.689276e+00,2.799229e+00,1.000000e-09,15,3,false
2,cosine,W-exact,w_exact,w,exact,1.15,mg_exact,cuda,double,8191,15,1.386969e-09,1.136718e-09,2.209377e-09,2.644530e+03,2.746675e+03,2.644530e+00,2.746675e+00,1.000000e-09,15,3,false
2,cosine,W-exact,w_exact,w,exact,1.20,mg_exact,cuda,double,8191,15,1.444121e-09,1.136600e-09,2.209228e-09,2.673356e+03,2.780334e+03,2.673356e+00,2.780334e+00,1.000000e-09,15,3,false
2,cosine,W-exact,w_exact,w,exact,1.25,mg_exact,cuda,double,8191,15,1.539670e-09,1.136601e-09,2.209244e-09,2.667400e+03,2.764919e+03,2.667400e+00,2.764919e+00,1.000000e-09,15,3,false
2,cosine,W-exact,w_exact,w,exact,1.30,mg_exact,cuda,double,8191,15,1.622332e-09,1.136767e-09,2.209482e-09,2.675736e+03,2.775975e+03,2.675736e+00,2.775975e+00,1.000000e-09,15,3,false
2,cosine,W-exact,w_exact,w,exact,1.35,mg_exact,cuda,double,8191,15,1.726328e-09,1.136501e-09,2.209012e-09,2.694166e+03,2.817026e+03,2.694166e+00,2.817026e+00,1.000000e-09,15,3,false
2,cosine,W-exact,w_exact,w,exact,1.40,mg_exact,cuda,double,8191,15,1.847559e-09,1.136576e-09,2.209164e-09,2.672165e+03,2.768576e+03,2.672165e+00,2.768576e+00,1.000000e-09,15,3,false
2,cosine,W-exact,w_exact,w,exact,1.45,mg_exact,cuda,double,8191,15,1.922448e-09,1.136640e-09,2.209205e-09,2.689413e+03,2.806137e+03,2.689413e+00,2.806137e+00,1.000000e-09,15,3,false
2,cosine,W-exact,w_exact,w,exact,1.50,mg_exact,cuda,double,8191,15,2.241923e-09,1.136606e-09,2.209221e-09,2.669890e+03,2.788784e+03,2.669890e+00,2.788784e+00,1.000000e-09,15,3,false
2,cosine,W-SOR,w_sor,w,sor,1.00,mg_sor,cuda,double,8191,15,1.144997e-09,1.136606e-09,2.209246e-09,2.063936e+03,2.173629e+03,2.063936e+00,2.173629e+00,1.000000e-09,15,3,false
2,cosine,W-SOR,w_sor,w,sor,1.05,mg_sor,cuda,double,8191,15,1.233526e-09,1.136567e-09,2.209157e-09,2.103660e+03,2.205751e+03,2.103660e+00,2.205751e+00,1.000000e-09,15,3,false
2,cosine,W-SOR,w_sor,w,sor,1.10,mg_sor,cuda,double,8191,15,1.312252e-09,1.136598e-09,2.209261e-09,2.120099e+03,2.239712e+03,2.120099e+00,2.239712e+00,1.000000e-09,15,3,false
2,cosine,W-SOR,w_sor,w,sor,1.15,mg_sor,cuda,double,8191,15,1.386937e-09,1.136708e-09,2.209339e-09,2.117768e+03,2.218373e+03,2.117768e+00,2.218373e+00,1.000000e-09,15,3,false
2,cosine,W-SOR,w_sor,w,sor,1.20,mg_sor,cuda,double,8191,15,1.444261e-09,1.136601e-09,2.209199e-09,2.096537e+03,2.200624e+03,2.096537e+00,2.200624e+00,1.000000e-09,15,3,false
2,cosine,W-SOR,w_sor,w,sor,1.25,mg_sor,cuda,double,8191,15,1.539838e-09,1.136596e-09,2.209259e-09,2.121352e+03,2.218590e+03,2.121352e+00,2.218590e+00,1.000000e-09,15,3,false
2,cosine,W-SOR,w_sor,w,sor,1.30,mg_sor,cuda,double,8191,15,1.622751e-09,1.136782e-09,2.209509e-09,2.098586e+03,2.193634e+03,2.098586e+00,2.193634e+00,1.000000e-09,15,3,false
2,cosine,W-SOR,w_sor,w,sor,1.35,mg_sor,cuda,double,8191,15,1.726533e-09,1.136512e-09,2.209086e-09,2.100534e+03,2.241191e+03,2.100534e+00,2.241191e+00,1.000000e-09,15,3,false
2,cosine,W-SOR,w_sor,w,sor,1.40,mg_sor,cuda,double,8191,15,1.847685e-09,1.136568e-09,2.209169e-09,2.122786e+03,2.254868e+03,2.122786e+00,2.254868e+00,1.000000e-09,15,3,false
2,cosine,W-SOR,w_sor,w,sor,1.45,mg_sor,cuda,double,8191,15,1.922616e-09,1.136633e-09,2.209216e-09,2.067723e+03,2.137563e+03,2.067723e+00,2.137563e+00,1.000000e-09,15,3,false
2,cosine,W-SOR,w_sor,w,sor,1.50,mg_sor,cuda,double,8191,15,2.241545e-09,1.136609e-09,2.209252e-09,2.059849e+03,2.160077e+03,2.059849e+00,2.160077e+00,1.000000e-09,15,3,false
2,sine,V-exact,v_exact,v,exact,1.00,mg_exact,cuda,double,8191,15,1.118363e-09,6.127881e-09,1.225573e-08,1.201666e+03,1.215155e+03,1.201666e+00,1.215155e+00,1.000000e-09,15,4,false
2,sine,V-exact,v_exact,v,exact,1.05,mg_exact,cuda,double,8191,15,1.195474e-09,6.127316e-09,1.225389e-08,1.151771e+03,1.161536e+03,1.151771e+00,1.161536e+00,1.000000e-09,15,4,false
2,sine,V-exact,v_exact,v,exact,1.10,mg_exact,cuda,double,8191,15,1.263874e-09,6.127816e-09,1.225555e-08,1.225195e+03,1.233795e+03,1.225195e+00,1.233795e+00,1.000000e-09,15,4,false
2,sine,V-exact,v_exact,v,exact,1.15,mg_exact,cuda,double,8191,15,1.329260e-09,6.128961e-09,1.225856e-08,1.175998e+03,1.184857e+03,1.175998e+00,1.184857e+00,1.000000e-09,15,4,false
2,sine,V-exact,v_exact,v,exact,1.20,mg_exact,cuda,double,8191,15,1.375171e-09,6.127775e-09,1.225550e-08,1.182978e+03,1.191972e+03,1.182978e+00,1.191972e+00,1.000000e-09,15,4,false
2,sine,V-exact,v_exact,v,exact,1.25,mg_exact,cuda,double,8191,15,1.460876e-09,6.127878e-09,1.225572e-08,1.247537e+03,1.256958e+03,1.247537e+00,1.256958e+00,1.000000e-09,15,4,false
2,sine,V-exact,v_exact,v,exact,1.30,mg_exact,cuda,double,8191,15,1.551475e-09,6.129027e-09,1.225841e-08,1.183483e+03,1.198459e+03,1.183483e+00,1.198459e+00,1.000000e-09,15,4,false
2,sine,V-exact,v_exact,v,exact,1.35,mg_exact,cuda,double,8191,15,1.657086e-09,6.127004e-09,1.225334e-08,1.319140e+03,1.330608e+03,1.319140e+00,1.330608e+00,1.000000e-09,15,4,false
2,sine,V-exact,v_exact,v,exact,1.40,mg_exact,cuda,double,8191,15,1.794945e-09,6.127788e-09,1.225565e-08,1.170189e+03,1.180956e+03,1.170189e+00,1.180956e+00,1.000000e-09,15,4,false
2,sine,V-exact,v_exact,v,exact,1.45,mg_exact,cuda,double,8191,15,1.868852e-09,6.128951e-09,1.225892e-08,1.169349e+03,1.189082e+03,1.169349e+00,1.189082e+00,1.000000e-09,15,4,false
2,sine,V-exact,v_exact,v,exact,1.50,mg_exact,cuda,double,8191,15,2.181669e-09,6.127857e-09,1.225567e-08,1.225838e+03,1.234573e+03,1.225838e+00,1.234573e+00,1.000000e-09,15,4,false
2,sine,V-SOR,v_sor,v,sor,1.00,mg_sor,cuda,double,8191,15,1.118201e-09,6.127919e-09,1.225587e-08,1.221987e+03,1.232073e+03,1.221987e+00,1.232073e+00,1.000000e-09,15,4,false
2,sine,V-SOR,v_sor,v,sor,1.05,mg_sor,cuda,double,8191,15,1.195667e-09,6.127305e-09,1.225389e-08,1.175793e+03,1.188949e+03,1.175793e+00,1.188949e+00,1.000000e-09,15,4,false
2,sine,V-SOR,v_sor,v,sor,1.10,mg_sor,cuda,double,8191,15,1.263798e-09,6.127897e-09,1.225568e-08,1.155626e+03,1.169405e+03,1.155626e+00,1.169405e+00,1.000000e-09,15,4,false
2,sine,V-SOR,v_sor,v,sor,1.15,mg_sor,cuda,double,8191,15,1.329418e-09,6.128952e-09,1.225844e-08,1.298560e+03,1.307377e+03,1.298560e+00,1.307377e+00,1.000000e-09,15,4,false
2,sine,V-SOR,v_sor,v,sor,1.20,mg_sor,cuda,double,8191,15,1.374960e-09,6.127862e-09,1.225569e-08,1.180324e+03,1.207014e+03,1.180324e+00,1.207014e+00,1.000000e-09,15,4,false
2,sine,V-SOR,v_sor,v,sor,1.25,mg_sor,cuda,double,8191,15,1.460912e-09,6.127907e-09,1.225582e-08,1.181691e+03,1.216361e+03,1.181691e+00,1.216361e+00,1.000000e-09,15,4,false
2,sine,V-SOR,v_sor,v,sor,1.30,mg_sor,cuda,double,8191,15,1.551439e-09,6.129143e-09,1.225868e-08,1.243939e+03,1.253201e+03,1.243939e+00,1.253201e+00,1.000000e-09,15,4,false
2,sine,V-SOR,v_sor,v,sor,1.35,mg_sor,cuda,double,8191,15,1.657949e-09,6.127042e-09,1.225346e-08,1.189908e+03,1.199996e+03,1.189908e+00,1.199996e+00,1.000000e-09,15,4,false
2,sine,V-SOR,v_sor,v,sor,1.40,mg_sor,cuda,double,8191,15,1.795236e-09,6.127811e-09,1.225577e-08,1.170471e+03,1.187379e+03,1.170471e+00,1.187379e+00,1.000000e-09,15,4,false
2,sine,V-SOR,v_sor,v,sor,1.45,mg_sor,cuda,double,8191,15,1.868879e-09,6.128868e-09,1.225874e-08,1.188350e+03,1.203263e+03,1.188350e+00,1.203263e+00,1.000000e-09,15,4,false
2,sine,V-SOR,v_sor,v,sor,1.50,mg_sor,cuda,double,8191,15,2.181246e-09,6.127862e-09,1.225567e-08,1.253273e+03,1.263907e+03,1.253273e+00,1.263907e+00,1.000000e-09,15,4,false
2,sine,W-exact,w_exact,w,exact,1.00,mg_exact,cuda,double,8191,15,1.117966e-09,6.127900e-09,1.225572e-08,3.051365e+03,3.155015e+03,3.051365e+00,3.155015e+00,1.000000e-09,15,4,false
2,sine,W-exact,w_exact,w,exact,1.05,mg_exact,cuda,double,8191,15,1.195925e-09,6.127361e-09,1.225408e-08,3.021302e+03,3.143617e+03,3.021302e+00,3.143617e+00,1.000000e-09,15,4,false
2,sine,W-exact,w_exact,w,exact,1.10,mg_exact,cuda,double,8191,15,1.263955e-09,6.127798e-09,1.225543e-08,3.012587e+03,3.126764e+03,3.012587e+00,3.126764e+00,1.000000e-09,15,4,false
2,sine,W-exact,w_exact,w,exact,1.15,mg_exact,cuda,double,8191,15,1.328994e-09,6.128952e-09,1.225843e-08,3.041317e+03,3.205325e+03,3.041317e+00,3.205325e+00,1.000000e-09,15,4,false
2,sine,W-exact,w_exact,w,exact,1.20,mg_exact,cuda,double,8191,15,1.374918e-09,6.127809e-09,1.225559e-08,3.037655e+03,3.167451e+03,3.037655e+00,3.167451e+00,1.000000e-09,15,4,false
2,sine,W-exact,w_exact,w,exact,1.25,mg_exact,cuda,double,8191,15,1.460795e-09,6.127861e-09,1.225575e-08,3.032589e+03,3.147415e+03,3.032589e+00,3.147415e+00,1.000000e-09,15,4,false
2,sine,W-exact,w_exact,w,exact,1.30,mg_exact,cuda,double,8191,15,1.550973e-09,6.129065e-09,1.225847e-08,3.023958e+03,3.155180e+03,3.023958e+00,3.155180e+00,1.000000e-09,15,4,false
2,sine,W-exact,w_exact,w,exact,1.35,mg_exact,cuda,double,8191,15,1.657113e-09,6.126919e-09,1.225320e-08,3.032082e+03,3.192394e+03,3.032082e+00,3.192394e+00,1.000000e-09,15,4,false
2,sine,W-exact,w_exact,w,exact,1.40,mg_exact,cuda,double,8191,15,1.794241e-09,6.127829e-09,1.225581e-08,3.037147e+03,3.145115e+03,3.037147e+00,3.145115e+00,1.000000e-09,15,4,false
2,sine,W-exact,w_exact,w,exact,1.45,mg_exact,cuda,double,8191,15,1.867996e-09,6.128860e-09,1.225860e-08,3.011228e+03,3.100409e+03,3.011228e+00,3.100409e+00,1.000000e-09,15,4,false
2,sine,W-exact,w_exact,w,exact,1.50,mg_exact,cuda,double,8191,15,2.181283e-09,6.127977e-09,1.225594e-08,3.008794e+03,3.140625e+03,3.008794e+00,3.140625e+00,1.000000e-09,15,4,false
2,sine,W-SOR,w_sor,w,sor,1.00,mg_sor,cuda,double,8191,15,1.118531e-09,6.128024e-09,1.225609e-08,2.406430e+03,2.571147e+03,2.406430e+00,2.571147e+00,1.000000e-09,15,4,false
2,sine,W-SOR,w_sor,w,sor,1.05,mg_sor,cuda,double,8191,15,1.195729e-09,6.127393e-09,1.225413e-08,2.425278e+03,2.507611e+03,2.425278e+00,2.507611e+00,1.000000e-09,15,4,false
2,sine,W-SOR,w_sor,w,sor,1.10,mg_sor,cuda,double,8191,15,1.263969e-09,6.127784e-09,1.225545e-08,2.431896e+03,2.533714e+03,2.431896e+00,2.533714e+00,1.000000e-09,15,4,false
2,sine,W-SOR,w_sor,w,sor,1.15,mg_sor,cuda,double,8191,15,1.329436e-09,6.128998e-09,1.225855e-08,2.412131e+03,2.550807e+03,2.412131e+00,2.550807e+00,1.000000e-09,15,4,false
2,sine,W-SOR,w_sor,w,sor,1.20,mg_sor,cuda,double,8191,15,1.375251e-09,6.127809e-09,1.225558e-08,2.367400e+03,2.476054e+03,2.367400e+00,2.476054e+00,1.000000e-09,15,4,false
2,sine,W-SOR,w_sor,w,sor,1.25,mg_sor,cuda,double,8191,15,1.461153e-09,6.127873e-09,1.225574e-08,2.395697e+03,2.536790e+03,2.395697e+00,2.536790e+00,1.000000e-09,15,4,false
2,sine,W-SOR,w_sor,w,sor,1.30,mg_sor,cuda,double,8191,15,1.551335e-09,6.129128e-09,1.225861e-08,2.473128e+03,2.596934e+03,2.473128e+00,2.596934e+00,1.000000e-09,15,4,false
2,sine,W-SOR,w_sor,w,sor,1.35,mg_sor,cuda,double,8191,15,1.656894e-09,6.126897e-09,1.225313e-08,2.416680e+03,2.545632e+03,2.416680e+00,2.545632e+00,1.000000e-09,15,4,false
2,sine,W-SOR,w_sor,w,sor,1.40,mg_sor,cuda,double,8191,15,1.794366e-09,6.127828e-09,1.225576e-08,2.391771e+03,2.491498e+03,2.391771e+00,2.491498e+00,1.000000e-09,15,4,false
2,sine,W-SOR,w_sor,w,sor,1.45,mg_sor,cuda,double,8191,15,1.868277e-09,6.128883e-09,1.225874e-08,2.392198e+03,2.543858e+03,2.392198e+00,2.543858e+00,1.000000e-09,15,4,false
2,sine,W-SOR,w_sor,w,sor,1.50,mg_sor,cuda,double,8191,15,2.181162e-09,6.127892e-09,1.225575e-08,2.408729e+03,2.493845e+03,2.408729e+00,2.493845e+00,1.000000e-09,15,4,false
2,mixed_sine,V-exact,v_exact,v,exact,1.00,mg_exact,cuda,double,8191,7,1.775014e-10,4.571161e-08,9.142340e-08,6.496810e+02,6.594790e+02,6.496810e-01,6.594790e-01,1.000000e-09,15,4,true
2,mixed_sine,V-exact,v_exact,v,exact,1.05,mg_exact,cuda,double,8191,6,3.483458e-10,4.563217e-08,9.126456e-08,5.765530e+02,5.910700e+02,5.765530e-01,5.910700e-01,1.000000e-09,15,4,true
2,mixed_sine,V-exact,v_exact,v,exact,1.10,mg_exact,cuda,double,8191,6,2.077562e-10,4.570899e-08,9.141804e-08,6.138190e+02,6.246710e+02,6.138190e-01,6.246710e-01,1.000000e-09,15,4,true
2,mixed_sine,V-exact,v_exact,v,exact,1.15,mg_exact,cuda,double,8191,5,3.912584e-10,4.563497e-08,9.127003e-08,5.046660e+02,5.162480e+02,5.046660e-01,5.162480e-01,1.000000e-09,15,4,true
2,mixed_sine,V-exact,v_exact,v,exact,1.20,mg_exact,cuda,double,8191,5,2.214935e-10,4.572197e-08,9.144403e-08,5.650170e+02,5.741990e+02,5.650170e-01,5.741990e-01,1.000000e-09,15,4,true
2,mixed_sine,V-exact,v_exact,v,exact,1.25,mg_exact,cuda,double,8191,4,2.477587e-10,4.571955e-08,9.143920e-08,4.480450e+02,4.579420e+02,4.480450e-01,4.579420e-01,1.000000e-09,15,4,true
2,mixed_sine,V-exact,v_exact,v,exact,1.30,mg_exact,cuda,double,8191,5,2.876306e-10,4.574820e-08,9.149652e-08,5.972370e+02,6.102660e+02,5.972370e-01,6.102660e-01,1.000000e-09,15,4,true
2,mixed_sine,V-exact,v_exact,v,exact,1.35,mg_exact,cuda,double,8191,6,2.751196e-10,4.571330e-08,9.142670e-08,5.659290e+02,5.766110e+02,5.659290e-01,5.766110e-01,1.000000e-09,15,4,true
2,mixed_sine,V-exact,v_exact,v,exact,1.40,mg_exact,cuda,double,8191,6,7.627253e-10,4.558905e-08,9.117821e-08,6.007710e+02,6.131440e+02,6.007710e-01,6.131440e-01,1.000000e-09,15,4,true
2,mixed_sine,V-exact,v_exact,v,exact,1.45,mg_exact,cuda,double,8191,7,3.885303e-10,4.576283e-08,9.152588e-08,6.539400e+02,6.672080e+02,6.539400e-01,6.672080e-01,1.000000e-09,15,4,true
2,mixed_sine,V-exact,v_exact,v,exact,1.50,mg_exact,cuda,double,8191,8,3.534802e-10,4.570828e-08,9.141692e-08,7.153260e+02,7.251170e+02,7.153260e-01,7.251170e-01,1.000000e-09,15,4,true
2,mixed_sine,V-SOR,v_sor,v,sor,1.00,mg_sor,cuda,double,8191,7,1.774480e-10,4.571162e-08,9.142338e-08,6.852740e+02,6.960460e+02,6.852740e-01,6.960460e-01,1.000000e-09,15,4,true
2,mixed_sine,V-SOR,v_sor,v,sor,1.05,mg_sor,cuda,double,8191,6,3.483615e-10,4.563216e-08,9.126453e-08,5.732890e+02,5.846450e+02,5.732890e-01,5.846450e-01,1.000000e-09,15,4,true
2,mixed_sine,V-SOR,v_sor,v,sor,1.10,mg_sor,cuda,double,8191,6,2.077825e-10,4.570897e-08,9.141800e-08,5.686150e+02,5.778670e+02,5.686150e-01,5.778670e-01,1.000000e-09,15,4,true
2,mixed_sine,V-SOR,v_sor,v,sor,1.15,mg_sor,cuda,double,8191,5,3.912290e-10,4.563498e-08,9.127004e-08,5.456110e+02,5.626650e+02,5.456110e-01,5.626650e-01,1.000000e-09,15,4,true
2,mixed_sine,V-SOR,v_sor,v,sor,1.20,mg_sor,cuda,double,8191,5,2.215441e-10,4.572195e-08,9.144397e-08,5.174340e+02,5.315030e+02,5.174340e-01,5.315030e-01,1.000000e-09,15,4,true
2,mixed_sine,V-SOR,v_sor,v,sor,1.25,mg_sor,cuda,double,8191,4,2.477606e-10,4.571954e-08,9.143913e-08,5.324900e+02,5.432150e+02,5.324900e-01,5.432150e-01,1.000000e-09,15,4,true
2,mixed_sine,V-SOR,v_sor,v,sor,1.30,mg_sor,cuda,double,8191,5,2.876805e-10,4.574820e-08,9.149660e-08,5.018270e+02,5.132190e+02,5.018270e-01,5.132190e-01,1.000000e-09,15,4,true
2,mixed_sine,V-SOR,v_sor,v,sor,1.35,mg_sor,cuda,double,8191,6,2.750401e-10,4.571334e-08,9.142684e-08,6.527580e+02,6.618480e+02,6.527580e-01,6.618480e-01,1.000000e-09,15,4,true
2,mixed_sine,V-SOR,v_sor,v,sor,1.40,mg_sor,cuda,double,8191,6,7.626991e-10,4.558904e-08,9.117815e-08,5.724070e+02,5.836750e+02,5.724070e-01,5.836750e-01,1.000000e-09,15,4,true
2,mixed_sine,V-SOR,v_sor,v,sor,1.45,mg_sor,cuda,double,8191,7,3.885014e-10,4.576284e-08,9.152585e-08,6.611350e+02,6.707470e+02,6.611350e-01,6.707470e-01,1.000000e-09,15,4,true
2,mixed_sine,V-SOR,v_sor,v,sor,1.50,mg_sor,cuda,double,8191,8,3.533712e-10,4.570829e-08,9.141702e-08,7.577480e+02,7.680110e+02,7.577480e-01,7.680110e-01,1.000000e-09,15,4,true
2,mixed_sine,W-exact,w_exact,w,exact,1.00,mg_exact,cuda,double,8191,2,1.752867e-10,4.572316e-08,9.144643e-08,5.857050e+02,6.818860e+02,5.857050e-01,6.818860e-01,1.000000e-09,15,4,true
2,mixed_sine,W-exact,w_exact,w,exact,1.05,mg_exact,cuda,double,8191,2,1.998984e-10,4.572314e-08,9.144641e-08,5.766700e+02,6.868260e+02,5.766700e-01,6.868260e-01,1.000000e-09,15,4,true
2,mixed_sine,W-exact,w_exact,w,exact,1.10,mg_exact,cuda,double,8191,2,2.207413e-10,4.572319e-08,9.144654e-08,5.620000e+02,6.482740e+02,5.620000e-01,6.482740e-01,1.000000e-09,15,4,true
2,mixed_sine,W-exact,w_exact,w,exact,1.15,mg_exact,cuda,double,8191,2,3.171770e-10,4.572316e-08,9.144638e-08,5.736640e+02,6.927240e+02,5.736640e-01,6.927240e-01,1.000000e-09,15,4,true
2,mixed_sine,W-exact,w_exact,w,exact,1.20,mg_exact,cuda,double,8191,3,2.149407e-10,4.572330e-08,9.144678e-08,7.510220e+02,8.402220e+02,7.510220e-01,8.402220e-01,1.000000e-09,15,4,true
2,mixed_sine,W-exact,w_exact,w,exact,1.25,mg_exact,cuda,double,8191,3,2.304631e-10,4.572155e-08,9.144322e-08,7.815320e+02,8.982310e+02,7.815320e-01,8.982310e-01,1.000000e-09,15,4,true
2,mixed_sine,W-exact,w_exact,w,exact,1.30,mg_exact,cuda,double,8191,3,2.575966e-10,4.572325e-08,9.144672e-08,7.499180e+02,8.646600e+02,7.499180e-01,8.646600e-01,1.000000e-09,15,4,true
2,mixed_sine,W-exact,w_exact,w,exact,1.35,mg_exact,cuda,double,8191,3,6.432688e-10,4.572325e-08,9.144659e-08,7.931490e+02,9.713680e+02,7.931490e-01,9.713680e-01,1.000000e-09,15,4,true
2,mixed_sine,W-exact,w_exact,w,exact,1.40,mg_exact,cuda,double,8191,4,2.820739e-10,4.572320e-08,9.144646e-08,9.597310e+02,1.058436e+03,9.597310e-01,1.058436e+00,1.000000e-09,15,4,true
2,mixed_sine,W-exact,w_exact,w,exact,1.45,mg_exact,cuda,double,8191,4,3.330800e-10,4.572331e-08,9.144666e-08,9.376360e+02,1.051920e+03,9.376360e-01,1.051920e+00,1.000000e-09,15,4,true
2,mixed_sine,W-exact,w_exact,w,exact,1.50,mg_exact,cuda,double,8191,5,3.417583e-10,4.572552e-08,9.145128e-08,1.129815e+03,1.240044e+03,1.129815e+00,1.240044e+00,1.000000e-09,15,4,true
2,mixed_sine,W-SOR,w_sor,w,sor,1.00,mg_sor,cuda,double,8191,2,1.752867e-10,4.572316e-08,9.144643e-08,5.114760e+02,6.429890e+02,5.114760e-01,6.429890e-01,1.000000e-09,15,4,true
2,mixed_sine,W-SOR,w_sor,w,sor,1.05,mg_sor,cuda,double,8191,2,1.998943e-10,4.572316e-08,9.144632e-08,5.021560e+02,6.575630e+02,5.021560e-01,6.575630e-01,1.000000e-09,15,4,true
2,mixed_sine,W-SOR,w_sor,w,sor,1.10,mg_sor,cuda,double,8191,2,2.207413e-10,4.572319e-08,9.144654e-08,5.453230e+02,6.882570e+02,5.453230e-01,6.882570e-01,1.000000e-09,15,4,true
2,mixed_sine,W-SOR,w_sor,w,sor,1.15,mg_sor,cuda,double,8191,2,3.171770e-10,4.572316e-08,9.144638e-08,4.846560e+02,5.719490e+02,4.846560e-01,5.719490e-01,1.000000e-09,15,4,true
2,mixed_sine,W-SOR,w_sor,w,sor,1.20,mg_sor,cuda,double,8191,3,2.149407e-10,4.572330e-08,9.144678e-08,6.482820e+02,7.778730e+02,6.482820e-01,7.778730e-01,1.000000e-09,15,4,true
2,mixed_sine,W-SOR,w_sor,w,sor,1.25,mg_sor,cuda,double,8191,3,2.304541e-10,4.572156e-08,9.144334e-08,6.474210e+02,7.613500e+02,6.474210e-01,7.613500e-01,1.000000e-09,15,4,true
2,mixed_sine,W-SOR,w_sor,w,sor,1.30,mg_sor,cuda,double,8191,3,2.575656e-10,4.572323e-08,9.144670e-08,6.676800e+02,8.009660e+02,6.676800e-01,8.009660e-01,1.000000e-09,15,4,true
2,mixed_sine,W-SOR,w_sor,w,sor,1.35,mg_sor,cuda,double,8191,3,6.433048e-10,4.572325e-08,9.144661e-08,6.495310e+02,7.720110e+02,6.495310e-01,7.720110e-01,1.000000e-09,15,4,true
2,mixed_sine,W-SOR,w_sor,w,sor,1.40,mg_sor,cuda,double,8191,4,2.822112e-10,4.572319e-08,9.144644e-08,8.179150e+02,9.487620e+02,8.179150e-01,9.487620e-01,1.000000e-09,15,4,true
2,mixed_sine,W-SOR,w_sor,w,sor,1.45,mg_sor,cuda,double,8191,4,3.330890e-10,4.572332e-08,9.144672e-08,8.028580e+02,9.060830e+02,8.028580e-01,9.060830e-01,1.000000e-09,15,4,true
2,mixed_sine,W-SOR,w_sor,w,sor,1.50,mg_sor,cuda,double,8191,5,3.418235e-10,4.572550e-08,9.145128e-08,9.579090e+02,1.098126e+03,9.579090e-01,1.098126e+00,1.000000e-09,15,4,true
2,bubble,V-exact,v_exact,v,exact,1.00,mg_exact,cuda,double,8191,7,9.286727e-10,1.439791e-12,2.989220e-12,6.838140e+02,6.926890e+02,6.838140e-01,6.926890e-01,1.000000e-09,15,4,true
2,bubble,V-exact,v_exact,v,exact,1.05,mg_exact,cuda,double,8191,10,9.989214e-10,9.742835e-14,2.669670e-13,8.441720e+02,8.534190e+02,8.441720e-01,8.534190e-01,1.000000e-09,15,4,true
2,bubble,V-exact,v_exact,v,exact,1.10,mg_exact,cuda,double,8191,15,1.067167e-09,6.292653e-14,1.754499e-13,1.173532e+03,1.183928e+03,1.173532e+00,1.183928e+00,1.000000e-09,15,4,false
2,bubble,V-exact,v_exact,v,exact,1.15,mg_exact,cuda,double,8191,15,1.133168e-09,8.244993e-14,2.145228e-13,1.180796e+03,1.208245e+03,1.180796e+00,1.208245e+00,1.000000e-09,15,4,false
2,bubble,V-exact,v_exact,v,exact,1.20,mg_exact,cuda,double,8191,15,1.159094e-09,4.576978e-14,1.296949e-13,1.168734e+03,1.186815e+03,1.168734e+00,1.186815e+00,1.000000e-09,15,4,false
2,bubble,V-exact,v_exact,v,exact,1.25,mg_exact,cuda,double,8191,15,1.287422e-09,2.847826e-14,1.337749e-13,1.202443e+03,1.211612e+03,1.202443e+00,1.211612e+00,1.000000e-09,15,4,false
2,bubble,V-exact,v_exact,v,exact,1.30,mg_exact,cuda,double,8191,15,1.348537e-09,9.074685e-14,2.165976e-13,1.160749e+03,1.175168e+03,1.160749e+00,1.175168e+00,1.000000e-09,15,4,false
2,bubble,V-exact,v_exact,v,exact,1.35,mg_exact,cuda,double,8191,15,1.439768e-09,1.287678e-13,3.352318e-13,1.238407e+03,1.247409e+03,1.238407e+00,1.247409e+00,1.000000e-09,15,4,false
2,bubble,V-exact,v_exact,v,exact,1.40,mg_exact,cuda,double,8191,15,1.571404e-09,1.962137e-13,4.040310e-13,1.216058e+03,1.232959e+03,1.216058e+00,1.232959e+00,1.000000e-09,15,4,false
2,bubble,V-exact,v_exact,v,exact,1.45,mg_exact,cuda,double,8191,15,1.640814e-09,1.651162e-13,4.228354e-13,1.180438e+03,1.200955e+03,1.180438e+00,1.200955e+00,1.000000e-09,15,4,false
2,bubble,V-exact,v_exact,v,exact,1.50,mg_exact,cuda,double,8191,15,1.857771e-09,5.850243e-14,1.291536e-13,1.178920e+03,1.189809e+03,1.178920e+00,1.189809e+00,1.000000e-09,15,4,false
2,bubble,V-SOR,v_sor,v,sor,1.00,mg_sor,cuda,double,8191,7,9.282121e-10,1.439606e-12,2.983135e-12,6.292410e+02,6.498430e+02,6.292410e-01,6.498430e-01,1.000000e-09,15,4,true
2,bubble,V-SOR,v_sor,v,sor,1.05,mg_sor,cuda,double,8191,10,9.988731e-10,9.424187e-14,2.584113e-13,8.576890e+02,8.718920e+02,8.576890e-01,8.718920e-01,1.000000e-09,15,4,true
2,bubble,V-SOR,v_sor,v,sor,1.10,mg_sor,cuda,double,8191,15,1.070381e-09,6.780818e-14,1.880024e-13,1.278743e+03,1.292512e+03,1.278743e+00,1.292512e+00,1.000000e-09,15,4,false
2,bubble,V-SOR,v_sor,v,sor,1.15,mg_sor,cuda,double,8191,15,1.136031e-09,8.361303e-14,2.183184e-13,1.182618e+03,1.191405e+03,1.182618e+00,1.191405e+00,1.000000e-09,15,4,false
2,bubble,V-SOR,v_sor,v,sor,1.20,mg_sor,cuda,double,8191,15,1.151150e-09,3.972801e-14,1.033201e-13,1.172024e+03,1.184168e+03,1.172024e+00,1.184168e+00,1.000000e-09,15,4,false
2,bubble,V-SOR,v_sor,v,sor,1.25,mg_sor,cuda,double,8191,15,1.302751e-09,2.603594e-14,7.650824e-14,1.169724e+03,1.192545e+03,1.169724e+00,1.192545e+00,1.000000e-09,15,4,false
2,bubble,V-SOR,v_sor,v,sor,1.30,mg_sor,cuda,double,8191,15,1.350242e-09,8.698504e-14,2.013736e-13,1.171977e+03,1.205023e+03,1.171977e+00,1.205023e+00,1.000000e-09,15,4,false
2,bubble,V-SOR,v_sor,v,sor,1.35,mg_sor,cuda,double,8191,15,1.439365e-09,1.242411e-13,3.155531e-13,1.164359e+03,1.174374e+03,1.164359e+00,1.174374e+00,1.000000e-09,15,4,false
2,bubble,V-SOR,v_sor,v,sor,1.40,mg_sor,cuda,double,8191,15,1.571839e-09,2.089100e-13,4.292261e-13,1.171334e+03,1.180014e+03,1.171334e+00,1.180014e+00,1.000000e-09,15,4,false
2,bubble,V-SOR,v_sor,v,sor,1.45,mg_sor,cuda,double,8191,15,1.638065e-09,1.618322e-13,4.155704e-13,1.151167e+03,1.162897e+03,1.151167e+00,1.162897e+00,1.000000e-09,15,4,false
2,bubble,V-SOR,v_sor,v,sor,1.50,mg_sor,cuda,double,8191,15,1.853097e-09,2.890368e-14,7.051998e-14,1.179028e+03,1.190944e+03,1.179028e+00,1.190944e+00,1.000000e-09,15,4,false
2,bubble,W-exact,w_exact,w,exact,1.00,mg_exact,cuda,double,8191,4,9.483430e-10,2.950704e-14,7.931156e-14,9.419980e+02,1.017991e+03,9.419980e-01,1.017991e+00,1.000000e-09,15,4,true
2,bubble,W-exact,w_exact,w,exact,1.05,mg_exact,cuda,double,8191,5,9.973864e-10,7.497914e-14,2.359016e-13,1.116108e+03,1.195959e+03,1.116108e+00,1.195959e+00,1.000000e-09,15,4,true
2,bubble,W-exact,w_exact,w,exact,1.10,mg_exact,cuda,double,8191,15,1.065840e-09,5.698022e-14,1.708078e-13,3.094148e+03,3.210481e+03,3.094148e+00,3.210481e+00,1.000000e-09,15,4,false
2,bubble,W-exact,w_exact,w,exact,1.15,mg_exact,cuda,double,8191,15,1.134448e-09,7.669031e-14,2.051831e-13,3.007972e+03,3.102716e+03,3.007972e+00,3.102716e+00,1.000000e-09,15,4,false
2,bubble,W-exact,w_exact,w,exact,1.20,mg_exact,cuda,double,8191,15,1.168167e-09,4.393247e-14,1.262254e-13,3.009192e+03,3.087460e+03,3.009192e+00,3.087460e+00,1.000000e-09,15,4,false
2,bubble,W-exact,w_exact,w,exact,1.25,mg_exact,cuda,double,8191,15,1.334483e-09,1.170987e-14,3.996803e-14,3.008171e+03,3.092468e+03,3.008171e+00,3.092468e+00,1.000000e-09,15,4,false
2,bubble,W-exact,w_exact,w,exact,1.30,mg_exact,cuda,double,8191,15,1.343846e-09,7.951576e-14,1.888212e-13,2.990992e+03,3.069708e+03,2.990992e+00,3.069708e+00,1.000000e-09,15,4,false
2,bubble,W-exact,w_exact,w,exact,1.35,mg_exact,cuda,double,8191,15,1.440455e-09,1.060527e-13,2.879988e-13,2.997197e+03,3.081309e+03,2.997197e+00,3.081309e+00,1.000000e-09,15,4,false
2,bubble,W-exact,w_exact,w,exact,1.40,mg_exact,cuda,double,8191,15,1.573019e-09,1.805676e-13,3.617245e-13,3.071666e+03,3.214974e+03,3.071666e+00,3.214974e+00,1.000000e-09,15,4,false
2,bubble,W-exact,w_exact,w,exact,1.45,mg_exact,cuda,double,8191,15,1.639007e-09,1.588960e-13,4.070494e-13,2.994119e+03,3.075228e+03,2.994119e+00,3.075228e+00,1.000000e-09,15,4,false
2,bubble,W-exact,w_exact,w,exact,1.50,mg_exact,cuda,double,8191,15,1.868541e-09,2.208877e-14,7.226164e-14,2.993027e+03,3.075776e+03,2.993027e+00,3.075776e+00,1.000000e-09,15,4,false
2,bubble,W-SOR,w_sor,w,sor,1.00,mg_sor,cuda,double,8191,4,9.567411e-10,1.457189e-14,5.070944e-14,7.818220e+02,8.717650e+02,7.818220e-01,8.717650e-01,1.000000e-09,15,4,true
2,bubble,W-SOR,w_sor,w,sor,1.05,mg_sor,cuda,double,8191,4,9.993069e-10,7.676690e-14,2.248271e-13,7.581520e+02,8.468450e+02,7.581520e-01,8.468450e-01,1.000000e-09,15,4,true
2,bubble,W-SOR,w_sor,w,sor,1.10,mg_sor,cuda,double,8191,15,1.067361e-09,8.563467e-14,2.244663e-13,2.527264e+03,2.662473e+03,2.527264e+00,2.662473e+00,1.000000e-09,15,4,false
2,bubble,W-SOR,w_sor,w,sor,1.15,mg_sor,cuda,double,8191,15,1.130641e-09,1.051836e-13,2.816913e-13,2.392086e+03,2.497602e+03,2.392086e+00,2.497602e+00,1.000000e-09,15,4,false
2,bubble,W-SOR,w_sor,w,sor,1.20,mg_sor,cuda,double,8191,15,1.165792e-09,4.338512e-14,1.212225e-13,2.399747e+03,2.480558e+03,2.399747e+00,2.480558e+00,1.000000e-09,15,4,false
2,bubble,W-SOR,w_sor,w,sor,1.25,mg_sor,cuda,double,8191,15,1.336626e-09,1.007026e-14,3.740758e-14,2.379787e+03,2.464466e+03,2.379787e+00,2.464466e+00,1.000000e-09,15,4,false
2,bubble,W-SOR,w_sor,w,sor,1.30,mg_sor,cuda,double,8191,15,1.354087e-09,5.406602e-14,1.193559e-13,2.395752e+03,2.476662e+03,2.395752e+00,2.476662e+00,1.000000e-09,15,4,false
2,bubble,W-SOR,w_sor,w,sor,1.35,mg_sor,cuda,double,8191,15,1.437109e-09,1.097699e-13,2.945005e-13,2.363344e+03,2.456776e+03,2.363344e+00,2.456776e+00,1.000000e-09,15,4,false
2,bubble,W-SOR,w_sor,w,sor,1.40,mg_sor,cuda,double,8191,15,1.572087e-09,1.805640e-13,3.561595e-13,2.396965e+03,2.522651e+03,2.396965e+00,2.522651e+00,1.000000e-09,15,4,false
2,bubble,W-SOR,w_sor,w,sor,1.45,mg_sor,cuda,double,8191,15,1.638509e-09,1.759100e-13,4.416259e-13,2.422199e+03,2.504237e+03,2.422199e+00,2.504237e+00,1.000000e-09,15,4,false
2,bubble,W-SOR,w_sor,w,sor,1.50,mg_sor,cuda,double,8191,15,1.866594e-09,6.148150e-14,1.858791e-13,2.414205e+03,2.513514e+03,2.414205e+00,2.513514e+00,1.000000e-09,15,4,false
2,exp,V-exact,v_exact,v,exact,1.00,mg_exact,cuda,double,8191,15,1.146804e-08,2.975883e-10,5.420935e-10,1.162040e+03,1.196618e+03,1.162040e+00,1.196618e+00,1.000000e-09,15,4,false
2,exp,V-exact,v_exact,v,exact,1.05,mg_exact,cuda,double,8191,15,1.198229e-08,2.965174e-10,5.402185e-10,1.173498e+03,1.185013e+03,1.173498e+00,1.185013e+00,1.000000e-09,15,4,false
2,exp,V-exact,v_exact,v,exact,1.10,mg_exact,cuda,double,8191,15,1.251390e-08,2.975848e-10,5.419190e-10,1.157524e+03,1.173335e+03,1.157524e+00,1.173335e+00,1.000000e-09,15,4,false
2,exp,V-exact,v_exact,v,exact,1.15,mg_exact,cuda,double,8191,15,1.318391e-08,3.003157e-10,5.472454e-10,1.182374e+03,1.200949e+03,1.182374e+00,1.200949e+00,1.000000e-09,15,4,false
2,exp,V-exact,v_exact,v,exact,1.20,mg_exact,cuda,double,8191,15,1.387368e-08,2.978416e-10,5.426983e-10,1.181696e+03,1.190487e+03,1.181696e+00,1.190487e+00,1.000000e-09,15,4,false
2,exp,V-exact,v_exact,v,exact,1.25,mg_exact,cuda,double,8191,15,1.472037e-08,2.968297e-10,5.409508e-10,1.259393e+03,1.269248e+03,1.259393e+00,1.269248e+00,1.000000e-09,15,4,false
2,exp,V-exact,v_exact,v,exact,1.30,mg_exact,cuda,double,8191,15,1.598178e-08,3.027618e-10,5.516938e-10,1.183622e+03,1.194383e+03,1.183622e+00,1.194383e+00,1.000000e-09,15,4,false
2,exp,V-exact,v_exact,v,exact,1.35,mg_exact,cuda,double,8191,15,1.739115e-08,2.950282e-10,5.364589e-10,1.173470e+03,1.196400e+03,1.173470e+00,1.196400e+00,1.000000e-09,15,4,false
2,exp,V-exact,v_exact,v,exact,1.40,mg_exact,cuda,double,8191,15,1.891942e-08,2.970631e-10,5.400063e-10,1.173776e+03,1.192546e+03,1.173776e+00,1.192546e+00,1.000000e-09,15,4,false
2,exp,V-exact,v_exact,v,exact,1.45,mg_exact,cuda,double,8191,15,2.016211e-08,2.960295e-10,5.386585e-10,1.188641e+03,1.196875e+03,1.188641e+00,1.196875e+00,1.000000e-09,15,4,false
2,exp,V-exact,v_exact,v,exact,1.50,mg_exact,cuda,double,8191,15,2.211087e-08,2.941870e-10,5.346941e-10,1.175562e+03,1.184668e+03,1.175562e+00,1.184668e+00,1.000000e-09,15,4,false
2,exp,V-SOR,v_sor,v,sor,1.00,mg_sor,cuda,double,8191,15,1.146705e-08,2.968958e-10,5.408802e-10,1.162961e+03,1.172295e+03,1.162961e+00,1.172295e+00,1.000000e-09,15,4,false
2,exp,V-SOR,v_sor,v,sor,1.05,mg_sor,cuda,double,8191,15,1.198479e-08,2.967360e-10,5.405432e-10,1.160927e+03,1.171564e+03,1.160927e+00,1.171564e+00,1.000000e-09,15,4,false
2,exp,V-SOR,v_sor,v,sor,1.10,mg_sor,cuda,double,8191,15,1.251607e-08,2.972482e-10,5.416889e-10,1.168109e+03,1.178341e+03,1.168109e+00,1.178341e+00,1.000000e-09,15,4,false
2,exp,V-SOR,v_sor,v,sor,1.15,mg_sor,cuda,double,8191,15,1.318524e-08,3.008002e-10,5.479590e-10,1.190191e+03,1.199703e+03,1.190191e+00,1.199703e+00,1.000000e-09,15,4,false
2,exp,V-SOR,v_sor,v,sor,1.20,mg_sor,cuda,double,8191,15,1.387454e-08,2.979112e-10,5.429301e-10,1.192895e+03,1.202584e+03,1.192895e+00,1.202584e+00,1.000000e-09,15,4,false
2,exp,V-SOR,v_sor,v,sor,1.25,mg_sor,cuda,double,8191,15,1.472065e-08,2.965556e-10,5.399725e-10,1.202761e+03,1.212529e+03,1.202761e+00,1.212529e+00,1.000000e-09,15,4,false
2,exp,V-SOR,v_sor,v,sor,1.30,mg_sor,cuda,double,8191,15,1.598523e-08,3.027298e-10,5.519194e-10,1.162339e+03,1.172763e+03,1.162339e+00,1.172763e+00,1.000000e-09,15,4,false
2,exp,V-SOR,v_sor,v,sor,1.35,mg_sor,cuda,double,8191,15,1.739027e-08,2.953262e-10,5.373777e-10,1.182546e+03,1.227789e+03,1.182546e+00,1.227789e+00,1.000000e-09,15,4,false
2,exp,V-SOR,v_sor,v,sor,1.40,mg_sor,cuda,double,8191,15,1.892270e-08,2.973549e-10,5.411875e-10,1.179281e+03,1.189569e+03,1.179281e+00,1.189569e+00,1.000000e-09,15,4,false
2,exp,V-SOR,v_sor,v,sor,1.45,mg_sor,cuda,double,8191,15,2.016628e-08,2.962811e-10,5.390652e-10,1.292091e+03,1.304008e+03,1.292091e+00,1.304008e+00,1.000000e-09,15,4,false
2,exp,V-SOR,v_sor,v,sor,1.50,mg_sor,cuda,double,8191,15,2.211544e-08,2.938727e-10,5.338729e-10,1.157192e+03,1.173964e+03,1.157192e+00,1.173964e+00,1.000000e-09,15,4,false
2,exp,W-exact,w_exact,w,exact,1.00,mg_exact,cuda,double,8191,15,1.147083e-08,2.974859e-10,5.420477e-10,2.995083e+03,3.084453e+03,2.995083e+00,3.084453e+00,1.000000e-09,15,4,false
2,exp,W-exact,w_exact,w,exact,1.05,mg_exact,cuda,double,8191,15,1.198423e-08,2.968182e-10,5.406200e-10,3.054016e+03,3.141069e+03,3.054016e+00,3.141069e+00,1.000000e-09,15,4,false
2,exp,W-exact,w_exact,w,exact,1.10,mg_exact,cuda,double,8191,15,1.251862e-08,2.973930e-10,5.415632e-10,3.037551e+03,3.131832e+03,3.037551e+00,3.131832e+00,1.000000e-09,15,4,false
2,exp,W-exact,w_exact,w,exact,1.15,mg_exact,cuda,double,8191,15,1.318719e-08,3.009787e-10,5.483796e-10,2.987797e+03,3.084855e+03,2.987797e+00,3.084855e+00,1.000000e-09,15,4,false
2,exp,W-exact,w_exact,w,exact,1.20,mg_exact,cuda,double,8191,15,1.387771e-08,2.982492e-10,5.436327e-10,3.061322e+03,3.177484e+03,3.061322e+00,3.177484e+00,1.000000e-09,15,4,false
2,exp,W-exact,w_exact,w,exact,1.25,mg_exact,cuda,double,8191,15,1.472270e-08,2.968332e-10,5.402829e-10,2.998371e+03,3.096997e+03,2.998371e+00,3.096997e+00,1.000000e-09,15,4,false
2,exp,W-exact,w_exact,w,exact,1.30,mg_exact,cuda,double,8191,15,1.598161e-08,3.026139e-10,5.515477e-10,3.055002e+03,3.156480e+03,3.055002e+00,3.156480e+00,1.000000e-09,15,4,false
2,exp,W-exact,w_exact,w,exact,1.35,mg_exact,cuda,double,8191,15,1.738658e-08,2.949579e-10,5.362630e-10,2.995201e+03,3.085433e+03,2.995201e+00,3.085433e+00,1.000000e-09,15,4,false
2,exp,W-exact,w_exact,w,exact,1.40,mg_exact,cuda,double,8191,15,1.890886e-08,2.969495e-10,5.399934e-10,3.020347e+03,3.134887e+03,3.020347e+00,3.134887e+00,1.000000e-09,15,4,false
2,exp,W-exact,w_exact,w,exact,1.45,mg_exact,cuda,double,8191,15,2.015015e-08,2.963766e-10,5.392136e-10,3.045488e+03,3.175459e+03,3.045488e+00,3.175459e+00,1.000000e-09,15,4,false
2,exp,W-exact,w_exact,w,exact,1.50,mg_exact,cuda,double,8191,15,2.210191e-08,2.939978e-10,5.337570e-10,3.050245e+03,3.153742e+03,3.050245e+00,3.153742e+00,1.000000e-09,15,4,false
2,exp,W-SOR,w_sor,w,sor,1.00,mg_sor,cuda,double,8191,15,1.146782e-08,2.970568e-10,5.409113e-10,2.390915e+03,2.492151e+03,2.390915e+00,2.492151e+00,1.000000e-09,15,4,false
2,exp,W-SOR,w_sor,w,sor,1.05,mg_sor,cuda,double,8191,15,1.198493e-08,2.964216e-10,5.400240e-10,2.438626e+03,2.523982e+03,2.438626e+00,2.523982e+00,1.000000e-09,15,4,false
2,exp,W-SOR,w_sor,w,sor,1.10,mg_sor,cuda,double,8191,15,1.251859e-08,2.975008e-10,5.418284e-10,2.383103e+03,2.489315e+03,2.383103e+00,2.489315e+00,1.000000e-09,15,4,false
2,exp,W-SOR,w_sor,w,sor,1.15,mg_sor,cuda,double,8191,15,1.318309e-08,3.008909e-10,5.484155e-10,2.402865e+03,2.529980e+03,2.402865e+00,2.529980e+00,1.000000e-09,15,4,false
2,exp,W-SOR,w_sor,w,sor,1.20,mg_sor,cuda,double,8191,15,1.387374e-08,2.979793e-10,5.424323e-10,2.422788e+03,2.519397e+03,2.422788e+00,2.519397e+00,1.000000e-09,15,4,false
2,exp,W-SOR,w_sor,w,sor,1.25,mg_sor,cuda,double,8191,15,1.472122e-08,2.968202e-10,5.406173e-10,2.418336e+03,2.514978e+03,2.418336e+00,2.514978e+00,1.000000e-09,15,4,false
2,exp,W-SOR,w_sor,w,sor,1.30,mg_sor,cuda,double,8191,15,1.598071e-08,3.022555e-10,5.509468e-10,2.393020e+03,2.504704e+03,2.393020e+00,2.504704e+00,1.000000e-09,15,4,false
2,exp,W-SOR,w_sor,w,sor,1.35,mg_sor,cuda,double,8191,15,1.738318e-08,2.952472e-10,5.368808e-10,2.444513e+03,2.557588e+03,2.444513e+00,2.557588e+00,1.000000e-09,15,4,false
2,exp,W-SOR,w_sor,w,sor,1.40,mg_sor,cuda,double,8191,15,1.890905e-08,2.970656e-10,5.403011e-10,2.425875e+03,2.513385e+03,2.425875e+00,2.513385e+00,1.000000e-09,15,4,false
2,exp,W-SOR,w_sor,w,sor,1.45,mg_sor,cuda,double,8191,15,2.014735e-08,2.966303e-10,5.398508e-10,2.382086e+03,2.486046e+03,2.382086e+00,2.486046e+00,1.000000e-09,15,4,false
2,exp,W-SOR,w_sor,w,sor,1.50,mg_sor,cuda,double,8191,15,2.210295e-08,2.940081e-10,5.342842e-10,2.458544e+03,2.548633e+03,2.458544e+00,2.548633e+00,1.000000e-09,15,4,false
2,cosine,V-exact,v_exact,v,exact,1.00,mg_exact,cuda,double,8191,15,1.136682e-09,1.136611e-09,2.209257e-09,1.173685e+03,1.184510e+03,1.173685e+00,1.184510e+00,1.000000e-09,15,4,false
2,cosine,V-exact,v_exact,v,exact,1.05,mg_exact,cuda,double,8191,15,1.214347e-09,1.136562e-09,2.209136e-09,1.233364e+03,1.259704e+03,1.233364e+00,1.259704e+00,1.000000e-09,15,4,false
2,cosine,V-exact,v_exact,v,exact,1.10,mg_exact,cuda,double,8191,15,1.283172e-09,1.136599e-09,2.209166e-09,1.161310e+03,1.172916e+03,1.161310e+00,1.172916e+00,1.000000e-09,15,4,false
2,cosine,V-exact,v_exact,v,exact,1.15,mg_exact,cuda,double,8191,15,1.349399e-09,1.136713e-09,2.209408e-09,1.235876e+03,1.247564e+03,1.235876e+00,1.247564e+00,1.000000e-09,15,4,false
2,cosine,V-exact,v_exact,v,exact,1.20,mg_exact,cuda,double,8191,15,1.397562e-09,1.136586e-09,2.209170e-09,1.186192e+03,1.195697e+03,1.186192e+00,1.195697e+00,1.000000e-09,15,4,false
2,cosine,V-exact,v_exact,v,exact,1.25,mg_exact,cuda,double,8191,15,1.489709e-09,1.136613e-09,2.209295e-09,1.157513e+03,1.166222e+03,1.157513e+00,1.166222e+00,1.000000e-09,15,4,false
2,cosine,V-exact,v_exact,v,exact,1.30,mg_exact,cuda,double,8191,15,1.579188e-09,1.136781e-09,2.209545e-09,1.225845e+03,1.236144e+03,1.225845e+00,1.236144e+00,1.000000e-09,15,4,false
2,cosine,V-exact,v_exact,v,exact,1.35,mg_exact,cuda,double,8191,15,1.685768e-09,1.136510e-09,2.209048e-09,1.177286e+03,1.190527e+03,1.177286e+00,1.190527e+00,1.000000e-09,15,4,false
2,cosine,V-exact,v_exact,v,exact,1.40,mg_exact,cuda,double,8191,15,1.820380e-09,1.136587e-09,2.209231e-09,1.171741e+03,1.180178e+03,1.171741e+00,1.180178e+00,1.000000e-09,15,4,false
2,cosine,V-exact,v_exact,v,exact,1.45,mg_exact,cuda,double,8191,15,1.896328e-09,1.136628e-09,2.209235e-09,1.162811e+03,1.171428e+03,1.162811e+00,1.171428e+00,1.000000e-09,15,4,false
2,cosine,V-exact,v_exact,v,exact,1.50,mg_exact,cuda,double,8191,15,2.217794e-09,1.136602e-09,2.209225e-09,1.253993e+03,1.263995e+03,1.253993e+00,1.263995e+00,1.000000e-09,15,4,false
2,cosine,V-SOR,v_sor,v,sor,1.00,mg_sor,cuda,double,8191,15,1.136716e-09,1.136613e-09,2.209304e-09,1.169981e+03,1.183615e+03,1.169981e+00,1.183615e+00,1.000000e-09,15,4,false
2,cosine,V-SOR,v_sor,v,sor,1.05,mg_sor,cuda,double,8191,15,1.214281e-09,1.136575e-09,2.209191e-09,1.166589e+03,1.181199e+03,1.166589e+00,1.181199e+00,1.000000e-09,15,4,false
2,cosine,V-SOR,v_sor,v,sor,1.10,mg_sor,cuda,double,8191,15,1.283271e-09,1.136595e-09,2.209228e-09,1.179324e+03,1.199041e+03,1.179324e+00,1.199041e+00,1.000000e-09,15,4,false
2,cosine,V-SOR,v_sor,v,sor,1.15,mg_sor,cuda,double,8191,15,1.349322e-09,1.136739e-09,2.209443e-09,1.155767e+03,1.164531e+03,1.155767e+00,1.164531e+00,1.000000e-09,15,4,false
2,cosine,V-SOR,v_sor,v,sor,1.20,mg_sor,cuda,double,8191,15,1.397457e-09,1.136612e-09,2.209263e-09,1.227770e+03,1.238480e+03,1.227770e+00,1.238480e+00,1.000000e-09,15,4,false
2,cosine,V-SOR,v_sor,v,sor,1.25,mg_sor,cuda,double,8191,15,1.489136e-09,1.136591e-09,2.209244e-09,1.170452e+03,1.179533e+03,1.170452e+00,1.179533e+00,1.000000e-09,15,4,false
2,cosine,V-SOR,v_sor,v,sor,1.30,mg_sor,cuda,double,8191,15,1.579277e-09,1.136786e-09,2.209559e-09,1.184290e+03,1.198450e+03,1.184290e+00,1.198450e+00,1.000000e-09,15,4,false
2,cosine,V-SOR,v_sor,v,sor,1.35,mg_sor,cuda,double,8191,15,1.685683e-09,1.136515e-09,2.209100e-09,1.182103e+03,1.193553e+03,1.182103e+00,1.193553e+00,1.000000e-09,15,4,false
2,cosine,V-SOR,v_sor,v,sor,1.40,mg_sor,cuda,double,8191,15,1.820312e-09,1.136570e-09,2.209152e-09,1.196818e+03,1.205866e+03,1.196818e+00,1.205866e+00,1.000000e-09,15,4,false
2,cosine,V-SOR,v_sor,v,sor,1.45,mg_sor,cuda,double,8191,15,1.895260e-09,1.136645e-09,2.209229e-09,1.160210e+03,1.172916e+03,1.160210e+00,1.172916e+00,1.000000e-09,15,4,false
2,cosine,V-SOR,v_sor,v,sor,1.50,mg_sor,cuda,double,8191,15,2.216930e-09,1.136603e-09,2.209223e-09,1.276090e+03,1.284598e+03,1.276090e+00,1.284598e+00,1.000000e-09,15,4,false
2,cosine,W-exact,w_exact,w,exact,1.00,mg_exact,cuda,double,8191,15,1.136547e-09,1.136607e-09,2.209272e-09,3.015751e+03,3.112472e+03,3.015751e+00,3.112472e+00,1.000000e-09,15,4,false
2,cosine,W-exact,w_exact,w,exact,1.05,mg_exact,cuda,double,8191,15,1.214179e-09,1.136563e-09,2.209170e-09,3.029872e+03,3.140840e+03,3.029872e+00,3.140840e+00,1.000000e-09,15,4,false
2,cosine,W-exact,w_exact,w,exact,1.10,mg_exact,cuda,double,8191,15,1.283201e-09,1.136599e-09,2.209192e-09,3.063353e+03,3.173936e+03,3.063353e+00,3.173936e+00,1.000000e-09,15,4,false
2,cosine,W-exact,w_exact,w,exact,1.15,mg_exact,cuda,double,8191,15,1.349489e-09,1.136722e-09,2.209384e-09,3.026427e+03,3.127543e+03,3.026427e+00,3.127543e+00,1.000000e-09,15,4,false
2,cosine,W-exact,w_exact,w,exact,1.20,mg_exact,cuda,double,8191,15,1.397424e-09,1.136617e-09,2.209247e-09,3.091978e+03,3.245940e+03,3.091978e+00,3.245940e+00,1.000000e-09,15,4,false
2,cosine,W-exact,w_exact,w,exact,1.25,mg_exact,cuda,double,8191,15,1.489228e-09,1.136600e-09,2.209254e-09,3.064656e+03,3.149577e+03,3.064656e+00,3.149577e+00,1.000000e-09,15,4,false
2,cosine,W-exact,w_exact,w,exact,1.30,mg_exact,cuda,double,8191,15,1.578695e-09,1.136787e-09,2.209552e-09,2.991378e+03,3.110530e+03,2.991378e+00,3.110530e+00,1.000000e-09,15,4,false
2,cosine,W-exact,w_exact,w,exact,1.35,mg_exact,cuda,double,8191,15,1.685319e-09,1.136511e-09,2.209093e-09,3.058163e+03,3.184664e+03,3.058163e+00,3.184664e+00,1.000000e-09,15,4,false
2,cosine,W-exact,w_exact,w,exact,1.40,mg_exact,cuda,double,8191,15,1.820628e-09,1.136569e-09,2.209136e-09,3.035808e+03,3.146157e+03,3.035808e+00,3.146157e+00,1.000000e-09,15,4,false
2,cosine,W-exact,w_exact,w,exact,1.45,mg_exact,cuda,double,8191,15,1.895832e-09,1.136651e-09,2.209215e-09,3.027140e+03,3.137827e+03,3.027140e+00,3.137827e+00,1.000000e-09,15,4,false
2,cosine,W-exact,w_exact,w,exact,1.50,mg_exact,cuda,double,8191,15,2.216864e-09,1.136605e-09,2.209197e-09,3.074940e+03,3.178522e+03,3.074940e+00,3.178522e+00,1.000000e-09,15,4,false
2,cosine,W-SOR,w_sor,w,sor,1.00,mg_sor,cuda,double,8191,15,1.136537e-09,1.136604e-09,2.209243e-09,2.388141e+03,2.491774e+03,2.388141e+00,2.491774e+00,1.000000e-09,15,4,false
2,cosine,W-SOR,w_sor,w,sor,1.05,mg_sor,cuda,double,8191,15,1.214375e-09,1.136579e-09,2.209271e-09,2.425192e+03,2.558339e+03,2.425192e+00,2.558339e+00,1.000000e-09,15,4,false
2,cosine,W-SOR,w_sor,w,sor,1.10,mg_sor,cuda,double,8191,15,1.282960e-09,1.136608e-09,2.209226e-09,2.405967e+03,2.527824e+03,2.405967e+00,2.527824e+00,1.000000e-09,15,4,false
2,cosine,W-SOR,w_sor,w,sor,1.15,mg_sor,cuda,double,8191,15,1.349396e-09,1.136733e-09,2.209422e-09,2.408694e+03,2.498050e+03,2.408694e+00,2.498050e+00,1.000000e-09,15,4,false
2,cosine,W-SOR,w_sor,w,sor,1.20,mg_sor,cuda,double,8191,15,1.397605e-09,1.136598e-09,2.209199e-09,2.447166e+03,2.562918e+03,2.447166e+00,2.562918e+00,1.000000e-09,15,4,false
2,cosine,W-SOR,w_sor,w,sor,1.25,mg_sor,cuda,double,8191,15,1.489971e-09,1.136611e-09,2.209253e-09,2.443689e+03,2.536860e+03,2.443689e+00,2.536860e+00,1.000000e-09,15,4,false
2,cosine,W-SOR,w_sor,w,sor,1.30,mg_sor,cuda,double,8191,15,1.578898e-09,1.136785e-09,2.209494e-09,2.416655e+03,2.524750e+03,2.416655e+00,2.524750e+00,1.000000e-09,15,4,false
2,cosine,W-SOR,w_sor,w,sor,1.35,mg_sor,cuda,double,8191,15,1.685048e-09,1.136504e-09,2.209048e-09,2.452304e+03,2.566966e+03,2.452304e+00,2.566966e+00,1.000000e-09,15,4,false
2,cosine,W-SOR,w_sor,w,sor,1.40,mg_sor,cuda,double,8191,15,1.820912e-09,1.136577e-09,2.209147e-09,2.372701e+03,2.466204e+03,2.372701e+00,2.466204e+00,1.000000e-09,15,4,false
2,cosine,W-SOR,w_sor,w,sor,1.45,mg_sor,cuda,double,8191,15,1.894839e-09,1.136645e-09,2.209222e-09,2.410461e+03,2.508158e+03,2.410461e+00,2.508158e+00,1.000000e-09,15,4,false
2,cosine,W-SOR,w_sor,w,sor,1.50,mg_sor,cuda,double,8191,15,2.216641e-09,1.136609e-09,2.209209e-09,2.430044e+03,2.550788e+03,2.430044e+00,2.550788e+00,1.000000e-09,15,4,false
2,sine,V-exact,v_exact,v,exact,1.00,mg_exact,cuda,double,8191,15,1.115695e-09,6.127853e-09,1.225567e-08,1.421161e+03,1.430131e+03,1.421161e+00,1.430131e+00,1.000000e-09,15,5,false
2,sine,V-exact,v_exact,v,exact,1.05,mg_exact,cuda,double,8191,15,1.188135e-09,6.127262e-09,1.225388e-08,1.370599e+03,1.386944e+03,1.370599e+00,1.386944e+00,1.000000e-09,15,5,false
2,sine,V-exact,v_exact,v,exact,1.10,mg_exact,cuda,double,8191,15,1.250609e-09,6.127898e-09,1.225570e-08,1.372851e+03,1.384738e+03,1.372851e+00,1.384738e+00,1.000000e-09,15,5,false
2,sine,V-exact,v_exact,v,exact,1.15,mg_exact,cuda,double,8191,15,1.311580e-09,6.128946e-09,1.225844e-08,1.390300e+03,1.401024e+03,1.390300e+00,1.401024e+00,1.000000e-09,15,5,false
2,sine,V-exact,v_exact,v,exact,1.20,mg_exact,cuda,double,8191,15,1.344285e-09,6.127836e-09,1.225564e-08,1.369552e+03,1.382759e+03,1.369552e+00,1.382759e+00,1.000000e-09,15,5,false
2,sine,V-exact,v_exact,v,exact,1.25,mg_exact,cuda,double,8191,15,1.425913e-09,6.127811e-09,1.225554e-08,1.398863e+03,1.415800e+03,1.398863e+00,1.415800e+00,1.000000e-09,15,5,false
2,sine,V-exact,v_exact,v,exact,1.30,mg_exact,cuda,double,8191,15,1.528600e-09,6.129170e-09,1.225871e-08,1.399372e+03,1.413393e+03,1.399372e+00,1.413393e+00,1.000000e-09,15,5,false
2,sine,V-exact,v_exact,v,exact,1.35,mg_exact,cuda,double,8191,15,1.635535e-09,6.126934e-09,1.225330e-08,1.389419e+03,1.398666e+03,1.389419e+00,1.398666e+00,1.000000e-09,15,5,false
2,sine,V-exact,v_exact,v,exact,1.40,mg_exact,cuda,double,8191,15,1.774264e-09,6.127878e-09,1.225587e-08,1.377578e+03,1.395458e+03,1.377578e+00,1.395458e+00,1.000000e-09,15,5,false
2,sine,V-exact,v_exact,v,exact,1.45,mg_exact,cuda,double,8191,15,1.851114e-09,6.128946e-09,1.225891e-08,1.388429e+03,1.401674e+03,1.388429e+00,1.401674e+00,1.000000e-09,15,5,false
2,sine,V-exact,v_exact,v,exact,1.50,mg_exact,cuda,double,8191,15,2.202097e-09,6.127906e-09,1.225580e-08,1.398611e+03,1.408802e+03,1.398611e+00,1.408802e+00,1.000000e-09,15,5,false
2,sine,V-SOR,v_sor,v,sor,1.00,mg_sor,cuda,double,8191,15,1.115354e-09,6.127931e-09,1.225593e-08,1.382673e+03,1.392134e+03,1.382673e+00,1.392134e+00,1.000000e-09,15,5,false
2,sine,V-SOR,v_sor,v,sor,1.05,mg_sor,cuda,double,8191,15,1.187740e-09,6.127334e-09,1.225397e-08,1.365783e+03,1.383770e+03,1.365783e+00,1.383770e+00,1.000000e-09,15,5,false
2,sine,V-SOR,v_sor,v,sor,1.10,mg_sor,cuda,double,8191,15,1.250699e-09,6.127836e-09,1.225563e-08,1.391511e+03,1.410978e+03,1.391511e+00,1.410978e+00,1.000000e-09,15,5,false
2,sine,V-SOR,v_sor,v,sor,1.15,mg_sor,cuda,double,8191,15,1.311798e-09,6.128951e-09,1.225848e-08,1.386277e+03,1.409656e+03,1.386277e+00,1.409656e+00,1.000000e-09,15,5,false
2,sine,V-SOR,v_sor,v,sor,1.20,mg_sor,cuda,double,8191,15,1.344553e-09,6.127859e-09,1.225564e-08,1.373911e+03,1.385054e+03,1.373911e+00,1.385054e+00,1.000000e-09,15,5,false
2,sine,V-SOR,v_sor,v,sor,1.25,mg_sor,cuda,double,8191,15,1.425609e-09,6.127851e-09,1.225568e-08,1.384206e+03,1.394250e+03,1.384206e+00,1.394250e+00,1.000000e-09,15,5,false
2,sine,V-SOR,v_sor,v,sor,1.30,mg_sor,cuda,double,8191,15,1.528840e-09,6.129018e-09,1.225840e-08,1.366026e+03,1.377573e+03,1.366026e+00,1.377573e+00,1.000000e-09,15,5,false
2,sine,V-SOR,v_sor,v,sor,1.35,mg_sor,cuda,double,8191,15,1.636046e-09,6.126963e-09,1.225329e-08,1.406198e+03,1.419137e+03,1.406198e+00,1.419137e+00,1.000000e-09,15,5,false
2,sine,V-SOR,v_sor,v,sor,1.40,mg_sor,cuda,double,8191,15,1.774294e-09,6.127788e-09,1.225571e-08,1.392205e+03,1.419710e+03,1.392205e+00,1.419710e+00,1.000000e-09,15,5,false
2,sine,V-SOR,v_sor,v,sor,1.45,mg_sor,cuda,double,8191,15,1.851191e-09,6.129000e-09,1.225898e-08,1.391923e+03,1.401788e+03,1.391923e+00,1.401788e+00,1.000000e-09,15,5,false
2,sine,V-SOR,v_sor,v,sor,1.50,mg_sor,cuda,double,8191,15,2.201205e-09,6.127892e-09,1.225575e-08,1.383452e+03,1.391831e+03,1.383452e+00,1.391831e+00,1.000000e-09,15,5,false
2,sine,W-exact,w_exact,w,exact,1.00,mg_exact,cuda,double,8191,15,1.115383e-09,6.127921e-09,1.225587e-08,3.345628e+03,3.454606e+03,3.345628e+00,3.454606e+00,1.000000e-09,15,5,false
2,sine,W-exact,w_exact,w,exact,1.05,mg_exact,cuda,double,8191,15,1.188257e-09,6.127343e-09,1.225406e-08,3.350357e+03,3.449416e+03,3.350357e+00,3.449416e+00,1.000000e-09,15,5,false
2,sine,W-exact,w_exact,w,exact,1.10,mg_exact,cuda,double,8191,15,1.250679e-09,6.127765e-09,1.225539e-08,3.372472e+03,3.467817e+03,3.372472e+00,3.467817e+00,1.000000e-09,15,5,false
2,sine,W-exact,w_exact,w,exact,1.15,mg_exact,cuda,double,8191,15,1.311488e-09,6.128957e-09,1.225847e-08,3.346421e+03,3.452893e+03,3.346421e+00,3.452893e+00,1.000000e-09,15,5,false
2,sine,W-exact,w_exact,w,exact,1.20,mg_exact,cuda,double,8191,15,1.344392e-09,6.127896e-09,1.225581e-08,3.386983e+03,3.551728e+03,3.386983e+00,3.551728e+00,1.000000e-09,15,5,false
2,sine,W-exact,w_exact,w,exact,1.25,mg_exact,cuda,double,8191,15,1.425119e-09,6.127854e-09,1.225570e-08,3.366289e+03,3.466183e+03,3.366289e+00,3.466183e+00,1.000000e-09,15,5,false
2,sine,W-exact,w_exact,w,exact,1.30,mg_exact,cuda,double,8191,15,1.528834e-09,6.129098e-09,1.225859e-08,3.320726e+03,3.422193e+03,3.320726e+00,3.422193e+00,1.000000e-09,15,5,false
2,sine,W-exact,w_exact,w,exact,1.35,mg_exact,cuda,double,8191,15,1.635285e-09,6.126891e-09,1.225316e-08,3.334537e+03,3.420829e+03,3.334537e+00,3.420829e+00,1.000000e-09,15,5,false
2,sine,W-exact,w_exact,w,exact,1.40,mg_exact,cuda,double,8191,15,1.774055e-09,6.127866e-09,1.225587e-08,3.405483e+03,3.537261e+03,3.405483e+00,3.537261e+00,1.000000e-09,15,5,false
2,sine,W-exact,w_exact,w,exact,1.45,mg_exact,cuda,double,8191,15,1.851108e-09,6.128969e-09,1.225894e-08,3.360237e+03,3.449438e+03,3.360237e+00,3.449438e+00,1.000000e-09,15,5,false
2,sine,W-exact,w_exact,w,exact,1.50,mg_exact,cuda,double,8191,15,2.201515e-09,6.127796e-09,1.225553e-08,3.326806e+03,3.440435e+03,3.326806e+00,3.440435e+00,1.000000e-09,15,5,false
2,sine,W-SOR,w_sor,w,sor,1.00,mg_sor,cuda,double,8191,15,1.115348e-09,6.127844e-09,1.225566e-08,2.718011e+03,2.829772e+03,2.718011e+00,2.829772e+00,1.000000e-09,15,5,false
2,sine,W-SOR,w_sor,w,sor,1.05,mg_sor,cuda,double,8191,15,1.187768e-09,6.127324e-09,1.225396e-08,2.779420e+03,2.909990e+03,2.779420e+00,2.909990e+00,1.000000e-09,15,5,false
2,sine,W-SOR,w_sor,w,sor,1.10,mg_sor,cuda,double,8191,15,1.250724e-09,6.127836e-09,1.225552e-08,2.730494e+03,2.822736e+03,2.730494e+00,2.822736e+00,1.000000e-09,15,5,false
2,sine,W-SOR,w_sor,w,sor,1.15,mg_sor,cuda,double,8191,15,1.311709e-09,6.128956e-09,1.225849e-08,2.786370e+03,2.933542e+03,2.786370e+00,2.933542e+00,1.000000e-09,15,5,false
2,sine,W-SOR,w_sor,w,sor,1.20,mg_sor,cuda,double,8191,15,1.344245e-09,6.127732e-09,1.225542e-08,2.735641e+03,2.836664e+03,2.735641e+00,2.836664e+00,1.000000e-09,15,5,false
2,sine,W-SOR,w_sor,w,sor,1.25,mg_sor,cuda,double,8191,15,1.425290e-09,6.127901e-09,1.225580e-08,2.766427e+03,2.856315e+03,2.766427e+00,2.856315e+00,1.000000e-09,15,5,false
2,sine,W-SOR,w_sor,w,sor,1.30,mg_sor,cuda,double,8191,15,1.528355e-09,6.129086e-09,1.225855e-08,2.727869e+03,2.863613e+03,2.727869e+00,2.863613e+00,1.000000e-09,15,5,false
2,sine,W-SOR,w_sor,w,sor,1.35,mg_sor,cuda,double,8191,15,1.635466e-09,6.126904e-09,1.225316e-08,2.767148e+03,2.892025e+03,2.767148e+00,2.892025e+00,1.000000e-09,15,5,false
2,sine,W-SOR,w_sor,w,sor,1.40,mg_sor,cuda,double,8191,15,1.773775e-09,6.127689e-09,1.225543e-08,2.739990e+03,2.854533e+03,2.739990e+00,2.854533e+00,1.000000e-09,15,5,false
2,sine,W-SOR,w_sor,w,sor,1.45,mg_sor,cuda,double,8191,15,1.851010e-09,6.129004e-09,1.225892e-08,2.719391e+03,2.823196e+03,2.719391e+00,2.823196e+00,1.000000e-09,15,5,false
2,sine,W-SOR,w_sor,w,sor,1.50,mg_sor,cuda,double,8191,15,2.201059e-09,6.127798e-09,1.225561e-08,2.812560e+03,2.940674e+03,2.812560e+00,2.940674e+00,1.000000e-09,15,5,false
2,mixed_sine,V-exact,v_exact,v,exact,1.00,mg_exact,cuda,double,8191,6,3.399089e-10,4.562315e-08,9.124639e-08,6.570870e+02,6.697990e+02,6.570870e-01,6.697990e-01,1.000000e-09,15,5,true
2,mixed_sine,V-exact,v_exact,v,exact,1.05,mg_exact,cuda,double,8191,6,2.002347e-10,4.569894e-08,9.139791e-08,6.425330e+02,6.534600e+02,6.425330e-01,6.534600e-01,1.000000e-09,15,5,true
2,mixed_sine,V-exact,v_exact,v,exact,1.10,mg_exact,cuda,double,8191,5,9.467209e-10,4.543796e-08,9.087594e-08,5.799950e+02,5.965590e+02,5.799950e-01,5.965590e-01,1.000000e-09,15,5,true
2,mixed_sine,V-exact,v_exact,v,exact,1.15,mg_exact,cuda,double,8191,5,2.511963e-10,4.568897e-08,9.137801e-08,5.674420e+02,5.764670e+02,5.674420e-01,5.764670e-01,1.000000e-09,15,5,true
2,mixed_sine,V-exact,v_exact,v,exact,1.20,mg_exact,cuda,double,8191,4,6.941802e-10,4.554902e-08,9.109810e-08,4.833830e+02,4.957830e+02,4.833830e-01,4.957830e-01,1.000000e-09,15,5,true
2,mixed_sine,V-exact,v_exact,v,exact,1.25,mg_exact,cuda,double,8191,4,2.275156e-10,4.572431e-08,9.144820e-08,4.905340e+02,5.026180e+02,4.905340e-01,5.026180e-01,1.000000e-09,15,5,true
2,mixed_sine,V-exact,v_exact,v,exact,1.30,mg_exact,cuda,double,8191,5,2.493187e-10,4.572853e-08,9.145712e-08,5.791150e+02,5.883100e+02,5.791150e-01,5.883100e-01,1.000000e-09,15,5,true
2,mixed_sine,V-exact,v_exact,v,exact,1.35,mg_exact,cuda,double,8191,5,7.687652e-10,4.587540e-08,9.175088e-08,6.034570e+02,6.149970e+02,6.034570e-01,6.149970e-01,1.000000e-09,15,5,true
2,mixed_sine,V-exact,v_exact,v,exact,1.40,mg_exact,cuda,double,8191,6,3.327385e-10,4.569659e-08,9.139324e-08,6.582660e+02,6.674530e+02,6.582660e-01,6.674530e-01,1.000000e-09,15,5,true
2,mixed_sine,V-exact,v_exact,v,exact,1.45,mg_exact,cuda,double,8191,7,2.951413e-10,4.572897e-08,9.145801e-08,7.410130e+02,7.561200e+02,7.410130e-01,7.561200e-01,1.000000e-09,15,5,true
2,mixed_sine,V-exact,v_exact,v,exact,1.50,mg_exact,cuda,double,8191,7,4.552249e-10,4.576998e-08,9.153949e-08,7.298410e+02,7.410360e+02,7.298410e-01,7.410360e-01,1.000000e-09,15,5,true
2,mixed_sine,V-SOR,v_sor,v,sor,1.00,mg_sor,cuda,double,8191,6,3.398655e-10,4.562316e-08,9.124656e-08,6.492240e+02,6.666810e+02,6.492240e-01,6.666810e-01,1.000000e-09,15,5,true
2,mixed_sine,V-SOR,v_sor,v,sor,1.05,mg_sor,cuda,double,8191,6,2.002629e-10,4.569893e-08,9.139793e-08,6.779930e+02,6.880720e+02,6.779930e-01,6.880720e-01,1.000000e-09,15,5,true
2,mixed_sine,V-SOR,v_sor,v,sor,1.10,mg_sor,cuda,double,8191,5,9.467538e-10,4.543795e-08,9.087592e-08,5.860730e+02,6.025100e+02,5.860730e-01,6.025100e-01,1.000000e-09,15,5,true
2,mixed_sine,V-SOR,v_sor,v,sor,1.15,mg_sor,cuda,double,8191,5,2.511903e-10,4.568896e-08,9.137806e-08,5.669520e+02,5.800400e+02,5.669520e-01,5.800400e-01,1.000000e-09,15,5,true
2,mixed_sine,V-SOR,v_sor,v,sor,1.20,mg_sor,cuda,double,8191,4,6.941553e-10,4.554902e-08,9.109812e-08,5.432000e+02,5.554540e+02,5.432000e-01,5.554540e-01,1.000000e-09,15,5,true
2,mixed_sine,V-SOR,v_sor,v,sor,1.25,mg_sor,cuda,double,8191,4,2.274955e-10,4.572429e-08,9.144823e-08,4.826310e+02,4.962450e+02,4.826310e-01,4.962450e-01,1.000000e-09,15,5,true
2,mixed_sine,V-SOR,v_sor,v,sor,1.30,mg_sor,cuda,double,8191,5,2.493015e-10,4.572853e-08,9.145705e-08,5.640340e+02,5.728970e+02,5.640340e-01,5.728970e-01,1.000000e-09,15,5,true
2,mixed_sine,V-SOR,v_sor,v,sor,1.35,mg_sor,cuda,double,8191,5,7.688776e-10,4.587540e-08,9.175087e-08,5.595330e+02,5.691350e+02,5.595330e-01,5.691350e-01,1.000000e-09,15,5,true
2,mixed_sine,V-SOR,v_sor,v,sor,1.40,mg_sor,cuda,double,8191,6,3.328303e-10,4.569659e-08,9.139323e-08,6.452450e+02,6.544230e+02,6.452450e-01,6.544230e-01,1.000000e-09,15,5,true
2,mixed_sine,V-SOR,v_sor,v,sor,1.45,mg_sor,cuda,double,8191,7,2.952629e-10,4.572896e-08,9.145802e-08,7.339660e+02,7.478190e+02,7.339660e-01,7.478190e-01,1.000000e-09,15,5,true
2,mixed_sine,V-SOR,v_sor,v,sor,1.50,mg_sor,cuda,double,8191,7,4.552550e-10,4.576997e-08,9.153948e-08,7.325120e+02,7.440300e+02,7.325120e-01,7.440300e-01,1.000000e-09,15,5,true
2,mixed_sine,W-exact,w_exact,w,exact,1.00,mg_exact,cuda,double,8191,2,1.745901e-10,4.572314e-08,9.144645e-08,6.013350e+02,7.035890e+02,6.013350e-01,7.035890e-01,1.000000e-09,15,5,true
2,mixed_sine,W-exact,w_exact,w,exact,1.05,mg_exact,cuda,double,8191,2,1.925297e-10,4.572316e-08,9.144635e-08,6.883460e+02,8.498040e+02,6.883460e-01,8.498040e-01,1.000000e-09,15,5,true
2,mixed_sine,W-exact,w_exact,w,exact,1.10,mg_exact,cuda,double,8191,2,2.117413e-10,4.572318e-08,9.144635e-08,6.056550e+02,7.167570e+02,6.056550e-01,7.167570e-01,1.000000e-09,15,5,true
2,mixed_sine,W-exact,w_exact,w,exact,1.15,mg_exact,cuda,double,8191,2,2.256574e-10,4.572322e-08,9.144654e-08,5.843910e+02,6.737100e+02,5.843910e-01,6.737100e-01,1.000000e-09,15,5,true
2,mixed_sine,W-exact,w_exact,w,exact,1.20,mg_exact,cuda,double,8191,2,2.475049e-10,4.572321e-08,9.144647e-08,5.889560e+02,6.877690e+02,5.889560e-01,6.877690e-01,1.000000e-09,15,5,true
2,mixed_sine,W-exact,w_exact,w,exact,1.25,mg_exact,cuda,double,8191,2,7.654924e-10,4.572311e-08,9.144630e-08,6.400690e+02,7.685670e+02,6.400690e-01,7.685670e-01,1.000000e-09,15,5,true
2,mixed_sine,W-exact,w_exact,w,exact,1.30,mg_exact,cuda,double,8191,3,2.396119e-10,4.572380e-08,9.144797e-08,8.127350e+02,9.004730e+02,8.127350e-01,9.004730e-01,1.000000e-09,15,5,true
2,mixed_sine,W-exact,w_exact,w,exact,1.35,mg_exact,cuda,double,8191,3,2.595746e-10,4.572361e-08,9.144720e-08,9.023300e+02,1.052542e+03,9.023300e-01,1.052542e+00,1.000000e-09,15,5,true
2,mixed_sine,W-exact,w_exact,w,exact,1.40,mg_exact,cuda,double,8191,3,2.990056e-10,4.572328e-08,9.144663e-08,8.161470e+02,9.317070e+02,8.161470e-01,9.317070e-01,1.000000e-09,15,5,true
2,mixed_sine,W-exact,w_exact,w,exact,1.45,mg_exact,cuda,double,8191,4,2.889487e-10,4.572334e-08,9.144702e-08,1.062563e+03,1.181565e+03,1.062563e+00,1.181565e+00,1.000000e-09,15,5,true
2,mixed_sine,W-exact,w_exact,w,exact,1.50,mg_exact,cuda,double,8191,4,3.421310e-10,4.572269e-08,9.144537e-08,1.030933e+03,1.154029e+03,1.030933e+00,1.154029e+00,1.000000e-09,15,5,true
2,mixed_sine,W-SOR,w_sor,w,sor,1.00,mg_sor,cuda,double,8191,2,1.745901e-10,4.572314e-08,9.144645e-08,5.057380e+02,5.915820e+02,5.057380e-01,5.915820e-01,1.000000e-09,15,5,true
2,mixed_sine,W-SOR,w_sor,w,sor,1.05,mg_sor,cuda,double,8191,2,1.925297e-10,4.572316e-08,9.144635e-08,5.246750e+02,6.132220e+02,5.246750e-01,6.132220e-01,1.000000e-09,15,5,true
2,mixed_sine,W-SOR,w_sor,w,sor,1.10,mg_sor,cuda,double,8191,2,2.117413e-10,4.572318e-08,9.144635e-08,5.777230e+02,7.959270e+02,5.777230e-01,7.959270e-01,1.000000e-09,15,5,true
2,mixed_sine,W-SOR,w_sor,w,sor,1.15,mg_sor,cuda,double,8191,2,2.256574e-10,4.572322e-08,9.144654e-08,5.151090e+02,6.004630e+02,5.151090e-01,6.004630e-01,1.000000e-09,15,5,true
2,mixed_sine,W-SOR,w_sor,w,sor,1.20,mg_sor,cuda,double,8191,2,2.475049e-10,4.572321e-08,9.144647e-08,5.200400e+02,6.078690e+02,5.200400e-01,6.078690e-01,1.000000e-09,15,5,true
2,mixed_sine,W-SOR,w_sor,w,sor,1.25,mg_sor,cuda,double,8191,2,7.654925e-10,4.572311e-08,9.144630e-08,5.112440e+02,5.999830e+02,5.112440e-01,5.999830e-01,1.000000e-09,15,5,true
2,mixed_sine,W-SOR,w_sor,w,sor,1.30,mg_sor,cuda,double,8191,3,2.396119e-10,4.572380e-08,9.144797e-08,7.092330e+02,7.985820e+02,7.092330e-01,7.985820e-01,1.000000e-09,15,5,true
2,mixed_sine,W-SOR,w_sor,w,sor,1.35,mg_sor,cuda,double,8191,3,2.595334e-10,4.572362e-08,9.144725e-08,6.911700e+02,8.186920e+02,6.911700e-01,8.186920e-01,1.000000e-09,15,5,true
2,mixed_sine,W-SOR,w_sor,w,sor,1.40,mg_sor,cuda,double,8191,3,2.990277e-10,4.572328e-08,9.144665e-08,6.870310e+02,7.773020e+02,6.870310e-01,7.773020e-01,1.000000e-09,15,5,true
2,mixed_sine,W-SOR,w_sor,w,sor,1.45,mg_sor,cuda,double,8191,4,2.888799e-10,4.572334e-08,9.144695e-08,9.032700e+02,1.071560e+03,9.032700e-01,1.071560e+00,1.000000e-09,15,5,true
2,mixed_sine,W-SOR,w_sor,w,sor,1.50,mg_sor,cuda,double,8191,4,3.421275e-10,4.572270e-08,9.144542e-08,8.511590e+02,1.011993e+03,8.511590e-01,1.011993e+00,1.000000e-09,15,5,true
2,bubble,V-exact,v_exact,v,exact,1.00,mg_exact,cuda,double,8191,7,9.241205e-10,5.000663e-13,9.107715e-13,7.305380e+02,7.420600e+02,7.305380e-01,7.420600e-01,1.000000e-09,15,5,true
2,bubble,V-exact,v_exact,v,exact,1.05,mg_exact,cuda,double,8191,8,9.985483e-10,1.079213e-13,2.923634e-13,8.091470e+02,8.192250e+02,8.091470e-01,8.192250e-01,1.000000e-09,15,5,true
2,bubble,V-exact,v_exact,v,exact,1.10,mg_exact,cuda,double,8191,15,1.059576e-09,9.190353e-14,2.521178e-13,1.411283e+03,1.420684e+03,1.411283e+00,1.420684e+00,1.000000e-09,15,5,false
2,bubble,V-exact,v_exact,v,exact,1.15,mg_exact,cuda,double,8191,15,1.121180e-09,7.368599e-14,2.095338e-13,1.363498e+03,1.372954e+03,1.363498e+00,1.372954e+00,1.000000e-09,15,5,false
2,bubble,V-exact,v_exact,v,exact,1.20,mg_exact,cuda,double,8191,15,1.140121e-09,4.594212e-14,1.307357e-13,1.367215e+03,1.380237e+03,1.367215e+00,1.380237e+00,1.000000e-09,15,5,false
2,bubble,V-exact,v_exact,v,exact,1.25,mg_exact,cuda,double,8191,15,1.301356e-09,9.431215e-15,4.451994e-14,1.500650e+03,1.509754e+03,1.500650e+00,1.509754e+00,1.000000e-09,15,5,false
2,bubble,V-exact,v_exact,v,exact,1.30,mg_exact,cuda,double,8191,15,1.335053e-09,9.456885e-14,2.284631e-13,1.382449e+03,1.407406e+03,1.382449e+00,1.407406e+00,1.000000e-09,15,5,false
2,bubble,V-exact,v_exact,v,exact,1.35,mg_exact,cuda,double,8191,15,1.423967e-09,1.119446e-13,2.935222e-13,1.371670e+03,1.385398e+03,1.371670e+00,1.385398e+00,1.000000e-09,15,5,false
2,bubble,V-exact,v_exact,v,exact,1.40,mg_exact,cuda,double,8191,15,1.554200e-09,1.959067e-13,3.875858e-13,1.375528e+03,1.384883e+03,1.375528e+00,1.384883e+00,1.000000e-09,15,5,false
2,bubble,V-exact,v_exact,v,exact,1.45,mg_exact,cuda,double,8191,15,1.630856e-09,1.749205e-13,4.381079e-13,1.360654e+03,1.369967e+03,1.360654e+00,1.369967e+00,1.000000e-09,15,5,false
2,bubble,V-exact,v_exact,v,exact,1.50,mg_exact,cuda,double,8191,15,1.841610e-09,1.719121e-14,6.471212e-14,1.479613e+03,1.502736e+03,1.479613e+00,1.502736e+00,1.000000e-09,15,5,false
2,bubble,V-SOR,v_sor,v,sor,1.00,mg_sor,cuda,double,8191,7,9.245172e-10,4.951917e-13,9.063722e-13,7.349190e+02,7.500680e+02,7.349190e-01,7.500680e-01,1.000000e-09,15,5,true
2,bubble,V-SOR,v_sor,v,sor,1.05,mg_sor,cuda,double,8191,8,9.938167e-10,1.150412e-13,2.942022e-13,8.002800e+02,8.170660e+02,8.002800e-01,8.170660e-01,1.000000e-09,15,5,true
2,bubble,V-SOR,v_sor,v,sor,1.10,mg_sor,cuda,double,8191,15,1.055613e-09,7.230021e-14,1.984801e-13,1.373153e+03,1.385495e+03,1.373153e+00,1.385495e+00,1.000000e-09,15,5,false
2,bubble,V-SOR,v_sor,v,sor,1.15,mg_sor,cuda,double,8191,15,1.124364e-09,8.758234e-14,2.301145e-13,1.375973e+03,1.386174e+03,1.375973e+00,1.386174e+00,1.000000e-09,15,5,false
2,bubble,V-SOR,v_sor,v,sor,1.20,mg_sor,cuda,double,8191,15,1.141240e-09,5.004821e-14,1.378203e-13,1.357977e+03,1.370427e+03,1.357977e+00,1.370427e+00,1.000000e-09,15,5,false
2,bubble,V-SOR,v_sor,v,sor,1.25,mg_sor,cuda,double,8191,15,1.306179e-09,1.701064e-14,4.976575e-14,1.381143e+03,1.397201e+03,1.381143e+00,1.397201e+00,1.000000e-09,15,5,false
2,bubble,V-SOR,v_sor,v,sor,1.30,mg_sor,cuda,double,8191,15,1.335075e-09,7.226963e-14,1.668873e-13,1.380819e+03,1.392236e+03,1.380819e+00,1.392236e+00,1.000000e-09,15,5,false
2,bubble,V-SOR,v_sor,v,sor,1.35,mg_sor,cuda,double,8191,15,1.423135e-09,1.146244e-13,3.055819e-13,1.420456e+03,1.442394e+03,1.420456e+00,1.442394e+00,1.000000e-09,15,5,false
2,bubble,V-SOR,v_sor,v,sor,1.40,mg_sor,cuda,double,8191,15,1.557145e-09,1.859063e-13,3.939141e-13,1.436333e+03,1.448167e+03,1.436333e+00,1.448167e+00,1.000000e-09,15,5,false
2,bubble,V-SOR,v_sor,v,sor,1.45,mg_sor,cuda,double,8191,15,1.630209e-09,1.650290e-13,4.240289e-13,1.382489e+03,1.396835e+03,1.382489e+00,1.396835e+00,1.000000e-09,15,5,false
2,bubble,V-SOR,v_sor,v,sor,1.50,mg_sor,cuda,double,8191,15,1.831279e-09,5.939266e-15,3.495121e-14,1.377658e+03,1.400302e+03,1.377658e+00,1.400302e+00,1.000000e-09,15,5,false
2,bubble,W-exact,w_exact,w,exact,1.00,mg_exact,cuda,double,8191,4,9.386547e-10,1.191650e-14,4.268808e-14,1.043530e+03,1.130201e+03,1.043530e+00,1.130201e+00,1.000000e-09,15,5,true
2,bubble,W-exact,w_exact,w,exact,1.05,mg_exact,cuda,double,8191,4,9.953013e-10,1.113596e-13,3.021819e-13,1.061467e+03,1.218805e+03,1.061467e+00,1.218805e+00,1.000000e-09,15,5,true
2,bubble,W-exact,w_exact,w,exact,1.10,mg_exact,cuda,double,8191,15,1.058447e-09,6.541431e-14,1.704539e-13,3.327243e+03,3.417826e+03,3.327243e+00,3.417826e+00,1.000000e-09,15,5,false
2,bubble,W-exact,w_exact,w,exact,1.15,mg_exact,cuda,double,8191,15,1.120922e-09,8.509822e-14,2.260900e-13,3.379646e+03,3.467925e+03,3.379646e+00,3.467925e+00,1.000000e-09,15,5,false
2,bubble,W-exact,w_exact,w,exact,1.20,mg_exact,cuda,double,8191,15,1.138058e-09,2.003274e-14,6.967343e-14,3.395433e+03,3.534787e+03,3.395433e+00,3.534787e+00,1.000000e-09,15,5,false
2,bubble,W-exact,w_exact,w,exact,1.25,mg_exact,cuda,double,8191,15,1.299184e-09,2.125219e-14,6.546153e-14,3.349826e+03,3.474677e+03,3.349826e+00,3.474677e+00,1.000000e-09,15,5,false
2,bubble,W-exact,w_exact,w,exact,1.30,mg_exact,cuda,double,8191,15,1.330346e-09,7.405005e-14,1.515524e-13,3.406286e+03,3.492320e+03,3.406286e+00,3.492320e+00,1.000000e-09,15,5,false
2,bubble,W-exact,w_exact,w,exact,1.35,mg_exact,cuda,double,8191,15,1.423407e-09,1.107685e-13,2.942577e-13,3.358320e+03,3.476484e+03,3.358320e+00,3.476484e+00,1.000000e-09,15,5,false
2,bubble,W-exact,w_exact,w,exact,1.40,mg_exact,cuda,double,8191,15,1.555635e-09,2.056381e-13,4.216280e-13,3.365817e+03,3.453547e+03,3.365817e+00,3.453547e+00,1.000000e-09,15,5,false
2,bubble,W-exact,w_exact,w,exact,1.45,mg_exact,cuda,double,8191,15,1.631194e-09,1.737326e-13,4.393638e-13,3.342013e+03,3.469323e+03,3.342013e+00,3.469323e+00,1.000000e-09,15,5,false
2,bubble,W-exact,w_exact,w,exact,1.50,mg_exact,cuda,double,8191,15,1.871250e-09,6.162219e-14,1.910971e-13,3.394699e+03,3.482991e+03,3.394699e+00,3.482991e+00,1.000000e-09,15,5,false
2,bubble,W-SOR,w_sor,w,sor,1.00,mg_sor,cuda,double,8191,4,9.362682e-10,1.589768e-14,3.830269e-14,8.458120e+02,9.426690e+02,8.458120e-01,9.426690e-01,1.000000e-09,15,5,true
2,bubble,W-SOR,w_sor,w,sor,1.05,mg_sor,cuda,double,8191,4,9.937250e-10,1.001128e-13,2.781664e-13,8.645340e+02,9.573870e+02,8.645340e-01,9.573870e-01,1.000000e-09,15,5,true
2,bubble,W-SOR,w_sor,w,sor,1.10,mg_sor,cuda,double,8191,15,1.054316e-09,8.096828e-14,2.220377e-13,2.690279e+03,2.780045e+03,2.690279e+00,2.780045e+00,1.000000e-09,15,5,false
2,bubble,W-SOR,w_sor,w,sor,1.15,mg_sor,cuda,double,8191,15,1.118306e-09,1.063265e-13,2.544978e-13,2.744935e+03,2.837781e+03,2.744935e+00,2.837781e+00,1.000000e-09,15,5,false
2,bubble,W-SOR,w_sor,w,sor,1.20,mg_sor,cuda,double,8191,15,1.139528e-09,4.515804e-14,1.196404e-13,2.717530e+03,2.810316e+03,2.717530e+00,2.810316e+00,1.000000e-09,15,5,false
2,bubble,W-SOR,w_sor,w,sor,1.25,mg_sor,cuda,double,8191,15,1.311517e-09,1.852497e-14,6.759177e-14,2.728214e+03,2.831228e+03,2.728214e+00,2.831228e+00,1.000000e-09,15,5,false
2,bubble,W-SOR,w_sor,w,sor,1.30,mg_sor,cuda,double,8191,15,1.333482e-09,8.864376e-14,2.228842e-13,2.746646e+03,2.838347e+03,2.746646e+00,2.838347e+00,1.000000e-09,15,5,false
2,bubble,W-SOR,w_sor,w,sor,1.35,mg_sor,cuda,double,8191,15,1.423343e-09,1.059184e-13,2.741696e-13,2.771378e+03,2.897396e+03,2.771378e+00,2.897396e+00,1.000000e-09,15,5,false
2,bubble,W-SOR,w_sor,w,sor,1.40,mg_sor,cuda,double,8191,15,1.557323e-09,2.003378e-13,4.118858e-13,2.717154e+03,2.814037e+03,2.717154e+00,2.814037e+00,1.000000e-09,15,5,false
2,bubble,W-SOR,w_sor,w,sor,1.45,mg_sor,cuda,double,8191,15,1.630084e-09,1.688309e-13,4.301004e-13,2.747709e+03,2.853205e+03,2.747709e+00,2.853205e+00,1.000000e-09,15,5,false
2,bubble,W-SOR,w_sor,w,sor,1.50,mg_sor,cuda,double,8191,15,1.847967e-09,1.070954e-14,3.744227e-14,2.737999e+03,2.878007e+03,2.737999e+00,2.878007e+00,1.000000e-09,15,5,false
2,exp,V-exact,v_exact,v,exact,1.00,mg_exact,cuda,double,8191,15,1.140445e-08,2.967028e-10,5.403016e-10,1.399549e+03,1.408465e+03,1.399549e+00,1.408465e+00,1.000000e-09,15,5,false
2,exp,V-exact,v_exact,v,exact,1.05,mg_exact,cuda,double,8191,15,1.185096e-08,2.965800e-10,5.397611e-10,1.369232e+03,1.377666e+03,1.369232e+00,1.377666e+00,1.000000e-09,15,5,false
2,exp,V-exact,v_exact,v,exact,1.10,mg_exact,cuda,double,8191,15,1.231455e-08,2.975675e-10,5.422147e-10,1.379233e+03,1.388563e+03,1.379233e+00,1.388563e+00,1.000000e-09,15,5,false
2,exp,V-exact,v_exact,v,exact,1.15,mg_exact,cuda,double,8191,15,1.292177e-08,3.010858e-10,5.486180e-10,1.372447e+03,1.384670e+03,1.372447e+00,1.384670e+00,1.000000e-09,15,5,false
2,exp,V-exact,v_exact,v,exact,1.20,mg_exact,cuda,double,8191,15,1.352122e-08,2.986470e-10,5.442256e-10,1.391310e+03,1.400250e+03,1.391310e+00,1.400250e+00,1.000000e-09,15,5,false
2,exp,V-exact,v_exact,v,exact,1.25,mg_exact,cuda,double,8191,15,1.431915e-08,2.959538e-10,5.392291e-10,1.374544e+03,1.400838e+03,1.374544e+00,1.400838e+00,1.000000e-09,15,5,false
2,exp,V-exact,v_exact,v,exact,1.30,mg_exact,cuda,double,8191,15,1.565826e-08,3.027432e-10,5.520211e-10,1.373967e+03,1.396956e+03,1.373967e+00,1.396956e+00,1.000000e-09,15,5,false
2,exp,V-exact,v_exact,v,exact,1.35,mg_exact,cuda,double,8191,15,1.709965e-08,2.954799e-10,5.377108e-10,1.369540e+03,1.382436e+03,1.369540e+00,1.382436e+00,1.000000e-09,15,5,false
2,exp,V-exact,v_exact,v,exact,1.40,mg_exact,cuda,double,8191,15,1.865734e-08,2.969237e-10,5.402212e-10,1.384002e+03,1.393935e+03,1.384002e+00,1.393935e+00,1.000000e-09,15,5,false
2,exp,V-exact,v_exact,v,exact,1.45,mg_exact,cuda,double,8191,15,1.992541e-08,2.963852e-10,5.392504e-10,1.380055e+03,1.390279e+03,1.380055e+00,1.390279e+00,1.000000e-09,15,5,false
2,exp,V-exact,v_exact,v,exact,1.50,mg_exact,cuda,double,8191,15,2.236999e-08,2.941045e-10,5.346736e-10,1.418977e+03,1.429227e+03,1.418977e+00,1.429227e+00,1.000000e-09,15,5,false
2,exp,V-SOR,v_sor,v,sor,1.00,mg_sor,cuda,double,8191,15,1.140677e-08,2.969447e-10,5.408340e-10,1.379880e+03,1.394673e+03,1.379880e+00,1.394673e+00,1.000000e-09,15,5,false
2,exp,V-SOR,v_sor,v,sor,1.05,mg_sor,cuda,double,8191,15,1.185670e-08,2.965664e-10,5.398086e-10,1.373112e+03,1.386574e+03,1.373112e+00,1.386574e+00,1.000000e-09,15,5,false
2,exp,V-SOR,v_sor,v,sor,1.10,mg_sor,cuda,double,8191,15,1.231847e-08,2.973829e-10,5.414682e-10,1.388364e+03,1.398498e+03,1.388364e+00,1.398498e+00,1.000000e-09,15,5,false
2,exp,V-SOR,v_sor,v,sor,1.15,mg_sor,cuda,double,8191,15,1.292161e-08,3.006361e-10,5.478320e-10,1.374099e+03,1.383507e+03,1.374099e+00,1.383507e+00,1.000000e-09,15,5,false
2,exp,V-SOR,v_sor,v,sor,1.20,mg_sor,cuda,double,8191,15,1.352233e-08,2.982064e-10,5.432748e-10,1.373404e+03,1.382448e+03,1.373404e+00,1.382448e+00,1.000000e-09,15,5,false
2,exp,V-SOR,v_sor,v,sor,1.25,mg_sor,cuda,double,8191,15,1.432651e-08,2.965872e-10,5.400596e-10,1.378643e+03,1.394567e+03,1.378643e+00,1.394567e+00,1.000000e-09,15,5,false
2,exp,V-SOR,v_sor,v,sor,1.30,mg_sor,cuda,double,8191,15,1.565964e-08,3.026860e-10,5.517613e-10,1.383003e+03,1.393990e+03,1.383003e+00,1.393990e+00,1.000000e-09,15,5,false
2,exp,V-SOR,v_sor,v,sor,1.35,mg_sor,cuda,double,8191,15,1.710452e-08,2.951890e-10,5.370486e-10,1.418032e+03,1.428455e+03,1.418032e+00,1.428455e+00,1.000000e-09,15,5,false
2,exp,V-SOR,v_sor,v,sor,1.40,mg_sor,cuda,double,8191,15,1.865996e-08,2.964313e-10,5.389715e-10,1.430141e+03,1.452052e+03,1.430141e+00,1.452052e+00,1.000000e-09,15,5,false
2,exp,V-SOR,v_sor,v,sor,1.45,mg_sor,cuda,double,8191,15,1.992870e-08,2.960095e-10,5.385576e-10,1.365676e+03,1.375345e+03,1.365676e+00,1.375345e+00,1.000000e-09,15,5,false
2,exp,V-SOR,v_sor,v,sor,1.50,mg_sor,cuda,double,8191,15,2.236990e-08,2.943105e-10,5.347554e-10,1.381797e+03,1.392493e+03,1.381797e+00,1.392493e+00,1.000000e-09,15,5,false
2,exp,W-exact,w_exact,w,exact,1.00,mg_exact,cuda,double,8191,15,1.140623e-08,2.971033e-10,5.409846e-10,3.287374e+03,3.382526e+03,3.287374e+00,3.382526e+00,1.000000e-09,15,5,false
2,exp,W-exact,w_exact,w,exact,1.05,mg_exact,cuda,double,8191,15,1.185355e-08,2.964576e-10,5.400334e-10,3.330547e+03,3.420607e+03,3.330547e+00,3.420607e+00,1.000000e-09,15,5,false
2,exp,W-exact,w_exact,w,exact,1.10,mg_exact,cuda,double,8191,15,1.231397e-08,2.973314e-10,5.415215e-10,3.362087e+03,3.482210e+03,3.362087e+00,3.482210e+00,1.000000e-09,15,5,false
2,exp,W-exact,w_exact,w,exact,1.15,mg_exact,cuda,double,8191,15,1.292199e-08,3.003648e-10,5.475180e-10,3.365959e+03,3.460278e+03,3.365959e+00,3.460278e+00,1.000000e-09,15,5,false
2,exp,W-exact,w_exact,w,exact,1.20,mg_exact,cuda,double,8191,15,1.351786e-08,2.978422e-10,5.425695e-10,3.338943e+03,3.451117e+03,3.338943e+00,3.451117e+00,1.000000e-09,15,5,false
2,exp,W-exact,w_exact,w,exact,1.25,mg_exact,cuda,double,8191,15,1.432287e-08,2.967240e-10,5.403820e-10,3.342236e+03,3.442776e+03,3.342236e+00,3.442776e+00,1.000000e-09,15,5,false
2,exp,W-exact,w_exact,w,exact,1.30,mg_exact,cuda,double,8191,15,1.565405e-08,3.024042e-10,5.511613e-10,3.360959e+03,3.478615e+03,3.360959e+00,3.478615e+00,1.000000e-09,15,5,false
2,exp,W-exact,w_exact,w,exact,1.35,mg_exact,cuda,double,8191,15,1.709966e-08,2.951156e-10,5.367720e-10,3.354952e+03,3.465767e+03,3.354952e+00,3.465767e+00,1.000000e-09,15,5,false
2,exp,W-exact,w_exact,w,exact,1.40,mg_exact,cuda,double,8191,15,1.865366e-08,2.962428e-10,5.386269e-10,3.328353e+03,3.424011e+03,3.328353e+00,3.424011e+00,1.000000e-09,15,5,false
2,exp,W-exact,w_exact,w,exact,1.45,mg_exact,cuda,double,8191,15,1.991438e-08,2.959632e-10,5.380150e-10,3.371675e+03,3.479839e+03,3.371675e+00,3.479839e+00,1.000000e-09,15,5,false
2,exp,W-exact,w_exact,w,exact,1.50,mg_exact,cuda,double,8191,15,2.236478e-08,2.940320e-10,5.343010e-10,3.343177e+03,3.456566e+03,3.343177e+00,3.456566e+00,1.000000e-09,15,5,false
2,exp,W-SOR,w_sor,w,sor,1.00,mg_sor,cuda,double,8191,15,1.140444e-08,2.971423e-10,5.411240e-10,2.741621e+03,2.870749e+03,2.741621e+00,2.870749e+00,1.000000e-09,15,5,false
2,exp,W-SOR,w_sor,w,sor,1.05,mg_sor,cuda,double,8191,15,1.185262e-08,2.969091e-10,5.409166e-10,2.717746e+03,2.818838e+03,2.717746e+00,2.818838e+00,1.000000e-09,15,5,false
2,exp,W-SOR,w_sor,w,sor,1.10,mg_sor,cuda,double,8191,15,1.231632e-08,2.973451e-10,5.413821e-10,2.747854e+03,2.860604e+03,2.747854e+00,2.860604e+00,1.000000e-09,15,5,false
2,exp,W-SOR,w_sor,w,sor,1.15,mg_sor,cuda,double,8191,15,1.291910e-08,3.010700e-10,5.485115e-10,2.715623e+03,2.801055e+03,2.715623e+00,2.801055e+00,1.000000e-09,15,5,false
2,exp,W-SOR,w_sor,w,sor,1.20,mg_sor,cuda,double,8191,15,1.352025e-08,2.979989e-10,5.431664e-10,2.750235e+03,2.856527e+03,2.750235e+00,2.856527e+00,1.000000e-09,15,5,false
2,exp,W-SOR,w_sor,w,sor,1.25,mg_sor,cuda,double,8191,15,1.431981e-08,2.960639e-10,5.392882e-10,2.738053e+03,2.860390e+03,2.738053e+00,2.860390e+00,1.000000e-09,15,5,false
2,exp,W-SOR,w_sor,w,sor,1.30,mg_sor,cuda,double,8191,15,1.566142e-08,3.029005e-10,5.520131e-10,2.768478e+03,2.858996e+03,2.768478e+00,2.858996e+00,1.000000e-09,15,5,false
2,exp,W-SOR,w_sor,w,sor,1.35,mg_sor,cuda,double,8191,15,1.709013e-08,2.952046e-10,5.366201e-10,2.729802e+03,2.825274e+03,2.729802e+00,2.825274e+00,1.000000e-09,15,5,false
2,exp,W-SOR,w_sor,w,sor,1.40,mg_sor,cuda,double,8191,15,1.865237e-08,2.964762e-10,5.392797e-10,2.747151e+03,2.871095e+03,2.747151e+00,2.871095e+00,1.000000e-09,15,5,false
2,exp,W-SOR,w_sor,w,sor,1.45,mg_sor,cuda,double,8191,15,1.991122e-08,2.967741e-10,5.402212e-10,2.765165e+03,2.858933e+03,2.765165e+00,2.858933e+00,1.000000e-09,15,5,false
2,exp,W-SOR,w_sor,w,sor,1.50,mg_sor,cuda,double,8191,15,2.236482e-08,2.939718e-10,5.341931e-10,2.725134e+03,2.840034e+03,2.725134e+00,2.840034e+00,1.000000e-09,15,5,false
2,cosine,V-exact,v_exact,v,exact,1.00,mg_exact,cuda,double,8191,15,1.133207e-09,1.136596e-09,2.209184e-09,1.400717e+03,1.409962e+03,1.400717e+00,1.409962e+00,1.000000e-09,15,5,false
2,cosine,V-exact,v_exact,v,exact,1.05,mg_exact,cuda,double,8191,15,1.205583e-09,1.136555e-09,2.209140e-09,1.417848e+03,1.426987e+03,1.417848e+00,1.426987e+00,1.000000e-09,15,5,false
2,cosine,V-exact,v_exact,v,exact,1.10,mg_exact,cuda,double,8191,15,1.268836e-09,1.136597e-09,2.209197e-09,1.390533e+03,1.400332e+03,1.390533e+00,1.400332e+00,1.000000e-09,15,5,false
2,cosine,V-exact,v_exact,v,exact,1.15,mg_exact,cuda,double,8191,15,1.331548e-09,1.136716e-09,2.209366e-09,1.378487e+03,1.397508e+03,1.378487e+00,1.397508e+00,1.000000e-09,15,5,false
2,cosine,V-exact,v_exact,v,exact,1.20,mg_exact,cuda,double,8191,15,1.367177e-09,1.136618e-09,2.209264e-09,1.399675e+03,1.409472e+03,1.399675e+00,1.409472e+00,1.000000e-09,15,5,false
2,cosine,V-exact,v_exact,v,exact,1.25,mg_exact,cuda,double,8191,15,1.457561e-09,1.136611e-09,2.209254e-09,1.408278e+03,1.417414e+03,1.408278e+00,1.417414e+00,1.000000e-09,15,5,false
2,cosine,V-exact,v_exact,v,exact,1.30,mg_exact,cuda,double,8191,15,1.557341e-09,1.136782e-09,2.209562e-09,1.402991e+03,1.427244e+03,1.402991e+00,1.427244e+00,1.000000e-09,15,5,false
2,cosine,V-exact,v_exact,v,exact,1.35,mg_exact,cuda,double,8191,15,1.665598e-09,1.136521e-09,2.209062e-09,1.374300e+03,1.383036e+03,1.374300e+00,1.383036e+00,1.000000e-09,15,5,false
2,cosine,V-exact,v_exact,v,exact,1.40,mg_exact,cuda,double,8191,15,1.802786e-09,1.136569e-09,2.209156e-09,1.408216e+03,1.432516e+03,1.408216e+00,1.432516e+00,1.000000e-09,15,5,false
2,cosine,V-exact,v_exact,v,exact,1.45,mg_exact,cuda,double,8191,15,1.881839e-09,1.136646e-09,2.209246e-09,1.398701e+03,1.425464e+03,1.398701e+00,1.425464e+00,1.000000e-09,15,5,false
2,cosine,V-exact,v_exact,v,exact,1.50,mg_exact,cuda,double,8191,15,2.229189e-09,1.136605e-09,2.209240e-09,1.409075e+03,1.421739e+03,1.409075e+00,1.421739e+00,1.000000e-09,15,5,false
2,cosine,V-SOR,v_sor,v,sor,1.00,mg_sor,cuda,double,8191,15,1.133056e-09,1.136607e-09,2.209256e-09,1.450697e+03,1.464031e+03,1.450697e+00,1.464031e+00,1.000000e-09,15,5,false
2,cosine,V-SOR,v_sor,v,sor,1.05,mg_sor,cuda,double,8191,15,1.205340e-09,1.136548e-09,2.209119e-09,1.360551e+03,1.371883e+03,1.360551e+00,1.371883e+00,1.000000e-09,15,5,false
2,cosine,V-SOR,v_sor,v,sor,1.10,mg_sor,cuda,double,8191,15,1.268935e-09,1.136605e-09,2.209199e-09,1.424390e+03,1.433520e+03,1.424390e+00,1.433520e+00,1.000000e-09,15,5,false
2,cosine,V-SOR,v_sor,v,sor,1.15,mg_sor,cuda,double,8191,15,1.331765e-09,1.136716e-09,2.209404e-09,1.382038e+03,1.398640e+03,1.382038e+00,1.398640e+00,1.000000e-09,15,5,false
2,cosine,V-SOR,v_sor,v,sor,1.20,mg_sor,cuda,double,8191,15,1.367295e-09,1.136619e-09,2.209266e-09,1.393471e+03,1.402477e+03,1.393471e+00,1.402477e+00,1.000000e-09,15,5,false
2,cosine,V-SOR,v_sor,v,sor,1.25,mg_sor,cuda,double,8191,15,1.457839e-09,1.136596e-09,2.209238e-09,1.439761e+03,1.451116e+03,1.439761e+00,1.451116e+00,1.000000e-09,15,5,false
2,cosine,V-SOR,v_sor,v,sor,1.30,mg_sor,cuda,double,8191,15,1.557886e-09,1.136771e-09,2.209479e-09,1.418076e+03,1.430690e+03,1.418076e+00,1.430690e+00,1.000000e-09,15,5,false
2,cosine,V-SOR,v_sor,v,sor,1.35,mg_sor,cuda,double,8191,15,1.665921e-09,1.136535e-09,2.209117e-09,1.450815e+03,1.459717e+03,1.450815e+00,1.459717e+00,1.000000e-09,15,5,false
2,cosine,V-SOR,v_sor,v,sor,1.40,mg_sor,cuda,double,8191,15,1.802641e-09,1.136565e-09,2.209136e-09,1.392779e+03,1.402603e+03,1.392779e+00,1.402603e+00,1.000000e-09,15,5,false
2,cosine,V-SOR,v_sor,v,sor,1.45,mg_sor,cuda,double,8191,15,1.882216e-09,1.136652e-09,2.209288e-09,1.437883e+03,1.446526e+03,1.437883e+00,1.446526e+00,1.000000e-09,15,5,false
2,cosine,V-SOR,v_sor,v,sor,1.50,mg_sor,cuda,double,8191,15,2.229221e-09,1.136621e-09,2.209265e-09,1.369156e+03,1.382850e+03,1.369156e+00,1.382850e+00,1.000000e-09,15,5,false
2,cosine,W-exact,w_exact,w,exact,1.00,mg_exact,cuda,double,8191,15,1.133260e-09,1.136609e-09,2.209231e-09,3.408420e+03,3.534986e+03,3.408420e+00,3.534986e+00,1.000000e-09,15,5,false
2,cosine,W-exact,w_exact,w,exact,1.05,mg_exact,cuda,double,8191,15,1.205516e-09,1.136563e-09,2.209195e-09,3.384548e+03,3.498711e+03,3.384548e+00,3.498711e+00,1.000000e-09,15,5,false
2,cosine,W-exact,w_exact,w,exact,1.10,mg_exact,cuda,double,8191,15,1.268994e-09,1.136604e-09,2.209216e-09,3.441830e+03,3.557061e+03,3.441830e+00,3.557061e+00,1.000000e-09,15,5,false
2,cosine,W-exact,w_exact,w,exact,1.15,mg_exact,cuda,double,8191,15,1.331089e-09,1.136711e-09,2.209427e-09,3.406675e+03,3.511252e+03,3.406675e+00,3.511252e+00,1.000000e-09,15,5,false
2,cosine,W-exact,w_exact,w,exact,1.20,mg_exact,cuda,double,8191,15,1.367126e-09,1.136609e-09,2.209215e-09,3.434976e+03,3.582509e+03,3.434976e+00,3.582509e+00,1.000000e-09,15,5,false
2,cosine,W-exact,w_exact,w,exact,1.25,mg_exact,cuda,double,8191,15,1.457631e-09,1.136590e-09,2.209196e-09,3.368608e+03,3.481694e+03,3.368608e+00,3.481694e+00,1.000000e-09,15,5,false
2,cosine,W-exact,w_exact,w,exact,1.30,mg_exact,cuda,double,8191,15,1.557821e-09,1.136776e-09,2.209485e-09,3.443018e+03,3.569518e+03,3.443018e+00,3.569518e+00,1.000000e-09,15,5,false
2,cosine,W-exact,w_exact,w,exact,1.35,mg_exact,cuda,double,8191,15,1.665463e-09,1.136503e-09,2.209082e-09,3.361126e+03,3.476916e+03,3.361126e+00,3.476916e+00,1.000000e-09,15,5,false
2,cosine,W-exact,w_exact,w,exact,1.40,mg_exact,cuda,double,8191,15,1.802891e-09,1.136571e-09,2.209158e-09,3.415960e+03,3.524832e+03,3.415960e+00,3.524832e+00,1.000000e-09,15,5,false
2,cosine,W-exact,w_exact,w,exact,1.45,mg_exact,cuda,double,8191,15,1.881658e-09,1.136663e-09,2.209265e-09,3.439184e+03,3.539317e+03,3.439184e+00,3.539317e+00,1.000000e-09,15,5,false
2,cosine,W-exact,w_exact,w,exact,1.50,mg_exact,cuda,double,8191,15,2.228420e-09,1.136600e-09,2.209189e-09,3.434200e+03,3.537913e+03,3.434200e+00,3.537913e+00,1.000000e-09,15,5,false
2,cosine,W-SOR,w_sor,w,sor,1.00,mg_sor,cuda,double,8191,15,1.133222e-09,1.136595e-09,2.209181e-09,2.826474e+03,2.935651e+03,2.826474e+00,2.935651e+00,1.000000e-09,15,5,false
2,cosine,W-SOR,w_sor,w,sor,1.05,mg_sor,cuda,double,8191,15,1.205572e-09,1.136578e-09,2.209154e-09,2.810370e+03,2.956093e+03,2.810370e+00,2.956093e+00,1.000000e-09,15,5,false
2,cosine,W-SOR,w_sor,w,sor,1.10,mg_sor,cuda,double,8191,15,1.268817e-09,1.136591e-09,2.209171e-09,2.779487e+03,2.897695e+03,2.779487e+00,2.897695e+00,1.000000e-09,15,5,false
2,cosine,W-SOR,w_sor,w,sor,1.15,mg_sor,cuda,double,8191,15,1.331422e-09,1.136716e-09,2.209375e-09,2.841740e+03,2.954908e+03,2.841740e+00,2.954908e+00,1.000000e-09,15,5,false
2,cosine,W-SOR,w_sor,w,sor,1.20,mg_sor,cuda,double,8191,15,1.367369e-09,1.136590e-09,2.209168e-09,2.790959e+03,2.932182e+03,2.790959e+00,2.932182e+00,1.000000e-09,15,5,false
2,cosine,W-SOR,w_sor,w,sor,1.25,mg_sor,cuda,double,8191,15,1.457130e-09,1.136598e-09,2.209168e-09,2.792276e+03,2.943081e+03,2.792276e+00,2.943081e+00,1.000000e-09,15,5,false
2,cosine,W-SOR,w_sor,w,sor,1.30,mg_sor,cuda,double,8191,15,1.558058e-09,1.136779e-09,2.209511e-09,2.768103e+03,2.866735e+03,2.768103e+00,2.866735e+00,1.000000e-09,15,5,false
2,cosine,W-SOR,w_sor,w,sor,1.35,mg_sor,cuda,double,8191,15,1.665088e-09,1.136512e-09,2.209030e-09,2.770103e+03,2.868644e+03,2.770103e+00,2.868644e+00,1.000000e-09,15,5,false
2,cosine,W-SOR,w_sor,w,sor,1.40,mg_sor,cuda,double,8191,15,1.802657e-09,1.136563e-09,2.209133e-09,2.835066e+03,2.968228e+03,2.835066e+00,2.968228e+00,1.000000e-09,15,5,false
2,cosine,W-SOR,w_sor,w,sor,1.45,mg_sor,cuda,double,8191,15,1.881339e-09,1.136647e-09,2.209241e-09,2.759972e+03,2.846057e+03,2.759972e+00,2.846057e+00,1.000000e-09,15,5,false
2,cosine,W-SOR,w_sor,w,sor,1.50,mg_sor,cuda,double,8191,15,2.229369e-09,1.136610e-09,2.209253e-09,2.780477e+03,2.880328e+03,2.780477e+00,2.880328e+00,1.000000e-09,15,5,false
3,sine,V-exact,v_exact,v,exact,1.00,mg_exact,cuda,double,383,15,6.207531e-10,1.972019e-06,5.577711e-06,4.860310e+02,4.920890e+02,4.860310e-01,4.920890e-01,1.000000e-09,15,1,true
3,sine,V-exact,v_exact,v,exact,1.05,mg_exact,cuda,double,383,14,2.285656e-10,1.972018e-06,5.577710e-06,4.301490e+02,4.353860e+02,4.301490e-01,4.353860e-01,1.000000e-09,15,1,true
3,sine,V-exact,v_exact,v,exact,1.10,mg_exact,cuda,double,383,12,6.025273e-10,1.971976e-06,5.577589e-06,4.045730e+02,4.133620e+02,4.045730e-01,4.133620e-01,1.000000e-09,15,1,true
3,sine,V-exact,v_exact,v,exact,1.15,mg_exact,cuda,double,383,11,5.113026e-10,1.971969e-06,5.577568e-06,3.913620e+02,3.966380e+02,3.913620e-01,3.966380e-01,1.000000e-09,15,1,true
3,sine,V-exact,v_exact,v,exact,1.20,mg_exact,cuda,double,383,10,5.697879e-10,1.971969e-06,5.577569e-06,3.392150e+02,3.442260e+02,3.392150e-01,3.442260e-01,1.000000e-09,15,1,true
3,sine,V-exact,v_exact,v,exact,1.25,mg_exact,cuda,double,383,9,6.265071e-10,1.971983e-06,5.577609e-06,3.443180e+02,3.499930e+02,3.443180e-01,3.499930e-01,1.000000e-09,15,1,true
3,sine,V-exact,v_exact,v,exact,1.30,mg_exact,cuda,double,383,10,3.552558e-10,1.972025e-06,5.577730e-06,3.586170e+02,3.629400e+02,3.586170e-01,3.629400e-01,1.000000e-09,15,1,true
3,sine,V-exact,v_exact,v,exact,1.35,mg_exact,cuda,double,383,11,3.835530e-10,1.972025e-06,5.577730e-06,3.663450e+02,3.711260e+02,3.663450e-01,3.711260e-01,1.000000e-09,15,1,true
3,sine,V-exact,v_exact,v,exact,1.40,mg_exact,cuda,double,383,13,1.624115e-10,1.972025e-06,5.577730e-06,4.084320e+02,4.132300e+02,4.084320e-01,4.132300e-01,1.000000e-09,15,1,true
3,sine,V-exact,v_exact,v,exact,1.45,mg_exact,cuda,double,383,14,7.347031e-10,1.972025e-06,5.577731e-06,4.250050e+02,4.298190e+02,4.250050e-01,4.298190e-01,1.000000e-09,15,1,true
3,sine,V-exact,v_exact,v,exact,1.50,mg_exact,cuda,double,383,15,3.179939e-09,1.972026e-06,5.577726e-06,4.479150e+02,4.797130e+02,4.479150e-01,4.797130e-01,1.000000e-09,15,1,false
3,sine,V-SOR,v_sor,v,sor,1.00,mg_sor,cuda,double,383,15,6.207520e-10,1.972019e-06,5.577711e-06,4.562060e+02,4.608640e+02,4.562060e-01,4.608640e-01,1.000000e-09,15,1,true
3,sine,V-SOR,v_sor,v,sor,1.05,mg_sor,cuda,double,383,14,2.285671e-10,1.972018e-06,5.577710e-06,4.249610e+02,4.293770e+02,4.249610e-01,4.293770e-01,1.000000e-09,15,1,true
3,sine,V-SOR,v_sor,v,sor,1.10,mg_sor,cuda,double,383,12,6.025273e-10,1.971976e-06,5.577589e-06,3.977840e+02,4.026980e+02,3.977840e-01,4.026980e-01,1.000000e-09,15,1,true
3,sine,V-SOR,v_sor,v,sor,1.15,mg_sor,cuda,double,383,11,5.113020e-10,1.971969e-06,5.577568e-06,3.687030e+02,3.732910e+02,3.687030e-01,3.732910e-01,1.000000e-09,15,1,true
3,sine,V-SOR,v_sor,v,sor,1.20,mg_sor,cuda,double,383,10,5.697853e-10,1.971969e-06,5.577569e-06,3.461440e+02,3.548410e+02,3.461440e-01,3.548410e-01,1.000000e-09,15,1,true
3,sine,V-SOR,v_sor,v,sor,1.25,mg_sor,cuda,double,383,9,6.265094e-10,1.971983e-06,5.577609e-06,3.227690e+02,3.275060e+02,3.227690e-01,3.275060e-01,1.000000e-09,15,1,true
3,sine,V-SOR,v_sor,v,sor,1.30,mg_sor,cuda,double,383,10,3.552548e-10,1.972025e-06,5.577730e-06,3.436250e+02,3.478280e+02,3.436250e-01,3.478280e-01,1.000000e-09,15,1,true
3,sine,V-SOR,v_sor,v,sor,1.35,mg_sor,cuda,double,383,11,3.835499e-10,1.972025e-06,5.577730e-06,4.352010e+02,4.397020e+02,4.352010e-01,4.397020e-01,1.000000e-09,15,1,true
3,sine,V-SOR,v_sor,v,sor,1.40,mg_sor,cuda,double,383,13,1.624103e-10,1.972025e-06,5.577730e-06,4.345080e+02,4.399960e+02,4.345080e-01,4.399960e-01,1.000000e-09,15,1,true
3,sine,V-SOR,v_sor,v,sor,1.45,mg_sor,cuda,double,383,14,7.346989e-10,1.972025e-06,5.577731e-06,4.465950e+02,4.616630e+02,4.465950e-01,4.616630e-01,1.000000e-09,15,1,true
3,sine,V-SOR,v_sor,v,sor,1.50,mg_sor,cuda,double,383,15,3.179894e-09,1.972026e-06,5.577726e-06,4.781150e+02,4.903250e+02,4.781150e-01,4.903250e-01,1.000000e-09,15,1,false
3,sine,W-exact,w_exact,w,exact,1.00,mg_exact,cuda,double,383,8,2.866649e-10,1.972025e-06,5.577730e-06,3.927800e+02,4.014160e+02,3.927800e-01,4.014160e-01,1.000000e-09,15,1,true
3,sine,W-exact,w_exact,w,exact,1.05,mg_exact,cuda,double,383,6,3.013097e-10,1.972025e-06,5.577730e-06,3.245940e+02,3.335500e+02,3.245940e-01,3.335500e-01,1.000000e-09,15,1,true
3,sine,W-exact,w_exact,w,exact,1.10,mg_exact,cuda,double,383,6,4.808970e-11,1.972025e-06,5.577730e-06,3.139090e+02,3.315560e+02,3.139090e-01,3.315560e-01,1.000000e-09,15,1,true
3,sine,W-exact,w_exact,w,exact,1.15,mg_exact,cuda,double,383,7,3.347674e-10,1.972025e-06,5.577730e-06,3.414980e+02,3.488790e+02,3.414980e-01,3.488790e-01,1.000000e-09,15,1,true
3,sine,W-exact,w_exact,w,exact,1.20,mg_exact,cuda,double,383,8,1.963062e-10,1.972025e-06,5.577730e-06,3.721780e+02,4.141610e+02,3.721780e-01,4.141610e-01,1.000000e-09,15,1,true
3,sine,W-exact,w_exact,w,exact,1.25,mg_exact,cuda,double,383,9,1.245684e-10,1.972025e-06,5.577730e-06,3.978160e+02,4.624890e+02,3.978160e-01,4.624890e-01,1.000000e-09,15,1,true
3,sine,W-exact,w_exact,w,exact,1.30,mg_exact,cuda,double,383,10,1.049435e-10,1.972025e-06,5.577730e-06,4.451410e+02,4.522880e+02,4.451410e-01,4.522880e-01,1.000000e-09,15,1,true
3,sine,W-exact,w_exact,w,exact,1.35,mg_exact,cuda,double,383,11,1.774616e-10,1.972025e-06,5.577730e-06,4.729700e+02,4.799350e+02,4.729700e-01,4.799350e-01,1.000000e-09,15,1,true
3,sine,W-exact,w_exact,w,exact,1.40,mg_exact,cuda,double,383,12,6.892947e-10,1.972025e-06,5.577730e-06,5.024510e+02,5.096680e+02,5.024510e-01,5.096680e-01,1.000000e-09,15,1,true
3,sine,W-exact,w_exact,w,exact,1.45,mg_exact,cuda,double,383,14,3.367721e-10,1.972025e-06,5.577730e-06,5.520620e+02,5.593490e+02,5.520620e-01,5.593490e-01,1.000000e-09,15,1,true
3,sine,W-exact,w_exact,w,exact,1.50,mg_exact,cuda,double,383,15,1.661416e-09,1.972025e-06,5.577730e-06,5.824070e+02,5.898090e+02,5.824070e-01,5.898090e-01,1.000000e-09,15,1,false
3,sine,W-SOR,w_sor,w,sor,1.00,mg_sor,cuda,double,383,8,2.866637e-10,1.972025e-06,5.577730e-06,3.881270e+02,4.155620e+02,3.881270e-01,4.155620e-01,1.000000e-09,15,1,true
3,sine,W-SOR,w_sor,w,sor,1.05,mg_sor,cuda,double,383,6,3.013093e-10,1.972025e-06,5.577730e-06,3.057380e+02,3.127450e+02,3.057380e-01,3.127450e-01,1.000000e-09,15,1,true
3,sine,W-SOR,w_sor,w,sor,1.10,mg_sor,cuda,double,383,6,4.809027e-11,1.972025e-06,5.577730e-06,3.200090e+02,3.273790e+02,3.200090e-01,3.273790e-01,1.000000e-09,15,1,true
3,sine,W-SOR,w_sor,w,sor,1.15,mg_sor,cuda,double,383,7,3.347674e-10,1.972025e-06,5.577730e-06,3.396500e+02,3.489090e+02,3.396500e-01,3.489090e-01,1.000000e-09,15,1,true
3,sine,W-SOR,w_sor,w,sor,1.20,mg_sor,cuda,double,383,8,1.963048e-10,1.972025e-06,5.577730e-06,3.637290e+02,3.808420e+02,3.637290e-01,3.808420e-01,1.000000e-09,15,1,true
3,sine,W-SOR,w_sor,w,sor,1.25,mg_sor,cuda,double,383,9,1.245658e-10,1.972025e-06,5.577730e-06,3.885940e+02,4.054450e+02,3.885940e-01,4.054450e-01,1.000000e-09,15,1,true
3,sine,W-SOR,w_sor,w,sor,1.30,mg_sor,cuda,double,383,10,1.049432e-10,1.972025e-06,5.577730e-06,4.168980e+02,4.238480e+02,4.168980e-01,4.238480e-01,1.000000e-09,15,1,true
3,sine,W-SOR,w_sor,w,sor,1.35,mg_sor,cuda,double,383,11,1.774577e-10,1.972025e-06,5.577730e-06,4.561440e+02,5.415350e+02,4.561440e-01,5.415350e-01,1.000000e-09,15,1,true
3,sine,W-SOR,w_sor,w,sor,1.40,mg_sor,cuda,double,383,12,6.892949e-10,1.972025e-06,5.577730e-06,4.776230e+02,4.848120e+02,4.776230e-01,4.848120e-01,1.000000e-09,15,1,true
3,sine,W-SOR,w_sor,w,sor,1.45,mg_sor,cuda,double,383,14,3.367701e-10,1.972025e-06,5.577730e-06,5.256790e+02,5.358230e+02,5.256790e-01,5.358230e-01,1.000000e-09,15,1,true
3,sine,W-SOR,w_sor,w,sor,1.50,mg_sor,cuda,double,383,15,1.661417e-09,1.972025e-06,5.577730e-06,5.642370e+02,5.961300e+02,5.642370e-01,5.961300e-01,1.000000e-09,15,1,false
3,mixed_sine,V-exact,v_exact,v,exact,1.00,mg_exact,cuda,double,383,15,7.715330e-10,2.400509e-05,6.789664e-05,4.935190e+02,4.975610e+02,4.935190e-01,4.975610e-01,1.000000e-09,15,1,true
3,mixed_sine,V-exact,v_exact,v,exact,1.05,mg_exact,cuda,double,383,14,2.699602e-10,2.400510e-05,6.789668e-05,4.664210e+02,4.707170e+02,4.664210e-01,4.707170e-01,1.000000e-09,15,1,true
3,mixed_sine,V-exact,v_exact,v,exact,1.10,mg_exact,cuda,double,383,12,5.507017e-10,2.400507e-05,6.789660e-05,4.037030e+02,4.216990e+02,4.037030e-01,4.216990e-01,1.000000e-09,15,1,true
3,mixed_sine,V-exact,v_exact,v,exact,1.15,mg_exact,cuda,double,383,11,2.209384e-10,2.400510e-05,6.789667e-05,3.776470e+02,3.817100e+02,3.776470e-01,3.817100e-01,1.000000e-09,15,1,true
3,mixed_sine,V-exact,v_exact,v,exact,1.20,mg_exact,cuda,double,383,9,9.136627e-10,2.400505e-05,6.789653e-05,3.481750e+02,3.526520e+02,3.481750e-01,3.526520e-01,1.000000e-09,15,1,true
3,mixed_sine,V-exact,v_exact,v,exact,1.25,mg_exact,cuda,double,383,9,8.849153e-11,2.400512e-05,6.789672e-05,3.427750e+02,3.594660e+02,3.427750e-01,3.594660e-01,1.000000e-09,15,1,true
3,mixed_sine,V-exact,v_exact,v,exact,1.30,mg_exact,cuda,double,383,10,4.236622e-10,2.400512e-05,6.789672e-05,3.697260e+02,3.741820e+02,3.697260e-01,3.741820e-01,1.000000e-09,15,1,true
3,mixed_sine,V-exact,v_exact,v,exact,1.35,mg_exact,cuda,double,383,11,4.831510e-10,2.400512e-05,6.789672e-05,3.851170e+02,4.165850e+02,3.851170e-01,4.165850e-01,1.000000e-09,15,1,true
3,mixed_sine,V-exact,v_exact,v,exact,1.40,mg_exact,cuda,double,383,13,1.808956e-10,2.400512e-05,6.789672e-05,4.293010e+02,4.350110e+02,4.293010e-01,4.350110e-01,1.000000e-09,15,1,true
3,mixed_sine,V-exact,v_exact,v,exact,1.45,mg_exact,cuda,double,383,14,7.927683e-10,2.400512e-05,6.789673e-05,4.464570e+02,4.512340e+02,4.464570e-01,4.512340e-01,1.000000e-09,15,1,true
3,mixed_sine,V-exact,v_exact,v,exact,1.50,mg_exact,cuda,double,383,15,3.396379e-09,2.400512e-05,6.789671e-05,4.710290e+02,4.766340e+02,4.710290e-01,4.766340e-01,1.000000e-09,15,1,false
3,mixed_sine,V-SOR,v_sor,v,sor,1.00,mg_sor,cuda,double,383,15,7.715330e-10,2.400509e-05,6.789664e-05,4.745050e+02,4.876680e+02,4.745050e-01,4.876680e-01,1.000000e-09,15,1,true
3,mixed_sine,V-SOR,v_sor,v,sor,1.05,mg_sor,cuda,double,383,14,2.699602e-10,2.400510e-05,6.789668e-05,4.620570e+02,4.812830e+02,4.620570e-01,4.812830e-01,1.000000e-09,15,1,true
3,mixed_sine,V-SOR,v_sor,v,sor,1.10,mg_sor,cuda,double,383,12,5.507017e-10,2.400507e-05,6.789660e-05,4.343120e+02,4.467410e+02,4.343120e-01,4.467410e-01,1.000000e-09,15,1,true
3,mixed_sine,V-SOR,v_sor,v,sor,1.15,mg_sor,cuda,double,383,11,2.209384e-10,2.400510e-05,6.789667e-05,3.784560e+02,3.949960e+02,3.784560e-01,3.949960e-01,1.000000e-09,15,1,true
3,mixed_sine,V-SOR,v_sor,v,sor,1.20,mg_sor,cuda,double,383,9,9.136627e-10,2.400505e-05,6.789653e-05,3.495180e+02,3.574300e+02,3.495180e-01,3.574300e-01,1.000000e-09,15,1,true
3,mixed_sine,V-SOR,v_sor,v,sor,1.25,mg_sor,cuda,double,383,9,8.849153e-11,2.400512e-05,6.789672e-05,3.335410e+02,3.382910e+02,3.335410e-01,3.382910e-01,1.000000e-09,15,1,true
3,mixed_sine,V-SOR,v_sor,v,sor,1.30,mg_sor,cuda,double,383,10,4.236623e-10,2.400512e-05,6.789672e-05,3.712560e+02,3.759980e+02,3.712560e-01,3.759980e-01,1.000000e-09,15,1,true
3,mixed_sine,V-SOR,v_sor,v,sor,1.35,mg_sor,cuda,double,383,11,4.831511e-10,2.400512e-05,6.789672e-05,4.100860e+02,4.148380e+02,4.100860e-01,4.148380e-01,1.000000e-09,15,1,true
3,mixed_sine,V-SOR,v_sor,v,sor,1.40,mg_sor,cuda,double,383,13,1.808959e-10,2.400512e-05,6.789672e-05,4.432340e+02,4.470760e+02,4.432340e-01,4.470760e-01,1.000000e-09,15,1,true
3,mixed_sine,V-SOR,v_sor,v,sor,1.45,mg_sor,cuda,double,383,14,7.927681e-10,2.400512e-05,6.789673e-05,4.428890e+02,4.475900e+02,4.428890e-01,4.475900e-01,1.000000e-09,15,1,true
3,mixed_sine,V-SOR,v_sor,v,sor,1.50,mg_sor,cuda,double,383,15,3.396379e-09,2.400512e-05,6.789671e-05,4.693100e+02,4.742050e+02,4.693100e-01,4.742050e-01,1.000000e-09,15,1,false
3,mixed_sine,W-exact,w_exact,w,exact,1.00,mg_exact,cuda,double,383,9,2.700904e-10,2.400512e-05,6.789672e-05,4.045380e+02,4.127100e+02,4.045380e-01,4.127100e-01,1.000000e-09,15,1,true
3,mixed_sine,W-exact,w_exact,w,exact,1.05,mg_exact,cuda,double,383,7,1.270699e-10,2.400512e-05,6.789672e-05,3.415400e+02,3.488730e+02,3.415400e-01,3.488730e-01,1.000000e-09,15,1,true
3,mixed_sine,W-exact,w_exact,w,exact,1.10,mg_exact,cuda,double,383,6,1.701540e-10,2.400512e-05,6.789672e-05,3.290910e+02,3.374800e+02,3.290910e-01,3.374800e-01,1.000000e-09,15,1,true
3,mixed_sine,W-exact,w_exact,w,exact,1.15,mg_exact,cuda,double,383,7,3.773645e-10,2.400512e-05,6.789673e-05,3.855200e+02,4.097160e+02,3.855200e-01,4.097160e-01,1.000000e-09,15,1,true
3,mixed_sine,W-exact,w_exact,w,exact,1.20,mg_exact,cuda,double,383,8,2.132368e-10,2.400512e-05,6.789672e-05,3.885720e+02,3.957490e+02,3.885720e-01,3.957490e-01,1.000000e-09,15,1,true
3,mixed_sine,W-exact,w_exact,w,exact,1.25,mg_exact,cuda,double,383,9,1.353759e-10,2.400512e-05,6.789672e-05,4.117430e+02,4.193550e+02,4.117430e-01,4.193550e-01,1.000000e-09,15,1,true
3,mixed_sine,W-exact,w_exact,w,exact,1.30,mg_exact,cuda,double,383,10,1.154044e-10,2.400512e-05,6.789672e-05,4.585340e+02,4.882610e+02,4.585340e-01,4.882610e-01,1.000000e-09,15,1,true
3,mixed_sine,W-exact,w_exact,w,exact,1.35,mg_exact,cuda,double,383,11,1.972968e-10,2.400512e-05,6.789673e-05,4.624570e+02,4.943370e+02,4.624570e-01,4.943370e-01,1.000000e-09,15,1,true
3,mixed_sine,W-exact,w_exact,w,exact,1.40,mg_exact,cuda,double,383,12,7.747579e-10,2.400512e-05,6.789672e-05,4.925610e+02,4.999390e+02,4.925610e-01,4.999390e-01,1.000000e-09,15,1,true
3,mixed_sine,W-exact,w_exact,w,exact,1.45,mg_exact,cuda,double,383,14,3.778159e-10,2.400512e-05,6.789672e-05,5.368050e+02,5.452320e+02,5.368050e-01,5.452320e-01,1.000000e-09,15,1,true
3,mixed_sine,W-exact,w_exact,w,exact,1.50,mg_exact,cuda,double,383,15,1.867768e-09,2.400512e-05,6.789672e-05,5.694790e+02,5.782030e+02,5.694790e-01,5.782030e-01,1.000000e-09,15,1,false
3,mixed_sine,W-SOR,w_sor,w,sor,1.00,mg_sor,cuda,double,383,9,2.700904e-10,2.400512e-05,6.789672e-05,3.912670e+02,3.989550e+02,3.912670e-01,3.989550e-01,1.000000e-09,15,1,true
3,mixed_sine,W-SOR,w_sor,w,sor,1.05,mg_sor,cuda,double,383,7,1.270699e-10,2.400512e-05,6.789672e-05,3.355330e+02,3.437850e+02,3.355330e-01,3.437850e-01,1.000000e-09,15,1,true
3,mixed_sine,W-SOR,w_sor,w,sor,1.10,mg_sor,cuda,double,383,6,1.701540e-10,2.400512e-05,6.789672e-05,3.249790e+02,3.322910e+02,3.249790e-01,3.322910e-01,1.000000e-09,15,1,true
3,mixed_sine,W-SOR,w_sor,w,sor,1.15,mg_sor,cuda,double,383,7,3.773645e-10,2.400512e-05,6.789673e-05,3.341760e+02,3.411920e+02,3.341760e-01,3.411920e-01,1.000000e-09,15,1,true
3,mixed_sine,W-SOR,w_sor,w,sor,1.20,mg_sor,cuda,double,383,8,2.132368e-10,2.400512e-05,6.789672e-05,3.797070e+02,3.872900e+02,3.797070e-01,3.872900e-01,1.000000e-09,15,1,true
3,mixed_sine,W-SOR,w_sor,w,sor,1.25,mg_sor,cuda,double,383,9,1.353759e-10,2.400512e-05,6.789672e-05,3.849260e+02,3.924140e+02,3.849260e-01,3.924140e-01,1.000000e-09,15,1,true
3,mixed_sine,W-SOR,w_sor,w,sor,1.30,mg_sor,cuda,double,383,10,1.154044e-10,2.400512e-05,6.789672e-05,4.054640e+02,4.176610e+02,4.054640e-01,4.176610e-01,1.000000e-09,15,1,true
3,mixed_sine,W-SOR,w_sor,w,sor,1.35,mg_sor,cuda,double,383,11,1.972968e-10,2.400512e-05,6.789673e-05,4.589440e+02,4.662590e+02,4.589440e-01,4.662590e-01,1.000000e-09,15,1,true
3,mixed_sine,W-SOR,w_sor,w,sor,1.40,mg_sor,cuda,double,383,12,7.747580e-10,2.400512e-05,6.789672e-05,4.618860e+02,4.789300e+02,4.618860e-01,4.789300e-01,1.000000e-09,15,1,true
3,mixed_sine,W-SOR,w_sor,w,sor,1.45,mg_sor,cuda,double,383,14,3.778158e-10,2.400512e-05,6.789672e-05,5.303280e+02,5.372840e+02,5.303280e-01,5.372840e-01,1.000000e-09,15,1,true
3,mixed_sine,W-SOR,w_sor,w,sor,1.50,mg_sor,cuda,double,383,15,1.867768e-09,2.400512e-05,6.789672e-05,5.499710e+02,5.642810e+02,5.499710e-01,5.642810e-01,1.000000e-09,15,1,false
3,bubble,V-exact,v_exact,v,exact,1.00,mg_exact,cuda,double,383,15,1.040573e-09,1.387361e-13,2.301991e-13,4.679820e+02,4.726330e+02,4.679820e-01,4.726330e-01,1.000000e-09,15,1,false
3,bubble,V-exact,v_exact,v,exact,1.05,mg_exact,cuda,double,383,14,3.382940e-10,1.248855e-13,2.992589e-13,4.282640e+02,4.521850e+02,4.282640e-01,4.521850e-01,1.000000e-09,15,1,true
3,bubble,V-exact,v_exact,v,exact,1.10,mg_exact,cuda,double,383,12,6.929372e-10,8.572765e-13,2.347204e-12,3.926970e+02,4.030020e+02,3.926970e-01,4.030020e-01,1.000000e-09,15,1,true
3,bubble,V-exact,v_exact,v,exact,1.15,mg_exact,cuda,double,383,11,4.960769e-10,9.798175e-13,2.765482e-12,3.675350e+02,3.865270e+02,3.675350e-01,3.865270e-01,1.000000e-09,15,1,true
3,bubble,V-exact,v_exact,v,exact,1.20,mg_exact,cuda,double,383,10,5.439218e-10,9.770466e-13,2.770338e-12,3.499440e+02,3.666570e+02,3.499440e-01,3.666570e-01,1.000000e-09,15,1,true
3,bubble,V-exact,v_exact,v,exact,1.25,mg_exact,cuda,double,383,9,6.006998e-10,7.346267e-13,2.079651e-12,3.346140e+02,3.388290e+02,3.346140e-01,3.388290e-01,1.000000e-09,15,1,true
3,bubble,V-exact,v_exact,v,exact,1.30,mg_exact,cuda,double,383,10,3.821457e-10,8.731468e-16,4.113029e-15,3.556340e+02,3.604800e+02,3.556340e-01,3.604800e-01,1.000000e-09,15,1,true
3,bubble,V-exact,v_exact,v,exact,1.35,mg_exact,cuda,double,383,11,4.619983e-10,1.640846e-15,1.052283e-14,3.910280e+02,4.242380e+02,3.910280e-01,4.242380e-01,1.000000e-09,15,1,true
3,bubble,V-exact,v_exact,v,exact,1.40,mg_exact,cuda,double,383,13,1.910447e-10,1.113293e-15,6.253678e-15,4.299050e+02,4.348870e+02,4.299050e-01,4.348870e-01,1.000000e-09,15,1,true
3,bubble,V-exact,v_exact,v,exact,1.45,mg_exact,cuda,double,383,14,8.842329e-10,6.146415e-15,2.737741e-14,4.342230e+02,4.641780e+02,4.342230e-01,4.641780e-01,1.000000e-09,15,1,true
3,bubble,V-exact,v_exact,v,exact,1.50,mg_exact,cuda,double,383,15,4.061711e-09,3.479063e-14,1.262428e-13,4.653800e+02,4.700130e+02,4.653800e-01,4.700130e-01,1.000000e-09,15,1,false
3,bubble,V-SOR,v_sor,v,sor,1.00,mg_sor,cuda,double,383,15,1.040574e-09,1.387348e-13,2.301969e-13,4.834440e+02,4.879180e+02,4.834440e-01,4.879180e-01,1.000000e-09,15,1,false
3,bubble,V-SOR,v_sor,v,sor,1.05,mg_sor,cuda,double,383,14,3.382958e-10,1.248929e-13,2.992884e-13,4.411850e+02,4.455980e+02,4.411850e-01,4.455980e-01,1.000000e-09,15,1,true
3,bubble,V-SOR,v_sor,v,sor,1.10,mg_sor,cuda,double,383,12,6.929385e-10,8.572843e-13,2.347258e-12,4.015880e+02,4.058530e+02,4.015880e-01,4.058530e-01,1.000000e-09,15,1,true
3,bubble,V-SOR,v_sor,v,sor,1.15,mg_sor,cuda,double,383,11,4.960774e-10,9.798250e-13,2.765508e-12,3.944130e+02,3.986720e+02,3.944130e-01,3.986720e-01,1.000000e-09,15,1,true
3,bubble,V-SOR,v_sor,v,sor,1.20,mg_sor,cuda,double,383,10,5.439220e-10,9.770469e-13,2.770324e-12,3.388140e+02,3.430580e+02,3.388140e-01,3.430580e-01,1.000000e-09,15,1,true
3,bubble,V-SOR,v_sor,v,sor,1.25,mg_sor,cuda,double,383,9,6.007022e-10,7.346323e-13,2.079668e-12,3.262850e+02,3.304940e+02,3.262850e-01,3.304940e-01,1.000000e-09,15,1,true
3,bubble,V-SOR,v_sor,v,sor,1.30,mg_sor,cuda,double,383,10,3.821446e-10,8.753730e-16,4.113029e-15,3.374650e+02,3.418790e+02,3.374650e-01,3.418790e-01,1.000000e-09,15,1,true
3,bubble,V-SOR,v_sor,v,sor,1.35,mg_sor,cuda,double,383,11,4.619986e-10,1.642632e-15,1.051589e-14,3.599700e+02,3.644270e+02,3.599700e-01,3.644270e-01,1.000000e-09,15,1,true
3,bubble,V-SOR,v_sor,v,sor,1.40,mg_sor,cuda,double,383,13,1.910420e-10,1.112201e-15,6.258882e-15,4.155340e+02,4.198890e+02,4.155340e-01,4.198890e-01,1.000000e-09,15,1,true
3,bubble,V-SOR,v_sor,v,sor,1.45,mg_sor,cuda,double,383,14,8.842335e-10,6.145365e-15,2.738955e-14,4.438840e+02,4.483310e+02,4.438840e-01,4.483310e-01,1.000000e-09,15,1,true
3,bubble,V-SOR,v_sor,v,sor,1.50,mg_sor,cuda,double,383,15,4.061672e-09,3.479005e-14,1.262167e-13,4.650720e+02,4.690790e+02,4.650720e-01,4.690790e-01,1.000000e-09,15,1,false
3,bubble,W-exact,w_exact,w,exact,1.00,mg_exact,cuda,double,383,11,4.255123e-10,6.961874e-16,2.899102e-15,4.552810e+02,4.619420e+02,4.552810e-01,4.619420e-01,1.000000e-09,15,1,true
3,bubble,W-exact,w_exact,w,exact,1.05,mg_exact,cuda,double,383,9,9.270177e-10,7.332548e-16,6.033043e-15,3.923910e+02,3.991780e+02,3.923910e-01,3.991780e-01,1.000000e-09,15,1,true
3,bubble,W-exact,w_exact,w,exact,1.10,mg_exact,cuda,double,383,8,2.106975e-10,5.647125e-16,1.755540e-15,3.723100e+02,3.794970e+02,3.723100e-01,3.794970e-01,1.000000e-09,15,1,true
3,bubble,W-exact,w_exact,w,exact,1.15,mg_exact,cuda,double,383,7,3.569391e-10,1.486624e-16,5.846018e-16,3.527000e+02,3.597940e+02,3.527000e-01,3.597940e-01,1.000000e-09,15,1,true
3,bubble,W-exact,w_exact,w,exact,1.20,mg_exact,cuda,double,383,8,2.155084e-10,9.783023e-17,4.631712e-16,3.769190e+02,3.846090e+02,3.769190e-01,3.846090e-01,1.000000e-09,15,1,true
3,bubble,W-exact,w_exact,w,exact,1.25,mg_exact,cuda,double,383,9,1.410184e-10,6.631638e-17,3.521489e-16,4.078120e+02,4.146970e+02,4.078120e-01,4.146970e-01,1.000000e-09,15,1,true
3,bubble,W-exact,w_exact,w,exact,1.30,mg_exact,cuda,double,383,10,1.224927e-10,6.089540e-17,3.571362e-16,4.223390e+02,4.296710e+02,4.223390e-01,4.296710e-01,1.000000e-09,15,1,true
3,bubble,W-exact,w_exact,w,exact,1.35,mg_exact,cuda,double,383,11,2.013308e-10,1.174333e-16,4.241399e-16,4.500510e+02,4.574350e+02,4.500510e-01,4.574350e-01,1.000000e-09,15,1,true
3,bubble,W-exact,w_exact,w,exact,1.40,mg_exact,cuda,double,383,12,7.388603e-10,1.542755e-16,7.233797e-16,4.849320e+02,4.915760e+02,4.849320e-01,4.915760e-01,1.000000e-09,15,1,true
3,bubble,W-exact,w_exact,w,exact,1.45,mg_exact,cuda,double,383,14,3.618366e-10,1.207011e-16,4.319461e-16,5.606620e+02,5.681120e+02,5.606620e-01,5.681120e-01,1.000000e-09,15,1,true
3,bubble,W-exact,w_exact,w,exact,1.50,mg_exact,cuda,double,383,15,1.761355e-09,4.049217e-16,1.713907e-15,5.924360e+02,6.257480e+02,5.924360e-01,6.257480e-01,1.000000e-09,15,1,false
3,bubble,W-SOR,w_sor,w,sor,1.00,mg_sor,cuda,double,383,11,4.255122e-10,6.922078e-16,2.898940e-15,4.463450e+02,4.535570e+02,4.463450e-01,4.535570e-01,1.000000e-09,15,1,true
3,bubble,W-SOR,w_sor,w,sor,1.05,mg_sor,cuda,double,383,9,9.270177e-10,7.319280e-16,6.032935e-15,3.923570e+02,3.996220e+02,3.923570e-01,3.996220e-01,1.000000e-09,15,1,true
3,bubble,W-SOR,w_sor,w,sor,1.10,mg_sor,cuda,double,383,8,2.106974e-10,5.656789e-16,1.778092e-15,4.005990e+02,4.105360e+02,4.005990e-01,4.105360e-01,1.000000e-09,15,1,true
3,bubble,W-SOR,w_sor,w,sor,1.15,mg_sor,cuda,double,383,7,3.569388e-10,1.483590e-16,5.793976e-16,3.505050e+02,3.593900e+02,3.505050e-01,3.593900e-01,1.000000e-09,15,1,true
3,bubble,W-SOR,w_sor,w,sor,1.20,mg_sor,cuda,double,383,8,2.155086e-10,9.837568e-17,4.926615e-16,3.713160e+02,3.880480e+02,3.713160e-01,3.880480e-01,1.000000e-09,15,1,true
3,bubble,W-SOR,w_sor,w,sor,1.25,mg_sor,cuda,double,383,9,1.410191e-10,6.252825e-17,3.434752e-16,3.908780e+02,3.972960e+02,3.908780e-01,3.972960e-01,1.000000e-09,15,1,true
3,bubble,W-SOR,w_sor,w,sor,1.30,mg_sor,cuda,double,383,10,1.224922e-10,8.734041e-17,3.972517e-16,4.186930e+02,4.257000e+02,4.186930e-01,4.257000e-01,1.000000e-09,15,1,true
3,bubble,W-SOR,w_sor,w,sor,1.35,mg_sor,cuda,double,383,11,2.013330e-10,1.108962e-16,4.230557e-16,4.414070e+02,4.711990e+02,4.414070e-01,4.711990e-01,1.000000e-09,15,1,true
3,bubble,W-SOR,w_sor,w,sor,1.40,mg_sor,cuda,double,383,12,7.388619e-10,1.543421e-16,7.337880e-16,4.724620e+02,4.795520e+02,4.724620e-01,4.795520e-01,1.000000e-09,15,1,true
3,bubble,W-SOR,w_sor,w,sor,1.45,mg_sor,cuda,double,383,14,3.618406e-10,1.067237e-16,3.870602e-16,5.431130e+02,5.503400e+02,5.431130e-01,5.503400e-01,1.000000e-09,15,1,true
3,bubble,W-SOR,w_sor,w,sor,1.50,mg_sor,cuda,double,383,15,1.761354e-09,4.085813e-16,1.641048e-15,5.710150e+02,5.777060e+02,5.710150e-01,5.777060e-01,1.000000e-09,15,1,false
3,exp,V-exact,v_exact,v,exact,1.00,mg_exact,cuda,double,383,15,2.028448e-06,2.085718e-07,4.951071e-07,4.712300e+02,4.938850e+02,4.712300e-01,4.938850e-01,1.000000e-09,15,1,false
3,exp,V-exact,v_exact,v,exact,1.05,mg_exact,cuda,double,383,15,8.801761e-08,2.093446e-07,4.954045e-07,4.669340e+02,4.714400e+02,4.669340e-01,4.714400e-01,1.000000e-09,15,1,false
3,exp,V-exact,v_exact,v,exact,1.10,mg_exact,cuda,double,383,15,1.604327e-09,2.094066e-07,4.954780e-07,4.628680e+02,4.902520e+02,4.628680e-01,4.902520e-01,1.000000e-09,15,1,false
3,exp,V-exact,v_exact,v,exact,1.15,mg_exact,cuda,double,383,13,6.684179e-10,2.093988e-07,4.954558e-07,4.181930e+02,4.455670e+02,4.181930e-01,4.455670e-01,1.000000e-09,15,1,true
3,exp,V-exact,v_exact,v,exact,1.20,mg_exact,cuda,double,383,12,4.369507e-10,2.094041e-07,4.954702e-07,4.162360e+02,4.207350e+02,4.162360e-01,4.207350e-01,1.000000e-09,15,1,true
3,exp,V-exact,v_exact,v,exact,1.25,mg_exact,cuda,double,383,13,9.370923e-10,2.094105e-07,4.954867e-07,4.183380e+02,4.230880e+02,4.183380e-01,4.230880e-01,1.000000e-09,15,1,true
3,exp,V-exact,v_exact,v,exact,1.30,mg_exact,cuda,double,383,15,2.663640e-10,2.094105e-07,4.954867e-07,4.592630e+02,4.639460e+02,4.592630e-01,4.639460e-01,1.000000e-09,15,1,true
3,exp,V-exact,v_exact,v,exact,1.35,mg_exact,cuda,double,383,15,4.158734e-09,2.094104e-07,4.954866e-07,4.695600e+02,4.748530e+02,4.695600e-01,4.748530e-01,1.000000e-09,15,1,false
3,exp,V-exact,v_exact,v,exact,1.40,mg_exact,cuda,double,383,15,5.010055e-08,2.094103e-07,4.954862e-07,4.557300e+02,4.600060e+02,4.557300e-01,4.600060e-01,1.000000e-09,15,1,false
3,exp,V-exact,v_exact,v,exact,1.45,mg_exact,cuda,double,383,15,5.601659e-07,2.094156e-07,4.954809e-07,4.551180e+02,4.601220e+02,4.551180e-01,4.601220e-01,1.000000e-09,15,1,false
3,exp,V-exact,v_exact,v,exact,1.50,mg_exact,cuda,double,383,15,9.717321e-06,2.097280e-07,4.952801e-07,4.640340e+02,4.701700e+02,4.640340e-01,4.701700e-01,1.000000e-09,15,1,false
3,exp,V-SOR,v_sor,v,sor,1.00,mg_sor,cuda,double,383,15,2.028448e-06,2.085718e-07,4.951071e-07,4.676840e+02,4.721640e+02,4.676840e-01,4.721640e-01,1.000000e-09,15,1,false
3,exp,V-SOR,v_sor,v,sor,1.05,mg_sor,cuda,double,383,15,8.801761e-08,2.093446e-07,4.954045e-07,4.611930e+02,4.660250e+02,4.611930e-01,4.660250e-01,1.000000e-09,15,1,false
3,exp,V-SOR,v_sor,v,sor,1.10,mg_sor,cuda,double,383,15,1.604328e-09,2.094066e-07,4.954780e-07,4.639050e+02,4.685050e+02,4.639050e-01,4.685050e-01,1.000000e-09,15,1,false
3,exp,V-SOR,v_sor,v,sor,1.15,mg_sor,cuda,double,383,13,6.684017e-10,2.093988e-07,4.954558e-07,4.273080e+02,4.346010e+02,4.273080e-01,4.346010e-01,1.000000e-09,15,1,true
3,exp,V-SOR,v_sor,v,sor,1.20,mg_sor,cuda,double,383,12,4.369360e-10,2.094041e-07,4.954702e-07,3.932270e+02,3.975100e+02,3.932270e-01,3.975100e-01,1.000000e-09,15,1,true
3,exp,V-SOR,v_sor,v,sor,1.25,mg_sor,cuda,double,383,13,9.371137e-10,2.094105e-07,4.954868e-07,4.246080e+02,4.291530e+02,4.246080e-01,4.291530e-01,1.000000e-09,15,1,true
3,exp,V-SOR,v_sor,v,sor,1.30,mg_sor,cuda,double,383,15,2.663602e-10,2.094105e-07,4.954867e-07,4.606210e+02,4.754760e+02,4.606210e-01,4.754760e-01,1.000000e-09,15,1,true
3,exp,V-SOR,v_sor,v,sor,1.35,mg_sor,cuda,double,383,15,4.158769e-09,2.094104e-07,4.954866e-07,4.592980e+02,4.777100e+02,4.592980e-01,4.777100e-01,1.000000e-09,15,1,false
3,exp,V-SOR,v_sor,v,sor,1.40,mg_sor,cuda,double,383,15,5.010057e-08,2.094103e-07,4.954862e-07,4.675670e+02,4.726930e+02,4.675670e-01,4.726930e-01,1.000000e-09,15,1,false
3,exp,V-SOR,v_sor,v,sor,1.45,mg_sor,cuda,double,383,15,5.601660e-07,2.094156e-07,4.954809e-07,4.631340e+02,4.929880e+02,4.631340e-01,4.929880e-01,1.000000e-09,15,1,false
3,exp,V-SOR,v_sor,v,sor,1.50,mg_sor,cuda,double,383,15,9.717321e-06,2.097280e-07,4.952801e-07,4.694970e+02,4.739690e+02,4.694970e-01,4.739690e-01,1.000000e-09,15,1,false
3,exp,W-exact,w_exact,w,exact,1.00,mg_exact,cuda,double,383,15,1.618078e-07,2.094106e-07,4.954871e-07,5.859140e+02,5.923340e+02,5.859140e-01,5.923340e-01,1.000000e-09,15,1,false
3,exp,W-exact,w_exact,w,exact,1.05,mg_exact,cuda,double,383,15,2.261082e-09,2.094106e-07,4.954870e-07,5.730470e+02,5.981820e+02,5.730470e-01,5.981820e-01,1.000000e-09,15,1,false
3,exp,W-exact,w_exact,w,exact,1.10,mg_exact,cuda,double,383,13,3.675374e-10,2.094106e-07,4.954870e-07,5.156720e+02,5.229430e+02,5.156720e-01,5.229430e-01,1.000000e-09,15,1,true
3,exp,W-exact,w_exact,w,exact,1.15,mg_exact,cuda,double,383,11,1.741410e-10,2.094105e-07,4.954869e-07,5.004310e+02,5.581560e+02,5.004310e-01,5.581560e-01,1.000000e-09,15,1,true
3,exp,W-exact,w_exact,w,exact,1.20,mg_exact,cuda,double,383,12,1.954607e-10,2.094105e-07,4.954868e-07,4.967920e+02,5.042310e+02,4.967920e-01,5.042310e-01,1.000000e-09,15,1,true
3,exp,W-exact,w_exact,w,exact,1.25,mg_exact,cuda,double,383,13,4.019634e-10,2.094105e-07,4.954869e-07,5.273810e+02,5.518860e+02,5.273810e-01,5.518860e-01,1.000000e-09,15,1,true
3,exp,W-exact,w_exact,w,exact,1.30,mg_exact,cuda,double,383,14,9.321665e-10,2.094105e-07,4.954867e-07,5.606270e+02,5.681290e+02,5.606270e-01,5.681290e-01,1.000000e-09,15,1,true
3,exp,W-exact,w_exact,w,exact,1.35,mg_exact,cuda,double,383,15,2.473742e-09,2.094104e-07,4.954867e-07,5.851760e+02,6.022000e+02,5.851760e-01,6.022000e-01,1.000000e-09,15,1,false
3,exp,W-exact,w_exact,w,exact,1.40,mg_exact,cuda,double,383,15,4.027677e-08,2.094104e-07,4.954866e-07,5.791490e+02,5.862430e+02,5.791490e-01,5.862430e-01,1.000000e-09,15,1,false
3,exp,W-exact,w_exact,w,exact,1.45,mg_exact,cuda,double,383,15,5.218668e-07,2.094102e-07,4.954860e-07,5.805720e+02,5.871700e+02,5.805720e-01,5.871700e-01,1.000000e-09,15,1,false
3,exp,W-exact,w_exact,w,exact,1.50,mg_exact,cuda,double,383,15,6.491103e-06,2.094099e-07,4.954868e-07,5.682550e+02,5.917520e+02,5.682550e-01,5.917520e-01,1.000000e-09,15,1,false
3,exp,W-SOR,w_sor,w,sor,1.00,mg_sor,cuda,double,383,15,1.618078e-07,2.094106e-07,4.954871e-07,5.523340e+02,5.604830e+02,5.523340e-01,5.604830e-01,1.000000e-09,15,1,false
3,exp,W-SOR,w_sor,w,sor,1.05,mg_sor,cuda,double,383,15,2.261077e-09,2.094106e-07,4.954870e-07,5.508540e+02,5.585880e+02,5.508540e-01,5.585880e-01,1.000000e-09,15,1,false
3,exp,W-SOR,w_sor,w,sor,1.10,mg_sor,cuda,double,383,13,3.675323e-10,2.094106e-07,4.954870e-07,5.115140e+02,5.262040e+02,5.115140e-01,5.262040e-01,1.000000e-09,15,1,true
3,exp,W-SOR,w_sor,w,sor,1.15,mg_sor,cuda,double,383,11,1.741301e-10,2.094105e-07,4.954869e-07,4.447340e+02,4.524430e+02,4.447340e-01,4.524430e-01,1.000000e-09,15,1,true
3,exp,W-SOR,w_sor,w,sor,1.20,mg_sor,cuda,double,383,12,1.954489e-10,2.094105e-07,4.954868e-07,4.725840e+02,4.815090e+02,4.725840e-01,4.815090e-01,1.000000e-09,15,1,true
3,exp,W-SOR,w_sor,w,sor,1.25,mg_sor,cuda,double,383,13,4.019761e-10,2.094105e-07,4.954869e-07,5.252650e+02,5.400900e+02,5.252650e-01,5.400900e-01,1.000000e-09,15,1,true
3,exp,W-SOR,w_sor,w,sor,1.30,mg_sor,cuda,double,383,14,9.321441e-10,2.094105e-07,4.954867e-07,5.269210e+02,5.478830e+02,5.269210e-01,5.478830e-01,1.000000e-09,15,1,true
3,exp,W-SOR,w_sor,w,sor,1.35,mg_sor,cuda,double,383,15,2.473721e-09,2.094104e-07,4.954867e-07,5.563590e+02,5.712010e+02,5.563590e-01,5.712010e-01,1.000000e-09,15,1,false
3,exp,W-SOR,w_sor,w,sor,1.40,mg_sor,cuda,double,383,15,4.027675e-08,2.094104e-07,4.954866e-07,5.560390e+02,5.632310e+02,5.560390e-01,5.632310e-01,1.000000e-09,15,1,false
3,exp,W-SOR,w_sor,w,sor,1.45,mg_sor,cuda,double,383,15,5.218668e-07,2.094102e-07,4.954860e-07,5.609800e+02,5.696510e+02,5.609800e-01,5.696510e-01,1.000000e-09,15,1,false
3,exp,W-SOR,w_sor,w,sor,1.50,mg_sor,cuda,double,383,15,6.491103e-06,2.094099e-07,4.954868e-07,5.634080e+02,5.705650e+02,5.634080e-01,5.705650e-01,1.000000e-09,15,1,false
3,cosine,V-exact,v_exact,v,exact,1.00,mg_exact,cuda,double,383,15,2.374354e-07,3.236879e-07,8.838852e-07,4.675920e+02,4.758350e+02,4.675920e-01,4.758350e-01,1.000000e-09,15,1,false
3,cosine,V-exact,v_exact,v,exact,1.05,mg_exact,cuda,double,383,15,1.012426e-08,3.237481e-07,8.839968e-07,4.827940e+02,4.936660e+02,4.827940e-01,4.936660e-01,1.000000e-09,15,1,false
3,cosine,V-exact,v_exact,v,exact,1.10,mg_exact,cuda,double,383,15,1.800791e-10,3.237526e-07,8.840066e-07,4.596390e+02,4.642300e+02,4.596390e-01,4.642300e-01,1.000000e-09,15,1,true
3,cosine,V-exact,v_exact,v,exact,1.15,mg_exact,cuda,double,383,12,7.389594e-10,3.237505e-07,8.840001e-07,4.135080e+02,4.184790e+02,4.135080e-01,4.184790e-01,1.000000e-09,15,1,true
3,cosine,V-exact,v_exact,v,exact,1.20,mg_exact,cuda,double,383,11,4.273627e-10,3.237523e-07,8.840056e-07,3.769040e+02,3.933380e+02,3.769040e-01,3.933380e-01,1.000000e-09,15,1,true
3,cosine,V-exact,v_exact,v,exact,1.25,mg_exact,cuda,double,383,13,1.143389e-10,3.237528e-07,8.840071e-07,4.282080e+02,4.327040e+02,4.282080e-01,4.327040e-01,1.000000e-09,15,1,true
3,cosine,V-exact,v_exact,v,exact,1.30,mg_exact,cuda,double,383,14,2.350429e-10,3.237528e-07,8.840071e-07,4.588020e+02,4.631700e+02,4.588020e-01,4.631700e-01,1.000000e-09,15,1,true
3,cosine,V-exact,v_exact,v,exact,1.35,mg_exact,cuda,double,383,15,5.094089e-10,3.237528e-07,8.840071e-07,4.665420e+02,4.719400e+02,4.665420e-01,4.719400e-01,1.000000e-09,15,1,true
3,cosine,V-exact,v_exact,v,exact,1.40,mg_exact,cuda,double,383,15,6.146362e-09,3.237528e-07,8.840071e-07,4.720140e+02,4.995000e+02,4.720140e-01,4.995000e-01,1.000000e-09,15,1,false
3,cosine,V-exact,v_exact,v,exact,1.45,mg_exact,cuda,double,383,15,6.877279e-08,3.237532e-07,8.840079e-07,4.838800e+02,4.886020e+02,4.838800e-01,4.886020e-01,1.000000e-09,15,1,false
3,cosine,V-exact,v_exact,v,exact,1.50,mg_exact,cuda,double,383,15,1.188162e-06,3.237757e-07,8.840454e-07,4.793490e+02,4.842680e+02,4.793490e-01,4.842680e-01,1.000000e-09,15,1,false
3,cosine,V-SOR,v_sor,v,sor,1.00,mg_sor,cuda,double,383,15,2.374354e-07,3.236879e-07,8.838852e-07,4.885890e+02,4.933760e+02,4.885890e-01,4.933760e-01,1.000000e-09,15,1,false
3,cosine,V-SOR,v_sor,v,sor,1.05,mg_sor,cuda,double,383,15,1.012426e-08,3.237481e-07,8.839968e-07,4.679320e+02,4.731020e+02,4.679320e-01,4.731020e-01,1.000000e-09,15,1,false
3,cosine,V-SOR,v_sor,v,sor,1.10,mg_sor,cuda,double,383,15,1.800799e-10,3.237526e-07,8.840066e-07,4.884180e+02,4.941880e+02,4.884180e-01,4.941880e-01,1.000000e-09,15,1,true
3,cosine,V-SOR,v_sor,v,sor,1.15,mg_sor,cuda,double,383,12,7.389624e-10,3.237505e-07,8.840001e-07,4.071480e+02,4.118340e+02,4.071480e-01,4.118340e-01,1.000000e-09,15,1,true
3,cosine,V-SOR,v_sor,v,sor,1.20,mg_sor,cuda,double,383,11,4.273615e-10,3.237523e-07,8.840056e-07,3.805890e+02,3.854280e+02,3.805890e-01,3.854280e-01,1.000000e-09,15,1,true
3,cosine,V-SOR,v_sor,v,sor,1.25,mg_sor,cuda,double,383,13,1.143433e-10,3.237528e-07,8.840071e-07,4.206370e+02,4.284530e+02,4.206370e-01,4.284530e-01,1.000000e-09,15,1,true
3,cosine,V-SOR,v_sor,v,sor,1.30,mg_sor,cuda,double,383,14,2.350401e-10,3.237528e-07,8.840071e-07,4.467030e+02,4.565920e+02,4.467030e-01,4.565920e-01,1.000000e-09,15,1,true
3,cosine,V-SOR,v_sor,v,sor,1.35,mg_sor,cuda,double,383,15,5.094087e-10,3.237528e-07,8.840071e-07,4.697050e+02,4.743040e+02,4.697050e-01,4.743040e-01,1.000000e-09,15,1,true
3,cosine,V-SOR,v_sor,v,sor,1.40,mg_sor,cuda,double,383,15,6.146360e-09,3.237528e-07,8.840071e-07,4.690960e+02,5.093380e+02,4.690960e-01,5.093380e-01,1.000000e-09,15,1,false
3,cosine,V-SOR,v_sor,v,sor,1.45,mg_sor,cuda,double,383,15,6.877279e-08,3.237532e-07,8.840079e-07,4.705120e+02,4.746500e+02,4.705120e-01,4.746500e-01,1.000000e-09,15,1,false
3,cosine,V-SOR,v_sor,v,sor,1.50,mg_sor,cuda,double,383,15,1.188162e-06,3.237757e-07,8.840454e-07,4.696490e+02,4.736860e+02,4.696490e-01,4.736860e-01,1.000000e-09,15,1,false
3,cosine,W-exact,w_exact,w,exact,1.00,mg_exact,cuda,double,383,15,1.979390e-08,3.237528e-07,8.840071e-07,6.063950e+02,6.228380e+02,6.063950e-01,6.228380e-01,1.000000e-09,15,1,false
3,cosine,W-exact,w_exact,w,exact,1.05,mg_exact,cuda,double,383,15,2.754876e-10,3.237528e-07,8.840071e-07,5.697470e+02,5.767320e+02,5.697470e-01,5.767320e-01,1.000000e-09,15,1,true
3,cosine,W-exact,w_exact,w,exact,1.10,mg_exact,cuda,double,383,12,4.867936e-10,3.237528e-07,8.840071e-07,4.846590e+02,4.917310e+02,4.846590e-01,4.917310e-01,1.000000e-09,15,1,true
3,cosine,W-exact,w_exact,w,exact,1.15,mg_exact,cuda,double,383,10,3.035866e-10,3.237528e-07,8.840071e-07,4.372790e+02,4.705010e+02,4.372790e-01,4.705010e-01,1.000000e-09,15,1,true
3,cosine,W-exact,w_exact,w,exact,1.20,mg_exact,cuda,double,383,11,2.385200e-10,3.237528e-07,8.840071e-07,4.481760e+02,4.862910e+02,4.481760e-01,4.862910e-01,1.000000e-09,15,1,true
3,cosine,W-exact,w_exact,w,exact,1.25,mg_exact,cuda,double,383,12,4.972678e-10,3.237528e-07,8.840071e-07,4.776330e+02,4.846960e+02,4.776330e-01,4.846960e-01,1.000000e-09,15,1,true
3,cosine,W-exact,w_exact,w,exact,1.30,mg_exact,cuda,double,383,13,9.823976e-10,3.237528e-07,8.840071e-07,5.332590e+02,5.479290e+02,5.332590e-01,5.479290e-01,1.000000e-09,15,1,true
3,cosine,W-exact,w_exact,w,exact,1.35,mg_exact,cuda,double,383,15,3.042203e-10,3.237528e-07,8.840071e-07,5.831490e+02,6.052030e+02,5.831490e-01,6.052030e-01,1.000000e-09,15,1,true
3,cosine,W-exact,w_exact,w,exact,1.40,mg_exact,cuda,double,383,15,4.958583e-09,3.237528e-07,8.840071e-07,5.650780e+02,5.819330e+02,5.650780e-01,5.819330e-01,1.000000e-09,15,1,false
3,cosine,W-exact,w_exact,w,exact,1.45,mg_exact,cuda,double,383,15,6.441505e-08,3.237528e-07,8.840071e-07,5.627780e+02,5.701440e+02,5.627780e-01,5.701440e-01,1.000000e-09,15,1,false
3,cosine,W-exact,w_exact,w,exact,1.50,mg_exact,cuda,double,383,15,8.133917e-07,3.237527e-07,8.840072e-07,5.870490e+02,6.336260e+02,5.870490e-01,6.336260e-01,1.000000e-09,15,1,false
3,cosine,W-SOR,w_sor,w,sor,1.00,mg_sor,cuda,double,383,15,1.979390e-08,3.237528e-07,8.840071e-07,5.647220e+02,5.720160e+02,5.647220e-01,5.720160e-01,1.000000e-09,15,1,false
3,cosine,W-SOR,w_sor,w,sor,1.05,mg_sor,cuda,double,383,15,2.754850e-10,3.237528e-07,8.840071e-07,5.508610e+02,5.795120e+02,5.508610e-01,5.795120e-01,1.000000e-09,15,1,true
3,cosine,W-SOR,w_sor,w,sor,1.10,mg_sor,cuda,double,383,12,4.867927e-10,3.237528e-07,8.840071e-07,4.575260e+02,4.646230e+02,4.575260e-01,4.646230e-01,1.000000e-09,15,1,true
3,cosine,W-SOR,w_sor,w,sor,1.15,mg_sor,cuda,double,383,10,3.035871e-10,3.237528e-07,8.840071e-07,4.280730e+02,4.346830e+02,4.280730e-01,4.346830e-01,1.000000e-09,15,1,true
3,cosine,W-SOR,w_sor,w,sor,1.20,mg_sor,cuda,double,383,11,2.385211e-10,3.237528e-07,8.840071e-07,4.391490e+02,4.460770e+02,4.391490e-01,4.460770e-01,1.000000e-09,15,1,true
3,cosine,W-SOR,w_sor,w,sor,1.25,mg_sor,cuda,double,383,12,4.972703e-10,3.237528e-07,8.840071e-07,4.629130e+02,4.705000e+02,4.629130e-01,4.705000e-01,1.000000e-09,15,1,true
3,cosine,W-SOR,w_sor,w,sor,1.30,mg_sor,cuda,double,383,13,9.823954e-10,3.237528e-07,8.840071e-07,5.269840e+02,5.340300e+02,5.269840e-01,5.340300e-01,1.000000e-09,15,1,true
3,cosine,W-SOR,w_sor,w,sor,1.35,mg_sor,cuda,double,383,15,3.042234e-10,3.237528e-07,8.840071e-07,5.396810e+02,5.535380e+02,5.396810e-01,5.535380e-01,1.000000e-09,15,1,true
3,cosine,W-SOR,w_sor,w,sor,1.40,mg_sor,cuda,double,383,15,4.958581e-09,3.237528e-07,8.840071e-07,5.681150e+02,5.763810e+02,5.681150e-01,5.763810e-01,1.000000e-09,15,1,false
3,cosine,W-SOR,w_sor,w,sor,1.45,mg_sor,cuda,double,383,15,6.441505e-08,3.237528e-07,8.840071e-07,5.632000e+02,5.721600e+02,5.632000e-01,5.721600e-01,1.000000e-09,15,1,false
3,cosine,W-SOR,w_sor,w,sor,1.50,mg_sor,cuda,double,383,15,8.133917e-07,3.237527e-07,8.840072e-07,5.648380e+02,5.801990e+02,5.648380e-01,5.801990e-01,1.000000e-09,15,1,false
3,sine,V-exact,v_exact,v,exact,1.00,mg_exact,cuda,double,383,10,8.331612e-10,1.971819e-06,5.577146e-06,4.647280e+02,4.692440e+02,4.647280e-01,4.692440e-01,1.000000e-09,15,2,true
3,sine,V-exact,v_exact,v,exact,1.05,mg_exact,cuda,double,383,10,2.085430e-10,1.971976e-06,5.577590e-06,4.876870e+02,4.925140e+02,4.876870e-01,4.925140e-01,1.000000e-09,15,2,true
3,sine,V-exact,v_exact,v,exact,1.10,mg_exact,cuda,double,383,9,4.534966e-10,1.971924e-06,5.577444e-06,4.329330e+02,4.401250e+02,4.329330e-01,4.401250e-01,1.000000e-09,15,2,true
3,sine,V-exact,v_exact,v,exact,1.15,mg_exact,cuda,double,383,8,9.826144e-10,1.971827e-06,5.577170e-06,4.077910e+02,4.129550e+02,4.077910e-01,4.129550e-01,1.000000e-09,15,2,true
3,sine,V-exact,v_exact,v,exact,1.20,mg_exact,cuda,double,383,8,1.018850e-10,1.972008e-06,5.577681e-06,3.943220e+02,3.992490e+02,3.943220e-01,3.992490e-01,1.000000e-09,15,2,true
3,sine,V-exact,v_exact,v,exact,1.25,mg_exact,cuda,double,383,7,1.008520e-10,1.972013e-06,5.577696e-06,3.531670e+02,3.595250e+02,3.531670e-01,3.595250e-01,1.000000e-09,15,2,true
3,sine,V-exact,v_exact,v,exact,1.30,mg_exact,cuda,double,383,6,6.056855e-11,1.972025e-06,5.577728e-06,3.231810e+02,3.284030e+02,3.231810e-01,3.284030e-01,1.000000e-09,15,2,true
3,sine,V-exact,v_exact,v,exact,1.35,mg_exact,cuda,double,383,7,1.304929e-10,1.972025e-06,5.577731e-06,3.613700e+02,3.924130e+02,3.613700e-01,3.924130e-01,1.000000e-09,15,2,true
3,sine,V-exact,v_exact,v,exact,1.40,mg_exact,cuda,double,383,8,2.368608e-10,1.972024e-06,5.577725e-06,3.915860e+02,3.967100e+02,3.915860e-01,3.967100e-01,1.000000e-09,15,2,true
3,sine,V-exact,v_exact,v,exact,1.45,mg_exact,cuda,double,383,9,4.078900e-10,1.972033e-06,5.577755e-06,4.189680e+02,4.247290e+02,4.189680e-01,4.247290e-01,1.000000e-09,15,2,true
3,sine,V-exact,v_exact,v,exact,1.50,mg_exact,cuda,double,383,10,7.613303e-10,1.971997e-06,5.577646e-06,4.542440e+02,4.667690e+02,4.542440e-01,4.667690e-01,1.000000e-09,15,2,true
3,sine,V-SOR,v_sor,v,sor,1.00,mg_sor,cuda,double,383,10,8.331574e-10,1.971819e-06,5.577146e-06,4.919130e+02,4.975290e+02,4.919130e-01,4.975290e-01,1.000000e-09,15,2,true
3,sine,V-SOR,v_sor,v,sor,1.05,mg_sor,cuda,double,383,10,2.085427e-10,1.971976e-06,5.577590e-06,4.577210e+02,4.626670e+02,4.577210e-01,4.626670e-01,1.000000e-09,15,2,true
3,sine,V-SOR,v_sor,v,sor,1.10,mg_sor,cuda,double,383,9,4.534972e-10,1.971924e-06,5.577444e-06,4.393350e+02,4.442830e+02,4.393350e-01,4.442830e-01,1.000000e-09,15,2,true
3,sine,V-SOR,v_sor,v,sor,1.15,mg_sor,cuda,double,383,8,9.826160e-10,1.971827e-06,5.577170e-06,3.901650e+02,3.947630e+02,3.901650e-01,3.947630e-01,1.000000e-09,15,2,true
3,sine,V-SOR,v_sor,v,sor,1.20,mg_sor,cuda,double,383,8,1.018841e-10,1.972008e-06,5.577681e-06,4.119460e+02,4.170960e+02,4.119460e-01,4.170960e-01,1.000000e-09,15,2,true
3,sine,V-SOR,v_sor,v,sor,1.25,mg_sor,cuda,double,383,7,1.008568e-10,1.972013e-06,5.577696e-06,3.643680e+02,3.690810e+02,3.643680e-01,3.690810e-01,1.000000e-09,15,2,true
3,sine,V-SOR,v_sor,v,sor,1.30,mg_sor,cuda,double,383,6,6.056605e-11,1.972025e-06,5.577728e-06,3.318840e+02,3.503070e+02,3.318840e-01,3.503070e-01,1.000000e-09,15,2,true
3,sine,V-SOR,v_sor,v,sor,1.35,mg_sor,cuda,double,383,7,1.304948e-10,1.972025e-06,5.577731e-06,3.637270e+02,3.716110e+02,3.637270e-01,3.716110e-01,1.000000e-09,15,2,true
3,sine,V-SOR,v_sor,v,sor,1.40,mg_sor,cuda,double,383,8,2.368617e-10,1.972024e-06,5.577725e-06,4.226900e+02,4.275120e+02,4.226900e-01,4.275120e-01,1.000000e-09,15,2,true
3,sine,V-SOR,v_sor,v,sor,1.45,mg_sor,cuda,double,383,9,4.078877e-10,1.972033e-06,5.577755e-06,4.183030e+02,4.338060e+02,4.183030e-01,4.338060e-01,1.000000e-09,15,2,true
3,sine,V-SOR,v_sor,v,sor,1.50,mg_sor,cuda,double,383,10,7.613178e-10,1.971997e-06,5.577646e-06,4.668750e+02,4.713740e+02,4.668750e-01,4.713740e-01,1.000000e-09,15,2,true
3,sine,W-exact,w_exact,w,exact,1.00,mg_exact,cuda,double,383,3,9.299101e-10,1.972025e-06,5.577729e-06,2.707860e+02,2.814620e+02,2.707860e-01,2.814620e-01,1.000000e-09,15,2,true
3,sine,W-exact,w_exact,w,exact,1.05,mg_exact,cuda,double,383,3,1.841307e-11,1.972025e-06,5.577730e-06,2.814260e+02,2.904850e+02,2.814260e-01,2.904850e-01,1.000000e-09,15,2,true
3,sine,W-exact,w_exact,w,exact,1.10,mg_exact,cuda,double,383,3,1.366126e-10,1.972025e-06,5.577730e-06,2.949480e+02,3.026100e+02,2.949480e-01,3.026100e-01,1.000000e-09,15,2,true
3,sine,W-exact,w_exact,w,exact,1.15,mg_exact,cuda,double,383,4,6.219850e-12,1.972025e-06,5.577730e-06,3.128700e+02,3.256780e+02,3.128700e-01,3.256780e-01,1.000000e-09,15,2,true
3,sine,W-exact,w_exact,w,exact,1.20,mg_exact,cuda,double,383,4,8.917877e-11,1.972025e-06,5.577730e-06,3.340170e+02,3.450720e+02,3.340170e-01,3.450720e-01,1.000000e-09,15,2,true
3,sine,W-exact,w_exact,w,exact,1.25,mg_exact,cuda,double,383,5,1.168922e-11,1.972025e-06,5.577730e-06,3.514450e+02,3.589080e+02,3.514450e-01,3.589080e-01,1.000000e-09,15,2,true
3,sine,W-exact,w_exact,w,exact,1.30,mg_exact,cuda,double,383,5,4.130974e-10,1.972025e-06,5.577730e-06,3.535750e+02,3.670050e+02,3.535750e-01,3.670050e-01,1.000000e-09,15,2,true
3,sine,W-exact,w_exact,w,exact,1.35,mg_exact,cuda,double,383,6,9.127055e-11,1.972025e-06,5.577730e-06,3.930840e+02,4.002370e+02,3.930840e-01,4.002370e-01,1.000000e-09,15,2,true
3,sine,W-exact,w_exact,w,exact,1.40,mg_exact,cuda,double,383,7,3.133164e-11,1.972025e-06,5.577730e-06,4.291320e+02,4.382240e+02,4.291320e-01,4.382240e-01,1.000000e-09,15,2,true
3,sine,W-exact,w_exact,w,exact,1.45,mg_exact,cuda,double,383,7,5.244648e-10,1.972025e-06,5.577730e-06,4.335780e+02,4.452600e+02,4.335780e-01,4.452600e-01,1.000000e-09,15,2,true
3,sine,W-exact,w_exact,w,exact,1.50,mg_exact,cuda,double,383,8,6.255739e-10,1.972025e-06,5.577730e-06,4.683740e+02,4.766670e+02,4.683740e-01,4.766670e-01,1.000000e-09,15,2,true
3,sine,W-SOR,w_sor,w,sor,1.00,mg_sor,cuda,double,383,3,9.299103e-10,1.972025e-06,5.577729e-06,2.730610e+02,2.915220e+02,2.730610e-01,2.915220e-01,1.000000e-09,15,2,true
3,sine,W-SOR,w_sor,w,sor,1.05,mg_sor,cuda,double,383,3,1.841271e-11,1.972025e-06,5.577730e-06,2.649520e+02,2.729860e+02,2.649520e-01,2.729860e-01,1.000000e-09,15,2,true
3,sine,W-SOR,w_sor,w,sor,1.10,mg_sor,cuda,double,383,3,1.366124e-10,1.972025e-06,5.577730e-06,2.572810e+02,2.697510e+02,2.572810e-01,2.697510e-01,1.000000e-09,15,2,true
3,sine,W-SOR,w_sor,w,sor,1.15,mg_sor,cuda,double,383,4,6.219978e-12,1.972025e-06,5.577730e-06,2.955830e+02,3.065680e+02,2.955830e-01,3.065680e-01,1.000000e-09,15,2,true
3,sine,W-SOR,w_sor,w,sor,1.20,mg_sor,cuda,double,383,4,8.917766e-11,1.972025e-06,5.577730e-06,2.921680e+02,3.112900e+02,2.921680e-01,3.112900e-01,1.000000e-09,15,2,true
3,sine,W-SOR,w_sor,w,sor,1.25,mg_sor,cuda,double,383,5,1.168605e-11,1.972025e-06,5.577730e-06,3.484120e+02,3.561600e+02,3.484120e-01,3.561600e-01,1.000000e-09,15,2,true
3,sine,W-SOR,w_sor,w,sor,1.30,mg_sor,cuda,double,383,5,4.130975e-10,1.972025e-06,5.577730e-06,3.443150e+02,3.523320e+02,3.443150e-01,3.523320e-01,1.000000e-09,15,2,true
3,sine,W-SOR,w_sor,w,sor,1.35,mg_sor,cuda,double,383,6,9.127234e-11,1.972025e-06,5.577730e-06,3.788150e+02,3.935040e+02,3.788150e-01,3.935040e-01,1.000000e-09,15,2,true
3,sine,W-SOR,w_sor,w,sor,1.40,mg_sor,cuda,double,383,7,3.133609e-11,1.972025e-06,5.577730e-06,4.295900e+02,4.379800e+02,4.295900e-01,4.379800e-01,1.000000e-09,15,2,true
3,sine,W-SOR,w_sor,w,sor,1.45,mg_sor,cuda,double,383,7,5.244702e-10,1.972025e-06,5.577730e-06,4.225290e+02,4.322680e+02,4.225290e-01,4.322680e-01,1.000000e-09,15,2,true
3,sine,W-SOR,w_sor,w,sor,1.50,mg_sor,cuda,double,383,8,6.255734e-10,1.972025e-06,5.577730e-06,4.613900e+02,4.697060e+02,4.613900e-01,4.697060e-01,1.000000e-09,15,2,true
3,mixed_sine,V-exact,v_exact,v,exact,1.00,mg_exact,cuda,double,383,10,4.276631e-10,2.400501e-05,6.789643e-05,4.611260e+02,4.665990e+02,4.611260e-01,4.665990e-01,1.000000e-09,15,2,true
3,mixed_sine,V-exact,v_exact,v,exact,1.05,mg_exact,cuda,double,383,9,9.699632e-10,2.400489e-05,6.789607e-05,4.327690e+02,4.509280e+02,4.327690e-01,4.509280e-01,1.000000e-09,15,2,true
3,mixed_sine,V-exact,v_exact,v,exact,1.10,mg_exact,cuda,double,383,9,1.989183e-10,2.400507e-05,6.789660e-05,4.390110e+02,4.430750e+02,4.390110e-01,4.430750e-01,1.000000e-09,15,2,true
3,mixed_sine,V-exact,v_exact,v,exact,1.15,mg_exact,cuda,double,383,8,4.592155e-10,2.400503e-05,6.789647e-05,4.361380e+02,4.415060e+02,4.361380e-01,4.415060e-01,1.000000e-09,15,2,true
3,mixed_sine,V-exact,v_exact,v,exact,1.20,mg_exact,cuda,double,383,8,4.981603e-11,2.400511e-05,6.789670e-05,3.997860e+02,4.064520e+02,3.997860e-01,4.064520e-01,1.000000e-09,15,2,true
3,mixed_sine,V-exact,v_exact,v,exact,1.25,mg_exact,cuda,double,383,7,5.934578e-11,2.400511e-05,6.789671e-05,3.815650e+02,3.860970e+02,3.815650e-01,3.860970e-01,1.000000e-09,15,2,true
3,mixed_sine,V-exact,v_exact,v,exact,1.30,mg_exact,cuda,double,383,6,4.439238e-11,2.400512e-05,6.789672e-05,3.283520e+02,3.428670e+02,3.283520e-01,3.428670e-01,1.000000e-09,15,2,true
3,mixed_sine,V-exact,v_exact,v,exact,1.35,mg_exact,cuda,double,383,7,5.230643e-11,2.400512e-05,6.789672e-05,3.582130e+02,3.628090e+02,3.582130e-01,3.628090e-01,1.000000e-09,15,2,true
3,mixed_sine,V-exact,v_exact,v,exact,1.40,mg_exact,cuda,double,383,8,7.845831e-11,2.400512e-05,6.789672e-05,4.068110e+02,4.113210e+02,4.068110e-01,4.113210e-01,1.000000e-09,15,2,true
3,mixed_sine,V-exact,v_exact,v,exact,1.45,mg_exact,cuda,double,383,9,1.561091e-10,2.400512e-05,6.789674e-05,4.286100e+02,4.334600e+02,4.286100e-01,4.334600e-01,1.000000e-09,15,2,true
3,mixed_sine,V-exact,v_exact,v,exact,1.50,mg_exact,cuda,double,383,10,3.816624e-10,2.400510e-05,6.789667e-05,4.692190e+02,4.741170e+02,4.692190e-01,4.741170e-01,1.000000e-09,15,2,true
3,mixed_sine,V-SOR,v_sor,v,sor,1.00,mg_sor,cuda,double,383,10,4.276631e-10,2.400501e-05,6.789643e-05,4.767410e+02,4.915940e+02,4.767410e-01,4.915940e-01,1.000000e-09,15,2,true
3,mixed_sine,V-SOR,v_sor,v,sor,1.05,mg_sor,cuda,double,383,9,9.699632e-10,2.400489e-05,6.789607e-05,4.193400e+02,4.247640e+02,4.193400e-01,4.247640e-01,1.000000e-09,15,2,true
3,mixed_sine,V-SOR,v_sor,v,sor,1.10,mg_sor,cuda,double,383,9,1.989183e-10,2.400507e-05,6.789660e-05,4.289520e+02,4.364150e+02,4.289520e-01,4.364150e-01,1.000000e-09,15,2,true
3,mixed_sine,V-SOR,v_sor,v,sor,1.15,mg_sor,cuda,double,383,8,4.592155e-10,2.400503e-05,6.789647e-05,4.515820e+02,4.560410e+02,4.515820e-01,4.560410e-01,1.000000e-09,15,2,true
3,mixed_sine,V-SOR,v_sor,v,sor,1.20,mg_sor,cuda,double,383,8,4.981603e-11,2.400511e-05,6.789670e-05,4.088650e+02,4.137430e+02,4.088650e-01,4.137430e-01,1.000000e-09,15,2,true
3,mixed_sine,V-SOR,v_sor,v,sor,1.25,mg_sor,cuda,double,383,7,5.934578e-11,2.400511e-05,6.789671e-05,3.855020e+02,3.906870e+02,3.855020e-01,3.906870e-01,1.000000e-09,15,2,true
3,mixed_sine,V-SOR,v_sor,v,sor,1.30,mg_sor,cuda,double,383,6,4.439238e-11,2.400512e-05,6.789672e-05,3.508560e+02,3.567230e+02,3.508560e-01,3.567230e-01,1.000000e-09,15,2,true
3,mixed_sine,V-SOR,v_sor,v,sor,1.35,mg_sor,cuda,double,383,7,5.230639e-11,2.400512e-05,6.789672e-05,4.141880e+02,4.197230e+02,4.141880e-01,4.197230e-01,1.000000e-09,15,2,true
3,mixed_sine,V-SOR,v_sor,v,sor,1.40,mg_sor,cuda,double,383,8,7.845835e-11,2.400512e-05,6.789672e-05,3.878040e+02,4.007800e+02,3.878040e-01,4.007800e-01,1.000000e-09,15,2,true
3,mixed_sine,V-SOR,v_sor,v,sor,1.45,mg_sor,cuda,double,383,9,1.561091e-10,2.400512e-05,6.789674e-05,4.277570e+02,4.366470e+02,4.277570e-01,4.366470e-01,1.000000e-09,15,2,true
3,mixed_sine,V-SOR,v_sor,v,sor,1.50,mg_sor,cuda,double,383,10,3.816626e-10,2.400510e-05,6.789667e-05,4.646400e+02,4.720380e+02,4.646400e-01,4.720380e-01,1.000000e-09,15,2,true
3,mixed_sine,W-exact,w_exact,w,exact,1.00,mg_exact,cuda,double,383,4,1.462740e-10,2.400512e-05,6.789672e-05,3.466200e+02,3.863880e+02,3.466200e-01,3.863880e-01,1.000000e-09,15,2,true
3,mixed_sine,W-exact,w_exact,w,exact,1.05,mg_exact,cuda,double,383,4,1.892461e-12,2.400512e-05,6.789672e-05,2.999140e+02,3.075050e+02,2.999140e-01,3.075050e-01,1.000000e-09,15,2,true
3,mixed_sine,W-exact,w_exact,w,exact,1.10,mg_exact,cuda,double,383,4,4.770327e-12,2.400512e-05,6.789672e-05,3.146810e+02,3.450850e+02,3.146810e-01,3.450850e-01,1.000000e-09,15,2,true
3,mixed_sine,W-exact,w_exact,w,exact,1.15,mg_exact,cuda,double,383,4,3.192168e-12,2.400512e-05,6.789672e-05,3.213140e+02,3.304470e+02,3.213140e-01,3.304470e-01,1.000000e-09,15,2,true
3,mixed_sine,W-exact,w_exact,w,exact,1.20,mg_exact,cuda,double,383,4,8.486809e-11,2.400512e-05,6.789672e-05,3.051850e+02,3.138270e+02,3.051850e-01,3.138270e-01,1.000000e-09,15,2,true
3,mixed_sine,W-exact,w_exact,w,exact,1.25,mg_exact,cuda,double,383,5,9.931418e-12,2.400512e-05,6.789672e-05,3.533510e+02,3.641000e+02,3.533510e-01,3.641000e-01,1.000000e-09,15,2,true
3,mixed_sine,W-exact,w_exact,w,exact,1.30,mg_exact,cuda,double,383,5,4.267063e-10,2.400512e-05,6.789672e-05,3.509300e+02,3.659150e+02,3.509300e-01,3.659150e-01,1.000000e-09,15,2,true
3,mixed_sine,W-exact,w_exact,w,exact,1.35,mg_exact,cuda,double,383,6,9.625139e-11,2.400512e-05,6.789672e-05,3.861850e+02,3.961450e+02,3.861850e-01,3.961450e-01,1.000000e-09,15,2,true
3,mixed_sine,W-exact,w_exact,w,exact,1.40,mg_exact,cuda,double,383,7,3.283139e-11,2.400512e-05,6.789672e-05,4.451950e+02,4.718370e+02,4.451950e-01,4.718370e-01,1.000000e-09,15,2,true
3,mixed_sine,W-exact,w_exact,w,exact,1.45,mg_exact,cuda,double,383,7,5.799847e-10,2.400512e-05,6.789672e-05,4.329190e+02,4.556210e+02,4.329190e-01,4.556210e-01,1.000000e-09,15,2,true
3,mixed_sine,W-exact,w_exact,w,exact,1.50,mg_exact,cuda,double,383,8,7.043991e-10,2.400512e-05,6.789672e-05,4.663650e+02,4.854920e+02,4.663650e-01,4.854920e-01,1.000000e-09,15,2,true
3,mixed_sine,W-SOR,w_sor,w,sor,1.00,mg_sor,cuda,double,383,4,1.462740e-10,2.400512e-05,6.789672e-05,3.090890e+02,3.173500e+02,3.090890e-01,3.173500e-01,1.000000e-09,15,2,true
3,mixed_sine,W-SOR,w_sor,w,sor,1.05,mg_sor,cuda,double,383,4,1.892461e-12,2.400512e-05,6.789672e-05,3.046100e+02,3.124930e+02,3.046100e-01,3.124930e-01,1.000000e-09,15,2,true
3,mixed_sine,W-SOR,w_sor,w,sor,1.10,mg_sor,cuda,double,383,4,4.770327e-12,2.400512e-05,6.789672e-05,3.042700e+02,3.282760e+02,3.042700e-01,3.282760e-01,1.000000e-09,15,2,true
3,mixed_sine,W-SOR,w_sor,w,sor,1.15,mg_sor,cuda,double,383,4,3.192168e-12,2.400512e-05,6.789672e-05,2.976070e+02,3.074500e+02,2.976070e-01,3.074500e-01,1.000000e-09,15,2,true
3,mixed_sine,W-SOR,w_sor,w,sor,1.20,mg_sor,cuda,double,383,4,8.486809e-11,2.400512e-05,6.789672e-05,2.977350e+02,3.057440e+02,2.977350e-01,3.057440e-01,1.000000e-09,15,2,true
3,mixed_sine,W-SOR,w_sor,w,sor,1.25,mg_sor,cuda,double,383,5,9.931418e-12,2.400512e-05,6.789672e-05,3.464420e+02,3.888510e+02,3.464420e-01,3.888510e-01,1.000000e-09,15,2,true
3,mixed_sine,W-SOR,w_sor,w,sor,1.30,mg_sor,cuda,double,383,5,4.267063e-10,2.400512e-05,6.789672e-05,3.377010e+02,3.628990e+02,3.377010e-01,3.628990e-01,1.000000e-09,15,2,true
3,mixed_sine,W-SOR,w_sor,w,sor,1.35,mg_sor,cuda,double,383,6,9.625139e-11,2.400512e-05,6.789672e-05,3.993530e+02,4.109780e+02,3.993530e-01,4.109780e-01,1.000000e-09,15,2,true
3,mixed_sine,W-SOR,w_sor,w,sor,1.40,mg_sor,cuda,double,383,7,3.283149e-11,2.400512e-05,6.789672e-05,4.325260e+02,4.440790e+02,4.325260e-01,4.440790e-01,1.000000e-09,15,2,true
3,mixed_sine,W-SOR,w_sor,w,sor,1.45,mg_sor,cuda,double,383,7,5.799848e-10,2.400512e-05,6.789672e-05,4.476890e+02,4.583250e+02,4.476890e-01,4.583250e-01,1.000000e-09,15,2,true
3,mixed_sine,W-SOR,w_sor,w,sor,1.50,mg_sor,cuda,double,383,8,7.043989e-10,2.400512e-05,6.789672e-05,4.602640e+02,4.725960e+02,4.602640e-01,4.725960e-01,1.000000e-09,15,2,true
3,bubble,V-exact,v_exact,v,exact,1.00,mg_exact,cuda,double,383,10,7.955179e-10,3.550149e-12,9.940685e-12,4.514410e+02,4.564330e+02,4.514410e-01,4.564330e-01,1.000000e-09,15,2,true
3,bubble,V-exact,v_exact,v,exact,1.05,mg_exact,cuda,double,383,10,1.990090e-10,8.548759e-13,2.400352e-12,4.453240e+02,4.506520e+02,4.453240e-01,4.506520e-01,1.000000e-09,15,2,true
3,bubble,V-exact,v_exact,v,exact,1.10,mg_exact,cuda,double,383,9,4.326162e-10,1.736525e-12,4.878832e-12,4.191720e+02,4.242110e+02,4.191720e-01,4.242110e-01,1.000000e-09,15,2,true
3,bubble,V-exact,v_exact,v,exact,1.15,mg_exact,cuda,double,383,8,9.372439e-10,3.406038e-12,9.579674e-12,4.154240e+02,4.198170e+02,4.154240e-01,4.198170e-01,1.000000e-09,15,2,true
3,bubble,V-exact,v_exact,v,exact,1.20,mg_exact,cuda,double,383,8,9.719463e-11,3.013902e-13,8.502990e-13,4.021590e+02,4.138060e+02,4.021590e-01,4.138060e-01,1.000000e-09,15,2,true
3,bubble,V-exact,v_exact,v,exact,1.25,mg_exact,cuda,double,383,7,9.622452e-11,2.104414e-13,5.944082e-13,3.571990e+02,3.635260e+02,3.571990e-01,3.635260e-01,1.000000e-09,15,2,true
3,bubble,V-exact,v_exact,v,exact,1.30,mg_exact,cuda,double,383,6,4.092796e-10,1.160757e-14,3.090930e-14,3.258050e+02,3.334640e+02,3.258050e-01,3.334640e-01,1.000000e-09,15,2,true
3,bubble,V-exact,v_exact,v,exact,1.35,mg_exact,cuda,double,383,7,3.948924e-10,1.038317e-14,2.883761e-14,3.539080e+02,3.602720e+02,3.539080e-01,3.602720e-01,1.000000e-09,15,2,true
3,bubble,V-exact,v_exact,v,exact,1.40,mg_exact,cuda,double,383,8,4.365812e-10,3.327783e-14,5.779665e-14,3.831000e+02,3.876420e+02,3.831000e-01,3.876420e-01,1.000000e-09,15,2,true
3,bubble,V-exact,v_exact,v,exact,1.45,mg_exact,cuda,double,383,9,6.072856e-10,1.482386e-13,2.706203e-13,4.094450e+02,4.260060e+02,4.094450e-01,4.260060e-01,1.000000e-09,15,2,true
3,bubble,V-exact,v_exact,v,exact,1.50,mg_exact,cuda,double,383,11,1.205928e-10,4.903826e-14,8.933305e-14,4.766160e+02,4.836120e+02,4.766160e-01,4.836120e-01,1.000000e-09,15,2,true
3,bubble,V-SOR,v_sor,v,sor,1.00,mg_sor,cuda,double,383,10,7.955162e-10,3.550144e-12,9.940639e-12,4.553400e+02,4.689660e+02,4.553400e-01,4.689660e-01,1.000000e-09,15,2,true
3,bubble,V-SOR,v_sor,v,sor,1.05,mg_sor,cuda,double,383,10,1.990079e-10,8.548762e-13,2.400377e-12,4.641500e+02,4.719390e+02,4.641500e-01,4.719390e-01,1.000000e-09,15,2,true
3,bubble,V-SOR,v_sor,v,sor,1.10,mg_sor,cuda,double,383,9,4.326152e-10,1.736528e-12,4.878866e-12,4.164980e+02,4.213710e+02,4.164980e-01,4.213710e-01,1.000000e-09,15,2,true
3,bubble,V-SOR,v_sor,v,sor,1.15,mg_sor,cuda,double,383,8,9.372410e-10,3.406027e-12,9.579639e-12,3.836080e+02,3.949740e+02,3.836080e-01,3.949740e-01,1.000000e-09,15,2,true
3,bubble,V-SOR,v_sor,v,sor,1.20,mg_sor,cuda,double,383,8,9.719540e-11,3.013847e-13,8.502643e-13,3.837300e+02,3.925250e+02,3.837300e-01,3.925250e-01,1.000000e-09,15,2,true
3,bubble,V-SOR,v_sor,v,sor,1.25,mg_sor,cuda,double,383,7,9.622693e-11,2.104437e-13,5.944099e-13,3.565500e+02,3.615120e+02,3.565500e-01,3.615120e-01,1.000000e-09,15,2,true
3,bubble,V-SOR,v_sor,v,sor,1.30,mg_sor,cuda,double,383,6,4.092793e-10,1.158912e-14,3.083818e-14,3.259530e+02,3.321530e+02,3.259530e-01,3.321530e-01,1.000000e-09,15,2,true
3,bubble,V-SOR,v_sor,v,sor,1.35,mg_sor,cuda,double,383,7,3.948924e-10,1.038340e-14,2.883631e-14,3.597180e+02,3.650340e+02,3.597180e-01,3.650340e-01,1.000000e-09,15,2,true
3,bubble,V-SOR,v_sor,v,sor,1.40,mg_sor,cuda,double,383,8,4.365804e-10,3.327225e-14,5.778537e-14,3.898960e+02,4.033290e+02,3.898960e-01,4.033290e-01,1.000000e-09,15,2,true
3,bubble,V-SOR,v_sor,v,sor,1.45,mg_sor,cuda,double,383,9,6.072848e-10,1.482436e-13,2.706186e-13,4.137570e+02,4.467530e+02,4.137570e-01,4.467530e-01,1.000000e-09,15,2,true
3,bubble,V-SOR,v_sor,v,sor,1.50,mg_sor,cuda,double,383,11,1.205909e-10,4.903400e-14,8.930877e-14,4.662240e+02,4.726490e+02,4.662240e-01,4.726490e-01,1.000000e-09,15,2,true
3,bubble,W-exact,w_exact,w,exact,1.00,mg_exact,cuda,double,383,6,5.735012e-10,9.173537e-16,6.389203e-15,3.819600e+02,3.915790e+02,3.819600e-01,3.915790e-01,1.000000e-09,15,2,true
3,bubble,W-exact,w_exact,w,exact,1.05,mg_exact,cuda,double,383,6,8.501030e-11,6.170196e-16,1.922074e-15,3.889350e+02,3.972830e+02,3.889350e-01,3.972830e-01,1.000000e-09,15,2,true
3,bubble,W-exact,w_exact,w,exact,1.10,mg_exact,cuda,double,383,5,5.032383e-10,1.123168e-15,8.420348e-15,3.762820e+02,3.856480e+02,3.762820e-01,3.856480e-01,1.000000e-09,15,2,true
3,bubble,W-exact,w_exact,w,exact,1.15,mg_exact,cuda,double,383,5,1.345750e-10,5.555670e-16,1.771695e-15,3.532190e+02,3.635650e+02,3.532190e-01,3.635650e-01,1.000000e-09,15,2,true
3,bubble,W-exact,w_exact,w,exact,1.20,mg_exact,cuda,double,383,5,1.887085e-11,5.149157e-16,1.687886e-15,3.437350e+02,3.526990e+02,3.437350e-01,3.526990e-01,1.000000e-09,15,2,true
3,bubble,W-exact,w_exact,w,exact,1.25,mg_exact,cuda,double,383,5,8.513178e-11,3.996376e-16,1.552578e-15,3.399380e+02,3.514270e+02,3.399380e-01,3.514270e-01,1.000000e-09,15,2,true
3,bubble,W-exact,w_exact,w,exact,1.30,mg_exact,cuda,double,383,6,2.631747e-11,3.861495e-16,1.335737e-15,3.819680e+02,3.993880e+02,3.819680e-01,3.993880e-01,1.000000e-09,15,2,true
3,bubble,W-exact,w_exact,w,exact,1.35,mg_exact,cuda,double,383,6,2.491471e-10,1.924183e-16,1.317875e-15,3.710750e+02,3.848450e+02,3.710750e-01,3.848450e-01,1.000000e-09,15,2,true
3,bubble,W-exact,w_exact,w,exact,1.40,mg_exact,cuda,double,383,7,8.516423e-11,1.065685e-16,4.546060e-16,4.249350e+02,4.411290e+02,4.249350e-01,4.411290e-01,1.000000e-09,15,2,true
3,bubble,W-exact,w_exact,w,exact,1.45,mg_exact,cuda,double,383,7,8.189780e-10,6.925749e-16,3.426729e-15,4.098760e+02,4.256190e+02,4.098760e-01,4.256190e-01,1.000000e-09,15,2,true
3,bubble,W-exact,w_exact,w,exact,1.50,mg_exact,cuda,double,383,8,7.589758e-10,3.729630e-16,2.265115e-15,4.580280e+02,4.694830e+02,4.580280e-01,4.694830e-01,1.000000e-09,15,2,true
3,bubble,W-SOR,w_sor,w,sor,1.00,mg_sor,cuda,double,383,6,5.735012e-10,9.189095e-16,6.389122e-15,3.639590e+02,3.714450e+02,3.639590e-01,3.714450e-01,1.000000e-09,15,2,true
3,bubble,W-SOR,w_sor,w,sor,1.05,mg_sor,cuda,double,383,6,8.501035e-11,6.134392e-16,1.923808e-15,3.692930e+02,3.921110e+02,3.692930e-01,3.921110e-01,1.000000e-09,15,2,true
3,bubble,W-SOR,w_sor,w,sor,1.10,mg_sor,cuda,double,383,5,5.032385e-10,1.126396e-15,8.419860e-15,3.321840e+02,3.403680e+02,3.321840e-01,3.403680e-01,1.000000e-09,15,2,true
3,bubble,W-SOR,w_sor,w,sor,1.15,mg_sor,cuda,double,383,5,1.345749e-10,5.638918e-16,1.771586e-15,3.372660e+02,3.554890e+02,3.372660e-01,3.554890e-01,1.000000e-09,15,2,true
3,bubble,W-SOR,w_sor,w,sor,1.20,mg_sor,cuda,double,383,5,1.887227e-11,4.573235e-16,1.438086e-15,3.317210e+02,3.434790e+02,3.317210e-01,3.434790e-01,1.000000e-09,15,2,true
3,bubble,W-SOR,w_sor,w,sor,1.25,mg_sor,cuda,double,383,5,8.513185e-11,3.846807e-16,1.413800e-15,3.262820e+02,3.375920e+02,3.262820e-01,3.375920e-01,1.000000e-09,15,2,true
3,bubble,W-SOR,w_sor,w,sor,1.30,mg_sor,cuda,double,383,6,2.631697e-11,3.567123e-16,1.254205e-15,3.650570e+02,3.790220e+02,3.650570e-01,3.790220e-01,1.000000e-09,15,2,true
3,bubble,W-SOR,w_sor,w,sor,1.35,mg_sor,cuda,double,383,6,2.491469e-10,1.932839e-16,1.317766e-15,3.661170e+02,3.746320e+02,3.661170e-01,3.746320e-01,1.000000e-09,15,2,true
3,bubble,W-SOR,w_sor,w,sor,1.40,mg_sor,cuda,double,383,7,8.516295e-11,8.265965e-17,4.527086e-16,4.131500e+02,4.315580e+02,4.131500e-01,4.315580e-01,1.000000e-09,15,2,true
3,bubble,W-SOR,w_sor,w,sor,1.45,mg_sor,cuda,double,383,7,8.189782e-10,6.891175e-16,3.423043e-15,4.051670e+02,4.135040e+02,4.051670e-01,4.135040e-01,1.000000e-09,15,2,true
3,bubble,W-SOR,w_sor,w,sor,1.50,mg_sor,cuda,double,383,8,7.589749e-10,3.711629e-16,2.261646e-15,4.335480e+02,4.487250e+02,4.335480e-01,4.487250e-01,1.000000e-09,15,2,true
3,exp,V-exact,v_exact,v,exact,1.00,mg_exact,cuda,double,383,12,4.078347e-10,2.093808e-07,4.954073e-07,5.109540e+02,5.149110e+02,5.109540e-01,5.149110e-01,1.000000e-09,15,2,true
3,exp,V-exact,v_exact,v,exact,1.05,mg_exact,cuda,double,383,11,6.000382e-10,2.093594e-07,4.953499e-07,5.032520e+02,5.188290e+02,5.032520e-01,5.188290e-01,1.000000e-09,15,2,true
3,exp,V-exact,v_exact,v,exact,1.10,mg_exact,cuda,double,383,10,9.599290e-10,2.093245e-07,4.952557e-07,4.770750e+02,4.817870e+02,4.770750e-01,4.817870e-01,1.000000e-09,15,2,true
3,exp,V-exact,v_exact,v,exact,1.15,mg_exact,cuda,double,383,10,9.694782e-11,2.094010e-07,4.954611e-07,4.696730e+02,4.749580e+02,4.696730e-01,4.749580e-01,1.000000e-09,15,2,true
3,exp,V-exact,v_exact,v,exact,1.20,mg_exact,cuda,double,383,9,9.863820e-11,2.094016e-07,4.954626e-07,4.216990e+02,4.265760e+02,4.216990e-01,4.265760e-01,1.000000e-09,15,2,true
3,exp,V-exact,v_exact,v,exact,1.25,mg_exact,cuda,double,383,8,1.082188e-10,2.094065e-07,4.954761e-07,3.851680e+02,3.930930e+02,3.851680e-01,3.930930e-01,1.000000e-09,15,2,true
3,exp,V-exact,v_exact,v,exact,1.30,mg_exact,cuda,double,383,9,1.117688e-10,2.094104e-07,4.954866e-07,4.765810e+02,4.868890e+02,4.765810e-01,4.868890e-01,1.000000e-09,15,2,true
3,exp,V-exact,v_exact,v,exact,1.35,mg_exact,cuda,double,383,10,1.115594e-10,2.094103e-07,4.954864e-07,4.575390e+02,4.630860e+02,4.575390e-01,4.630860e-01,1.000000e-09,15,2,true
3,exp,V-exact,v_exact,v,exact,1.40,mg_exact,cuda,double,383,11,1.689300e-10,2.094103e-07,4.954862e-07,4.779570e+02,4.870420e+02,4.779570e-01,4.870420e-01,1.000000e-09,15,2,true
3,exp,V-exact,v_exact,v,exact,1.45,mg_exact,cuda,double,383,12,3.826741e-10,2.094102e-07,4.954863e-07,5.134440e+02,5.191710e+02,5.134440e-01,5.191710e-01,1.000000e-09,15,2,true
3,exp,V-exact,v_exact,v,exact,1.50,mg_exact,cuda,double,383,14,1.524498e-10,2.094102e-07,4.954863e-07,5.707390e+02,5.787340e+02,5.707390e-01,5.787340e-01,1.000000e-09,15,2,true
3,exp,V-SOR,v_sor,v,sor,1.00,mg_sor,cuda,double,383,12,4.078594e-10,2.093808e-07,4.954073e-07,5.136430e+02,5.289530e+02,5.136430e-01,5.289530e-01,1.000000e-09,15,2,true
3,exp,V-SOR,v_sor,v,sor,1.05,mg_sor,cuda,double,383,11,5.999988e-10,2.093594e-07,4.953499e-07,4.972550e+02,5.144040e+02,4.972550e-01,5.144040e-01,1.000000e-09,15,2,true
3,exp,V-SOR,v_sor,v,sor,1.10,mg_sor,cuda,double,383,10,9.599292e-10,2.093245e-07,4.952557e-07,4.560690e+02,4.605690e+02,4.560690e-01,4.605690e-01,1.000000e-09,15,2,true
3,exp,V-SOR,v_sor,v,sor,1.15,mg_sor,cuda,double,383,10,9.699181e-11,2.094010e-07,4.954611e-07,4.498020e+02,4.589680e+02,4.498020e-01,4.589680e-01,1.000000e-09,15,2,true
3,exp,V-SOR,v_sor,v,sor,1.20,mg_sor,cuda,double,383,9,9.860383e-11,2.094016e-07,4.954626e-07,4.217160e+02,4.267120e+02,4.217160e-01,4.267120e-01,1.000000e-09,15,2,true
3,exp,V-SOR,v_sor,v,sor,1.25,mg_sor,cuda,double,383,8,1.082387e-10,2.094065e-07,4.954761e-07,3.980450e+02,4.073490e+02,3.980450e-01,4.073490e-01,1.000000e-09,15,2,true
3,exp,V-SOR,v_sor,v,sor,1.30,mg_sor,cuda,double,383,9,1.117610e-10,2.094104e-07,4.954866e-07,4.183440e+02,4.231540e+02,4.183440e-01,4.231540e-01,1.000000e-09,15,2,true
3,exp,V-SOR,v_sor,v,sor,1.35,mg_sor,cuda,double,383,10,1.115678e-10,2.094103e-07,4.954864e-07,4.928030e+02,4.985070e+02,4.928030e-01,4.985070e-01,1.000000e-09,15,2,true
3,exp,V-SOR,v_sor,v,sor,1.40,mg_sor,cuda,double,383,11,1.689154e-10,2.094103e-07,4.954862e-07,4.795280e+02,5.091440e+02,4.795280e-01,5.091440e-01,1.000000e-09,15,2,true
3,exp,V-SOR,v_sor,v,sor,1.45,mg_sor,cuda,double,383,12,3.826543e-10,2.094102e-07,4.954863e-07,5.293760e+02,5.340520e+02,5.293760e-01,5.340520e-01,1.000000e-09,15,2,true
3,exp,V-SOR,v_sor,v,sor,1.50,mg_sor,cuda,double,383,14,1.524645e-10,2.094102e-07,4.954863e-07,5.754320e+02,5.811530e+02,5.754320e-01,5.811530e-01,1.000000e-09,15,2,true
3,exp,W-exact,w_exact,w,exact,1.00,mg_exact,cuda,double,383,11,7.967550e-11,2.094106e-07,4.954871e-07,5.767110e+02,5.847370e+02,5.767110e-01,5.847370e-01,1.000000e-09,15,2,true
3,exp,W-exact,w_exact,w,exact,1.05,mg_exact,cuda,double,383,10,1.647440e-10,2.094106e-07,4.954870e-07,5.477300e+02,5.570400e+02,5.477300e-01,5.570400e-01,1.000000e-09,15,2,true
3,exp,W-exact,w_exact,w,exact,1.10,mg_exact,cuda,double,383,9,4.312567e-10,2.094106e-07,4.954870e-07,5.023930e+02,5.110630e+02,5.023930e-01,5.110630e-01,1.000000e-09,15,2,true
3,exp,W-exact,w_exact,w,exact,1.15,mg_exact,cuda,double,383,9,6.594931e-11,2.094106e-07,4.954870e-07,5.136010e+02,5.327130e+02,5.136010e-01,5.327130e-01,1.000000e-09,15,2,true
3,exp,W-exact,w_exact,w,exact,1.20,mg_exact,cuda,double,383,8,9.553222e-11,2.094105e-07,4.954869e-07,4.690730e+02,4.787570e+02,4.690730e-01,4.787570e-01,1.000000e-09,15,2,true
3,exp,W-exact,w_exact,w,exact,1.25,mg_exact,cuda,double,383,8,7.783278e-11,2.094105e-07,4.954869e-07,4.776990e+02,5.016210e+02,4.776990e-01,5.016210e-01,1.000000e-09,15,2,true
3,exp,W-exact,w_exact,w,exact,1.30,mg_exact,cuda,double,383,9,8.704812e-11,2.094105e-07,4.954867e-07,5.405320e+02,5.493610e+02,5.405320e-01,5.493610e-01,1.000000e-09,15,2,true
3,exp,W-exact,w_exact,w,exact,1.35,mg_exact,cuda,double,383,10,8.505966e-11,2.094104e-07,4.954866e-07,5.364300e+02,5.710910e+02,5.364300e-01,5.710910e-01,1.000000e-09,15,2,true
3,exp,W-exact,w_exact,w,exact,1.40,mg_exact,cuda,double,383,11,9.206986e-11,2.094104e-07,4.954865e-07,5.972110e+02,6.049880e+02,5.972110e-01,6.049880e-01,1.000000e-09,15,2,true
3,exp,W-exact,w_exact,w,exact,1.45,mg_exact,cuda,double,383,12,1.167049e-10,2.094104e-07,4.954865e-07,6.222710e+02,6.306640e+02,6.222710e-01,6.306640e-01,1.000000e-09,15,2,true
3,exp,W-exact,w_exact,w,exact,1.50,mg_exact,cuda,double,383,13,2.190038e-10,2.094103e-07,4.954863e-07,6.674820e+02,6.746830e+02,6.674820e-01,6.746830e-01,1.000000e-09,15,2,true
3,exp,W-SOR,w_sor,w,sor,1.00,mg_sor,cuda,double,383,11,7.965785e-11,2.094106e-07,4.954871e-07,5.701580e+02,5.803900e+02,5.701580e-01,5.803900e-01,1.000000e-09,15,2,true
3,exp,W-SOR,w_sor,w,sor,1.05,mg_sor,cuda,double,383,10,1.647462e-10,2.094106e-07,4.954870e-07,5.372590e+02,5.488410e+02,5.372590e-01,5.488410e-01,1.000000e-09,15,2,true
3,exp,W-SOR,w_sor,w,sor,1.10,mg_sor,cuda,double,383,9,4.312546e-10,2.094106e-07,4.954870e-07,4.877190e+02,4.957110e+02,4.877190e-01,4.957110e-01,1.000000e-09,15,2,true
3,exp,W-SOR,w_sor,w,sor,1.15,mg_sor,cuda,double,383,9,6.591799e-11,2.094106e-07,4.954870e-07,5.012240e+02,5.091240e+02,5.012240e-01,5.091240e-01,1.000000e-09,15,2,true
3,exp,W-SOR,w_sor,w,sor,1.20,mg_sor,cuda,double,383,8,9.555722e-11,2.094105e-07,4.954869e-07,4.527430e+02,4.627240e+02,4.527430e-01,4.627240e-01,1.000000e-09,15,2,true
3,exp,W-SOR,w_sor,w,sor,1.25,mg_sor,cuda,double,383,8,7.781063e-11,2.094105e-07,4.954869e-07,4.796600e+02,4.895080e+02,4.796600e-01,4.895080e-01,1.000000e-09,15,2,true
3,exp,W-SOR,w_sor,w,sor,1.30,mg_sor,cuda,double,383,9,8.705140e-11,2.094105e-07,4.954867e-07,4.909310e+02,5.022660e+02,4.909310e-01,5.022660e-01,1.000000e-09,15,2,true
3,exp,W-SOR,w_sor,w,sor,1.35,mg_sor,cuda,double,383,10,8.507341e-11,2.094104e-07,4.954866e-07,5.233520e+02,5.310820e+02,5.233520e-01,5.310820e-01,1.000000e-09,15,2,true
3,exp,W-SOR,w_sor,w,sor,1.40,mg_sor,cuda,double,383,11,9.205636e-11,2.094104e-07,4.954865e-07,5.714880e+02,5.818970e+02,5.714880e-01,5.818970e-01,1.000000e-09,15,2,true
3,exp,W-SOR,w_sor,w,sor,1.45,mg_sor,cuda,double,383,12,1.167157e-10,2.094104e-07,4.954865e-07,6.045660e+02,6.141390e+02,6.045660e-01,6.141390e-01,1.000000e-09,15,2,true
3,exp,W-SOR,w_sor,w,sor,1.50,mg_sor,cuda,double,383,13,2.189816e-10,2.094103e-07,4.954863e-07,6.392490e+02,6.471620e+02,6.392490e-01,6.471620e-01,1.000000e-09,15,2,true
3,cosine,V-exact,v_exact,v,exact,1.00,mg_exact,cuda,double,383,11,7.276050e-10,3.237363e-07,8.839596e-07,4.788520e+02,4.859840e+02,4.788520e-01,4.859840e-01,1.000000e-09,15,2,true
3,cosine,V-exact,v_exact,v,exact,1.05,mg_exact,cuda,double,383,11,1.165990e-10,3.237496e-07,8.839978e-07,4.895470e+02,4.954850e+02,4.895470e-01,4.954850e-01,1.000000e-09,15,2,true
3,cosine,V-exact,v_exact,v,exact,1.10,mg_exact,cuda,double,383,10,1.925334e-10,3.237475e-07,8.839915e-07,4.506330e+02,4.637350e+02,4.506330e-01,4.637350e-01,1.000000e-09,15,2,true
3,cosine,V-exact,v_exact,v,exact,1.15,mg_exact,cuda,double,383,9,3.168050e-10,3.237445e-07,8.839822e-07,4.660680e+02,4.708330e+02,4.660680e-01,4.708330e-01,1.000000e-09,15,2,true
3,cosine,V-exact,v_exact,v,exact,1.20,mg_exact,cuda,double,383,8,4.583067e-10,3.237421e-07,8.839744e-07,3.875150e+02,3.927780e+02,3.875150e-01,3.927780e-01,1.000000e-09,15,2,true
3,cosine,V-exact,v_exact,v,exact,1.25,mg_exact,cuda,double,383,7,7.197637e-10,3.237451e-07,8.839836e-07,3.566450e+02,3.631750e+02,3.566450e-01,3.631750e-01,1.000000e-09,15,2,true
3,cosine,V-exact,v_exact,v,exact,1.30,mg_exact,cuda,double,383,8,4.078135e-10,3.237528e-07,8.840071e-07,3.970290e+02,4.069370e+02,3.970290e-01,4.069370e-01,1.000000e-09,15,2,true
3,cosine,V-exact,v_exact,v,exact,1.35,mg_exact,cuda,double,383,9,2.678101e-10,3.237528e-07,8.840071e-07,4.238260e+02,4.297990e+02,4.238260e-01,4.297990e-01,1.000000e-09,15,2,true
3,cosine,V-exact,v_exact,v,exact,1.40,mg_exact,cuda,double,383,10,2.690442e-10,3.237528e-07,8.840070e-07,4.485930e+02,4.578400e+02,4.485930e-01,4.578400e-01,1.000000e-09,15,2,true
3,cosine,V-exact,v_exact,v,exact,1.45,mg_exact,cuda,double,383,11,4.583903e-10,3.237528e-07,8.840073e-07,4.838710e+02,4.899990e+02,4.838710e-01,4.899990e-01,1.000000e-09,15,2,true
3,cosine,V-exact,v_exact,v,exact,1.50,mg_exact,cuda,double,383,13,1.232062e-10,3.237528e-07,8.840072e-07,5.449160e+02,5.527980e+02,5.449160e-01,5.527980e-01,1.000000e-09,15,2,true
3,cosine,V-SOR,v_sor,v,sor,1.00,mg_sor,cuda,double,383,11,7.276034e-10,3.237363e-07,8.839596e-07,4.911990e+02,4.971040e+02,4.911990e-01,4.971040e-01,1.000000e-09,15,2,true
3,cosine,V-SOR,v_sor,v,sor,1.05,mg_sor,cuda,double,383,11,1.165978e-10,3.237496e-07,8.839978e-07,4.888740e+02,4.932120e+02,4.888740e-01,4.932120e-01,1.000000e-09,15,2,true
3,cosine,V-SOR,v_sor,v,sor,1.10,mg_sor,cuda,double,383,10,1.925334e-10,3.237475e-07,8.839915e-07,4.687550e+02,4.753200e+02,4.687550e-01,4.753200e-01,1.000000e-09,15,2,true
3,cosine,V-SOR,v_sor,v,sor,1.15,mg_sor,cuda,double,383,9,3.168023e-10,3.237445e-07,8.839822e-07,4.227100e+02,4.277250e+02,4.227100e-01,4.277250e-01,1.000000e-09,15,2,true
3,cosine,V-SOR,v_sor,v,sor,1.20,mg_sor,cuda,double,383,8,4.583045e-10,3.237421e-07,8.839744e-07,3.987200e+02,4.049920e+02,3.987200e-01,4.049920e-01,1.000000e-09,15,2,true
3,cosine,V-SOR,v_sor,v,sor,1.25,mg_sor,cuda,double,383,7,7.197638e-10,3.237451e-07,8.839836e-07,4.167940e+02,4.216350e+02,4.167940e-01,4.216350e-01,1.000000e-09,15,2,true
3,cosine,V-SOR,v_sor,v,sor,1.30,mg_sor,cuda,double,383,8,4.078122e-10,3.237528e-07,8.840071e-07,4.021840e+02,4.076620e+02,4.021840e-01,4.076620e-01,1.000000e-09,15,2,true
3,cosine,V-SOR,v_sor,v,sor,1.35,mg_sor,cuda,double,383,9,2.678128e-10,3.237528e-07,8.840071e-07,4.196230e+02,4.245580e+02,4.196230e-01,4.245580e-01,1.000000e-09,15,2,true
3,cosine,V-SOR,v_sor,v,sor,1.40,mg_sor,cuda,double,383,10,2.690424e-10,3.237528e-07,8.840070e-07,4.475760e+02,4.580870e+02,4.475760e-01,4.580870e-01,1.000000e-09,15,2,true
3,cosine,V-SOR,v_sor,v,sor,1.45,mg_sor,cuda,double,383,11,4.583896e-10,3.237528e-07,8.840073e-07,4.971440e+02,5.012860e+02,4.971440e-01,5.012860e-01,1.000000e-09,15,2,true
3,cosine,V-SOR,v_sor,v,sor,1.50,mg_sor,cuda,double,383,13,1.232027e-10,3.237528e-07,8.840072e-07,5.497600e+02,5.552300e+02,5.497600e-01,5.552300e-01,1.000000e-09,15,2,true
3,cosine,W-exact,w_exact,w,exact,1.00,mg_exact,cuda,double,383,10,1.639838e-10,3.237528e-07,8.840071e-07,5.546390e+02,5.625990e+02,5.546390e-01,5.625990e-01,1.000000e-09,15,2,true
3,cosine,W-exact,w_exact,w,exact,1.05,mg_exact,cuda,double,383,9,4.462842e-10,3.237528e-07,8.840071e-07,5.066690e+02,5.143840e+02,5.066690e-01,5.143840e-01,1.000000e-09,15,2,true
3,cosine,W-exact,w_exact,w,exact,1.10,mg_exact,cuda,double,383,9,6.858205e-11,3.237528e-07,8.840071e-07,4.944560e+02,5.095680e+02,4.944560e-01,5.095680e-01,1.000000e-09,15,2,true
3,cosine,W-exact,w_exact,w,exact,1.15,mg_exact,cuda,double,383,8,1.977528e-10,3.237528e-07,8.840071e-07,4.753400e+02,4.834810e+02,4.753400e-01,4.834810e-01,1.000000e-09,15,2,true
3,cosine,W-exact,w_exact,w,exact,1.20,mg_exact,cuda,double,383,7,5.172996e-10,3.237528e-07,8.840071e-07,4.343340e+02,4.432250e+02,4.343340e-01,4.432250e-01,1.000000e-09,15,2,true
3,cosine,W-exact,w_exact,w,exact,1.25,mg_exact,cuda,double,383,7,4.018427e-10,3.237528e-07,8.840071e-07,4.342790e+02,4.449770e+02,4.342790e-01,4.449770e-01,1.000000e-09,15,2,true
3,cosine,W-exact,w_exact,w,exact,1.30,mg_exact,cuda,double,383,8,2.787852e-10,3.237528e-07,8.840071e-07,4.676150e+02,4.765710e+02,4.676150e-01,4.765710e-01,1.000000e-09,15,2,true
3,cosine,W-exact,w_exact,w,exact,1.35,mg_exact,cuda,double,383,9,1.806610e-10,3.237528e-07,8.840071e-07,4.989130e+02,5.101680e+02,4.989130e-01,5.101680e-01,1.000000e-09,15,2,true
3,cosine,W-exact,w_exact,w,exact,1.40,mg_exact,cuda,double,383,10,1.438380e-10,3.237528e-07,8.840071e-07,5.539840e+02,5.617050e+02,5.539840e-01,5.617050e-01,1.000000e-09,15,2,true
3,cosine,W-exact,w_exact,w,exact,1.45,mg_exact,cuda,double,383,11,1.607976e-10,3.237528e-07,8.840071e-07,5.854550e+02,5.962210e+02,5.854550e-01,5.962210e-01,1.000000e-09,15,2,true
3,cosine,W-exact,w_exact,w,exact,1.50,mg_exact,cuda,double,383,12,2.708336e-10,3.237528e-07,8.840071e-07,6.268490e+02,6.434870e+02,6.268490e-01,6.434870e-01,1.000000e-09,15,2,true
3,cosine,W-SOR,w_sor,w,sor,1.00,mg_sor,cuda,double,383,10,1.639819e-10,3.237528e-07,8.840071e-07,5.386460e+02,5.465500e+02,5.386460e-01,5.465500e-01,1.000000e-09,15,2,true
3,cosine,W-SOR,w_sor,w,sor,1.05,mg_sor,cuda,double,383,9,4.462867e-10,3.237528e-07,8.840071e-07,5.059250e+02,5.143960e+02,5.059250e-01,5.143960e-01,1.000000e-09,15,2,true
3,cosine,W-SOR,w_sor,w,sor,1.10,mg_sor,cuda,double,383,9,6.858277e-11,3.237528e-07,8.840071e-07,5.187810e+02,5.273840e+02,5.187810e-01,5.273840e-01,1.000000e-09,15,2,true
3,cosine,W-SOR,w_sor,w,sor,1.15,mg_sor,cuda,double,383,8,1.977501e-10,3.237528e-07,8.840071e-07,4.525140e+02,4.603820e+02,4.525140e-01,4.603820e-01,1.000000e-09,15,2,true
3,cosine,W-SOR,w_sor,w,sor,1.20,mg_sor,cuda,double,383,7,5.173000e-10,3.237528e-07,8.840071e-07,4.076600e+02,4.189250e+02,4.076600e-01,4.189250e-01,1.000000e-09,15,2,true
3,cosine,W-SOR,w_sor,w,sor,1.25,mg_sor,cuda,double,383,7,4.018422e-10,3.237528e-07,8.840071e-07,4.107050e+02,4.231880e+02,4.107050e-01,4.231880e-01,1.000000e-09,15,2,true
3,cosine,W-SOR,w_sor,w,sor,1.30,mg_sor,cuda,double,383,8,2.787831e-10,3.237528e-07,8.840071e-07,4.661430e+02,4.749820e+02,4.661430e-01,4.749820e-01,1.000000e-09,15,2,true
3,cosine,W-SOR,w_sor,w,sor,1.35,mg_sor,cuda,double,383,9,1.806614e-10,3.237528e-07,8.840071e-07,5.255640e+02,5.351320e+02,5.255640e-01,5.351320e-01,1.000000e-09,15,2,true
3,cosine,W-SOR,w_sor,w,sor,1.40,mg_sor,cuda,double,383,10,1.438411e-10,3.237528e-07,8.840071e-07,5.389380e+02,5.480660e+02,5.389380e-01,5.480660e-01,1.000000e-09,15,2,true
3,cosine,W-SOR,w_sor,w,sor,1.45,mg_sor,cuda,double,383,11,1.607960e-10,3.237528e-07,8.840071e-07,5.972750e+02,6.070030e+02,5.972750e-01,6.070030e-01,1.000000e-09,15,2,true
3,cosine,W-SOR,w_sor,w,sor,1.50,mg_sor,cuda,double,383,12,2.708310e-10,3.237528e-07,8.840071e-07,6.092010e+02,6.224200e+02,6.092010e-01,6.224200e-01,1.000000e-09,15,2,true
3,sine,V-exact,v_exact,v,exact,1.00,mg_exact,cuda,double,383,9,2.608454e-10,1.971960e-06,5.577545e-06,5.216510e+02,5.263060e+02,5.216510e-01,5.263060e-01,1.000000e-09,15,3,true
3,sine,V-exact,v_exact,v,exact,1.05,mg_exact,cuda,double,383,8,9.512079e-10,1.971800e-06,5.577091e-06,4.774480e+02,4.825770e+02,4.774480e-01,4.825770e-01,1.000000e-09,15,3,true
3,sine,V-exact,v_exact,v,exact,1.10,mg_exact,cuda,double,383,8,2.337355e-10,1.971973e-06,5.577581e-06,4.758700e+02,4.860920e+02,4.758700e-01,4.860920e-01,1.000000e-09,15,3,true
3,sine,V-exact,v_exact,v,exact,1.15,mg_exact,cuda,double,383,7,9.105563e-10,1.971834e-06,5.577188e-06,4.642530e+02,4.697490e+02,4.642530e-01,4.697490e-01,1.000000e-09,15,3,true
3,sine,V-exact,v_exact,v,exact,1.20,mg_exact,cuda,double,383,7,1.352476e-10,1.971999e-06,5.577655e-06,4.468460e+02,4.570500e+02,4.468460e-01,4.570500e-01,1.000000e-09,15,3,true
3,sine,V-exact,v_exact,v,exact,1.25,mg_exact,cuda,double,383,6,3.900877e-10,1.971958e-06,5.577539e-06,4.108890e+02,4.168840e+02,4.108890e-01,4.168840e-01,1.000000e-09,15,3,true
3,sine,V-exact,v_exact,v,exact,1.30,mg_exact,cuda,double,383,5,7.043174e-10,1.971946e-06,5.577506e-06,3.450790e+02,3.499590e+02,3.450790e-01,3.499590e-01,1.000000e-09,15,3,true
3,sine,V-exact,v_exact,v,exact,1.35,mg_exact,cuda,double,383,5,6.365253e-10,1.972025e-06,5.577725e-06,3.482470e+02,3.556110e+02,3.482470e-01,3.556110e-01,1.000000e-09,15,3,true
3,sine,V-exact,v_exact,v,exact,1.40,mg_exact,cuda,double,383,6,2.936787e-10,1.972020e-06,5.577717e-06,3.926820e+02,3.994100e+02,3.926820e-01,3.994100e-01,1.000000e-09,15,3,true
3,sine,V-exact,v_exact,v,exact,1.45,mg_exact,cuda,double,383,7,1.874237e-10,1.972039e-06,5.577766e-06,4.289560e+02,4.344180e+02,4.289560e-01,4.344180e-01,1.000000e-09,15,3,true
3,sine,V-exact,v_exact,v,exact,1.50,mg_exact,cuda,double,383,8,1.851205e-10,1.972007e-06,5.577678e-06,4.806030e+02,4.853380e+02,4.806030e-01,4.853380e-01,1.000000e-09,15,3,true
3,sine,V-SOR,v_sor,v,sor,1.00,mg_sor,cuda,double,383,9,2.608446e-10,1.971960e-06,5.577545e-06,5.246360e+02,5.324130e+02,5.246360e-01,5.324130e-01,1.000000e-09,15,3,true
3,sine,V-SOR,v_sor,v,sor,1.05,mg_sor,cuda,double,383,8,9.512087e-10,1.971800e-06,5.577091e-06,4.740070e+02,4.792090e+02,4.740070e-01,4.792090e-01,1.000000e-09,15,3,true
3,sine,V-SOR,v_sor,v,sor,1.10,mg_sor,cuda,double,383,8,2.337381e-10,1.971973e-06,5.577581e-06,4.674020e+02,4.720150e+02,4.674020e-01,4.720150e-01,1.000000e-09,15,3,true
3,sine,V-SOR,v_sor,v,sor,1.15,mg_sor,cuda,double,383,7,9.105580e-10,1.971834e-06,5.577188e-06,4.365430e+02,4.429240e+02,4.365430e-01,4.429240e-01,1.000000e-09,15,3,true
3,sine,V-SOR,v_sor,v,sor,1.20,mg_sor,cuda,double,383,7,1.352456e-10,1.971999e-06,5.577655e-06,4.478880e+02,4.528230e+02,4.478880e-01,4.528230e-01,1.000000e-09,15,3,true
3,sine,V-SOR,v_sor,v,sor,1.25,mg_sor,cuda,double,383,6,3.900915e-10,1.971958e-06,5.577539e-06,4.401970e+02,4.451830e+02,4.401970e-01,4.451830e-01,1.000000e-09,15,3,true
3,sine,V-SOR,v_sor,v,sor,1.30,mg_sor,cuda,double,383,5,7.043114e-10,1.971946e-06,5.577506e-06,3.597360e+02,3.677180e+02,3.597360e-01,3.677180e-01,1.000000e-09,15,3,true
3,sine,V-SOR,v_sor,v,sor,1.35,mg_sor,cuda,double,383,5,6.365229e-10,1.972025e-06,5.577725e-06,4.437550e+02,4.479030e+02,4.437550e-01,4.479030e-01,1.000000e-09,15,3,true
3,sine,V-SOR,v_sor,v,sor,1.40,mg_sor,cuda,double,383,6,2.936797e-10,1.972020e-06,5.577717e-06,4.115940e+02,4.163140e+02,4.115940e-01,4.163140e-01,1.000000e-09,15,3,true
3,sine,V-SOR,v_sor,v,sor,1.45,mg_sor,cuda,double,383,7,1.874263e-10,1.972039e-06,5.577766e-06,4.782410e+02,4.829170e+02,4.782410e-01,4.829170e-01,1.000000e-09,15,3,true
3,sine,V-SOR,v_sor,v,sor,1.50,mg_sor,cuda,double,383,8,1.851205e-10,1.972007e-06,5.577678e-06,4.821780e+02,4.862960e+02,4.821780e-01,4.862960e-01,1.000000e-09,15,3,true
3,sine,W-exact,w_exact,w,exact,1.00,mg_exact,cuda,double,383,3,1.116244e-11,1.972025e-06,5.577730e-06,3.098460e+02,3.224080e+02,3.098460e-01,3.224080e-01,1.000000e-09,15,3,true
3,sine,W-exact,w_exact,w,exact,1.05,mg_exact,cuda,double,383,3,4.374799e-12,1.972025e-06,5.577730e-06,3.115150e+02,3.203880e+02,3.115150e-01,3.203880e-01,1.000000e-09,15,3,true
3,sine,W-exact,w_exact,w,exact,1.10,mg_exact,cuda,double,383,3,5.542025e-12,1.972025e-06,5.577730e-06,3.234270e+02,3.332380e+02,3.234270e-01,3.332380e-01,1.000000e-09,15,3,true
3,sine,W-exact,w_exact,w,exact,1.15,mg_exact,cuda,double,383,3,9.139002e-12,1.972025e-06,5.577730e-06,3.085570e+02,3.204100e+02,3.085570e-01,3.204100e-01,1.000000e-09,15,3,true
3,sine,W-exact,w_exact,w,exact,1.20,mg_exact,cuda,double,383,3,9.073589e-11,1.972025e-06,5.577730e-06,3.023860e+02,3.114140e+02,3.023860e-01,3.114140e-01,1.000000e-09,15,3,true
3,sine,W-exact,w_exact,w,exact,1.25,mg_exact,cuda,double,383,3,5.715319e-10,1.972025e-06,5.577730e-06,3.002490e+02,3.127130e+02,3.002490e-01,3.127130e-01,1.000000e-09,15,3,true
3,sine,W-exact,w_exact,w,exact,1.30,mg_exact,cuda,double,383,4,1.222875e-11,1.972025e-06,5.577730e-06,3.631740e+02,3.739790e+02,3.631740e-01,3.739790e-01,1.000000e-09,15,3,true
3,sine,W-exact,w_exact,w,exact,1.35,mg_exact,cuda,double,383,4,1.713319e-10,1.972025e-06,5.577730e-06,3.606700e+02,3.781300e+02,3.606700e-01,3.781300e-01,1.000000e-09,15,3,true
3,sine,W-exact,w_exact,w,exact,1.40,mg_exact,cuda,double,383,5,1.838183e-11,1.972025e-06,5.577730e-06,4.070500e+02,4.187870e+02,4.070500e-01,4.187870e-01,1.000000e-09,15,3,true
3,sine,W-exact,w_exact,w,exact,1.45,mg_exact,cuda,double,383,5,3.361643e-10,1.972025e-06,5.577730e-06,4.128790e+02,4.223910e+02,4.128790e-01,4.223910e-01,1.000000e-09,15,3,true
3,sine,W-exact,w_exact,w,exact,1.50,mg_exact,cuda,double,383,6,1.068613e-10,1.972025e-06,5.577730e-06,4.662950e+02,4.790110e+02,4.662950e-01,4.790110e-01,1.000000e-09,15,3,true
3,sine,W-SOR,w_sor,w,sor,1.00,mg_sor,cuda,double,383,3,1.116132e-11,1.972025e-06,5.577730e-06,2.936700e+02,3.055590e+02,2.936700e-01,3.055590e-01,1.000000e-09,15,3,true
3,sine,W-SOR,w_sor,w,sor,1.05,mg_sor,cuda,double,383,3,4.375485e-12,1.972025e-06,5.577730e-06,3.234660e+02,3.322900e+02,3.234660e-01,3.322900e-01,1.000000e-09,15,3,true
3,sine,W-SOR,w_sor,w,sor,1.10,mg_sor,cuda,double,383,3,5.543008e-12,1.972025e-06,5.577730e-06,2.951960e+02,3.041510e+02,2.951960e-01,3.041510e-01,1.000000e-09,15,3,true
3,sine,W-SOR,w_sor,w,sor,1.15,mg_sor,cuda,double,383,3,9.138296e-12,1.972025e-06,5.577730e-06,3.040770e+02,3.135010e+02,3.040770e-01,3.135010e-01,1.000000e-09,15,3,true
3,sine,W-SOR,w_sor,w,sor,1.20,mg_sor,cuda,double,383,3,9.073446e-11,1.972025e-06,5.577730e-06,3.076320e+02,3.164970e+02,3.076320e-01,3.164970e-01,1.000000e-09,15,3,true
3,sine,W-SOR,w_sor,w,sor,1.25,mg_sor,cuda,double,383,3,5.715304e-10,1.972025e-06,5.577730e-06,2.999400e+02,3.089830e+02,2.999400e-01,3.089830e-01,1.000000e-09,15,3,true
3,sine,W-SOR,w_sor,w,sor,1.30,mg_sor,cuda,double,383,4,1.222562e-11,1.972025e-06,5.577730e-06,3.522350e+02,3.620010e+02,3.522350e-01,3.620010e-01,1.000000e-09,15,3,true
3,sine,W-SOR,w_sor,w,sor,1.35,mg_sor,cuda,double,383,4,1.713336e-10,1.972025e-06,5.577730e-06,3.572350e+02,3.662500e+02,3.572350e-01,3.662500e-01,1.000000e-09,15,3,true
3,sine,W-SOR,w_sor,w,sor,1.40,mg_sor,cuda,double,383,5,1.837980e-11,1.972025e-06,5.577730e-06,4.410300e+02,4.496260e+02,4.410300e-01,4.496260e-01,1.000000e-09,15,3,true
3,sine,W-SOR,w_sor,w,sor,1.45,mg_sor,cuda,double,383,5,3.361642e-10,1.972025e-06,5.577730e-06,4.554530e+02,4.645240e+02,4.554530e-01,4.645240e-01,1.000000e-09,15,3,true
3,sine,W-SOR,w_sor,w,sor,1.50,mg_sor,cuda,double,383,6,1.068633e-10,1.972025e-06,5.577730e-06,4.651440e+02,4.801880e+02,4.651440e-01,4.801880e-01,1.000000e-09,15,3,true
3,mixed_sine,V-exact,v_exact,v,exact,1.00,mg_exact,cuda,double,383,9,1.519988e-10,2.400508e-05,6.789662e-05,5.392680e+02,5.449020e+02,5.392680e-01,5.449020e-01,1.000000e-09,15,3,true
3,mixed_sine,V-exact,v_exact,v,exact,1.05,mg_exact,cuda,double,383,8,6.046834e-10,2.400497e-05,6.789632e-05,4.853510e+02,4.900900e+02,4.853510e-01,4.900900e-01,1.000000e-09,15,3,true
3,mixed_sine,V-exact,v_exact,v,exact,1.10,mg_exact,cuda,double,383,8,1.533778e-10,2.400508e-05,6.789663e-05,5.291420e+02,5.333600e+02,5.291420e-01,5.333600e-01,1.000000e-09,15,3,true
3,mixed_sine,V-exact,v_exact,v,exact,1.15,mg_exact,cuda,double,383,7,6.256022e-10,2.400499e-05,6.789635e-05,4.586690e+02,4.638540e+02,4.586690e-01,4.638540e-01,1.000000e-09,15,3,true
3,mixed_sine,V-exact,v_exact,v,exact,1.20,mg_exact,cuda,double,383,7,8.713475e-11,2.400510e-05,6.789668e-05,4.622990e+02,4.675550e+02,4.622990e-01,4.675550e-01,1.000000e-09,15,3,true
3,mixed_sine,V-exact,v_exact,v,exact,1.25,mg_exact,cuda,double,383,6,2.135122e-10,2.400508e-05,6.789662e-05,4.217290e+02,4.371550e+02,4.217290e-01,4.371550e-01,1.000000e-09,15,3,true
3,mixed_sine,V-exact,v_exact,v,exact,1.30,mg_exact,cuda,double,383,5,2.203325e-10,2.400510e-05,6.789667e-05,3.794920e+02,3.844780e+02,3.794920e-01,3.844780e-01,1.000000e-09,15,3,true
3,mixed_sine,V-exact,v_exact,v,exact,1.35,mg_exact,cuda,double,383,5,4.328992e-10,2.400512e-05,6.789673e-05,3.852030e+02,3.906210e+02,3.852030e-01,3.906210e-01,1.000000e-09,15,3,true
3,mixed_sine,V-exact,v_exact,v,exact,1.40,mg_exact,cuda,double,383,6,3.512627e-10,2.400509e-05,6.789665e-05,3.888130e+02,3.938880e+02,3.888130e-01,3.938880e-01,1.000000e-09,15,3,true
3,mixed_sine,V-exact,v_exact,v,exact,1.45,mg_exact,cuda,double,383,7,3.889312e-10,2.400516e-05,6.789683e-05,4.844690e+02,4.895910e+02,4.844690e-01,4.895910e-01,1.000000e-09,15,3,true
3,mixed_sine,V-exact,v_exact,v,exact,1.50,mg_exact,cuda,double,383,8,4.182697e-10,2.400507e-05,6.789660e-05,4.739670e+02,4.788480e+02,4.739670e-01,4.788480e-01,1.000000e-09,15,3,true
3,mixed_sine,V-SOR,v_sor,v,sor,1.00,mg_sor,cuda,double,383,9,1.519988e-10,2.400508e-05,6.789662e-05,5.318430e+02,5.405650e+02,5.318430e-01,5.405650e-01,1.000000e-09,15,3,true
3,mixed_sine,V-SOR,v_sor,v,sor,1.05,mg_sor,cuda,double,383,8,6.046834e-10,2.400497e-05,6.789632e-05,4.723520e+02,4.771830e+02,4.723520e-01,4.771830e-01,1.000000e-09,15,3,true
3,mixed_sine,V-SOR,v_sor,v,sor,1.10,mg_sor,cuda,double,383,8,1.533778e-10,2.400508e-05,6.789663e-05,4.764960e+02,4.931470e+02,4.764960e-01,4.931470e-01,1.000000e-09,15,3,true
3,mixed_sine,V-SOR,v_sor,v,sor,1.15,mg_sor,cuda,double,383,7,6.256022e-10,2.400499e-05,6.789635e-05,4.392940e+02,4.442770e+02,4.392940e-01,4.442770e-01,1.000000e-09,15,3,true
3,mixed_sine,V-SOR,v_sor,v,sor,1.20,mg_sor,cuda,double,383,7,8.713475e-11,2.400510e-05,6.789668e-05,4.303440e+02,4.366780e+02,4.303440e-01,4.366780e-01,1.000000e-09,15,3,true
3,mixed_sine,V-SOR,v_sor,v,sor,1.25,mg_sor,cuda,double,383,6,2.135122e-10,2.400508e-05,6.789662e-05,3.937550e+02,3.987660e+02,3.937550e-01,3.987660e-01,1.000000e-09,15,3,true
3,mixed_sine,V-SOR,v_sor,v,sor,1.30,mg_sor,cuda,double,383,5,2.203325e-10,2.400510e-05,6.789667e-05,3.517590e+02,3.604230e+02,3.517590e-01,3.604230e-01,1.000000e-09,15,3,true
3,mixed_sine,V-SOR,v_sor,v,sor,1.35,mg_sor,cuda,double,383,5,4.328992e-10,2.400512e-05,6.789673e-05,3.540840e+02,3.657130e+02,3.540840e-01,3.657130e-01,1.000000e-09,15,3,true
3,mixed_sine,V-SOR,v_sor,v,sor,1.40,mg_sor,cuda,double,383,6,3.512629e-10,2.400509e-05,6.789665e-05,3.835160e+02,3.881580e+02,3.835160e-01,3.881580e-01,1.000000e-09,15,3,true
3,mixed_sine,V-SOR,v_sor,v,sor,1.45,mg_sor,cuda,double,383,7,3.889308e-10,2.400516e-05,6.789683e-05,4.337710e+02,4.429090e+02,4.337710e-01,4.429090e-01,1.000000e-09,15,3,true
3,mixed_sine,V-SOR,v_sor,v,sor,1.50,mg_sor,cuda,double,383,8,4.182700e-10,2.400507e-05,6.789660e-05,4.805580e+02,4.851240e+02,4.805580e-01,4.851240e-01,1.000000e-09,15,3,true
3,mixed_sine,W-exact,w_exact,w,exact,1.00,mg_exact,cuda,double,383,3,9.872190e-10,2.400504e-05,6.789650e-05,2.976320e+02,3.062530e+02,2.976320e-01,3.062530e-01,1.000000e-09,15,3,true
3,mixed_sine,W-exact,w_exact,w,exact,1.05,mg_exact,cuda,double,383,3,3.097767e-10,2.400505e-05,6.789654e-05,2.950590e+02,3.119930e+02,2.950590e-01,3.119930e-01,1.000000e-09,15,3,true
3,mixed_sine,W-exact,w_exact,w,exact,1.10,mg_exact,cuda,double,383,3,3.602529e-10,2.400507e-05,6.789658e-05,3.094310e+02,3.196070e+02,3.094310e-01,3.196070e-01,1.000000e-09,15,3,true
3,mixed_sine,W-exact,w_exact,w,exact,1.15,mg_exact,cuda,double,383,3,5.583720e-10,2.400508e-05,6.789662e-05,3.193170e+02,3.331810e+02,3.193170e-01,3.331810e-01,1.000000e-09,15,3,true
3,mixed_sine,W-exact,w_exact,w,exact,1.20,mg_exact,cuda,double,383,4,9.011221e-13,2.400512e-05,6.789672e-05,4.089850e+02,4.179350e+02,4.089850e-01,4.179350e-01,1.000000e-09,15,3,true
3,mixed_sine,W-exact,w_exact,w,exact,1.25,mg_exact,cuda,double,383,4,1.640370e-12,2.400512e-05,6.789672e-05,4.210110e+02,4.388600e+02,4.210110e-01,4.388600e-01,1.000000e-09,15,3,true
3,mixed_sine,W-exact,w_exact,w,exact,1.30,mg_exact,cuda,double,383,4,1.127326e-11,2.400512e-05,6.789672e-05,4.138040e+02,4.262190e+02,4.138040e-01,4.262190e-01,1.000000e-09,15,3,true
3,mixed_sine,W-exact,w_exact,w,exact,1.35,mg_exact,cuda,double,383,4,1.992101e-10,2.400512e-05,6.789673e-05,3.602860e+02,3.699020e+02,3.602860e-01,3.699020e-01,1.000000e-09,15,3,true
3,mixed_sine,W-exact,w_exact,w,exact,1.40,mg_exact,cuda,double,383,5,1.875974e-11,2.400512e-05,6.789672e-05,4.061890e+02,4.149530e+02,4.061890e-01,4.149530e-01,1.000000e-09,15,3,true
3,mixed_sine,W-exact,w_exact,w,exact,1.45,mg_exact,cuda,double,383,5,3.713067e-10,2.400512e-05,6.789672e-05,4.246600e+02,4.362760e+02,4.246600e-01,4.362760e-01,1.000000e-09,15,3,true
3,mixed_sine,W-exact,w_exact,w,exact,1.50,mg_exact,cuda,double,383,6,1.191568e-10,2.400512e-05,6.789672e-05,5.078380e+02,5.185730e+02,5.078380e-01,5.185730e-01,1.000000e-09,15,3,true
3,mixed_sine,W-SOR,w_sor,w,sor,1.00,mg_sor,cuda,double,383,3,9.872190e-10,2.400504e-05,6.789650e-05,2.960500e+02,3.049180e+02,2.960500e-01,3.049180e-01,1.000000e-09,15,3,true
3,mixed_sine,W-SOR,w_sor,w,sor,1.05,mg_sor,cuda,double,383,3,3.097767e-10,2.400505e-05,6.789654e-05,3.193540e+02,3.301530e+02,3.193540e-01,3.301530e-01,1.000000e-09,15,3,true
3,mixed_sine,W-SOR,w_sor,w,sor,1.10,mg_sor,cuda,double,383,3,3.602529e-10,2.400507e-05,6.789658e-05,3.327410e+02,3.418660e+02,3.327410e-01,3.418660e-01,1.000000e-09,15,3,true
3,mixed_sine,W-SOR,w_sor,w,sor,1.15,mg_sor,cuda,double,383,3,5.583720e-10,2.400508e-05,6.789662e-05,2.927530e+02,3.074040e+02,2.927530e-01,3.074040e-01,1.000000e-09,15,3,true
3,mixed_sine,W-SOR,w_sor,w,sor,1.20,mg_sor,cuda,double,383,4,9.011221e-13,2.400512e-05,6.789672e-05,3.889720e+02,3.994880e+02,3.889720e-01,3.994880e-01,1.000000e-09,15,3,true
3,mixed_sine,W-SOR,w_sor,w,sor,1.25,mg_sor,cuda,double,383,4,1.640370e-12,2.400512e-05,6.789672e-05,3.609410e+02,3.694160e+02,3.609410e-01,3.694160e-01,1.000000e-09,15,3,true
3,mixed_sine,W-SOR,w_sor,w,sor,1.30,mg_sor,cuda,double,383,4,1.127326e-11,2.400512e-05,6.789672e-05,3.448530e+02,3.558840e+02,3.448530e-01,3.558840e-01,1.000000e-09,15,3,true
3,mixed_sine,W-SOR,w_sor,w,sor,1.35,mg_sor,cuda,double,383,4,1.992101e-10,2.400512e-05,6.789673e-05,3.635300e+02,3.875000e+02,3.635300e-01,3.875000e-01,1.000000e-09,15,3,true
3,mixed_sine,W-SOR,w_sor,w,sor,1.40,mg_sor,cuda,double,383,5,1.875974e-11,2.400512e-05,6.789672e-05,3.984980e+02,4.068240e+02,3.984980e-01,4.068240e-01,1.000000e-09,15,3,true
3,mixed_sine,W-SOR,w_sor,w,sor,1.45,mg_sor,cuda,double,383,5,3.713070e-10,2.400512e-05,6.789672e-05,3.974800e+02,4.104350e+02,3.974800e-01,4.104350e-01,1.000000e-09,15,3,true
3,mixed_sine,W-SOR,w_sor,w,sor,1.50,mg_sor,cuda,double,383,6,1.191567e-10,2.400512e-05,6.789672e-05,4.584880e+02,4.678480e+02,4.584880e-01,4.678480e-01,1.000000e-09,15,3,true
3,bubble,V-exact,v_exact,v,exact,1.00,mg_exact,cuda,double,383,9,2.489202e-10,1.125903e-12,3.152638e-12,5.184730e+02,5.231830e+02,5.184730e-01,5.231830e-01,1.000000e-09,15,3,true
3,bubble,V-exact,v_exact,v,exact,1.05,mg_exact,cuda,double,383,8,9.077935e-10,3.880374e-12,1.086205e-11,4.684020e+02,4.736100e+02,4.684020e-01,4.736100e-01,1.000000e-09,15,3,true
3,bubble,V-exact,v_exact,v,exact,1.10,mg_exact,cuda,double,383,8,2.230739e-10,9.048586e-13,2.540641e-12,4.755370e+02,4.803200e+02,4.755370e-01,4.803200e-01,1.000000e-09,15,3,true
3,bubble,V-exact,v_exact,v,exact,1.15,mg_exact,cuda,double,383,7,8.688600e-10,3.291133e-12,9.250701e-12,4.647960e+02,4.699200e+02,4.647960e-01,4.699200e-01,1.000000e-09,15,3,true
3,bubble,V-exact,v_exact,v,exact,1.20,mg_exact,cuda,double,383,7,1.291125e-10,4.593236e-13,1.296685e-12,4.430330e+02,4.492780e+02,4.430330e-01,4.492780e-01,1.000000e-09,15,3,true
3,bubble,V-exact,v_exact,v,exact,1.25,mg_exact,cuda,double,383,6,3.722074e-10,1.163033e-12,3.291870e-12,3.988710e+02,4.065620e+02,3.988710e-01,4.065620e-01,1.000000e-09,15,3,true
3,bubble,V-exact,v_exact,v,exact,1.30,mg_exact,cuda,double,383,5,6.795832e-10,1.360539e-12,3.855609e-12,3.439810e+02,3.490230e+02,3.439810e-01,3.490230e-01,1.000000e-09,15,3,true
3,bubble,V-exact,v_exact,v,exact,1.35,mg_exact,cuda,double,383,6,8.007521e-11,5.764992e-15,1.595338e-14,4.014460e+02,4.077740e+02,4.014460e-01,4.077740e-01,1.000000e-09,15,3,true
3,bubble,V-exact,v_exact,v,exact,1.40,mg_exact,cuda,double,383,7,5.179806e-11,6.220032e-15,1.437652e-14,4.365410e+02,4.460580e+02,4.365410e-01,4.460580e-01,1.000000e-09,15,3,true
3,bubble,V-exact,v_exact,v,exact,1.45,mg_exact,cuda,double,383,7,7.338990e-10,2.572730e-13,4.178134e-13,4.531490e+02,4.574590e+02,4.531490e-01,4.574590e-01,1.000000e-09,15,3,true
3,bubble,V-exact,v_exact,v,exact,1.50,mg_exact,cuda,double,383,8,5.026654e-10,3.350605e-13,7.130269e-13,4.615350e+02,4.740290e+02,4.615350e-01,4.740290e-01,1.000000e-09,15,3,true
3,bubble,V-SOR,v_sor,v,sor,1.00,mg_sor,cuda,double,383,9,2.489197e-10,1.125907e-12,3.152629e-12,5.061050e+02,5.140050e+02,5.061050e-01,5.140050e-01,1.000000e-09,15,3,true
3,bubble,V-SOR,v_sor,v,sor,1.05,mg_sor,cuda,double,383,8,9.077977e-10,3.880389e-12,1.086208e-11,4.633690e+02,4.695590e+02,4.633690e-01,4.695590e-01,1.000000e-09,15,3,true
3,bubble,V-SOR,v_sor,v,sor,1.10,mg_sor,cuda,double,383,8,2.230743e-10,9.048628e-13,2.540657e-12,4.751560e+02,4.875940e+02,4.751560e-01,4.875940e-01,1.000000e-09,15,3,true
3,bubble,V-SOR,v_sor,v,sor,1.15,mg_sor,cuda,double,383,7,8.688624e-10,3.291137e-12,9.250725e-12,4.188080e+02,4.235650e+02,4.188080e-01,4.235650e-01,1.000000e-09,15,3,true
3,bubble,V-SOR,v_sor,v,sor,1.20,mg_sor,cuda,double,383,7,1.291116e-10,4.593228e-13,1.296655e-12,4.177990e+02,4.310440e+02,4.177990e-01,4.310440e-01,1.000000e-09,15,3,true
3,bubble,V-SOR,v_sor,v,sor,1.25,mg_sor,cuda,double,383,6,3.722078e-10,1.163037e-12,3.291886e-12,3.791870e+02,3.884950e+02,3.791870e-01,3.884950e-01,1.000000e-09,15,3,true
3,bubble,V-SOR,v_sor,v,sor,1.30,mg_sor,cuda,double,383,5,6.795836e-10,1.360546e-12,3.855636e-12,3.706550e+02,3.750210e+02,3.706550e-01,3.750210e-01,1.000000e-09,15,3,true
3,bubble,V-SOR,v_sor,v,sor,1.35,mg_sor,cuda,double,383,6,8.007634e-11,5.765660e-15,1.595685e-14,4.011780e+02,4.069220e+02,4.011780e-01,4.069220e-01,1.000000e-09,15,3,true
3,bubble,V-SOR,v_sor,v,sor,1.40,mg_sor,cuda,double,383,7,5.179791e-11,6.219152e-15,1.437305e-14,4.774080e+02,4.910340e+02,4.774080e-01,4.910340e-01,1.000000e-09,15,3,true
3,bubble,V-SOR,v_sor,v,sor,1.45,mg_sor,cuda,double,383,7,7.338996e-10,2.572664e-13,4.178099e-13,4.262990e+02,4.436090e+02,4.262990e-01,4.436090e-01,1.000000e-09,15,3,true
3,bubble,V-SOR,v_sor,v,sor,1.50,mg_sor,cuda,double,383,8,5.026648e-10,3.350573e-13,7.130269e-13,4.637550e+02,4.712400e+02,4.637550e-01,4.712400e-01,1.000000e-09,15,3,true
3,bubble,W-exact,w_exact,w,exact,1.00,mg_exact,cuda,double,383,5,9.873521e-10,2.451657e-15,1.932536e-14,3.946850e+02,4.051930e+02,3.946850e-01,4.051930e-01,1.000000e-09,15,3,true
3,bubble,W-exact,w_exact,w,exact,1.05,mg_exact,cuda,double,383,5,3.264748e-10,1.022970e-15,6.722108e-15,3.942700e+02,4.047230e+02,3.942700e-01,4.047230e-01,1.000000e-09,15,3,true
3,bubble,W-exact,w_exact,w,exact,1.10,mg_exact,cuda,double,383,5,8.156847e-11,6.067724e-16,1.809317e-15,3.930590e+02,4.089980e+02,3.930590e-01,4.089980e-01,1.000000e-09,15,3,true
3,bubble,W-exact,w_exact,w,exact,1.15,mg_exact,cuda,double,383,5,1.222212e-11,5.433640e-16,1.719111e-15,4.017220e+02,4.136620e+02,4.017220e-01,4.136620e-01,1.000000e-09,15,3,true
3,bubble,W-exact,w_exact,w,exact,1.20,mg_exact,cuda,double,383,4,9.724477e-11,5.747749e-16,2.405031e-15,3.470830e+02,3.590970e+02,3.470830e-01,3.590970e-01,1.000000e-09,15,3,true
3,bubble,W-exact,w_exact,w,exact,1.25,mg_exact,cuda,double,383,4,2.261571e-11,5.904649e-16,1.856154e-15,3.516660e+02,3.736290e+02,3.516660e-01,3.736290e-01,1.000000e-09,15,3,true
3,bubble,W-exact,w_exact,w,exact,1.30,mg_exact,cuda,double,383,5,1.270981e-11,3.600644e-16,1.080733e-15,3.912920e+02,4.051470e+02,3.912920e-01,4.051470e-01,1.000000e-09,15,3,true
3,bubble,W-exact,w_exact,w,exact,1.35,mg_exact,cuda,double,383,5,1.952724e-10,3.452368e-16,2.515403e-15,3.916330e+02,4.003320e+02,3.916330e-01,4.003320e-01,1.000000e-09,15,3,true
3,bubble,W-exact,w_exact,w,exact,1.40,mg_exact,cuda,double,383,6,4.172034e-11,1.593724e-16,5.074066e-16,4.613560e+02,4.738110e+02,4.613560e-01,4.738110e-01,1.000000e-09,15,3,true
3,bubble,W-exact,w_exact,w,exact,1.45,mg_exact,cuda,double,383,6,3.122819e-10,5.944210e-16,4.174287e-15,4.564470e+02,4.672180e+02,4.564470e-01,4.672180e-01,1.000000e-09,15,3,true
3,bubble,W-exact,w_exact,w,exact,1.50,mg_exact,cuda,double,383,7,9.499346e-11,4.950769e-16,1.557782e-15,5.014980e+02,5.157800e+02,5.014980e-01,5.157800e-01,1.000000e-09,15,3,true
3,bubble,W-SOR,w_sor,w,sor,1.00,mg_sor,cuda,double,383,5,9.873522e-10,2.450332e-15,1.932650e-14,3.827540e+02,3.949420e+02,3.827540e-01,3.949420e-01,1.000000e-09,15,3,true
3,bubble,W-SOR,w_sor,w,sor,1.05,mg_sor,cuda,double,383,5,3.264749e-10,1.027238e-15,6.721620e-15,3.964080e+02,4.072540e+02,3.964080e-01,4.072540e-01,1.000000e-09,15,3,true
3,bubble,W-SOR,w_sor,w,sor,1.10,mg_sor,cuda,double,383,5,8.156864e-11,6.087859e-16,1.816255e-15,3.964130e+02,4.168640e+02,3.964130e-01,4.168640e-01,1.000000e-09,15,3,true
3,bubble,W-SOR,w_sor,w,sor,1.15,mg_sor,cuda,double,383,5,1.222279e-11,5.455534e-16,1.736458e-15,3.883590e+02,4.009430e+02,3.883590e-01,4.009430e-01,1.000000e-09,15,3,true
3,bubble,W-SOR,w_sor,w,sor,1.20,mg_sor,cuda,double,383,4,9.724464e-11,5.760781e-16,2.405736e-15,3.429440e+02,3.517400e+02,3.429440e-01,3.517400e-01,1.000000e-09,15,3,true
3,bubble,W-SOR,w_sor,w,sor,1.25,mg_sor,cuda,double,383,4,2.261606e-11,6.027307e-16,1.899522e-15,3.789480e+02,3.880440e+02,3.789480e-01,3.880440e-01,1.000000e-09,15,3,true
3,bubble,W-SOR,w_sor,w,sor,1.30,mg_sor,cuda,double,383,5,1.271030e-11,3.669803e-16,1.210837e-15,3.927990e+02,4.040140e+02,3.927990e-01,4.040140e-01,1.000000e-09,15,3,true
3,bubble,W-SOR,w_sor,w,sor,1.35,mg_sor,cuda,double,383,5,1.952724e-10,3.402050e-16,2.516596e-15,4.030090e+02,4.321650e+02,4.030090e-01,4.321650e-01,1.000000e-09,15,3,true
3,bubble,W-SOR,w_sor,w,sor,1.40,mg_sor,cuda,double,383,6,4.172029e-11,1.595990e-16,5.080571e-16,4.468030e+02,4.555760e+02,4.468030e-01,4.555760e-01,1.000000e-09,15,3,true
3,bubble,W-SOR,w_sor,w,sor,1.45,mg_sor,cuda,double,383,6,3.122821e-10,5.959777e-16,4.176672e-15,4.507490e+02,4.591870e+02,4.507490e-01,4.591870e-01,1.000000e-09,15,3,true
3,bubble,W-SOR,w_sor,w,sor,1.50,mg_sor,cuda,double,383,7,9.499365e-11,4.886914e-16,1.533496e-15,5.305920e+02,5.391960e+02,5.305920e-01,5.391960e-01,1.000000e-09,15,3,true
3,exp,V-exact,v_exact,v,exact,1.00,mg_exact,cuda,double,383,10,7.002087e-10,2.093562e-07,4.953376e-07,5.606240e+02,5.684030e+02,5.606240e-01,5.684030e-01,1.000000e-09,15,3,true
3,exp,V-exact,v_exact,v,exact,1.05,mg_exact,cuda,double,383,10,1.386941e-10,2.093990e-07,4.954544e-07,6.248680e+02,6.324140e+02,6.248680e-01,6.324140e-01,1.000000e-09,15,3,true
3,exp,V-exact,v_exact,v,exact,1.10,mg_exact,cuda,double,383,9,4.045749e-10,2.093792e-07,4.953971e-07,5.295750e+02,5.367930e+02,5.295750e-01,5.367930e-01,1.000000e-09,15,3,true
3,exp,V-exact,v_exact,v,exact,1.15,mg_exact,cuda,double,383,9,6.513908e-11,2.094060e-07,4.954738e-07,5.217120e+02,5.430420e+02,5.217120e-01,5.430420e-01,1.000000e-09,15,3,true
3,exp,V-exact,v_exact,v,exact,1.20,mg_exact,cuda,double,383,8,1.160741e-10,2.094008e-07,4.954583e-07,4.982070e+02,5.035560e+02,4.982070e-01,5.035560e-01,1.000000e-09,15,3,true
3,exp,V-exact,v_exact,v,exact,1.25,mg_exact,cuda,double,383,7,1.731046e-10,2.093944e-07,4.954404e-07,4.309780e+02,4.364190e+02,4.309780e-01,4.364190e-01,1.000000e-09,15,3,true
3,exp,V-exact,v_exact,v,exact,1.30,mg_exact,cuda,double,383,7,1.707982e-10,2.094102e-07,4.954861e-07,4.777800e+02,4.828190e+02,4.777800e-01,4.828190e-01,1.000000e-09,15,3,true
3,exp,V-exact,v_exact,v,exact,1.35,mg_exact,cuda,double,383,8,2.235113e-10,2.094103e-07,4.954862e-07,5.325170e+02,5.369240e+02,5.325170e-01,5.369240e-01,1.000000e-09,15,3,true
3,exp,V-exact,v_exact,v,exact,1.40,mg_exact,cuda,double,383,9,2.379586e-10,2.094103e-07,4.954863e-07,5.426740e+02,5.472720e+02,5.426740e-01,5.472720e-01,1.000000e-09,15,3,true
3,exp,V-exact,v_exact,v,exact,1.45,mg_exact,cuda,double,383,10,2.439028e-10,2.094103e-07,4.954864e-07,5.915910e+02,5.965440e+02,5.915910e-01,5.965440e-01,1.000000e-09,15,3,true
3,exp,V-exact,v_exact,v,exact,1.50,mg_exact,cuda,double,383,11,3.441042e-10,2.094104e-07,4.954859e-07,6.047470e+02,6.095980e+02,6.047470e-01,6.095980e-01,1.000000e-09,15,3,true
3,exp,V-SOR,v_sor,v,sor,1.00,mg_sor,cuda,double,383,10,7.002164e-10,2.093562e-07,4.953376e-07,5.887840e+02,5.944780e+02,5.887840e-01,5.944780e-01,1.000000e-09,15,3,true
3,exp,V-SOR,v_sor,v,sor,1.05,mg_sor,cuda,double,383,10,1.386879e-10,2.093990e-07,4.954544e-07,6.001540e+02,6.055000e+02,6.001540e-01,6.055000e-01,1.000000e-09,15,3,true
3,exp,V-SOR,v_sor,v,sor,1.10,mg_sor,cuda,double,383,9,4.045300e-10,2.093792e-07,4.953971e-07,5.327480e+02,5.396610e+02,5.327480e-01,5.396610e-01,1.000000e-09,15,3,true
3,exp,V-SOR,v_sor,v,sor,1.15,mg_sor,cuda,double,383,9,6.513154e-11,2.094060e-07,4.954738e-07,5.418090e+02,5.538380e+02,5.418090e-01,5.538380e-01,1.000000e-09,15,3,true
3,exp,V-SOR,v_sor,v,sor,1.20,mg_sor,cuda,double,383,8,1.160307e-10,2.094008e-07,4.954583e-07,4.759270e+02,4.811800e+02,4.759270e-01,4.811800e-01,1.000000e-09,15,3,true
3,exp,V-SOR,v_sor,v,sor,1.25,mg_sor,cuda,double,383,7,1.731169e-10,2.093944e-07,4.954404e-07,4.861950e+02,4.914130e+02,4.861950e-01,4.914130e-01,1.000000e-09,15,3,true
3,exp,V-SOR,v_sor,v,sor,1.30,mg_sor,cuda,double,383,7,1.708004e-10,2.094102e-07,4.954861e-07,4.787200e+02,4.835600e+02,4.787200e-01,4.835600e-01,1.000000e-09,15,3,true
3,exp,V-SOR,v_sor,v,sor,1.35,mg_sor,cuda,double,383,8,2.235090e-10,2.094103e-07,4.954862e-07,5.032600e+02,5.077520e+02,5.032600e-01,5.077520e-01,1.000000e-09,15,3,true
3,exp,V-SOR,v_sor,v,sor,1.40,mg_sor,cuda,double,383,9,2.380063e-10,2.094103e-07,4.954863e-07,5.540150e+02,5.581550e+02,5.540150e-01,5.581550e-01,1.000000e-09,15,3,true
3,exp,V-SOR,v_sor,v,sor,1.45,mg_sor,cuda,double,383,10,2.438896e-10,2.094103e-07,4.954864e-07,5.895980e+02,5.942170e+02,5.895980e-01,5.942170e-01,1.000000e-09,15,3,true
3,exp,V-SOR,v_sor,v,sor,1.50,mg_sor,cuda,double,383,11,3.441225e-10,2.094104e-07,4.954859e-07,6.195430e+02,6.252940e+02,6.195430e-01,6.252940e-01,1.000000e-09,15,3,true
3,exp,W-exact,w_exact,w,exact,1.00,mg_exact,cuda,double,383,9,4.266033e-10,2.094106e-07,4.954871e-07,6.576580e+02,6.722170e+02,6.576580e-01,6.722170e-01,1.000000e-09,15,3,true
3,exp,W-exact,w_exact,w,exact,1.05,mg_exact,cuda,double,383,9,9.791638e-11,2.094106e-07,4.954870e-07,6.361920e+02,6.448490e+02,6.361920e-01,6.448490e-01,1.000000e-09,15,3,true
3,exp,W-exact,w_exact,w,exact,1.10,mg_exact,cuda,double,383,8,4.495829e-10,2.094106e-07,4.954870e-07,5.569000e+02,5.720820e+02,5.569000e-01,5.720820e-01,1.000000e-09,15,3,true
3,exp,W-exact,w_exact,w,exact,1.15,mg_exact,cuda,double,383,8,7.901157e-11,2.094106e-07,4.954870e-07,5.616140e+02,5.866450e+02,5.616140e-01,5.866450e-01,1.000000e-09,15,3,true
3,exp,W-exact,w_exact,w,exact,1.20,mg_exact,cuda,double,383,7,2.651536e-10,2.094105e-07,4.954868e-07,5.335030e+02,5.419890e+02,5.335030e-01,5.419890e-01,1.000000e-09,15,3,true
3,exp,W-exact,w_exact,w,exact,1.25,mg_exact,cuda,double,383,6,9.966240e-10,2.094105e-07,4.954869e-07,4.724710e+02,4.861850e+02,4.724710e-01,4.861850e-01,1.000000e-09,15,3,true
3,exp,W-exact,w_exact,w,exact,1.30,mg_exact,cuda,double,383,7,9.019016e-11,2.094105e-07,4.954867e-07,5.007310e+02,5.125990e+02,5.007310e-01,5.125990e-01,1.000000e-09,15,3,true
3,exp,W-exact,w_exact,w,exact,1.35,mg_exact,cuda,double,383,8,8.138552e-11,2.094104e-07,4.954867e-07,5.914850e+02,6.007110e+02,5.914850e-01,6.007110e-01,1.000000e-09,15,3,true
3,exp,W-exact,w_exact,w,exact,1.40,mg_exact,cuda,double,383,9,7.579516e-11,2.094104e-07,4.954865e-07,6.092470e+02,6.177890e+02,6.092470e-01,6.177890e-01,1.000000e-09,15,3,true
3,exp,W-exact,w_exact,w,exact,1.45,mg_exact,cuda,double,383,9,6.001206e-10,2.094104e-07,4.954865e-07,6.176550e+02,6.289410e+02,6.176550e-01,6.289410e-01,1.000000e-09,15,3,true
3,exp,W-exact,w_exact,w,exact,1.50,mg_exact,cuda,double,383,10,4.080972e-10,2.094103e-07,4.954863e-07,6.667240e+02,7.001530e+02,6.667240e-01,7.001530e-01,1.000000e-09,15,3,true
3,exp,W-SOR,w_sor,w,sor,1.00,mg_sor,cuda,double,383,9,4.266095e-10,2.094106e-07,4.954871e-07,6.017670e+02,6.113350e+02,6.017670e-01,6.113350e-01,1.000000e-09,15,3,true
3,exp,W-SOR,w_sor,w,sor,1.05,mg_sor,cuda,double,383,9,9.793714e-11,2.094106e-07,4.954870e-07,5.980000e+02,6.076430e+02,5.980000e-01,6.076430e-01,1.000000e-09,15,3,true
3,exp,W-SOR,w_sor,w,sor,1.10,mg_sor,cuda,double,383,8,4.495950e-10,2.094106e-07,4.954870e-07,5.586720e+02,5.678630e+02,5.586720e-01,5.678630e-01,1.000000e-09,15,3,true
3,exp,W-SOR,w_sor,w,sor,1.15,mg_sor,cuda,double,383,8,7.904556e-11,2.094106e-07,4.954870e-07,5.451540e+02,5.541820e+02,5.451540e-01,5.541820e-01,1.000000e-09,15,3,true
3,exp,W-SOR,w_sor,w,sor,1.20,mg_sor,cuda,double,383,7,2.651642e-10,2.094105e-07,4.954868e-07,4.957540e+02,5.051110e+02,4.957540e-01,5.051110e-01,1.000000e-09,15,3,true
3,exp,W-SOR,w_sor,w,sor,1.25,mg_sor,cuda,double,383,6,9.966005e-10,2.094105e-07,4.954869e-07,4.535330e+02,4.637030e+02,4.535330e-01,4.637030e-01,1.000000e-09,15,3,true
3,exp,W-SOR,w_sor,w,sor,1.30,mg_sor,cuda,double,383,7,9.018267e-11,2.094105e-07,4.954867e-07,4.878680e+02,4.983110e+02,4.878680e-01,4.983110e-01,1.000000e-09,15,3,true
3,exp,W-SOR,w_sor,w,sor,1.35,mg_sor,cuda,double,383,8,8.138241e-11,2.094104e-07,4.954866e-07,5.441020e+02,5.526960e+02,5.441020e-01,5.526960e-01,1.000000e-09,15,3,true
3,exp,W-SOR,w_sor,w,sor,1.40,mg_sor,cuda,double,383,9,7.579012e-11,2.094104e-07,4.954865e-07,5.938610e+02,6.114020e+02,5.938610e-01,6.114020e-01,1.000000e-09,15,3,true
3,exp,W-SOR,w_sor,w,sor,1.45,mg_sor,cuda,double,383,9,6.001402e-10,2.094104e-07,4.954865e-07,5.992040e+02,6.183010e+02,5.992040e-01,6.183010e-01,1.000000e-09,15,3,true
3,exp,W-SOR,w_sor,w,sor,1.50,mg_sor,cuda,double,383,10,4.081019e-10,2.094103e-07,4.954863e-07,6.503460e+02,6.591140e+02,6.503460e-01,6.591140e-01,1.000000e-09,15,3,true
3,cosine,V-exact,v_exact,v,exact,1.00,mg_exact,cuda,double,383,10,1.322405e-10,3.237494e-07,8.839965e-07,5.604690e+02,5.669940e+02,5.604690e-01,5.669940e-01,1.000000e-09,15,3,true
3,cosine,V-exact,v_exact,v,exact,1.05,mg_exact,cuda,double,383,9,4.262520e-10,3.237427e-07,8.839750e-07,5.244440e+02,5.317180e+02,5.244440e-01,5.317180e-01,1.000000e-09,15,3,true
3,cosine,V-exact,v_exact,v,exact,1.10,mg_exact,cuda,double,383,9,7.904486e-11,3.237508e-07,8.840008e-07,5.465720e+02,5.523490e+02,5.465720e-01,5.523490e-01,1.000000e-09,15,3,true
3,cosine,V-exact,v_exact,v,exact,1.15,mg_exact,cuda,double,383,8,2.467530e-10,3.237471e-07,8.839884e-07,4.707430e+02,4.756470e+02,4.707430e-01,4.756470e-01,1.000000e-09,15,3,true
3,cosine,V-exact,v_exact,v,exact,1.20,mg_exact,cuda,double,383,7,7.426168e-10,3.237361e-07,8.839526e-07,4.326820e+02,4.449710e+02,4.326820e-01,4.449710e-01,1.000000e-09,15,3,true
3,cosine,V-exact,v_exact,v,exact,1.25,mg_exact,cuda,double,383,7,3.822261e-11,3.237518e-07,8.840041e-07,4.292870e+02,4.349420e+02,4.292870e-01,4.349420e-01,1.000000e-09,15,3,true
3,cosine,V-exact,v_exact,v,exact,1.30,mg_exact,cuda,double,383,7,1.857012e-11,3.237528e-07,8.840071e-07,4.374060e+02,4.671940e+02,4.374060e-01,4.671940e-01,1.000000e-09,15,3,true
3,cosine,V-exact,v_exact,v,exact,1.35,mg_exact,cuda,double,383,8,2.437846e-11,3.237528e-07,8.840071e-07,4.738850e+02,4.790550e+02,4.738850e-01,4.790550e-01,1.000000e-09,15,3,true
3,cosine,V-exact,v_exact,v,exact,1.40,mg_exact,cuda,double,383,8,7.111660e-10,3.237528e-07,8.840073e-07,4.690300e+02,4.769890e+02,4.690300e-01,4.769890e-01,1.000000e-09,15,3,true
3,cosine,V-exact,v_exact,v,exact,1.45,mg_exact,cuda,double,383,9,5.424326e-10,3.237528e-07,8.840067e-07,5.273200e+02,5.321600e+02,5.273200e-01,5.321600e-01,1.000000e-09,15,3,true
3,cosine,V-exact,v_exact,v,exact,1.50,mg_exact,cuda,double,383,10,5.432044e-10,3.237527e-07,8.840076e-07,5.628870e+02,5.813920e+02,5.628870e-01,5.813920e-01,1.000000e-09,15,3,true
3,cosine,V-SOR,v_sor,v,sor,1.00,mg_sor,cuda,double,383,10,1.322437e-10,3.237494e-07,8.839965e-07,5.876750e+02,5.918850e+02,5.876750e-01,5.918850e-01,1.000000e-09,15,3,true
3,cosine,V-SOR,v_sor,v,sor,1.05,mg_sor,cuda,double,383,9,4.262554e-10,3.237427e-07,8.839750e-07,5.506670e+02,5.552960e+02,5.506670e-01,5.552960e-01,1.000000e-09,15,3,true
3,cosine,V-SOR,v_sor,v,sor,1.10,mg_sor,cuda,double,383,9,7.904486e-11,3.237508e-07,8.840008e-07,5.297830e+02,5.338860e+02,5.297830e-01,5.338860e-01,1.000000e-09,15,3,true
3,cosine,V-SOR,v_sor,v,sor,1.15,mg_sor,cuda,double,383,8,2.467530e-10,3.237471e-07,8.839884e-07,5.119400e+02,5.187760e+02,5.119400e-01,5.187760e-01,1.000000e-09,15,3,true
3,cosine,V-SOR,v_sor,v,sor,1.20,mg_sor,cuda,double,383,7,7.426169e-10,3.237361e-07,8.839526e-07,4.506970e+02,4.558460e+02,4.506970e-01,4.558460e-01,1.000000e-09,15,3,true
3,cosine,V-SOR,v_sor,v,sor,1.25,mg_sor,cuda,double,383,7,3.822265e-11,3.237518e-07,8.840041e-07,4.688580e+02,4.826580e+02,4.688580e-01,4.826580e-01,1.000000e-09,15,3,true
3,cosine,V-SOR,v_sor,v,sor,1.30,mg_sor,cuda,double,383,7,1.857193e-11,3.237528e-07,8.840071e-07,4.392660e+02,4.583550e+02,4.392660e-01,4.583550e-01,1.000000e-09,15,3,true
3,cosine,V-SOR,v_sor,v,sor,1.35,mg_sor,cuda,double,383,8,2.437796e-11,3.237528e-07,8.840071e-07,4.979120e+02,5.037630e+02,4.979120e-01,5.037630e-01,1.000000e-09,15,3,true
3,cosine,V-SOR,v_sor,v,sor,1.40,mg_sor,cuda,double,383,8,7.111660e-10,3.237528e-07,8.840073e-07,4.812470e+02,4.925830e+02,4.812470e-01,4.925830e-01,1.000000e-09,15,3,true
3,cosine,V-SOR,v_sor,v,sor,1.45,mg_sor,cuda,double,383,9,5.424341e-10,3.237528e-07,8.840067e-07,5.291450e+02,5.352070e+02,5.291450e-01,5.352070e-01,1.000000e-09,15,3,true
3,cosine,V-SOR,v_sor,v,sor,1.50,mg_sor,cuda,double,383,10,5.432075e-10,3.237527e-07,8.840076e-07,5.832250e+02,5.891030e+02,5.832250e-01,5.891030e-01,1.000000e-09,15,3,true
3,cosine,W-exact,w_exact,w,exact,1.00,mg_exact,cuda,double,383,9,6.726635e-11,3.237528e-07,8.840071e-07,6.729380e+02,7.141630e+02,6.729380e-01,7.141630e-01,1.000000e-09,15,3,true
3,cosine,W-exact,w_exact,w,exact,1.05,mg_exact,cuda,double,383,8,3.594925e-10,3.237528e-07,8.840071e-07,5.898330e+02,5.984660e+02,5.898330e-01,5.984660e-01,1.000000e-09,15,3,true
3,cosine,W-exact,w_exact,w,exact,1.10,mg_exact,cuda,double,383,8,7.155607e-11,3.237528e-07,8.840071e-07,5.761090e+02,5.848990e+02,5.761090e-01,5.848990e-01,1.000000e-09,15,3,true
3,cosine,W-exact,w_exact,w,exact,1.15,mg_exact,cuda,double,383,7,3.946800e-10,3.237528e-07,8.840071e-07,5.146920e+02,5.291470e+02,5.146920e-01,5.291470e-01,1.000000e-09,15,3,true
3,cosine,W-exact,w_exact,w,exact,1.20,mg_exact,cuda,double,383,7,4.277011e-11,3.237528e-07,8.840071e-07,5.122380e+02,5.204180e+02,5.122380e-01,5.204180e-01,1.000000e-09,15,3,true
3,cosine,W-exact,w_exact,w,exact,1.25,mg_exact,cuda,double,383,6,1.654450e-10,3.237528e-07,8.840071e-07,4.990090e+02,5.082700e+02,4.990090e-01,5.082700e-01,1.000000e-09,15,3,true
3,cosine,W-exact,w_exact,w,exact,1.30,mg_exact,cuda,double,383,6,7.379105e-10,3.237528e-07,8.840071e-07,4.589910e+02,4.679560e+02,4.589910e-01,4.679560e-01,1.000000e-09,15,3,true
3,cosine,W-exact,w_exact,w,exact,1.35,mg_exact,cuda,double,383,7,3.437516e-10,3.237528e-07,8.840071e-07,5.594670e+02,5.690300e+02,5.594670e-01,5.690300e-01,1.000000e-09,15,3,true
3,cosine,W-exact,w_exact,w,exact,1.40,mg_exact,cuda,double,383,8,1.445632e-10,3.237528e-07,8.840071e-07,5.769920e+02,5.895220e+02,5.769920e-01,5.895220e-01,1.000000e-09,15,3,true
3,cosine,W-exact,w_exact,w,exact,1.45,mg_exact,cuda,double,383,9,7.238456e-11,3.237528e-07,8.840071e-07,6.151820e+02,6.263790e+02,6.151820e-01,6.263790e-01,1.000000e-09,15,3,true
3,cosine,W-exact,w_exact,w,exact,1.50,mg_exact,cuda,double,383,9,9.742639e-10,3.237528e-07,8.840071e-07,6.333840e+02,6.437710e+02,6.333840e-01,6.437710e-01,1.000000e-09,15,3,true
3,cosine,W-SOR,w_sor,w,sor,1.00,mg_sor,cuda,double,383,9,6.726714e-11,3.237528e-07,8.840071e-07,6.502710e+02,6.621170e+02,6.502710e-01,6.621170e-01,1.000000e-09,15,3,true
3,cosine,W-SOR,w_sor,w,sor,1.05,mg_sor,cuda,double,383,8,3.594926e-10,3.237528e-07,8.840071e-07,5.587390e+02,5.680430e+02,5.587390e-01,5.680430e-01,1.000000e-09,15,3,true
3,cosine,W-SOR,w_sor,w,sor,1.10,mg_sor,cuda,double,383,8,7.155607e-11,3.237528e-07,8.840071e-07,5.692310e+02,5.774450e+02,5.692310e-01,5.774450e-01,1.000000e-09,15,3,true
3,cosine,W-SOR,w_sor,w,sor,1.15,mg_sor,cuda,double,383,7,3.946808e-10,3.237528e-07,8.840071e-07,5.318260e+02,5.413180e+02,5.318260e-01,5.413180e-01,1.000000e-09,15,3,true
3,cosine,W-SOR,w_sor,w,sor,1.20,mg_sor,cuda,double,383,7,4.276978e-11,3.237528e-07,8.840071e-07,5.422800e+02,5.526210e+02,5.422800e-01,5.526210e-01,1.000000e-09,15,3,true
3,cosine,W-SOR,w_sor,w,sor,1.25,mg_sor,cuda,double,383,6,1.654452e-10,3.237528e-07,8.840071e-07,4.545650e+02,4.660530e+02,4.545650e-01,4.660530e-01,1.000000e-09,15,3,true
3,cosine,W-SOR,w_sor,w,sor,1.30,mg_sor,cuda,double,383,6,7.379099e-10,3.237528e-07,8.840071e-07,4.711720e+02,4.808560e+02,4.711720e-01,4.808560e-01,1.000000e-09,15,3,true
3,cosine,W-SOR,w_sor,w,sor,1.35,mg_sor,cuda,double,383,7,3.437487e-10,3.237528e-07,8.840071e-07,5.040040e+02,5.128180e+02,5.040040e-01,5.128180e-01,1.000000e-09,15,3,true
3,cosine,W-SOR,w_sor,w,sor,1.40,mg_sor,cuda,double,383,8,1.445635e-10,3.237528e-07,8.840071e-07,5.754120e+02,5.841950e+02,5.754120e-01,5.841950e-01,1.000000e-09,15,3,true
3,cosine,W-SOR,w_sor,w,sor,1.45,mg_sor,cuda,double,383,9,7.238255e-11,3.237528e-07,8.840071e-07,6.341020e+02,6.467990e+02,6.341020e-01,6.467990e-01,1.000000e-09,15,3,true
3,cosine,W-SOR,w_sor,w,sor,1.50,mg_sor,cuda,double,383,9,9.742686e-10,3.237528e-07,8.840071e-07,6.046070e+02,6.133880e+02,6.046070e-01,6.133880e-01,1.000000e-09,15,3,true
3,sine,V-exact,v_exact,v,exact,1.00,mg_exact,cuda,double,383,8,3.381609e-10,1.971941e-06,5.577490e-06,5.599360e+02,5.647660e+02,5.599360e-01,5.647660e-01,1.000000e-09,15,4,true
3,sine,V-exact,v_exact,v,exact,1.05,mg_exact,cuda,double,383,8,1.008233e-10,1.972001e-06,5.577662e-06,5.634390e+02,5.683850e+02,5.634390e-01,5.683850e-01,1.000000e-09,15,4,true
3,sine,V-exact,v_exact,v,exact,1.10,mg_exact,cuda,double,383,7,5.771745e-10,1.971896e-06,5.577364e-06,6.013500e+02,6.061660e+02,6.013500e-01,6.061660e-01,1.000000e-09,15,4,true
3,sine,V-exact,v_exact,v,exact,1.15,mg_exact,cuda,double,383,7,1.410191e-10,1.971995e-06,5.577645e-06,5.608260e+02,5.652110e+02,5.608260e-01,5.652110e-01,1.000000e-09,15,4,true
3,sine,V-exact,v_exact,v,exact,1.20,mg_exact,cuda,double,383,6,8.763742e-10,1.971853e-06,5.577243e-06,5.192110e+02,5.238700e+02,5.192110e-01,5.238700e-01,1.000000e-09,15,4,true
3,sine,V-exact,v_exact,v,exact,1.25,mg_exact,cuda,double,383,6,1.084548e-10,1.972005e-06,5.577673e-06,4.572730e+02,4.628480e+02,4.572730e-01,4.628480e-01,1.000000e-09,15,4,true
3,sine,V-exact,v_exact,v,exact,1.30,mg_exact,cuda,double,383,5,3.159286e-10,1.971973e-06,5.577583e-06,4.315570e+02,4.382550e+02,4.315570e-01,4.382550e-01,1.000000e-09,15,4,true
3,sine,V-exact,v_exact,v,exact,1.35,mg_exact,cuda,double,383,4,7.123561e-11,1.972024e-06,5.577727e-06,3.702930e+02,3.753280e+02,3.702930e-01,3.753280e-01,1.000000e-09,15,4,true
3,sine,V-exact,v_exact,v,exact,1.40,mg_exact,cuda,double,383,5,1.980256e-10,1.972049e-06,5.577797e-06,4.134470e+02,4.197380e+02,4.134470e-01,4.197380e-01,1.000000e-09,15,4,true
3,sine,V-exact,v_exact,v,exact,1.45,mg_exact,cuda,double,383,6,2.753484e-10,1.971991e-06,5.577633e-06,4.826170e+02,5.088350e+02,4.826170e-01,5.088350e-01,1.000000e-09,15,4,true
3,sine,V-exact,v_exact,v,exact,1.50,mg_exact,cuda,double,383,7,2.410790e-10,1.972053e-06,5.577809e-06,5.151390e+02,5.202430e+02,5.151390e-01,5.202430e-01,1.000000e-09,15,4,true
3,sine,V-SOR,v_sor,v,sor,1.00,mg_sor,cuda,double,383,8,3.381632e-10,1.971941e-06,5.577490e-06,5.719800e+02,5.803380e+02,5.719800e-01,5.803380e-01,1.000000e-09,15,4,true
3,sine,V-SOR,v_sor,v,sor,1.05,mg_sor,cuda,double,383,8,1.008186e-10,1.972001e-06,5.577662e-06,5.756610e+02,5.810270e+02,5.756610e-01,5.810270e-01,1.000000e-09,15,4,true
3,sine,V-SOR,v_sor,v,sor,1.10,mg_sor,cuda,double,383,7,5.771754e-10,1.971896e-06,5.577364e-06,5.181490e+02,5.235540e+02,5.181490e-01,5.235540e-01,1.000000e-09,15,4,true
3,sine,V-SOR,v_sor,v,sor,1.15,mg_sor,cuda,double,383,7,1.410256e-10,1.971995e-06,5.577645e-06,5.100930e+02,5.160350e+02,5.100930e-01,5.160350e-01,1.000000e-09,15,4,true
3,sine,V-SOR,v_sor,v,sor,1.20,mg_sor,cuda,double,383,6,8.763716e-10,1.971853e-06,5.577243e-06,4.808480e+02,4.850680e+02,4.808480e-01,4.850680e-01,1.000000e-09,15,4,true
3,sine,V-SOR,v_sor,v,sor,1.25,mg_sor,cuda,double,383,6,1.084560e-10,1.972005e-06,5.577673e-06,4.642570e+02,4.690060e+02,4.642570e-01,4.690060e-01,1.000000e-09,15,4,true
3,sine,V-SOR,v_sor,v,sor,1.30,mg_sor,cuda,double,383,5,3.159290e-10,1.971973e-06,5.577583e-06,4.050660e+02,4.140370e+02,4.050660e-01,4.140370e-01,1.000000e-09,15,4,true
3,sine,V-SOR,v_sor,v,sor,1.35,mg_sor,cuda,double,383,4,7.123494e-11,1.972024e-06,5.577727e-06,3.501850e+02,3.543670e+02,3.501850e-01,3.543670e-01,1.000000e-09,15,4,true
3,sine,V-SOR,v_sor,v,sor,1.40,mg_sor,cuda,double,383,5,1.980206e-10,1.972049e-06,5.577797e-06,4.402140e+02,4.455870e+02,4.402140e-01,4.455870e-01,1.000000e-09,15,4,true
3,sine,V-SOR,v_sor,v,sor,1.45,mg_sor,cuda,double,383,6,2.753554e-10,1.971991e-06,5.577633e-06,4.495360e+02,4.630670e+02,4.495360e-01,4.630670e-01,1.000000e-09,15,4,true
3,sine,V-SOR,v_sor,v,sor,1.50,mg_sor,cuda,double,383,7,2.410809e-10,1.972053e-06,5.577809e-06,5.175260e+02,5.218400e+02,5.175260e-01,5.218400e-01,1.000000e-09,15,4,true
3,sine,W-exact,w_exact,w,exact,1.00,mg_exact,cuda,double,383,3,3.979648e-12,1.972025e-06,5.577730e-06,3.433210e+02,3.590910e+02,3.433210e-01,3.590910e-01,1.000000e-09,15,4,true
3,sine,W-exact,w_exact,w,exact,1.05,mg_exact,cuda,double,383,3,3.977155e-12,1.972025e-06,5.577730e-06,3.390120e+02,3.509120e+02,3.390120e-01,3.509120e-01,1.000000e-09,15,4,true
3,sine,W-exact,w_exact,w,exact,1.10,mg_exact,cuda,double,383,3,4.414118e-12,1.972025e-06,5.577730e-06,3.401780e+02,3.500020e+02,3.401780e-01,3.500020e-01,1.000000e-09,15,4,true
3,sine,W-exact,w_exact,w,exact,1.15,mg_exact,cuda,double,383,3,5.068551e-12,1.972025e-06,5.577730e-06,3.451120e+02,3.546830e+02,3.451120e-01,3.546830e-01,1.000000e-09,15,4,true
3,sine,W-exact,w_exact,w,exact,1.20,mg_exact,cuda,double,383,3,5.525469e-12,1.972025e-06,5.577730e-06,3.814210e+02,3.909670e+02,3.814210e-01,3.909670e-01,1.000000e-09,15,4,true
3,sine,W-exact,w_exact,w,exact,1.25,mg_exact,cuda,double,383,3,7.327955e-12,1.972025e-06,5.577730e-06,3.516510e+02,3.614350e+02,3.516510e-01,3.614350e-01,1.000000e-09,15,4,true
3,sine,W-exact,w_exact,w,exact,1.30,mg_exact,cuda,double,383,3,3.329842e-11,1.972025e-06,5.577730e-06,3.459640e+02,3.553820e+02,3.459640e-01,3.553820e-01,1.000000e-09,15,4,true
3,sine,W-exact,w_exact,w,exact,1.35,mg_exact,cuda,double,383,3,5.274002e-10,1.972025e-06,5.577729e-06,3.365700e+02,3.462790e+02,3.365700e-01,3.462790e-01,1.000000e-09,15,4,true
3,sine,W-exact,w_exact,w,exact,1.40,mg_exact,cuda,double,383,4,9.124785e-12,1.972025e-06,5.577730e-06,4.610030e+02,4.744110e+02,4.610030e-01,4.744110e-01,1.000000e-09,15,4,true
3,sine,W-exact,w_exact,w,exact,1.45,mg_exact,cuda,double,383,4,1.835971e-10,1.972025e-06,5.577730e-06,4.013480e+02,4.110550e+02,4.013480e-01,4.110550e-01,1.000000e-09,15,4,true
3,sine,W-exact,w_exact,w,exact,1.50,mg_exact,cuda,double,383,5,1.240324e-11,1.972025e-06,5.577730e-06,5.232850e+02,5.340840e+02,5.232850e-01,5.340840e-01,1.000000e-09,15,4,true
3,sine,W-SOR,w_sor,w,sor,1.00,mg_sor,cuda,double,383,3,3.979081e-12,1.972025e-06,5.577730e-06,3.529630e+02,3.657670e+02,3.529630e-01,3.657670e-01,1.000000e-09,15,4,true
3,sine,W-SOR,w_sor,w,sor,1.05,mg_sor,cuda,double,383,3,3.976904e-12,1.972025e-06,5.577730e-06,3.390590e+02,3.494650e+02,3.390590e-01,3.494650e-01,1.000000e-09,15,4,true
3,sine,W-SOR,w_sor,w,sor,1.10,mg_sor,cuda,double,383,3,4.413092e-12,1.972025e-06,5.577730e-06,3.533720e+02,3.640660e+02,3.533720e-01,3.640660e-01,1.000000e-09,15,4,true
3,sine,W-SOR,w_sor,w,sor,1.15,mg_sor,cuda,double,383,3,5.068844e-12,1.972025e-06,5.577730e-06,3.338070e+02,3.447940e+02,3.338070e-01,3.447940e-01,1.000000e-09,15,4,true
3,sine,W-SOR,w_sor,w,sor,1.20,mg_sor,cuda,double,383,3,5.526929e-12,1.972025e-06,5.577730e-06,3.434550e+02,3.535260e+02,3.434550e-01,3.535260e-01,1.000000e-09,15,4,true
3,sine,W-SOR,w_sor,w,sor,1.25,mg_sor,cuda,double,383,3,7.325932e-12,1.972025e-06,5.577730e-06,3.712780e+02,4.113570e+02,3.712780e-01,4.113570e-01,1.000000e-09,15,4,true
3,sine,W-SOR,w_sor,w,sor,1.30,mg_sor,cuda,double,383,3,3.329951e-11,1.972025e-06,5.577730e-06,3.590590e+02,3.686600e+02,3.590590e-01,3.686600e-01,1.000000e-09,15,4,true
3,sine,W-SOR,w_sor,w,sor,1.35,mg_sor,cuda,double,383,3,5.274008e-10,1.972025e-06,5.577729e-06,3.523330e+02,3.617560e+02,3.523330e-01,3.617560e-01,1.000000e-09,15,4,true
3,sine,W-SOR,w_sor,w,sor,1.40,mg_sor,cuda,double,383,4,9.121969e-12,1.972025e-06,5.577730e-06,4.319700e+02,4.461380e+02,4.319700e-01,4.461380e-01,1.000000e-09,15,4,true
3,sine,W-SOR,w_sor,w,sor,1.45,mg_sor,cuda,double,383,4,1.835938e-10,1.972025e-06,5.577730e-06,3.976690e+02,4.073920e+02,3.976690e-01,4.073920e-01,1.000000e-09,15,4,true
3,sine,W-SOR,w_sor,w,sor,1.50,mg_sor,cuda,double,383,5,1.240395e-11,1.972025e-06,5.577730e-06,4.789590e+02,4.886020e+02,4.789590e-01,4.886020e-01,1.000000e-09,15,4,true
3,mixed_sine,V-exact,v_exact,v,exact,1.00,mg_exact,cuda,double,383,8,2.409247e-10,2.400506e-05,6.789655e-05,5.940670e+02,5.982030e+02,5.940670e-01,5.982030e-01,1.000000e-09,15,4,true
3,mixed_sine,V-exact,v_exact,v,exact,1.05,mg_exact,cuda,double,383,8,7.155652e-11,2.400510e-05,6.789668e-05,5.843360e+02,5.886650e+02,5.843360e-01,5.886650e-01,1.000000e-09,15,4,true
3,mixed_sine,V-exact,v_exact,v,exact,1.10,mg_exact,cuda,double,383,7,4.066915e-10,2.400503e-05,6.789647e-05,5.276720e+02,5.326050e+02,5.276720e-01,5.326050e-01,1.000000e-09,15,4,true
3,mixed_sine,V-exact,v_exact,v,exact,1.15,mg_exact,cuda,double,383,7,9.002451e-11,2.400510e-05,6.789667e-05,5.185250e+02,5.229690e+02,5.185250e-01,5.229690e-01,1.000000e-09,15,4,true
3,mixed_sine,V-exact,v_exact,v,exact,1.20,mg_exact,cuda,double,383,6,4.984720e-10,2.400502e-05,6.789645e-05,4.697330e+02,4.758420e+02,4.697330e-01,4.758420e-01,1.000000e-09,15,4,true
3,mixed_sine,V-exact,v_exact,v,exact,1.25,mg_exact,cuda,double,383,6,4.447589e-11,2.400511e-05,6.789670e-05,4.838400e+02,4.891040e+02,4.838400e-01,4.891040e-01,1.000000e-09,15,4,true
3,mixed_sine,V-exact,v_exact,v,exact,1.30,mg_exact,cuda,double,383,5,7.043624e-11,2.400511e-05,6.789669e-05,4.127830e+02,4.194390e+02,4.127830e-01,4.194390e-01,1.000000e-09,15,4,true
3,mixed_sine,V-exact,v_exact,v,exact,1.35,mg_exact,cuda,double,383,4,6.804400e-11,2.400512e-05,6.789672e-05,3.467060e+02,3.528300e+02,3.467060e-01,3.528300e-01,1.000000e-09,15,4,true
3,mixed_sine,V-exact,v_exact,v,exact,1.40,mg_exact,cuda,double,383,5,5.541420e-10,2.400519e-05,6.789692e-05,4.046250e+02,4.094500e+02,4.046250e-01,4.094500e-01,1.000000e-09,15,4,true
3,mixed_sine,V-exact,v_exact,v,exact,1.45,mg_exact,cuda,double,383,6,4.008224e-10,2.400507e-05,6.789659e-05,4.613050e+02,4.698040e+02,4.613050e-01,4.698040e-01,1.000000e-09,15,4,true
3,mixed_sine,V-exact,v_exact,v,exact,1.50,mg_exact,cuda,double,383,7,2.410218e-10,2.400514e-05,6.789680e-05,5.149490e+02,5.210130e+02,5.149490e-01,5.210130e-01,1.000000e-09,15,4,true
3,mixed_sine,V-SOR,v_sor,v,sor,1.00,mg_sor,cuda,double,383,8,2.409247e-10,2.400506e-05,6.789655e-05,5.717880e+02,5.787120e+02,5.717880e-01,5.787120e-01,1.000000e-09,15,4,true
3,mixed_sine,V-SOR,v_sor,v,sor,1.05,mg_sor,cuda,double,383,8,7.155652e-11,2.400510e-05,6.789668e-05,5.915020e+02,5.963100e+02,5.915020e-01,5.963100e-01,1.000000e-09,15,4,true
3,mixed_sine,V-SOR,v_sor,v,sor,1.10,mg_sor,cuda,double,383,7,4.066915e-10,2.400503e-05,6.789647e-05,5.122290e+02,5.169430e+02,5.122290e-01,5.169430e-01,1.000000e-09,15,4,true
3,mixed_sine,V-SOR,v_sor,v,sor,1.15,mg_sor,cuda,double,383,7,9.002451e-11,2.400510e-05,6.789667e-05,5.102700e+02,5.153080e+02,5.102700e-01,5.153080e-01,1.000000e-09,15,4,true
3,mixed_sine,V-SOR,v_sor,v,sor,1.20,mg_sor,cuda,double,383,6,4.984720e-10,2.400502e-05,6.789645e-05,4.772410e+02,4.832180e+02,4.772410e-01,4.832180e-01,1.000000e-09,15,4,true
3,mixed_sine,V-SOR,v_sor,v,sor,1.25,mg_sor,cuda,double,383,6,4.447589e-11,2.400511e-05,6.789670e-05,4.667000e+02,4.731560e+02,4.667000e-01,4.731560e-01,1.000000e-09,15,4,true
3,mixed_sine,V-SOR,v_sor,v,sor,1.30,mg_sor,cuda,double,383,5,7.043624e-11,2.400511e-05,6.789669e-05,4.307320e+02,4.362770e+02,4.307320e-01,4.362770e-01,1.000000e-09,15,4,true
3,mixed_sine,V-SOR,v_sor,v,sor,1.35,mg_sor,cuda,double,383,4,6.804400e-11,2.400512e-05,6.789672e-05,4.136840e+02,4.176460e+02,4.136840e-01,4.176460e-01,1.000000e-09,15,4,true
3,mixed_sine,V-SOR,v_sor,v,sor,1.40,mg_sor,cuda,double,383,5,5.541420e-10,2.400519e-05,6.789692e-05,4.037060e+02,4.079090e+02,4.037060e-01,4.079090e-01,1.000000e-09,15,4,true
3,mixed_sine,V-SOR,v_sor,v,sor,1.45,mg_sor,cuda,double,383,6,4.008225e-10,2.400507e-05,6.789659e-05,4.977560e+02,5.080610e+02,4.977560e-01,5.080610e-01,1.000000e-09,15,4,true
3,mixed_sine,V-SOR,v_sor,v,sor,1.50,mg_sor,cuda,double,383,7,2.410216e-10,2.400514e-05,6.789680e-05,5.528850e+02,5.599670e+02,5.528850e-01,5.599670e-01,1.000000e-09,15,4,true
3,mixed_sine,W-exact,w_exact,w,exact,1.00,mg_exact,cuda,double,383,3,3.336794e-10,2.400504e-05,6.789650e-05,3.508820e+02,3.619040e+02,3.508820e-01,3.619040e-01,1.000000e-09,15,4,true
3,mixed_sine,W-exact,w_exact,w,exact,1.05,mg_exact,cuda,double,383,3,2.775821e-10,2.400505e-05,6.789654e-05,3.744470e+02,3.856430e+02,3.744470e-01,3.856430e-01,1.000000e-09,15,4,true
3,mixed_sine,W-exact,w_exact,w,exact,1.10,mg_exact,cuda,double,383,3,2.376719e-10,2.400507e-05,6.789658e-05,3.576560e+02,3.681920e+02,3.576560e-01,3.681920e-01,1.000000e-09,15,4,true
3,mixed_sine,W-exact,w_exact,w,exact,1.15,mg_exact,cuda,double,383,3,2.267682e-10,2.400508e-05,6.789662e-05,3.423010e+02,3.524720e+02,3.423010e-01,3.524720e-01,1.000000e-09,15,4,true
3,mixed_sine,W-exact,w_exact,w,exact,1.20,mg_exact,cuda,double,383,3,2.214147e-10,2.400509e-05,6.789666e-05,3.412520e+02,3.518310e+02,3.412520e-01,3.518310e-01,1.000000e-09,15,4,true
3,mixed_sine,W-exact,w_exact,w,exact,1.25,mg_exact,cuda,double,383,3,2.469419e-10,2.400511e-05,6.789669e-05,3.419210e+02,3.534770e+02,3.419210e-01,3.534770e-01,1.000000e-09,15,4,true
3,mixed_sine,W-exact,w_exact,w,exact,1.30,mg_exact,cuda,double,383,3,3.403105e-10,2.400511e-05,6.789671e-05,3.522490e+02,3.652020e+02,3.522490e-01,3.652020e-01,1.000000e-09,15,4,true
3,mixed_sine,W-exact,w_exact,w,exact,1.35,mg_exact,cuda,double,383,4,7.710546e-13,2.400512e-05,6.789672e-05,4.390430e+02,4.507340e+02,4.390430e-01,4.507340e-01,1.000000e-09,15,4,true
3,mixed_sine,W-exact,w_exact,w,exact,1.40,mg_exact,cuda,double,383,4,9.115411e-12,2.400512e-05,6.789672e-05,4.028970e+02,4.118750e+02,4.028970e-01,4.118750e-01,1.000000e-09,15,4,true
3,mixed_sine,W-exact,w_exact,w,exact,1.45,mg_exact,cuda,double,383,4,1.972635e-10,2.400512e-05,6.789672e-05,4.000790e+02,4.136290e+02,4.000790e-01,4.136290e-01,1.000000e-09,15,4,true
3,mixed_sine,W-exact,w_exact,w,exact,1.50,mg_exact,cuda,double,383,5,1.028768e-11,2.400512e-05,6.789672e-05,4.871780e+02,4.999270e+02,4.871780e-01,4.999270e-01,1.000000e-09,15,4,true
3,mixed_sine,W-SOR,w_sor,w,sor,1.00,mg_sor,cuda,double,383,3,3.336794e-10,2.400504e-05,6.789650e-05,3.311820e+02,3.423790e+02,3.311820e-01,3.423790e-01,1.000000e-09,15,4,true
3,mixed_sine,W-SOR,w_sor,w,sor,1.05,mg_sor,cuda,double,383,3,2.775821e-10,2.400505e-05,6.789654e-05,3.355620e+02,3.481850e+02,3.355620e-01,3.481850e-01,1.000000e-09,15,4,true
3,mixed_sine,W-SOR,w_sor,w,sor,1.10,mg_sor,cuda,double,383,3,2.376719e-10,2.400507e-05,6.789658e-05,3.361830e+02,3.485580e+02,3.361830e-01,3.485580e-01,1.000000e-09,15,4,true
3,mixed_sine,W-SOR,w_sor,w,sor,1.15,mg_sor,cuda,double,383,3,2.267682e-10,2.400508e-05,6.789662e-05,3.442810e+02,3.553400e+02,3.442810e-01,3.553400e-01,1.000000e-09,15,4,true
3,mixed_sine,W-SOR,w_sor,w,sor,1.20,mg_sor,cuda,double,383,3,2.214147e-10,2.400509e-05,6.789666e-05,3.417820e+02,3.524450e+02,3.417820e-01,3.524450e-01,1.000000e-09,15,4,true
3,mixed_sine,W-SOR,w_sor,w,sor,1.25,mg_sor,cuda,double,383,3,2.469419e-10,2.400511e-05,6.789669e-05,3.452950e+02,3.550390e+02,3.452950e-01,3.550390e-01,1.000000e-09,15,4,true
3,mixed_sine,W-SOR,w_sor,w,sor,1.30,mg_sor,cuda,double,383,3,3.403105e-10,2.400511e-05,6.789671e-05,3.345510e+02,3.470040e+02,3.345510e-01,3.470040e-01,1.000000e-09,15,4,true
3,mixed_sine,W-SOR,w_sor,w,sor,1.35,mg_sor,cuda,double,383,4,7.710546e-13,2.400512e-05,6.789672e-05,4.231580e+02,4.330360e+02,4.231580e-01,4.330360e-01,1.000000e-09,15,4,true
3,mixed_sine,W-SOR,w_sor,w,sor,1.40,mg_sor,cuda,double,383,4,9.115411e-12,2.400512e-05,6.789672e-05,3.973550e+02,4.084460e+02,3.973550e-01,4.084460e-01,1.000000e-09,15,4,true
3,mixed_sine,W-SOR,w_sor,w,sor,1.45,mg_sor,cuda,double,383,4,1.972635e-10,2.400512e-05,6.789672e-05,4.088470e+02,4.443550e+02,4.088470e-01,4.443550e-01,1.000000e-09,15,4,true
3,mixed_sine,W-SOR,w_sor,w,sor,1.50,mg_sor,cuda,double,383,5,1.028768e-11,2.400512e-05,6.789672e-05,4.647370e+02,4.736380e+02,4.647370e-01,4.736380e-01,1.000000e-09,15,4,true
3,bubble,V-exact,v_exact,v,exact,1.00,mg_exact,cuda,double,383,8,3.227440e-10,1.458105e-12,4.076571e-12,5.684960e+02,5.741120e+02,5.684960e-01,5.741120e-01,1.000000e-09,15,4,true
3,bubble,V-exact,v_exact,v,exact,1.05,mg_exact,cuda,double,383,8,9.625742e-11,4.144798e-13,1.161951e-12,5.527500e+02,5.575480e+02,5.527500e-01,5.575480e-01,1.000000e-09,15,4,true
3,bubble,V-exact,v_exact,v,exact,1.10,mg_exact,cuda,double,383,7,5.508173e-10,2.224977e-12,6.237099e-12,5.082250e+02,5.149360e+02,5.082250e-01,5.149360e-01,1.000000e-09,15,4,true
3,bubble,V-exact,v_exact,v,exact,1.15,mg_exact,cuda,double,383,7,1.345650e-10,5.146965e-13,1.447993e-12,5.220290e+02,5.272390e+02,5.220290e-01,5.272390e-01,1.000000e-09,15,4,true
3,bubble,V-exact,v_exact,v,exact,1.20,mg_exact,cuda,double,383,6,8.362032e-10,2.957712e-12,8.333124e-12,4.489980e+02,4.555070e+02,4.489980e-01,4.555070e-01,1.000000e-09,15,4,true
3,bubble,V-exact,v_exact,v,exact,1.25,mg_exact,cuda,double,383,6,1.034997e-10,3.447114e-13,9.749181e-13,4.501130e+02,4.562240e+02,4.501130e-01,4.562240e-01,1.000000e-09,15,4,true
3,bubble,V-exact,v_exact,v,exact,1.30,mg_exact,cuda,double,383,5,3.014419e-10,8.965759e-13,2.537399e-12,3.943480e+02,4.079990e+02,3.943480e-01,4.079990e-01,1.000000e-09,15,4,true
3,bubble,V-exact,v_exact,v,exact,1.35,mg_exact,cuda,double,383,5,2.370734e-10,2.820663e-14,8.080689e-14,4.121300e+02,4.174140e+02,4.121300e-01,4.174140e-01,1.000000e-09,15,4,true
3,bubble,V-exact,v_exact,v,exact,1.40,mg_exact,cuda,double,383,6,7.340362e-11,1.367934e-14,3.087027e-14,4.659070e+02,4.741640e+02,4.659070e-01,4.741640e-01,1.000000e-09,15,4,true
3,bubble,V-exact,v_exact,v,exact,1.45,mg_exact,cuda,double,383,6,8.745946e-10,6.318920e-13,9.857323e-13,4.534720e+02,4.626920e+02,4.534720e-01,4.626920e-01,1.000000e-09,15,4,true
3,bubble,V-exact,v_exact,v,exact,1.50,mg_exact,cuda,double,383,7,3.868279e-10,4.856644e-13,9.947581e-13,5.101150e+02,5.145030e+02,5.101150e-01,5.145030e-01,1.000000e-09,15,4,true
3,bubble,V-SOR,v_sor,v,sor,1.00,mg_sor,cuda,double,383,8,3.227427e-10,1.458105e-12,4.076539e-12,5.554900e+02,5.617180e+02,5.554900e-01,5.617180e-01,1.000000e-09,15,4,true
3,bubble,V-SOR,v_sor,v,sor,1.05,mg_sor,cuda,double,383,8,9.625921e-11,4.144728e-13,1.161892e-12,5.665300e+02,5.727120e+02,5.665300e-01,5.727120e-01,1.000000e-09,15,4,true
3,bubble,V-SOR,v_sor,v,sor,1.10,mg_sor,cuda,double,383,7,5.508192e-10,2.224983e-12,6.237132e-12,5.102050e+02,5.154570e+02,5.102050e-01,5.154570e-01,1.000000e-09,15,4,true
3,bubble,V-SOR,v_sor,v,sor,1.15,mg_sor,cuda,double,383,7,1.345666e-10,5.146964e-13,1.447962e-12,4.981730e+02,5.034440e+02,4.981730e-01,5.034440e-01,1.000000e-09,15,4,true
3,bubble,V-SOR,v_sor,v,sor,1.20,mg_sor,cuda,double,383,6,8.362024e-10,2.957714e-12,8.333100e-12,4.597500e+02,4.649810e+02,4.597500e-01,4.649810e-01,1.000000e-09,15,4,true
3,bubble,V-SOR,v_sor,v,sor,1.25,mg_sor,cuda,double,383,6,1.035024e-10,3.447189e-13,9.749580e-13,4.503990e+02,4.553410e+02,4.503990e-01,4.553410e-01,1.000000e-09,15,4,true
3,bubble,V-SOR,v_sor,v,sor,1.30,mg_sor,cuda,double,383,5,3.014405e-10,8.965766e-13,2.537392e-12,4.080510e+02,4.132840e+02,4.080510e-01,4.132840e-01,1.000000e-09,15,4,true
3,bubble,V-SOR,v_sor,v,sor,1.35,mg_sor,cuda,double,383,5,2.370732e-10,2.820700e-14,8.080515e-14,4.097410e+02,4.189590e+02,4.097410e-01,4.189590e-01,1.000000e-09,15,4,true
3,bubble,V-SOR,v_sor,v,sor,1.40,mg_sor,cuda,double,383,6,7.340360e-11,1.368140e-14,3.087634e-14,4.507050e+02,4.552910e+02,4.507050e-01,4.552910e-01,1.000000e-09,15,4,true
3,bubble,V-SOR,v_sor,v,sor,1.45,mg_sor,cuda,double,383,6,8.745954e-10,6.318851e-13,9.856699e-13,4.525110e+02,4.581950e+02,4.525110e-01,4.581950e-01,1.000000e-09,15,4,true
3,bubble,V-SOR,v_sor,v,sor,1.50,mg_sor,cuda,double,383,7,3.868291e-10,4.856727e-13,9.947893e-13,5.270470e+02,5.324760e+02,5.270470e-01,5.324760e-01,1.000000e-09,15,4,true
3,bubble,W-exact,w_exact,w,exact,1.00,mg_exact,cuda,double,383,5,2.505931e-10,1.026638e-15,6.233078e-15,4.601810e+02,4.954630e+02,4.601810e-01,4.954630e-01,1.000000e-09,15,4,true
3,bubble,W-exact,w_exact,w,exact,1.05,mg_exact,cuda,double,383,5,8.659040e-11,6.667226e-16,2.187432e-15,4.576090e+02,4.675450e+02,4.576090e-01,4.675450e-01,1.000000e-09,15,4,true
3,bubble,W-exact,w_exact,w,exact,1.10,mg_exact,cuda,double,383,5,2.279920e-11,5.688121e-16,1.788500e-15,4.786250e+02,4.927870e+02,4.786250e-01,4.927870e-01,1.000000e-09,15,4,true
3,bubble,W-exact,w_exact,w,exact,1.15,mg_exact,cuda,double,383,4,3.955512e-10,1.727731e-15,1.162151e-14,4.176630e+02,4.286720e+02,4.176630e-01,4.286720e-01,1.000000e-09,15,4,true
3,bubble,W-exact,w_exact,w,exact,1.20,mg_exact,cuda,double,383,4,3.178078e-11,4.751285e-16,1.419004e-15,4.187980e+02,4.277620e+02,4.187980e-01,4.277620e-01,1.000000e-09,15,4,true
3,bubble,W-exact,w_exact,w,exact,1.25,mg_exact,cuda,double,383,3,3.412564e-10,8.615838e-16,6.472091e-15,3.284280e+02,3.537510e+02,3.284280e-01,3.537510e-01,1.000000e-09,15,4,true
3,bubble,W-exact,w_exact,w,exact,1.30,mg_exact,cuda,double,383,4,8.481155e-11,4.059929e-16,1.422311e-15,4.109810e+02,4.289260e+02,4.109810e-01,4.289260e-01,1.000000e-09,15,4,true
3,bubble,W-exact,w_exact,w,exact,1.35,mg_exact,cuda,double,383,5,1.528314e-11,3.190465e-16,9.870577e-16,4.593230e+02,4.698730e+02,4.593230e-01,4.698730e-01,1.000000e-09,15,4,true
3,bubble,W-exact,w_exact,w,exact,1.40,mg_exact,cuda,double,383,5,1.457907e-10,4.474493e-16,2.702591e-15,4.717290e+02,4.808450e+02,4.717290e-01,4.808450e-01,1.000000e-09,15,4,true
3,bubble,W-exact,w_exact,w,exact,1.45,mg_exact,cuda,double,383,5,9.518711e-10,2.780228e-15,1.738627e-14,4.654950e+02,5.087760e+02,4.654950e-01,5.087760e-01,1.000000e-09,15,4,true
3,bubble,W-exact,w_exact,w,exact,1.50,mg_exact,cuda,double,383,6,1.543652e-10,4.477623e-16,2.667137e-15,5.314200e+02,5.406120e+02,5.314200e-01,5.406120e-01,1.000000e-09,15,4,true
3,bubble,W-SOR,w_sor,w,sor,1.00,mg_sor,cuda,double,383,5,2.505930e-10,1.031381e-15,6.232374e-15,4.542690e+02,4.685290e+02,4.542690e-01,4.685290e-01,1.000000e-09,15,4,true
3,bubble,W-SOR,w_sor,w,sor,1.05,mg_sor,cuda,double,383,5,8.659054e-11,6.671705e-16,2.187812e-15,4.865170e+02,4.966640e+02,4.865170e-01,4.966640e-01,1.000000e-09,15,4,true
3,bubble,W-SOR,w_sor,w,sor,1.10,mg_sor,cuda,double,383,5,2.279926e-11,5.695059e-16,1.795439e-15,4.565060e+02,4.661350e+02,4.565060e-01,4.661350e-01,1.000000e-09,15,4,true
3,bubble,W-SOR,w_sor,w,sor,1.15,mg_sor,cuda,double,383,4,3.955511e-10,1.728868e-15,1.162097e-14,3.951790e+02,4.057370e+02,3.951790e-01,4.057370e-01,1.000000e-09,15,4,true
3,bubble,W-SOR,w_sor,w,sor,1.20,mg_sor,cuda,double,383,4,3.178063e-11,4.705094e-16,1.398187e-15,4.123920e+02,4.240590e+02,4.123920e-01,4.240590e-01,1.000000e-09,15,4,true
3,bubble,W-SOR,w_sor,w,sor,1.25,mg_sor,cuda,double,383,3,3.412565e-10,8.651992e-16,6.472199e-15,3.544870e+02,3.660820e+02,3.544870e-01,3.660820e-01,1.000000e-09,15,4,true
3,bubble,W-SOR,w_sor,w,sor,1.30,mg_sor,cuda,double,383,4,8.481185e-11,4.253436e-16,1.420847e-15,3.934840e+02,4.037550e+02,3.934840e-01,4.037550e-01,1.000000e-09,15,4,true
3,bubble,W-SOR,w_sor,w,sor,1.35,mg_sor,cuda,double,383,5,1.528348e-11,3.122040e-16,9.471590e-16,4.634600e+02,4.789750e+02,4.634600e-01,4.789750e-01,1.000000e-09,15,4,true
3,bubble,W-SOR,w_sor,w,sor,1.40,mg_sor,cuda,double,383,5,1.457904e-10,4.439356e-16,2.700477e-15,4.643110e+02,4.737180e+02,4.643110e-01,4.737180e-01,1.000000e-09,15,4,true
3,bubble,W-SOR,w_sor,w,sor,1.45,mg_sor,cuda,double,383,5,9.518713e-10,2.789993e-15,1.739136e-14,4.617770e+02,4.710580e+02,4.617770e-01,4.710580e-01,1.000000e-09,15,4,true
3,bubble,W-SOR,w_sor,w,sor,1.50,mg_sor,cuda,double,383,6,1.543653e-10,4.477514e-16,2.666704e-15,5.185810e+02,5.403350e+02,5.185810e-01,5.403350e-01,1.000000e-09,15,4,true
3,exp,V-exact,v_exact,v,exact,1.00,mg_exact,cuda,double,383,9,7.660136e-10,2.093567e-07,4.953323e-07,6.104490e+02,6.184480e+02,6.104490e-01,6.184480e-01,1.000000e-09,15,4,true
3,exp,V-exact,v_exact,v,exact,1.05,mg_exact,cuda,double,383,9,1.765703e-10,2.093973e-07,4.954483e-07,6.240940e+02,6.298370e+02,6.240940e-01,6.298370e-01,1.000000e-09,15,4,true
3,exp,V-exact,v_exact,v,exact,1.10,mg_exact,cuda,double,383,8,8.441490e-10,2.093516e-07,4.953140e-07,5.590000e+02,5.636200e+02,5.590000e-01,5.636200e-01,1.000000e-09,15,4,true
3,exp,V-exact,v_exact,v,exact,1.15,mg_exact,cuda,double,383,8,1.398686e-10,2.093994e-07,4.954543e-07,5.760530e+02,5.811540e+02,5.760530e-01,5.811540e-01,1.000000e-09,15,4,true
3,exp,V-exact,v_exact,v,exact,1.20,mg_exact,cuda,double,383,7,5.675884e-10,2.093624e-07,4.953478e-07,5.019340e+02,5.133250e+02,5.019340e-01,5.133250e-01,1.000000e-09,15,4,true
3,exp,V-exact,v_exact,v,exact,1.25,mg_exact,cuda,double,383,7,5.545829e-11,2.094064e-07,4.954757e-07,5.117890e+02,5.195840e+02,5.117890e-01,5.195840e-01,1.000000e-09,15,4,true
3,exp,V-exact,v_exact,v,exact,1.30,mg_exact,cuda,double,383,6,2.413752e-10,2.094049e-07,4.954723e-07,4.676520e+02,4.746730e+02,4.676520e-01,4.746730e-01,1.000000e-09,15,4,true
3,exp,V-exact,v_exact,v,exact,1.35,mg_exact,cuda,double,383,7,2.278294e-10,2.094103e-07,4.954862e-07,5.154800e+02,5.208490e+02,5.154800e-01,5.208490e-01,1.000000e-09,15,4,true
3,exp,V-exact,v_exact,v,exact,1.40,mg_exact,cuda,double,383,8,1.289709e-10,2.094103e-07,4.954864e-07,5.642740e+02,5.736840e+02,5.642740e-01,5.736840e-01,1.000000e-09,15,4,true
3,exp,V-exact,v_exact,v,exact,1.45,mg_exact,cuda,double,383,9,1.067975e-10,2.094103e-07,4.954862e-07,6.072200e+02,6.127990e+02,6.072200e-01,6.127990e-01,1.000000e-09,15,4,true
3,exp,V-exact,v_exact,v,exact,1.50,mg_exact,cuda,double,383,10,8.354057e-11,2.094103e-07,4.954864e-07,6.731010e+02,6.785120e+02,6.731010e-01,6.785120e-01,1.000000e-09,15,4,true
3,exp,V-SOR,v_sor,v,sor,1.00,mg_sor,cuda,double,383,9,7.660130e-10,2.093567e-07,4.953324e-07,6.114550e+02,6.173110e+02,6.114550e-01,6.173110e-01,1.000000e-09,15,4,true
3,exp,V-SOR,v_sor,v,sor,1.05,mg_sor,cuda,double,383,9,1.766281e-10,2.093973e-07,4.954483e-07,6.397810e+02,6.450490e+02,6.397810e-01,6.450490e-01,1.000000e-09,15,4,true
3,exp,V-SOR,v_sor,v,sor,1.10,mg_sor,cuda,double,383,8,8.441221e-10,2.093516e-07,4.953140e-07,5.653340e+02,5.703100e+02,5.653340e-01,5.703100e-01,1.000000e-09,15,4,true
3,exp,V-SOR,v_sor,v,sor,1.15,mg_sor,cuda,double,383,8,1.398674e-10,2.093994e-07,4.954543e-07,5.557030e+02,5.608470e+02,5.557030e-01,5.608470e-01,1.000000e-09,15,4,true
3,exp,V-SOR,v_sor,v,sor,1.20,mg_sor,cuda,double,383,7,5.675678e-10,2.093624e-07,4.953478e-07,5.400250e+02,5.450350e+02,5.400250e-01,5.450350e-01,1.000000e-09,15,4,true
3,exp,V-SOR,v_sor,v,sor,1.25,mg_sor,cuda,double,383,7,5.544688e-11,2.094064e-07,4.954757e-07,5.088910e+02,5.139520e+02,5.088910e-01,5.139520e-01,1.000000e-09,15,4,true
3,exp,V-SOR,v_sor,v,sor,1.30,mg_sor,cuda,double,383,6,2.413823e-10,2.094049e-07,4.954723e-07,4.492150e+02,4.576510e+02,4.492150e-01,4.576510e-01,1.000000e-09,15,4,true
3,exp,V-SOR,v_sor,v,sor,1.35,mg_sor,cuda,double,383,7,2.278405e-10,2.094103e-07,4.954862e-07,5.067880e+02,5.158610e+02,5.067880e-01,5.158610e-01,1.000000e-09,15,4,true
3,exp,V-SOR,v_sor,v,sor,1.40,mg_sor,cuda,double,383,8,1.289483e-10,2.094103e-07,4.954863e-07,5.643180e+02,5.701330e+02,5.643180e-01,5.701330e-01,1.000000e-09,15,4,true
3,exp,V-SOR,v_sor,v,sor,1.45,mg_sor,cuda,double,383,9,1.068065e-10,2.094103e-07,4.954862e-07,6.250740e+02,6.313880e+02,6.250740e-01,6.313880e-01,1.000000e-09,15,4,true
3,exp,V-SOR,v_sor,v,sor,1.50,mg_sor,cuda,double,383,10,8.356342e-11,2.094103e-07,4.954864e-07,6.940990e+02,6.985240e+02,6.940990e-01,6.985240e-01,1.000000e-09,15,4,true
3,exp,W-exact,w_exact,w,exact,1.00,mg_exact,cuda,double,383,8,9.469815e-10,2.094106e-07,4.954871e-07,6.630310e+02,6.776130e+02,6.630310e-01,6.776130e-01,1.000000e-09,15,4,true
3,exp,W-exact,w_exact,w,exact,1.05,mg_exact,cuda,double,383,8,2.410535e-10,2.094106e-07,4.954870e-07,6.710330e+02,6.804080e+02,6.710330e-01,6.804080e-01,1.000000e-09,15,4,true
3,exp,W-exact,w_exact,w,exact,1.10,mg_exact,cuda,double,383,8,6.606197e-11,2.094106e-07,4.954870e-07,6.820730e+02,7.031970e+02,6.820730e-01,7.031970e-01,1.000000e-09,15,4,true
3,exp,W-exact,w_exact,w,exact,1.15,mg_exact,cuda,double,383,7,3.647081e-10,2.094105e-07,4.954869e-07,6.109530e+02,6.204120e+02,6.109530e-01,6.204120e-01,1.000000e-09,15,4,true
3,exp,W-exact,w_exact,w,exact,1.20,mg_exact,cuda,double,383,7,6.635071e-11,2.094105e-07,4.954869e-07,6.060580e+02,6.159380e+02,6.060580e-01,6.159380e-01,1.000000e-09,15,4,true
3,exp,W-exact,w_exact,w,exact,1.25,mg_exact,cuda,double,383,6,1.936273e-10,2.094106e-07,4.954869e-07,5.511240e+02,5.626850e+02,5.511240e-01,5.626850e-01,1.000000e-09,15,4,true
3,exp,W-exact,w_exact,w,exact,1.30,mg_exact,cuda,double,383,6,1.278206e-10,2.094104e-07,4.954867e-07,5.520840e+02,5.609580e+02,5.520840e-01,5.609580e-01,1.000000e-09,15,4,true
3,exp,W-exact,w_exact,w,exact,1.35,mg_exact,cuda,double,383,7,8.562842e-11,2.094104e-07,4.954866e-07,6.147710e+02,6.247920e+02,6.147710e-01,6.247920e-01,1.000000e-09,15,4,true
3,exp,W-exact,w_exact,w,exact,1.40,mg_exact,cuda,double,383,8,7.005659e-11,2.094104e-07,4.954865e-07,6.647150e+02,6.740170e+02,6.647150e-01,6.740170e-01,1.000000e-09,15,4,true
3,exp,W-exact,w_exact,w,exact,1.45,mg_exact,cuda,double,383,8,3.374348e-10,2.094104e-07,4.954865e-07,6.727760e+02,6.955310e+02,6.727760e-01,6.955310e-01,1.000000e-09,15,4,true
3,exp,W-exact,w_exact,w,exact,1.50,mg_exact,cuda,double,383,9,1.450884e-10,2.094103e-07,4.954863e-07,7.336520e+02,7.432520e+02,7.336520e-01,7.432520e-01,1.000000e-09,15,4,true
3,exp,W-SOR,w_sor,w,sor,1.00,mg_sor,cuda,double,383,8,9.469838e-10,2.094106e-07,4.954871e-07,6.471780e+02,6.563150e+02,6.471780e-01,6.563150e-01,1.000000e-09,15,4,true
3,exp,W-SOR,w_sor,w,sor,1.05,mg_sor,cuda,double,383,8,2.410620e-10,2.094106e-07,4.954870e-07,6.621490e+02,6.752600e+02,6.621490e-01,6.752600e-01,1.000000e-09,15,4,true
3,exp,W-SOR,w_sor,w,sor,1.10,mg_sor,cuda,double,383,8,6.607221e-11,2.094106e-07,4.954870e-07,6.753450e+02,6.853420e+02,6.753450e-01,6.853420e-01,1.000000e-09,15,4,true
3,exp,W-SOR,w_sor,w,sor,1.15,mg_sor,cuda,double,383,7,3.647039e-10,2.094105e-07,4.954869e-07,5.928970e+02,6.025730e+02,5.928970e-01,6.025730e-01,1.000000e-09,15,4,true
3,exp,W-SOR,w_sor,w,sor,1.20,mg_sor,cuda,double,383,7,6.637349e-11,2.094105e-07,4.954869e-07,5.852760e+02,5.961360e+02,5.852760e-01,5.961360e-01,1.000000e-09,15,4,true
3,exp,W-SOR,w_sor,w,sor,1.25,mg_sor,cuda,double,383,6,1.936785e-10,2.094106e-07,4.954869e-07,5.246240e+02,5.337390e+02,5.246240e-01,5.337390e-01,1.000000e-09,15,4,true
3,exp,W-SOR,w_sor,w,sor,1.30,mg_sor,cuda,double,383,6,1.278214e-10,2.094105e-07,4.954867e-07,5.227270e+02,5.322850e+02,5.227270e-01,5.322850e-01,1.000000e-09,15,4,true
3,exp,W-SOR,w_sor,w,sor,1.35,mg_sor,cuda,double,383,7,8.559972e-11,2.094104e-07,4.954866e-07,5.846400e+02,6.003110e+02,5.846400e-01,6.003110e-01,1.000000e-09,15,4,true
3,exp,W-SOR,w_sor,w,sor,1.40,mg_sor,cuda,double,383,8,7.004283e-11,2.094104e-07,4.954865e-07,6.512560e+02,6.732520e+02,6.512560e-01,6.732520e-01,1.000000e-09,15,4,true
3,exp,W-SOR,w_sor,w,sor,1.45,mg_sor,cuda,double,383,8,3.374459e-10,2.094104e-07,4.954865e-07,6.462110e+02,6.609020e+02,6.462110e-01,6.609020e-01,1.000000e-09,15,4,true
3,exp,W-SOR,w_sor,w,sor,1.50,mg_sor,cuda,double,383,9,1.450904e-10,2.094103e-07,4.954863e-07,7.171150e+02,7.289670e+02,7.171150e-01,7.289670e-01,1.000000e-09,15,4,true
3,cosine,V-exact,v_exact,v,exact,1.00,mg_exact,cuda,double,383,9,1.429997e-10,3.237494e-07,8.839960e-07,6.111480e+02,6.159660e+02,6.111480e-01,6.159660e-01,1.000000e-09,15,4,true
3,cosine,V-exact,v_exact,v,exact,1.05,mg_exact,cuda,double,383,8,7.167202e-10,3.237372e-07,8.839561e-07,5.706690e+02,5.762690e+02,5.706690e-01,5.762690e-01,1.000000e-09,15,4,true
3,cosine,V-exact,v_exact,v,exact,1.10,mg_exact,cuda,double,383,8,1.617305e-10,3.237491e-07,8.839950e-07,5.716460e+02,5.911710e+02,5.716460e-01,5.911710e-01,1.000000e-09,15,4,true
3,cosine,V-exact,v_exact,v,exact,1.15,mg_exact,cuda,double,383,7,8.683391e-10,3.237337e-07,8.839460e-07,5.518770e+02,5.568280e+02,5.518770e-01,5.568280e-01,1.000000e-09,15,4,true
3,cosine,V-exact,v_exact,v,exact,1.20,mg_exact,cuda,double,383,7,1.180616e-10,3.237498e-07,8.839979e-07,5.033400e+02,5.079830e+02,5.033400e-01,5.079830e-01,1.000000e-09,15,4,true
3,cosine,V-exact,v_exact,v,exact,1.25,mg_exact,cuda,double,383,6,4.448331e-10,3.237407e-07,8.839715e-07,4.550020e+02,4.625710e+02,4.550020e-01,4.625710e-01,1.000000e-09,15,4,true
3,cosine,V-exact,v_exact,v,exact,1.30,mg_exact,cuda,double,383,6,2.635577e-11,3.237525e-07,8.840063e-07,4.549330e+02,4.609590e+02,4.549330e-01,4.609590e-01,1.000000e-09,15,4,true
3,cosine,V-exact,v_exact,v,exact,1.35,mg_exact,cuda,double,383,7,2.373231e-11,3.237528e-07,8.840071e-07,5.331720e+02,5.391040e+02,5.331720e-01,5.391040e-01,1.000000e-09,15,4,true
3,cosine,V-exact,v_exact,v,exact,1.40,mg_exact,cuda,double,383,7,5.847247e-10,3.237528e-07,8.840067e-07,5.088860e+02,5.286070e+02,5.088860e-01,5.286070e-01,1.000000e-09,15,4,true
3,cosine,V-exact,v_exact,v,exact,1.45,mg_exact,cuda,double,383,8,2.349489e-10,3.237527e-07,8.840073e-07,5.641500e+02,5.695810e+02,5.641500e-01,5.695810e-01,1.000000e-09,15,4,true
3,cosine,V-exact,v_exact,v,exact,1.50,mg_exact,cuda,double,383,9,1.298512e-10,3.237528e-07,8.840070e-07,6.285810e+02,6.457240e+02,6.285810e-01,6.457240e-01,1.000000e-09,15,4,true
3,cosine,V-SOR,v_sor,v,sor,1.00,mg_sor,cuda,double,383,9,1.430027e-10,3.237494e-07,8.839960e-07,6.135530e+02,6.199990e+02,6.135530e-01,6.199990e-01,1.000000e-09,15,4,true
3,cosine,V-SOR,v_sor,v,sor,1.05,mg_sor,cuda,double,383,8,7.167193e-10,3.237372e-07,8.839561e-07,5.577250e+02,5.640450e+02,5.577250e-01,5.640450e-01,1.000000e-09,15,4,true
3,cosine,V-SOR,v_sor,v,sor,1.10,mg_sor,cuda,double,383,8,1.617305e-10,3.237491e-07,8.839950e-07,5.835180e+02,5.890760e+02,5.835180e-01,5.890760e-01,1.000000e-09,15,4,true
3,cosine,V-SOR,v_sor,v,sor,1.15,mg_sor,cuda,double,383,7,8.683362e-10,3.237337e-07,8.839460e-07,5.188820e+02,5.229590e+02,5.188820e-01,5.229590e-01,1.000000e-09,15,4,true
3,cosine,V-SOR,v_sor,v,sor,1.20,mg_sor,cuda,double,383,7,1.180576e-10,3.237498e-07,8.839979e-07,5.079560e+02,5.126120e+02,5.079560e-01,5.126120e-01,1.000000e-09,15,4,true
3,cosine,V-SOR,v_sor,v,sor,1.25,mg_sor,cuda,double,383,6,4.448324e-10,3.237407e-07,8.839715e-07,4.569570e+02,4.621540e+02,4.569570e-01,4.621540e-01,1.000000e-09,15,4,true
3,cosine,V-SOR,v_sor,v,sor,1.30,mg_sor,cuda,double,383,6,2.635381e-11,3.237525e-07,8.840063e-07,4.601830e+02,4.647940e+02,4.601830e-01,4.647940e-01,1.000000e-09,15,4,true
3,cosine,V-SOR,v_sor,v,sor,1.35,mg_sor,cuda,double,383,7,2.373138e-11,3.237528e-07,8.840071e-07,5.378580e+02,5.425370e+02,5.378580e-01,5.425370e-01,1.000000e-09,15,4,true
3,cosine,V-SOR,v_sor,v,sor,1.40,mg_sor,cuda,double,383,7,5.847237e-10,3.237528e-07,8.840067e-07,5.248520e+02,5.302830e+02,5.248520e-01,5.302830e-01,1.000000e-09,15,4,true
3,cosine,V-SOR,v_sor,v,sor,1.45,mg_sor,cuda,double,383,8,2.349462e-10,3.237527e-07,8.840073e-07,5.928600e+02,5.978420e+02,5.928600e-01,5.978420e-01,1.000000e-09,15,4,true
3,cosine,V-SOR,v_sor,v,sor,1.50,mg_sor,cuda,double,383,9,1.298539e-10,3.237528e-07,8.840070e-07,6.287660e+02,6.339860e+02,6.287660e-01,6.339860e-01,1.000000e-09,15,4,true
3,cosine,W-exact,w_exact,w,exact,1.00,mg_exact,cuda,double,383,8,1.494303e-10,3.237528e-07,8.840071e-07,6.967180e+02,7.062350e+02,6.967180e-01,7.062350e-01,1.000000e-09,15,4,true
3,cosine,W-exact,w_exact,w,exact,1.05,mg_exact,cuda,double,383,8,3.799515e-11,3.237528e-07,8.840071e-07,6.640310e+02,6.778710e+02,6.640310e-01,6.778710e-01,1.000000e-09,15,4,true
3,cosine,W-exact,w_exact,w,exact,1.10,mg_exact,cuda,double,383,7,3.139738e-10,3.237528e-07,8.840071e-07,6.015110e+02,6.162860e+02,6.015110e-01,6.162860e-01,1.000000e-09,15,4,true
3,cosine,W-exact,w_exact,w,exact,1.15,mg_exact,cuda,double,383,7,5.841855e-11,3.237528e-07,8.840071e-07,6.331090e+02,6.430330e+02,6.331090e-01,6.430330e-01,1.000000e-09,15,4,true
3,cosine,W-exact,w_exact,w,exact,1.20,mg_exact,cuda,double,383,6,4.572438e-10,3.237528e-07,8.840071e-07,5.731740e+02,5.830040e+02,5.731740e-01,5.830040e-01,1.000000e-09,15,4,true
3,cosine,W-exact,w_exact,w,exact,1.25,mg_exact,cuda,double,383,6,3.190742e-11,3.237528e-07,8.840071e-07,5.635130e+02,5.736870e+02,5.635130e-01,5.736870e-01,1.000000e-09,15,4,true
3,cosine,W-exact,w_exact,w,exact,1.30,mg_exact,cuda,double,383,6,1.437643e-11,3.237528e-07,8.840071e-07,5.460680e+02,5.578730e+02,5.460680e-01,5.578730e-01,1.000000e-09,15,4,true
3,cosine,W-exact,w_exact,w,exact,1.35,mg_exact,cuda,double,383,6,6.217456e-10,3.237528e-07,8.840071e-07,5.734290e+02,5.839260e+02,5.734290e-01,5.839260e-01,1.000000e-09,15,4,true
3,cosine,W-exact,w_exact,w,exact,1.40,mg_exact,cuda,double,383,7,1.449960e-10,3.237528e-07,8.840071e-07,5.981470e+02,6.082070e+02,5.981470e-01,6.082070e-01,1.000000e-09,15,4,true
3,cosine,W-exact,w_exact,w,exact,1.45,mg_exact,cuda,double,383,8,4.018893e-11,3.237528e-07,8.840071e-07,6.785860e+02,6.924310e+02,6.785860e-01,6.924310e-01,1.000000e-09,15,4,true
3,cosine,W-exact,w_exact,w,exact,1.50,mg_exact,cuda,double,383,8,4.611968e-10,3.237528e-07,8.840071e-07,7.463810e+02,7.583150e+02,7.463810e-01,7.583150e-01,1.000000e-09,15,4,true
3,cosine,W-SOR,w_sor,w,sor,1.00,mg_sor,cuda,double,383,8,1.494303e-10,3.237528e-07,8.840071e-07,6.931380e+02,7.074690e+02,6.931380e-01,7.074690e-01,1.000000e-09,15,4,true
3,cosine,W-SOR,w_sor,w,sor,1.05,mg_sor,cuda,double,383,8,3.799515e-11,3.237528e-07,8.840071e-07,6.789250e+02,6.885200e+02,6.789250e-01,6.885200e-01,1.000000e-09,15,4,true
3,cosine,W-SOR,w_sor,w,sor,1.10,mg_sor,cuda,double,383,7,3.139738e-10,3.237528e-07,8.840071e-07,6.300530e+02,6.396400e+02,6.300530e-01,6.396400e-01,1.000000e-09,15,4,true
3,cosine,W-SOR,w_sor,w,sor,1.15,mg_sor,cuda,double,383,7,5.841855e-11,3.237528e-07,8.840071e-07,6.050120e+02,6.141660e+02,6.050120e-01,6.141660e-01,1.000000e-09,15,4,true
3,cosine,W-SOR,w_sor,w,sor,1.20,mg_sor,cuda,double,383,6,4.572438e-10,3.237528e-07,8.840071e-07,6.247760e+02,6.392760e+02,6.247760e-01,6.392760e-01,1.000000e-09,15,4,true
3,cosine,W-SOR,w_sor,w,sor,1.25,mg_sor,cuda,double,383,6,3.190742e-11,3.237528e-07,8.840071e-07,5.337480e+02,5.468260e+02,5.337480e-01,5.468260e-01,1.000000e-09,15,4,true
3,cosine,W-SOR,w_sor,w,sor,1.30,mg_sor,cuda,double,383,6,1.437747e-11,3.237528e-07,8.840071e-07,5.566020e+02,5.676370e+02,5.566020e-01,5.676370e-01,1.000000e-09,15,4,true
3,cosine,W-SOR,w_sor,w,sor,1.35,mg_sor,cuda,double,383,6,6.217466e-10,3.237528e-07,8.840071e-07,5.467290e+02,5.568370e+02,5.467290e-01,5.568370e-01,1.000000e-09,15,4,true
3,cosine,W-SOR,w_sor,w,sor,1.40,mg_sor,cuda,double,383,7,1.449927e-10,3.237528e-07,8.840071e-07,6.184590e+02,6.293490e+02,6.184590e-01,6.293490e-01,1.000000e-09,15,4,true
3,cosine,W-SOR,w_sor,w,sor,1.45,mg_sor,cuda,double,383,8,4.019042e-11,3.237528e-07,8.840071e-07,7.003010e+02,7.097110e+02,7.003010e-01,7.097110e-01,1.000000e-09,15,4,true
3,cosine,W-SOR,w_sor,w,sor,1.50,mg_sor,cuda,double,383,8,4.611866e-10,3.237528e-07,8.840071e-07,6.886430e+02,7.021610e+02,6.886430e-01,7.021610e-01,1.000000e-09,15,4,true
3,sine,V-exact,v_exact,v,exact,1.00,mg_exact,cuda,double,383,8,5.954608e-11,1.972010e-06,5.577687e-06,6.856180e+02,6.909690e+02,6.856180e-01,6.909690e-01,1.000000e-09,15,5,true
3,sine,V-exact,v_exact,v,exact,1.05,mg_exact,cuda,double,383,7,4.315748e-10,1.971923e-06,5.577440e-06,6.086130e+02,6.134630e+02,6.086130e-01,6.134630e-01,1.000000e-09,15,5,true
3,sine,V-exact,v_exact,v,exact,1.10,mg_exact,cuda,double,383,7,1.352935e-10,1.971995e-06,5.577644e-06,6.202930e+02,6.260040e+02,6.202930e-01,6.260040e-01,1.000000e-09,15,5,true
3,sine,V-exact,v_exact,v,exact,1.15,mg_exact,cuda,double,383,7,3.426657e-11,1.972018e-06,5.577709e-06,6.151040e+02,6.197990e+02,6.151040e-01,6.197990e-01,1.000000e-09,15,5,true
3,sine,V-exact,v_exact,v,exact,1.20,mg_exact,cuda,double,383,6,2.768229e-10,1.971971e-06,5.577576e-06,5.439640e+02,5.581560e+02,5.439640e-01,5.581560e-01,1.000000e-09,15,5,true
3,sine,V-exact,v_exact,v,exact,1.25,mg_exact,cuda,double,383,6,3.595381e-11,1.972019e-06,5.577711e-06,5.413940e+02,5.461050e+02,5.413940e-01,5.461050e-01,1.000000e-09,15,5,true
3,sine,V-exact,v_exact,v,exact,1.30,mg_exact,cuda,double,383,5,1.457358e-10,1.972001e-06,5.577660e-06,4.854530e+02,4.909830e+02,4.854530e-01,4.909830e-01,1.000000e-09,15,5,true
3,sine,V-exact,v_exact,v,exact,1.35,mg_exact,cuda,double,383,4,2.718581e-11,1.972022e-06,5.577721e-06,4.181310e+02,4.228270e+02,4.181310e-01,4.228270e-01,1.000000e-09,15,5,true
3,sine,V-exact,v_exact,v,exact,1.40,mg_exact,cuda,double,383,5,3.571165e-11,1.972030e-06,5.577742e-06,4.889880e+02,4.946780e+02,4.889880e-01,4.946780e-01,1.000000e-09,15,5,true
3,sine,V-exact,v_exact,v,exact,1.45,mg_exact,cuda,double,383,6,4.136511e-11,1.972020e-06,5.577715e-06,5.575150e+02,5.621360e+02,5.575150e-01,5.621360e-01,1.000000e-09,15,5,true
3,sine,V-exact,v_exact,v,exact,1.50,mg_exact,cuda,double,383,7,3.248237e-11,1.972029e-06,5.577739e-06,6.062680e+02,6.281220e+02,6.062680e-01,6.281220e-01,1.000000e-09,15,5,true
3,sine,V-SOR,v_sor,v,sor,1.00,mg_sor,cuda,double,383,8,5.954857e-11,1.972010e-06,5.577687e-06,6.848670e+02,6.893910e+02,6.848670e-01,6.893910e-01,1.000000e-09,15,5,true
3,sine,V-SOR,v_sor,v,sor,1.05,mg_sor,cuda,double,383,7,4.315761e-10,1.971923e-06,5.577440e-06,6.033250e+02,6.211930e+02,6.033250e-01,6.211930e-01,1.000000e-09,15,5,true
3,sine,V-SOR,v_sor,v,sor,1.10,mg_sor,cuda,double,383,7,1.352951e-10,1.971995e-06,5.577644e-06,6.067320e+02,6.149640e+02,6.067320e-01,6.149640e-01,1.000000e-09,15,5,true
3,sine,V-SOR,v_sor,v,sor,1.15,mg_sor,cuda,double,383,7,3.426835e-11,1.972018e-06,5.577709e-06,6.343100e+02,6.413370e+02,6.343100e-01,6.413370e-01,1.000000e-09,15,5,true
3,sine,V-SOR,v_sor,v,sor,1.20,mg_sor,cuda,double,383,6,2.768186e-10,1.971971e-06,5.577576e-06,5.413400e+02,5.484740e+02,5.413400e-01,5.484740e-01,1.000000e-09,15,5,true
3,sine,V-SOR,v_sor,v,sor,1.25,mg_sor,cuda,double,383,6,3.595339e-11,1.972019e-06,5.577711e-06,5.425000e+02,5.515220e+02,5.425000e-01,5.515220e-01,1.000000e-09,15,5,true
3,sine,V-SOR,v_sor,v,sor,1.30,mg_sor,cuda,double,383,5,1.457368e-10,1.972001e-06,5.577660e-06,4.894210e+02,5.028500e+02,4.894210e-01,5.028500e-01,1.000000e-09,15,5,true
3,sine,V-SOR,v_sor,v,sor,1.35,mg_sor,cuda,double,383,4,2.718495e-11,1.972022e-06,5.577721e-06,4.229470e+02,4.285010e+02,4.229470e-01,4.285010e-01,1.000000e-09,15,5,true
3,sine,V-SOR,v_sor,v,sor,1.40,mg_sor,cuda,double,383,5,3.571238e-11,1.972030e-06,5.577742e-06,4.873290e+02,4.931790e+02,4.873290e-01,4.931790e-01,1.000000e-09,15,5,true
3,sine,V-SOR,v_sor,v,sor,1.45,mg_sor,cuda,double,383,6,4.137495e-11,1.972020e-06,5.577715e-06,5.569290e+02,5.620520e+02,5.569290e-01,5.620520e-01,1.000000e-09,15,5,true
3,sine,V-SOR,v_sor,v,sor,1.50,mg_sor,cuda,double,383,7,3.247889e-11,1.972029e-06,5.577739e-06,6.131250e+02,6.197560e+02,6.131250e-01,6.197560e-01,1.000000e-09,15,5,true
3,sine,W-exact,w_exact,w,exact,1.00,mg_exact,cuda,double,383,3,3.748468e-12,1.972025e-06,5.577730e-06,4.020630e+02,4.149610e+02,4.020630e-01,4.149610e-01,1.000000e-09,15,5,true
3,sine,W-exact,w_exact,w,exact,1.05,mg_exact,cuda,double,383,3,3.935749e-12,1.972025e-06,5.577730e-06,3.975480e+02,4.092230e+02,3.975480e-01,4.092230e-01,1.000000e-09,15,5,true
3,sine,W-exact,w_exact,w,exact,1.10,mg_exact,cuda,double,383,3,4.293864e-12,1.972025e-06,5.577730e-06,4.075670e+02,4.240140e+02,4.075670e-01,4.240140e-01,1.000000e-09,15,5,true
3,sine,W-exact,w_exact,w,exact,1.15,mg_exact,cuda,double,383,3,4.749338e-12,1.972025e-06,5.577730e-06,4.049030e+02,4.163910e+02,4.049030e-01,4.163910e-01,1.000000e-09,15,5,true
3,sine,W-exact,w_exact,w,exact,1.20,mg_exact,cuda,double,383,3,5.150210e-12,1.972025e-06,5.577730e-06,3.920290e+02,4.025580e+02,3.920290e-01,4.025580e-01,1.000000e-09,15,5,true
3,sine,W-exact,w_exact,w,exact,1.25,mg_exact,cuda,double,383,3,5.350417e-12,1.972025e-06,5.577730e-06,4.157670e+02,4.318060e+02,4.157670e-01,4.318060e-01,1.000000e-09,15,5,true
3,sine,W-exact,w_exact,w,exact,1.30,mg_exact,cuda,double,383,3,6.048788e-12,1.972025e-06,5.577730e-06,3.895490e+02,3.994180e+02,3.895490e-01,3.994180e-01,1.000000e-09,15,5,true
3,sine,W-exact,w_exact,w,exact,1.35,mg_exact,cuda,double,383,3,6.575436e-12,1.972025e-06,5.577730e-06,3.906390e+02,4.011680e+02,3.906390e-01,4.011680e-01,1.000000e-09,15,5,true
3,sine,W-exact,w_exact,w,exact,1.40,mg_exact,cuda,double,383,3,6.231941e-11,1.972025e-06,5.577730e-06,3.809610e+02,3.991690e+02,3.809610e-01,3.991690e-01,1.000000e-09,15,5,true
3,sine,W-exact,w_exact,w,exact,1.45,mg_exact,cuda,double,383,4,7.383805e-12,1.972025e-06,5.577730e-06,4.764170e+02,4.864810e+02,4.764170e-01,4.864810e-01,1.000000e-09,15,5,true
3,sine,W-exact,w_exact,w,exact,1.50,mg_exact,cuda,double,383,4,1.701488e-11,1.972025e-06,5.577730e-06,4.703470e+02,4.819230e+02,4.703470e-01,4.819230e-01,1.000000e-09,15,5,true
3,sine,W-SOR,w_sor,w,sor,1.00,mg_sor,cuda,double,383,3,3.748473e-12,1.972025e-06,5.577730e-06,3.927750e+02,4.045750e+02,3.927750e-01,4.045750e-01,1.000000e-09,15,5,true
3,sine,W-SOR,w_sor,w,sor,1.05,mg_sor,cuda,double,383,3,3.934719e-12,1.972025e-06,5.577730e-06,3.930740e+02,4.037860e+02,3.930740e-01,4.037860e-01,1.000000e-09,15,5,true
3,sine,W-SOR,w_sor,w,sor,1.10,mg_sor,cuda,double,383,3,4.295781e-12,1.972025e-06,5.577730e-06,3.989730e+02,4.253420e+02,3.989730e-01,4.253420e-01,1.000000e-09,15,5,true
3,sine,W-SOR,w_sor,w,sor,1.15,mg_sor,cuda,double,383,3,4.752898e-12,1.972025e-06,5.577730e-06,3.916430e+02,4.017280e+02,3.916430e-01,4.017280e-01,1.000000e-09,15,5,true
3,sine,W-SOR,w_sor,w,sor,1.20,mg_sor,cuda,double,383,3,5.149119e-12,1.972025e-06,5.577730e-06,3.839900e+02,3.932060e+02,3.839900e-01,3.932060e-01,1.000000e-09,15,5,true
3,sine,W-SOR,w_sor,w,sor,1.25,mg_sor,cuda,double,383,3,5.349051e-12,1.972025e-06,5.577730e-06,3.989040e+02,4.085630e+02,3.989040e-01,4.085630e-01,1.000000e-09,15,5,true
3,sine,W-SOR,w_sor,w,sor,1.30,mg_sor,cuda,double,383,3,6.048344e-12,1.972025e-06,5.577730e-06,4.001490e+02,4.113760e+02,4.001490e-01,4.113760e-01,1.000000e-09,15,5,true
3,sine,W-SOR,w_sor,w,sor,1.35,mg_sor,cuda,double,383,3,6.574568e-12,1.972025e-06,5.577730e-06,3.941810e+02,4.055080e+02,3.941810e-01,4.055080e-01,1.000000e-09,15,5,true
3,sine,W-SOR,w_sor,w,sor,1.40,mg_sor,cuda,double,383,3,6.231882e-11,1.972025e-06,5.577730e-06,4.057620e+02,4.158300e+02,4.057620e-01,4.158300e-01,1.000000e-09,15,5,true
3,sine,W-SOR,w_sor,w,sor,1.45,mg_sor,cuda,double,383,4,7.380644e-12,1.972025e-06,5.577730e-06,4.688440e+02,4.800690e+02,4.688440e-01,4.800690e-01,1.000000e-09,15,5,true
3,sine,W-SOR,w_sor,w,sor,1.50,mg_sor,cuda,double,383,4,1.701380e-11,1.972025e-06,5.577730e-06,4.635490e+02,4.755500e+02,4.635490e-01,4.755500e-01,1.000000e-09,15,5,true
3,mixed_sine,V-exact,v_exact,v,exact,1.00,mg_exact,cuda,double,383,7,8.894192e-10,2.400489e-05,6.789610e-05,6.017320e+02,6.064060e+02,6.017320e-01,6.064060e-01,1.000000e-09,15,5,true
3,mixed_sine,V-exact,v_exact,v,exact,1.05,mg_exact,cuda,double,383,7,2.998938e-10,2.400505e-05,6.789652e-05,6.194260e+02,6.238170e+02,6.194260e-01,6.238170e-01,1.000000e-09,15,5,true
3,mixed_sine,V-exact,v_exact,v,exact,1.10,mg_exact,cuda,double,383,7,8.556966e-11,2.400510e-05,6.789667e-05,6.158010e+02,6.233370e+02,6.158010e-01,6.233370e-01,1.000000e-09,15,5,true
3,mixed_sine,V-exact,v_exact,v,exact,1.15,mg_exact,cuda,double,383,6,7.000278e-10,2.400497e-05,6.789631e-05,5.676390e+02,5.754630e+02,5.676390e-01,5.754630e-01,1.000000e-09,15,5,true
3,mixed_sine,V-exact,v_exact,v,exact,1.20,mg_exact,cuda,double,383,6,1.382885e-10,2.400509e-05,6.789665e-05,5.440570e+02,5.511020e+02,5.440570e-01,5.511020e-01,1.000000e-09,15,5,true
3,mixed_sine,V-exact,v_exact,v,exact,1.25,mg_exact,cuda,double,383,6,1.409344e-11,2.400511e-05,6.789672e-05,5.447100e+02,5.503100e+02,5.447100e-01,5.503100e-01,1.000000e-09,15,5,true
3,mixed_sine,V-exact,v_exact,v,exact,1.30,mg_exact,cuda,double,383,5,3.994092e-11,2.400511e-05,6.789671e-05,4.653300e+02,4.765350e+02,4.653300e-01,4.765350e-01,1.000000e-09,15,5,true
3,mixed_sine,V-exact,v_exact,v,exact,1.35,mg_exact,cuda,double,383,3,6.565492e-11,2.400512e-05,6.789673e-05,3.353240e+02,3.418820e+02,3.353240e-01,3.418820e-01,1.000000e-09,15,5,true
3,mixed_sine,V-exact,v_exact,v,exact,1.40,mg_exact,cuda,double,383,5,6.868648e-11,2.400513e-05,6.789675e-05,4.696820e+02,4.757030e+02,4.696820e-01,4.757030e-01,1.000000e-09,15,5,true
3,mixed_sine,V-exact,v_exact,v,exact,1.45,mg_exact,cuda,double,383,6,5.347106e-11,2.400511e-05,6.789671e-05,5.474840e+02,5.546630e+02,5.474840e-01,5.546630e-01,1.000000e-09,15,5,true
3,mixed_sine,V-exact,v_exact,v,exact,1.50,mg_exact,cuda,double,383,7,2.985588e-11,2.400512e-05,6.789673e-05,5.984680e+02,6.092440e+02,5.984680e-01,6.092440e-01,1.000000e-09,15,5,true
3,mixed_sine,V-SOR,v_sor,v,sor,1.00,mg_sor,cuda,double,383,7,8.894192e-10,2.400489e-05,6.789610e-05,6.042760e+02,6.156080e+02,6.042760e-01,6.156080e-01,1.000000e-09,15,5,true
3,mixed_sine,V-SOR,v_sor,v,sor,1.05,mg_sor,cuda,double,383,7,2.998938e-10,2.400505e-05,6.789652e-05,6.405350e+02,6.452700e+02,6.405350e-01,6.452700e-01,1.000000e-09,15,5,true
3,mixed_sine,V-SOR,v_sor,v,sor,1.10,mg_sor,cuda,double,383,7,8.556966e-11,2.400510e-05,6.789667e-05,6.212190e+02,6.256550e+02,6.212190e-01,6.256550e-01,1.000000e-09,15,5,true
3,mixed_sine,V-SOR,v_sor,v,sor,1.15,mg_sor,cuda,double,383,6,7.000278e-10,2.400497e-05,6.789631e-05,5.804390e+02,5.858240e+02,5.804390e-01,5.858240e-01,1.000000e-09,15,5,true
3,mixed_sine,V-SOR,v_sor,v,sor,1.20,mg_sor,cuda,double,383,6,1.382885e-10,2.400509e-05,6.789665e-05,5.622290e+02,5.711330e+02,5.622290e-01,5.711330e-01,1.000000e-09,15,5,true
3,mixed_sine,V-SOR,v_sor,v,sor,1.25,mg_sor,cuda,double,383,6,1.409344e-11,2.400511e-05,6.789672e-05,5.461640e+02,5.514950e+02,5.461640e-01,5.514950e-01,1.000000e-09,15,5,true
3,mixed_sine,V-SOR,v_sor,v,sor,1.30,mg_sor,cuda,double,383,5,3.994092e-11,2.400511e-05,6.789671e-05,4.869890e+02,4.969470e+02,4.869890e-01,4.969470e-01,1.000000e-09,15,5,true
3,mixed_sine,V-SOR,v_sor,v,sor,1.35,mg_sor,cuda,double,383,3,6.565492e-11,2.400512e-05,6.789673e-05,3.580820e+02,3.640220e+02,3.580820e-01,3.640220e-01,1.000000e-09,15,5,true
3,mixed_sine,V-SOR,v_sor,v,sor,1.40,mg_sor,cuda,double,383,5,6.868655e-11,2.400513e-05,6.789675e-05,4.882740e+02,4.954730e+02,4.882740e-01,4.954730e-01,1.000000e-09,15,5,true
3,mixed_sine,V-SOR,v_sor,v,sor,1.45,mg_sor,cuda,double,383,6,5.347127e-11,2.400511e-05,6.789671e-05,5.360360e+02,5.409240e+02,5.360360e-01,5.409240e-01,1.000000e-09,15,5,true
3,mixed_sine,V-SOR,v_sor,v,sor,1.50,mg_sor,cuda,double,383,7,2.985591e-11,2.400512e-05,6.789673e-05,6.117580e+02,6.170980e+02,6.117580e-01,6.170980e-01,1.000000e-09,15,5,true
3,mixed_sine,W-exact,w_exact,w,exact,1.00,mg_exact,cuda,double,383,3,3.162482e-10,2.400504e-05,6.789650e-05,3.929450e+02,4.055130e+02,3.929450e-01,4.055130e-01,1.000000e-09,15,5,true
3,mixed_sine,W-exact,w_exact,w,exact,1.05,mg_exact,cuda,double,383,3,2.762068e-10,2.400505e-05,6.789654e-05,3.929610e+02,4.082400e+02,3.929610e-01,4.082400e-01,1.000000e-09,15,5,true
3,mixed_sine,W-exact,w_exact,w,exact,1.10,mg_exact,cuda,double,383,3,2.287132e-10,2.400507e-05,6.789658e-05,3.901310e+02,3.997980e+02,3.901310e-01,3.997980e-01,1.000000e-09,15,5,true
3,mixed_sine,W-exact,w_exact,w,exact,1.15,mg_exact,cuda,double,383,3,1.766133e-10,2.400508e-05,6.789662e-05,3.998720e+02,4.128670e+02,3.998720e-01,4.128670e-01,1.000000e-09,15,5,true
3,mixed_sine,W-exact,w_exact,w,exact,1.20,mg_exact,cuda,double,383,3,1.372062e-10,2.400509e-05,6.789666e-05,3.854660e+02,3.997120e+02,3.854660e-01,3.997120e-01,1.000000e-09,15,5,true
3,mixed_sine,W-exact,w_exact,w,exact,1.25,mg_exact,cuda,double,383,3,1.227826e-10,2.400511e-05,6.789669e-05,3.865350e+02,3.966110e+02,3.865350e-01,3.966110e-01,1.000000e-09,15,5,true
3,mixed_sine,W-exact,w_exact,w,exact,1.30,mg_exact,cuda,double,383,3,9.217783e-11,2.400511e-05,6.789672e-05,4.053120e+02,4.167430e+02,4.053120e-01,4.167430e-01,1.000000e-09,15,5,true
3,mixed_sine,W-exact,w_exact,w,exact,1.35,mg_exact,cuda,double,383,3,1.281388e-11,2.400512e-05,6.789672e-05,3.887070e+02,3.987370e+02,3.887070e-01,3.987370e-01,1.000000e-09,15,5,true
3,mixed_sine,W-exact,w_exact,w,exact,1.40,mg_exact,cuda,double,383,3,7.139220e-11,2.400512e-05,6.789673e-05,4.017540e+02,4.122120e+02,4.017540e-01,4.122120e-01,1.000000e-09,15,5,true
3,mixed_sine,W-exact,w_exact,w,exact,1.45,mg_exact,cuda,double,383,3,2.172133e-10,2.400514e-05,6.789679e-05,3.899180e+02,4.001470e+02,3.899180e-01,4.001470e-01,1.000000e-09,15,5,true
3,mixed_sine,W-exact,w_exact,w,exact,1.50,mg_exact,cuda,double,383,4,1.765539e-11,2.400512e-05,6.789672e-05,4.715440e+02,4.922070e+02,4.715440e-01,4.922070e-01,1.000000e-09,15,5,true
3,mixed_sine,W-SOR,w_sor,w,sor,1.00,mg_sor,cuda,double,383,3,3.162482e-10,2.400504e-05,6.789650e-05,4.080830e+02,4.174800e+02,4.080830e-01,4.174800e-01,1.000000e-09,15,5,true
3,mixed_sine,W-SOR,w_sor,w,sor,1.05,mg_sor,cuda,double,383,3,2.762068e-10,2.400505e-05,6.789654e-05,3.894920e+02,4.005560e+02,3.894920e-01,4.005560e-01,1.000000e-09,15,5,true
3,mixed_sine,W-SOR,w_sor,w,sor,1.10,mg_sor,cuda,double,383,3,2.287132e-10,2.400507e-05,6.789658e-05,3.935890e+02,4.046920e+02,3.935890e-01,4.046920e-01,1.000000e-09,15,5,true
3,mixed_sine,W-SOR,w_sor,w,sor,1.15,mg_sor,cuda,double,383,3,1.766133e-10,2.400508e-05,6.789662e-05,3.897900e+02,3.992570e+02,3.897900e-01,3.992570e-01,1.000000e-09,15,5,true
3,mixed_sine,W-SOR,w_sor,w,sor,1.20,mg_sor,cuda,double,383,3,1.372062e-10,2.400509e-05,6.789666e-05,4.016130e+02,4.138440e+02,4.016130e-01,4.138440e-01,1.000000e-09,15,5,true
3,mixed_sine,W-SOR,w_sor,w,sor,1.25,mg_sor,cuda,double,383,3,1.227826e-10,2.400511e-05,6.789669e-05,3.859460e+02,3.968820e+02,3.859460e-01,3.968820e-01,1.000000e-09,15,5,true
3,mixed_sine,W-SOR,w_sor,w,sor,1.30,mg_sor,cuda,double,383,3,9.217783e-11,2.400511e-05,6.789672e-05,3.899510e+02,4.018490e+02,3.899510e-01,4.018490e-01,1.000000e-09,15,5,true
3,mixed_sine,W-SOR,w_sor,w,sor,1.35,mg_sor,cuda,double,383,3,1.281388e-11,2.400512e-05,6.789672e-05,3.966660e+02,4.073480e+02,3.966660e-01,4.073480e-01,1.000000e-09,15,5,true
3,mixed_sine,W-SOR,w_sor,w,sor,1.40,mg_sor,cuda,double,383,3,7.139220e-11,2.400512e-05,6.789673e-05,3.804740e+02,3.908010e+02,3.804740e-01,3.908010e-01,1.000000e-09,15,5,true
3,mixed_sine,W-SOR,w_sor,w,sor,1.45,mg_sor,cuda,double,383,3,2.172133e-10,2.400514e-05,6.789679e-05,4.070580e+02,4.274030e+02,4.070580e-01,4.274030e-01,1.000000e-09,15,5,true
3,mixed_sine,W-SOR,w_sor,w,sor,1.50,mg_sor,cuda,double,383,4,1.765540e-11,2.400512e-05,6.789672e-05,4.630050e+02,4.733730e+02,4.630050e-01,4.733730e-01,1.000000e-09,15,5,true
3,bubble,V-exact,v_exact,v,exact,1.00,mg_exact,cuda,double,383,8,5.679858e-11,2.612333e-13,7.311079e-13,6.707580e+02,6.755830e+02,6.707580e-01,6.755830e-01,1.000000e-09,15,5,true
3,bubble,V-exact,v_exact,v,exact,1.05,mg_exact,cuda,double,383,7,4.119495e-10,1.763464e-12,4.933486e-12,5.941150e+02,5.983310e+02,5.941150e-01,5.983310e-01,1.000000e-09,15,5,true
3,bubble,V-exact,v_exact,v,exact,1.10,mg_exact,cuda,double,383,7,1.291479e-10,5.262718e-13,1.476515e-12,6.898550e+02,6.942400e+02,6.898550e-01,6.942400e-01,1.000000e-09,15,5,true
3,bubble,V-exact,v_exact,v,exact,1.15,mg_exact,cuda,double,383,7,3.275339e-11,1.274715e-13,3.587027e-13,6.086190e+02,6.156110e+02,6.086190e-01,6.156110e-01,1.000000e-09,15,5,true
3,bubble,V-exact,v_exact,v,exact,1.20,mg_exact,cuda,double,383,6,2.641544e-10,9.388412e-13,2.644463e-12,5.446520e+02,5.499720e+02,5.446520e-01,5.499720e-01,1.000000e-09,15,5,true
3,bubble,V-exact,v_exact,v,exact,1.25,mg_exact,cuda,double,383,6,3.434111e-11,1.175863e-13,3.324060e-13,5.522730e+02,5.598620e+02,5.522730e-01,5.598620e-01,1.000000e-09,15,5,true
3,bubble,V-exact,v_exact,v,exact,1.30,mg_exact,cuda,double,383,5,1.390177e-10,4.247804e-13,1.202195e-12,4.753030e+02,4.797660e+02,4.753030e-01,4.797660e-01,1.000000e-09,15,5,true
3,bubble,V-exact,v_exact,v,exact,1.35,mg_exact,cuda,double,383,5,4.572430e-11,5.293553e-15,1.524822e-14,4.868280e+02,4.936650e+02,4.868280e-01,4.936650e-01,1.000000e-09,15,5,true
3,bubble,V-exact,v_exact,v,exact,1.40,mg_exact,cuda,double,383,5,6.586296e-10,1.701685e-13,3.197408e-13,4.709700e+02,4.772220e+02,4.709700e-01,4.772220e-01,1.000000e-09,15,5,true
3,bubble,V-exact,v_exact,v,exact,1.45,mg_exact,cuda,double,383,6,1.349871e-10,1.031724e-13,1.553011e-13,5.354620e+02,5.413610e+02,5.354620e-01,5.413610e-01,1.000000e-09,15,5,true
3,bubble,V-exact,v_exact,v,exact,1.50,mg_exact,cuda,double,383,7,4.825091e-11,5.681516e-14,1.084532e-13,6.019150e+02,6.075080e+02,6.019150e-01,6.075080e-01,1.000000e-09,15,5,true
3,bubble,V-SOR,v_sor,v,sor,1.00,mg_sor,cuda,double,383,8,5.680022e-11,2.612404e-13,7.311651e-13,6.676580e+02,6.766430e+02,6.676580e-01,6.766430e-01,1.000000e-09,15,5,true
3,bubble,V-SOR,v_sor,v,sor,1.05,mg_sor,cuda,double,383,7,4.119484e-10,1.763464e-12,4.933453e-12,6.129890e+02,6.295140e+02,6.129890e-01,6.295140e-01,1.000000e-09,15,5,true
3,bubble,V-SOR,v_sor,v,sor,1.10,mg_sor,cuda,double,383,7,1.291473e-10,5.262659e-13,1.476489e-12,6.009270e+02,6.135490e+02,6.009270e-01,6.135490e-01,1.000000e-09,15,5,true
3,bubble,V-SOR,v_sor,v,sor,1.15,mg_sor,cuda,double,383,7,3.275423e-11,1.274692e-13,3.586905e-13,6.012060e+02,6.093760e+02,6.012060e-01,6.093760e-01,1.000000e-09,15,5,true
3,bubble,V-SOR,v_sor,v,sor,1.20,mg_sor,cuda,double,383,6,2.641549e-10,9.388339e-13,2.644473e-12,5.318340e+02,5.364900e+02,5.318340e-01,5.364900e-01,1.000000e-09,15,5,true
3,bubble,V-SOR,v_sor,v,sor,1.25,mg_sor,cuda,double,383,6,3.434484e-11,1.175916e-13,3.324407e-13,5.379310e+02,5.430920e+02,5.379310e-01,5.430920e-01,1.000000e-09,15,5,true
3,bubble,V-SOR,v_sor,v,sor,1.30,mg_sor,cuda,double,383,5,1.390155e-10,4.247784e-13,1.202170e-12,4.743950e+02,4.790230e+02,4.743950e-01,4.790230e-01,1.000000e-09,15,5,true
3,bubble,V-SOR,v_sor,v,sor,1.35,mg_sor,cuda,double,383,5,4.572551e-11,5.292888e-15,1.524085e-14,4.701480e+02,4.945750e+02,4.701480e-01,4.945750e-01,1.000000e-09,15,5,true
3,bubble,V-SOR,v_sor,v,sor,1.40,mg_sor,cuda,double,383,5,6.586292e-10,1.701695e-13,3.197408e-13,4.770380e+02,4.857540e+02,4.770380e-01,4.857540e-01,1.000000e-09,15,5,true
3,bubble,V-SOR,v_sor,v,sor,1.45,mg_sor,cuda,double,383,6,1.349875e-10,1.031669e-13,1.552751e-13,5.514210e+02,5.591500e+02,5.514210e-01,5.591500e-01,1.000000e-09,15,5,true
3,bubble,V-SOR,v_sor,v,sor,1.50,mg_sor,cuda,double,383,7,4.825157e-11,5.681227e-14,1.084306e-13,6.063000e+02,6.150250e+02,6.063000e-01,6.150250e-01,1.000000e-09,15,5,true
3,bubble,W-exact,w_exact,w,exact,1.00,mg_exact,cuda,double,383,5,8.798173e-11,7.328380e-16,2.522505e-15,5.576010e+02,5.786770e+02,5.576010e-01,5.786770e-01,1.000000e-09,15,5,true
3,bubble,W-exact,w_exact,w,exact,1.05,mg_exact,cuda,double,383,5,3.097768e-11,6.060491e-16,1.837072e-15,5.535230e+02,5.646180e+02,5.535230e-01,5.646180e-01,1.000000e-09,15,5,true
3,bubble,W-exact,w_exact,w,exact,1.10,mg_exact,cuda,double,383,4,7.930866e-10,3.784876e-15,2.633375e-14,4.599330e+02,4.729790e+02,4.599330e-01,4.729790e-01,1.000000e-09,15,5,true
3,bubble,W-exact,w_exact,w,exact,1.15,mg_exact,cuda,double,383,4,1.840815e-10,1.073937e-15,6.379446e-15,4.566910e+02,4.684030e+02,4.566910e-01,4.684030e-01,1.000000e-09,15,5,true
3,bubble,W-exact,w_exact,w,exact,1.20,mg_exact,cuda,double,383,4,1.668953e-11,4.627551e-16,1.458902e-15,4.792130e+02,4.905050e+02,4.792130e-01,4.905050e-01,1.000000e-09,15,5,true
3,bubble,W-exact,w_exact,w,exact,1.25,mg_exact,cuda,double,383,3,6.910828e-11,7.068186e-16,5.149391e-15,4.003590e+02,4.099340e+02,4.003590e-01,4.099340e-01,1.000000e-09,15,5,true
3,bubble,W-exact,w_exact,w,exact,1.30,mg_exact,cuda,double,383,4,2.132169e-11,3.729671e-16,1.273287e-15,4.676180e+02,4.794590e+02,4.676180e-01,4.794590e-01,1.000000e-09,15,5,true
3,bubble,W-exact,w_exact,w,exact,1.35,mg_exact,cuda,double,383,4,3.792040e-10,1.402267e-15,9.131259e-15,4.676330e+02,4.781670e+02,4.676330e-01,4.781670e-01,1.000000e-09,15,5,true
3,bubble,W-exact,w_exact,w,exact,1.40,mg_exact,cuda,double,383,5,3.102197e-11,2.381317e-16,7.035388e-16,5.521550e+02,5.656450e+02,5.521550e-01,5.656450e-01,1.000000e-09,15,5,true
3,bubble,W-exact,w_exact,w,exact,1.45,mg_exact,cuda,double,383,5,1.961992e-10,7.646742e-16,4.413679e-15,5.459610e+02,5.568100e+02,5.459610e-01,5.568100e-01,1.000000e-09,15,5,true
3,bubble,W-exact,w_exact,w,exact,1.50,mg_exact,cuda,double,383,6,2.353053e-11,1.109450e-16,4.598101e-16,6.216660e+02,6.344360e+02,6.216660e-01,6.344360e-01,1.000000e-09,15,5,true
3,bubble,W-SOR,w_sor,w,sor,1.00,mg_sor,cuda,double,383,5,8.798173e-11,7.328380e-16,2.522505e-15,5.337590e+02,5.617920e+02,5.337590e-01,5.617920e-01,1.000000e-09,15,5,true
3,bubble,W-SOR,w_sor,w,sor,1.05,mg_sor,cuda,double,383,5,3.097754e-11,6.040307e-16,1.883910e-15,5.471640e+02,5.635710e+02,5.471640e-01,5.635710e-01,1.000000e-09,15,5,true
3,bubble,W-SOR,w_sor,w,sor,1.10,mg_sor,cuda,double,383,4,7.930864e-10,3.795940e-15,2.632942e-14,4.596010e+02,4.696400e+02,4.596010e-01,4.696400e-01,1.000000e-09,15,5,true
3,bubble,W-SOR,w_sor,w,sor,1.15,mg_sor,cuda,double,383,4,1.840814e-10,1.074105e-15,6.378578e-15,4.589080e+02,4.701530e+02,4.589080e-01,4.701530e-01,1.000000e-09,15,5,true
3,bubble,W-SOR,w_sor,w,sor,1.20,mg_sor,cuda,double,383,4,1.668922e-11,4.617196e-16,1.448494e-15,4.581980e+02,4.673790e+02,4.581980e-01,4.673790e-01,1.000000e-09,15,5,true
3,bubble,W-SOR,w_sor,w,sor,1.25,mg_sor,cuda,double,383,3,6.910842e-11,7.067624e-16,5.149323e-15,3.774530e+02,3.897560e+02,3.774530e-01,3.897560e-01,1.000000e-09,15,5,true
3,bubble,W-SOR,w_sor,w,sor,1.30,mg_sor,cuda,double,383,4,2.132087e-11,3.704695e-16,1.222980e-15,4.588740e+02,4.748480e+02,4.588740e-01,4.748480e-01,1.000000e-09,15,5,true
3,bubble,W-SOR,w_sor,w,sor,1.35,mg_sor,cuda,double,383,4,3.792038e-10,1.402377e-15,9.132669e-15,4.590200e+02,4.994310e+02,4.590200e-01,4.994310e-01,1.000000e-09,15,5,true
3,bubble,W-SOR,w_sor,w,sor,1.40,mg_sor,cuda,double,383,5,3.102121e-11,2.268207e-16,7.032135e-16,5.401380e+02,5.500140e+02,5.401380e-01,5.500140e-01,1.000000e-09,15,5,true
3,bubble,W-SOR,w_sor,w,sor,1.45,mg_sor,cuda,double,383,5,1.961995e-10,7.679956e-16,4.415413e-15,5.351610e+02,5.450720e+02,5.351610e-01,5.450720e-01,1.000000e-09,15,5,true
3,bubble,W-SOR,w_sor,w,sor,1.50,mg_sor,cuda,double,383,6,2.352742e-11,9.807866e-17,4.643638e-16,6.203510e+02,6.313080e+02,6.203510e-01,6.313080e-01,1.000000e-09,15,5,true
3,exp,V-exact,v_exact,v,exact,1.00,mg_exact,cuda,double,383,9,1.053014e-10,2.094028e-07,4.954643e-07,7.339780e+02,7.410640e+02,7.339780e-01,7.410640e-01,1.000000e-09,15,5,true
3,exp,V-exact,v_exact,v,exact,1.05,mg_exact,cuda,double,383,8,6.412978e-10,2.093651e-07,4.953552e-07,6.703770e+02,7.031950e+02,6.703770e-01,7.031950e-01,1.000000e-09,15,5,true
3,exp,V-exact,v_exact,v,exact,1.10,mg_exact,cuda,double,383,8,1.447830e-10,2.093990e-07,4.954538e-07,6.464910e+02,6.563250e+02,6.464910e-01,6.563250e-01,1.000000e-09,15,5,true
3,exp,V-exact,v_exact,v,exact,1.15,mg_exact,cuda,double,383,7,9.579405e-10,2.093360e-07,4.952748e-07,6.108860e+02,6.163260e+02,6.108860e-01,6.163260e-01,1.000000e-09,15,5,true
3,exp,V-exact,v_exact,v,exact,1.20,mg_exact,cuda,double,383,7,1.325407e-10,2.093978e-07,4.954512e-07,6.063670e+02,6.106200e+02,6.063670e-01,6.106200e-01,1.000000e-09,15,5,true
3,exp,V-exact,v_exact,v,exact,1.25,mg_exact,cuda,double,383,6,6.040604e-10,2.093433e-07,4.953011e-07,5.415950e+02,5.531830e+02,5.415950e-01,5.531830e-01,1.000000e-09,15,5,true
3,exp,V-exact,v_exact,v,exact,1.30,mg_exact,cuda,double,383,6,6.011262e-11,2.094081e-07,4.954805e-07,5.321470e+02,5.382220e+02,5.321470e-01,5.382220e-01,1.000000e-09,15,5,true
3,exp,V-exact,v_exact,v,exact,1.35,mg_exact,cuda,double,383,7,6.819119e-11,2.094104e-07,4.954865e-07,6.104250e+02,6.177460e+02,6.104250e-01,6.177460e-01,1.000000e-09,15,5,true
3,exp,V-exact,v_exact,v,exact,1.40,mg_exact,cuda,double,383,7,4.633229e-10,2.094103e-07,4.954861e-07,5.991530e+02,6.042110e+02,5.991530e-01,6.042110e-01,1.000000e-09,15,5,true
3,exp,V-exact,v_exact,v,exact,1.45,mg_exact,cuda,double,383,8,1.383471e-10,2.094102e-07,4.954863e-07,7.822830e+02,7.864720e+02,7.822830e-01,7.864720e-01,1.000000e-09,15,5,true
3,exp,V-exact,v_exact,v,exact,1.50,mg_exact,cuda,double,383,9,9.682626e-11,2.094103e-07,4.954863e-07,7.371760e+02,7.496090e+02,7.371760e-01,7.496090e-01,1.000000e-09,15,5,true
3,exp,V-SOR,v_sor,v,sor,1.00,mg_sor,cuda,double,383,9,1.053121e-10,2.094028e-07,4.954643e-07,7.378320e+02,7.443280e+02,7.378320e-01,7.443280e-01,1.000000e-09,15,5,true
3,exp,V-SOR,v_sor,v,sor,1.05,mg_sor,cuda,double,383,8,6.413124e-10,2.093651e-07,4.953552e-07,6.725720e+02,6.804000e+02,6.725720e-01,6.804000e-01,1.000000e-09,15,5,true
3,exp,V-SOR,v_sor,v,sor,1.10,mg_sor,cuda,double,383,8,1.447432e-10,2.093990e-07,4.954538e-07,6.877940e+02,7.031230e+02,6.877940e-01,7.031230e-01,1.000000e-09,15,5,true
3,exp,V-SOR,v_sor,v,sor,1.15,mg_sor,cuda,double,383,7,9.579782e-10,2.093360e-07,4.952748e-07,6.078250e+02,6.129980e+02,6.078250e-01,6.129980e-01,1.000000e-09,15,5,true
3,exp,V-SOR,v_sor,v,sor,1.20,mg_sor,cuda,double,383,7,1.325794e-10,2.093978e-07,4.954512e-07,6.197580e+02,6.268990e+02,6.197580e-01,6.268990e-01,1.000000e-09,15,5,true
3,exp,V-SOR,v_sor,v,sor,1.25,mg_sor,cuda,double,383,6,6.040944e-10,2.093433e-07,4.953011e-07,5.439970e+02,5.499080e+02,5.439970e-01,5.499080e-01,1.000000e-09,15,5,true
3,exp,V-SOR,v_sor,v,sor,1.30,mg_sor,cuda,double,383,6,6.013292e-11,2.094081e-07,4.954805e-07,5.466940e+02,5.510580e+02,5.466940e-01,5.510580e-01,1.000000e-09,15,5,true
3,exp,V-SOR,v_sor,v,sor,1.35,mg_sor,cuda,double,383,7,6.818003e-11,2.094104e-07,4.954865e-07,5.980680e+02,6.024120e+02,5.980680e-01,6.024120e-01,1.000000e-09,15,5,true
3,exp,V-SOR,v_sor,v,sor,1.40,mg_sor,cuda,double,383,7,4.633123e-10,2.094103e-07,4.954861e-07,6.183630e+02,6.233730e+02,6.183630e-01,6.233730e-01,1.000000e-09,15,5,true
3,exp,V-SOR,v_sor,v,sor,1.45,mg_sor,cuda,double,383,8,1.383385e-10,2.094102e-07,4.954863e-07,6.656110e+02,6.708880e+02,6.656110e-01,6.708880e-01,1.000000e-09,15,5,true
3,exp,V-SOR,v_sor,v,sor,1.50,mg_sor,cuda,double,383,9,9.684044e-11,2.094103e-07,4.954863e-07,7.391360e+02,7.440440e+02,7.391360e-01,7.440440e-01,1.000000e-09,15,5,true
3,exp,W-exact,w_exact,w,exact,1.00,mg_exact,cuda,double,383,8,1.623550e-10,2.094106e-07,4.954871e-07,7.625240e+02,7.860110e+02,7.625240e-01,7.860110e-01,1.000000e-09,15,5,true
3,exp,W-exact,w_exact,w,exact,1.05,mg_exact,cuda,double,383,8,5.752080e-11,2.094106e-07,4.954870e-07,7.575100e+02,7.686770e+02,7.575100e-01,7.686770e-01,1.000000e-09,15,5,true
3,exp,W-exact,w_exact,w,exact,1.10,mg_exact,cuda,double,383,7,4.185909e-10,2.094105e-07,4.954870e-07,6.835190e+02,6.939280e+02,6.835190e-01,6.939280e-01,1.000000e-09,15,5,true
3,exp,W-exact,w_exact,w,exact,1.15,mg_exact,cuda,double,383,7,9.247997e-11,2.094105e-07,4.954869e-07,6.805980e+02,7.035420e+02,6.805980e-01,7.035420e-01,1.000000e-09,15,5,true
3,exp,W-exact,w_exact,w,exact,1.20,mg_exact,cuda,double,383,6,7.937145e-10,2.094105e-07,4.954868e-07,6.260890e+02,6.380630e+02,6.260890e-01,6.380630e-01,1.000000e-09,15,5,true
3,exp,W-exact,w_exact,w,exact,1.25,mg_exact,cuda,double,383,6,7.807237e-11,2.094106e-07,4.954870e-07,6.093440e+02,6.237890e+02,6.093440e-01,6.237890e-01,1.000000e-09,15,5,true
3,exp,W-exact,w_exact,w,exact,1.30,mg_exact,cuda,double,383,6,6.196515e-11,2.094105e-07,4.954867e-07,6.040190e+02,6.158570e+02,6.040190e-01,6.158570e-01,1.000000e-09,15,5,true
3,exp,W-exact,w_exact,w,exact,1.35,mg_exact,cuda,double,383,6,5.785785e-10,2.094104e-07,4.954866e-07,6.327580e+02,6.435140e+02,6.327580e-01,6.435140e-01,1.000000e-09,15,5,true
3,exp,W-exact,w_exact,w,exact,1.40,mg_exact,cuda,double,383,7,1.198173e-10,2.094104e-07,4.954865e-07,6.898190e+02,7.114970e+02,6.898190e-01,7.114970e-01,1.000000e-09,15,5,true
3,exp,W-exact,w_exact,w,exact,1.45,mg_exact,cuda,double,383,8,7.457129e-11,2.094104e-07,4.954865e-07,7.787000e+02,7.894510e+02,7.787000e-01,7.894510e-01,1.000000e-09,15,5,true
3,exp,W-exact,w_exact,w,exact,1.50,mg_exact,cuda,double,383,8,2.142224e-10,2.094103e-07,4.954863e-07,7.549190e+02,7.670900e+02,7.549190e-01,7.670900e-01,1.000000e-09,15,5,true
3,exp,W-SOR,w_sor,w,sor,1.00,mg_sor,cuda,double,383,8,1.623550e-10,2.094106e-07,4.954871e-07,7.626690e+02,7.727290e+02,7.626690e-01,7.727290e-01,1.000000e-09,15,5,true
3,exp,W-SOR,w_sor,w,sor,1.05,mg_sor,cuda,double,383,8,5.751630e-11,2.094106e-07,4.954870e-07,7.638220e+02,7.830590e+02,7.638220e-01,7.830590e-01,1.000000e-09,15,5,true
3,exp,W-SOR,w_sor,w,sor,1.10,mg_sor,cuda,double,383,7,4.186109e-10,2.094105e-07,4.954869e-07,6.996940e+02,7.183400e+02,6.996940e-01,7.183400e-01,1.000000e-09,15,5,true
3,exp,W-SOR,w_sor,w,sor,1.15,mg_sor,cuda,double,383,7,9.252870e-11,2.094105e-07,4.954869e-07,6.818010e+02,6.913730e+02,6.818010e-01,6.913730e-01,1.000000e-09,15,5,true
3,exp,W-SOR,w_sor,w,sor,1.20,mg_sor,cuda,double,383,6,7.936938e-10,2.094105e-07,4.954868e-07,6.065440e+02,6.167990e+02,6.065440e-01,6.167990e-01,1.000000e-09,15,5,true
3,exp,W-SOR,w_sor,w,sor,1.25,mg_sor,cuda,double,383,6,7.804764e-11,2.094106e-07,4.954870e-07,6.057280e+02,6.166350e+02,6.057280e-01,6.166350e-01,1.000000e-09,15,5,true
3,exp,W-SOR,w_sor,w,sor,1.30,mg_sor,cuda,double,383,6,6.196115e-11,2.094104e-07,4.954867e-07,6.080860e+02,6.219630e+02,6.080860e-01,6.219630e-01,1.000000e-09,15,5,true
3,exp,W-SOR,w_sor,w,sor,1.35,mg_sor,cuda,double,383,6,5.786153e-10,2.094104e-07,4.954866e-07,6.012500e+02,6.118130e+02,6.012500e-01,6.118130e-01,1.000000e-09,15,5,true
3,exp,W-SOR,w_sor,w,sor,1.40,mg_sor,cuda,double,383,7,1.197968e-10,2.094104e-07,4.954865e-07,6.784850e+02,6.911590e+02,6.784850e-01,6.911590e-01,1.000000e-09,15,5,true
3,exp,W-SOR,w_sor,w,sor,1.45,mg_sor,cuda,double,383,8,7.456487e-11,2.094104e-07,4.954865e-07,7.540000e+02,7.666130e+02,7.540000e-01,7.666130e-01,1.000000e-09,15,5,true
3,exp,W-SOR,w_sor,w,sor,1.50,mg_sor,cuda,double,383,8,2.142558e-10,2.094103e-07,4.954863e-07,7.776640e+02,7.887870e+02,7.776640e-01,7.887870e-01,1.000000e-09,15,5,true
3,cosine,V-exact,v_exact,v,exact,1.00,mg_exact,cuda,double,383,8,4.416654e-10,3.237429e-07,8.839750e-07,6.742040e+02,6.816940e+02,6.742040e-01,6.816940e-01,1.000000e-09,15,5,true
3,cosine,V-exact,v_exact,v,exact,1.05,mg_exact,cuda,double,383,8,1.212417e-10,3.237499e-07,8.839979e-07,6.482590e+02,6.772540e+02,6.482590e-01,6.772540e-01,1.000000e-09,15,5,true
3,cosine,V-exact,v_exact,v,exact,1.10,mg_exact,cuda,double,383,7,8.861166e-10,3.237331e-07,8.839452e-07,5.811240e+02,5.858510e+02,5.811240e-01,5.858510e-01,1.000000e-09,15,5,true
3,cosine,V-exact,v_exact,v,exact,1.15,mg_exact,cuda,double,383,7,1.899079e-10,3.237481e-07,8.839927e-07,6.345440e+02,6.397590e+02,6.345440e-01,6.397590e-01,1.000000e-09,15,5,true
3,cosine,V-exact,v_exact,v,exact,1.20,mg_exact,cuda,double,383,7,2.741374e-11,3.237520e-07,8.840048e-07,5.870520e+02,5.939910e+02,5.870520e-01,5.939910e-01,1.000000e-09,15,5,true
3,cosine,V-exact,v_exact,v,exact,1.25,mg_exact,cuda,double,383,6,1.418087e-10,3.237487e-07,8.839951e-07,5.357460e+02,5.419760e+02,5.357460e-01,5.419760e-01,1.000000e-09,15,5,true
3,cosine,V-exact,v_exact,v,exact,1.30,mg_exact,cuda,double,383,5,6.665847e-10,3.237384e-07,8.839675e-07,4.662990e+02,4.755850e+02,4.662990e-01,4.755850e-01,1.000000e-09,15,5,true
3,cosine,V-exact,v_exact,v,exact,1.35,mg_exact,cuda,double,383,6,1.775241e-10,3.237528e-07,8.840071e-07,5.357480e+02,5.422290e+02,5.357480e-01,5.422290e-01,1.000000e-09,15,5,true
3,cosine,V-exact,v_exact,v,exact,1.40,mg_exact,cuda,double,383,7,4.815239e-11,3.237528e-07,8.840071e-07,5.848530e+02,5.916980e+02,5.848530e-01,5.916980e-01,1.000000e-09,15,5,true
3,cosine,V-exact,v_exact,v,exact,1.45,mg_exact,cuda,double,383,7,6.105309e-10,3.237529e-07,8.840071e-07,5.787560e+02,5.840260e+02,5.787560e-01,5.840260e-01,1.000000e-09,15,5,true
3,cosine,V-exact,v_exact,v,exact,1.50,mg_exact,cuda,double,383,8,1.711422e-10,3.237527e-07,8.840069e-07,6.459100e+02,6.517960e+02,6.459100e-01,6.517960e-01,1.000000e-09,15,5,true
3,cosine,V-SOR,v_sor,v,sor,1.00,mg_sor,cuda,double,383,8,4.416655e-10,3.237429e-07,8.839750e-07,6.429050e+02,6.483720e+02,6.429050e-01,6.483720e-01,1.000000e-09,15,5,true
3,cosine,V-SOR,v_sor,v,sor,1.05,mg_sor,cuda,double,383,8,1.212423e-10,3.237499e-07,8.839979e-07,6.683660e+02,6.737330e+02,6.683660e-01,6.737330e-01,1.000000e-09,15,5,true
3,cosine,V-SOR,v_sor,v,sor,1.10,mg_sor,cuda,double,383,7,8.861166e-10,3.237331e-07,8.839452e-07,5.905380e+02,5.974180e+02,5.905380e-01,5.974180e-01,1.000000e-09,15,5,true
3,cosine,V-SOR,v_sor,v,sor,1.15,mg_sor,cuda,double,383,7,1.899044e-10,3.237481e-07,8.839927e-07,5.799320e+02,5.848680e+02,5.799320e-01,5.848680e-01,1.000000e-09,15,5,true
3,cosine,V-SOR,v_sor,v,sor,1.20,mg_sor,cuda,double,383,7,2.741329e-11,3.237520e-07,8.840048e-07,5.776500e+02,5.841520e+02,5.776500e-01,5.841520e-01,1.000000e-09,15,5,true
3,cosine,V-SOR,v_sor,v,sor,1.25,mg_sor,cuda,double,383,6,1.418051e-10,3.237487e-07,8.839951e-07,5.321280e+02,5.374060e+02,5.321280e-01,5.374060e-01,1.000000e-09,15,5,true
3,cosine,V-SOR,v_sor,v,sor,1.30,mg_sor,cuda,double,383,5,6.665835e-10,3.237384e-07,8.839675e-07,4.633320e+02,4.763640e+02,4.633320e-01,4.763640e-01,1.000000e-09,15,5,true
3,cosine,V-SOR,v_sor,v,sor,1.35,mg_sor,cuda,double,383,6,1.775234e-10,3.237528e-07,8.840071e-07,5.264550e+02,5.337210e+02,5.264550e-01,5.337210e-01,1.000000e-09,15,5,true
3,cosine,V-SOR,v_sor,v,sor,1.40,mg_sor,cuda,double,383,7,4.815724e-11,3.237528e-07,8.840071e-07,5.781320e+02,5.833870e+02,5.781320e-01,5.833870e-01,1.000000e-09,15,5,true
3,cosine,V-SOR,v_sor,v,sor,1.45,mg_sor,cuda,double,383,7,6.105304e-10,3.237529e-07,8.840071e-07,5.835230e+02,5.903620e+02,5.835230e-01,5.903620e-01,1.000000e-09,15,5,true
3,cosine,V-SOR,v_sor,v,sor,1.50,mg_sor,cuda,double,383,8,1.711422e-10,3.237527e-07,8.840069e-07,6.688630e+02,6.738530e+02,6.688630e-01,6.738530e-01,1.000000e-09,15,5,true
3,cosine,W-exact,w_exact,w,exact,1.00,mg_exact,cuda,double,383,7,8.824847e-10,3.237528e-07,8.840071e-07,7.208160e+02,7.330030e+02,7.208160e-01,7.330030e-01,1.000000e-09,15,5,true
3,cosine,W-exact,w_exact,w,exact,1.05,mg_exact,cuda,double,383,7,2.645194e-10,3.237528e-07,8.840071e-07,7.074700e+02,7.179900e+02,7.074700e-01,7.179900e-01,1.000000e-09,15,5,true
3,cosine,W-exact,w_exact,w,exact,1.10,mg_exact,cuda,double,383,7,6.670295e-11,3.237528e-07,8.840071e-07,6.821500e+02,6.920860e+02,6.821500e-01,6.920860e-01,1.000000e-09,15,5,true
3,cosine,W-exact,w_exact,w,exact,1.15,mg_exact,cuda,double,383,6,8.049141e-10,3.237528e-07,8.840071e-07,6.264920e+02,6.376890e+02,6.264920e-01,6.376890e-01,1.000000e-09,15,5,true
3,cosine,W-exact,w_exact,w,exact,1.20,mg_exact,cuda,double,383,6,1.291268e-10,3.237528e-07,8.840071e-07,6.131800e+02,6.241970e+02,6.131800e-01,6.241970e-01,1.000000e-09,15,5,true
3,cosine,W-exact,w_exact,w,exact,1.25,mg_exact,cuda,double,383,6,1.109976e-11,3.237528e-07,8.840071e-07,6.301150e+02,6.411150e+02,6.301150e-01,6.411150e-01,1.000000e-09,15,5,true
3,cosine,W-exact,w_exact,w,exact,1.30,mg_exact,cuda,double,383,5,3.079523e-10,3.237528e-07,8.840071e-07,5.274100e+02,5.450480e+02,5.274100e-01,5.450480e-01,1.000000e-09,15,5,true
3,cosine,W-exact,w_exact,w,exact,1.35,mg_exact,cuda,double,383,6,6.713804e-11,3.237528e-07,8.840071e-07,6.256800e+02,6.365100e+02,6.256800e-01,6.365100e-01,1.000000e-09,15,5,true
3,cosine,W-exact,w_exact,w,exact,1.40,mg_exact,cuda,double,383,6,9.727736e-10,3.237528e-07,8.840071e-07,6.147700e+02,6.284670e+02,6.147700e-01,6.284670e-01,1.000000e-09,15,5,true
3,cosine,W-exact,w_exact,w,exact,1.45,mg_exact,cuda,double,383,7,1.315215e-10,3.237528e-07,8.840071e-07,6.874190e+02,6.974320e+02,6.874190e-01,6.974320e-01,1.000000e-09,15,5,true
3,cosine,W-exact,w_exact,w,exact,1.50,mg_exact,cuda,double,383,8,2.526580e-11,3.237528e-07,8.840071e-07,7.710610e+02,7.853200e+02,7.710610e-01,7.853200e-01,1.000000e-09,15,5,true
3,cosine,W-SOR,w_sor,w,sor,1.00,mg_sor,cuda,double,383,7,8.824847e-10,3.237528e-07,8.840071e-07,6.738060e+02,6.845730e+02,6.738060e-01,6.845730e-01,1.000000e-09,15,5,true
3,cosine,W-SOR,w_sor,w,sor,1.05,mg_sor,cuda,double,383,7,2.645194e-10,3.237528e-07,8.840071e-07,6.902630e+02,7.003940e+02,6.902630e-01,7.003940e-01,1.000000e-09,15,5,true
3,cosine,W-SOR,w_sor,w,sor,1.10,mg_sor,cuda,double,383,7,6.670295e-11,3.237528e-07,8.840071e-07,7.004360e+02,7.120170e+02,7.004360e-01,7.120170e-01,1.000000e-09,15,5,true
3,cosine,W-SOR,w_sor,w,sor,1.15,mg_sor,cuda,double,383,6,8.049141e-10,3.237528e-07,8.840071e-07,6.210160e+02,6.314540e+02,6.210160e-01,6.314540e-01,1.000000e-09,15,5,true
3,cosine,W-SOR,w_sor,w,sor,1.20,mg_sor,cuda,double,383,6,1.291268e-10,3.237528e-07,8.840071e-07,6.043730e+02,6.187370e+02,6.043730e-01,6.187370e-01,1.000000e-09,15,5,true
3,cosine,W-SOR,w_sor,w,sor,1.25,mg_sor,cuda,double,383,6,1.109976e-11,3.237528e-07,8.840071e-07,6.166870e+02,6.285320e+02,6.166870e-01,6.285320e-01,1.000000e-09,15,5,true
3,cosine,W-SOR,w_sor,w,sor,1.30,mg_sor,cuda,double,383,5,3.079523e-10,3.237528e-07,8.840071e-07,5.340470e+02,5.444230e+02,5.340470e-01,5.444230e-01,1.000000e-09,15,5,true
3,cosine,W-SOR,w_sor,w,sor,1.35,mg_sor,cuda,double,383,6,6.713602e-11,3.237528e-07,8.840071e-07,5.975670e+02,6.158810e+02,5.975670e-01,6.158810e-01,1.000000e-09,15,5,true
3,cosine,W-SOR,w_sor,w,sor,1.40,mg_sor,cuda,double,383,6,9.727752e-10,3.237528e-07,8.840071e-07,5.906300e+02,6.011660e+02,5.906300e-01,6.011660e-01,1.000000e-09,15,5,true
3,cosine,W-SOR,w_sor,w,sor,1.45,mg_sor,cuda,double,383,7,1.315207e-10,3.237528e-07,8.840071e-07,7.030630e+02,7.149280e+02,7.030630e-01,7.149280e-01,1.000000e-09,15,5,true
3,cosine,W-SOR,w_sor,w,sor,1.50,mg_sor,cuda,double,383,8,2.526768e-11,3.237528e-07,8.840071e-07,7.585760e+02,7.829330e+02,7.585760e-01,7.829330e-01,1.000000e-09,15,5,true
3,sine,V-exact,v_exact,v,exact,1.00,mg_exact,cuda,double,511,15,3.957654e-10,1.109263e-06,3.137469e-06,1.311917e+03,1.319040e+03,1.311917e+00,1.319040e+00,1.000000e-09,15,1,true
3,sine,V-exact,v_exact,v,exact,1.05,mg_exact,cuda,double,511,13,6.219954e-10,1.109261e-06,3.137467e-06,1.061051e+03,1.070877e+03,1.061051e+00,1.070877e+00,1.000000e-09,15,1,true
3,sine,V-exact,v_exact,v,exact,1.10,mg_exact,cuda,double,511,12,2.275947e-10,1.109260e-06,3.137463e-06,1.045748e+03,1.053138e+03,1.045748e+00,1.053138e+00,1.000000e-09,15,1,true
3,sine,V-exact,v_exact,v,exact,1.15,mg_exact,cuda,double,511,11,1.193544e-10,1.109258e-06,3.137456e-06,9.316840e+02,9.419940e+02,9.316840e-01,9.419940e-01,1.000000e-09,15,1,true
3,sine,V-exact,v_exact,v,exact,1.20,mg_exact,cuda,double,511,10,1.495340e-10,1.109253e-06,3.137442e-06,9.275260e+02,9.355180e+02,9.275260e-01,9.355180e-01,1.000000e-09,15,1,true
3,sine,V-exact,v_exact,v,exact,1.25,mg_exact,cuda,double,511,9,3.037071e-10,1.109246e-06,3.137421e-06,8.454870e+02,8.545990e+02,8.454870e-01,8.545990e-01,1.000000e-09,15,1,true
3,sine,V-exact,v_exact,v,exact,1.30,mg_exact,cuda,double,511,10,3.561106e-10,1.109263e-06,3.137469e-06,8.802310e+02,8.890330e+02,8.802310e-01,8.890330e-01,1.000000e-09,15,1,true
3,sine,V-exact,v_exact,v,exact,1.35,mg_exact,cuda,double,511,11,3.823037e-10,1.109263e-06,3.137468e-06,9.255130e+02,9.326880e+02,9.255130e-01,9.326880e-01,1.000000e-09,15,1,true
3,sine,V-exact,v_exact,v,exact,1.40,mg_exact,cuda,double,511,13,1.639974e-10,1.109263e-06,3.137468e-06,1.059522e+03,1.067668e+03,1.059522e+00,1.067668e+00,1.000000e-09,15,1,true
3,sine,V-exact,v_exact,v,exact,1.45,mg_exact,cuda,double,511,14,7.121756e-10,1.109263e-06,3.137470e-06,1.117795e+03,1.126039e+03,1.117795e+00,1.126039e+00,1.000000e-09,15,1,true
3,sine,V-exact,v_exact,v,exact,1.50,mg_exact,cuda,double,511,15,3.037212e-09,1.109263e-06,3.137463e-06,1.220749e+03,1.233123e+03,1.220749e+00,1.233123e+00,1.000000e-09,15,1,false
3,sine,V-SOR,v_sor,v,sor,1.00,mg_sor,cuda,double,511,15,3.957994e-10,1.109263e-06,3.137469e-06,1.216873e+03,1.232735e+03,1.216873e+00,1.232735e+00,1.000000e-09,15,1,true
3,sine,V-SOR,v_sor,v,sor,1.05,mg_sor,cuda,double,511,13,6.220065e-10,1.109261e-06,3.137467e-06,1.058717e+03,1.069601e+03,1.058717e+00,1.069601e+00,1.000000e-09,15,1,true
3,sine,V-SOR,v_sor,v,sor,1.10,mg_sor,cuda,double,511,12,2.275961e-10,1.109260e-06,3.137463e-06,1.024133e+03,1.034256e+03,1.024133e+00,1.034256e+00,1.000000e-09,15,1,true
3,sine,V-SOR,v_sor,v,sor,1.15,mg_sor,cuda,double,511,11,1.193534e-10,1.109258e-06,3.137456e-06,9.338560e+02,9.421750e+02,9.338560e-01,9.421750e-01,1.000000e-09,15,1,true
3,sine,V-SOR,v_sor,v,sor,1.20,mg_sor,cuda,double,511,10,1.495324e-10,1.109253e-06,3.137442e-06,8.486950e+02,8.570960e+02,8.486950e-01,8.570960e-01,1.000000e-09,15,1,true
3,sine,V-SOR,v_sor,v,sor,1.25,mg_sor,cuda,double,511,9,3.037079e-10,1.109246e-06,3.137421e-06,8.612580e+02,8.692530e+02,8.612580e-01,8.692530e-01,1.000000e-09,15,1,true
3,sine,V-SOR,v_sor,v,sor,1.30,mg_sor,cuda,double,511,10,3.561143e-10,1.109263e-06,3.137469e-06,8.999910e+02,9.230100e+02,8.999910e-01,9.230100e-01,1.000000e-09,15,1,true
3,sine,V-SOR,v_sor,v,sor,1.35,mg_sor,cuda,double,511,11,3.823004e-10,1.109263e-06,3.137468e-06,9.235860e+02,9.348620e+02,9.235860e-01,9.348620e-01,1.000000e-09,15,1,true
3,sine,V-SOR,v_sor,v,sor,1.40,mg_sor,cuda,double,511,13,1.639982e-10,1.109263e-06,3.137468e-06,1.009966e+03,1.017613e+03,1.009966e+00,1.017613e+00,1.000000e-09,15,1,true
3,sine,V-SOR,v_sor,v,sor,1.45,mg_sor,cuda,double,511,14,7.121790e-10,1.109263e-06,3.137470e-06,1.075928e+03,1.107086e+03,1.075928e+00,1.107086e+00,1.000000e-09,15,1,true
3,sine,V-SOR,v_sor,v,sor,1.50,mg_sor,cuda,double,511,15,3.037274e-09,1.109263e-06,3.137463e-06,1.157297e+03,1.165169e+03,1.157297e+00,1.165169e+00,1.000000e-09,15,1,false
3,sine,W-exact,w_exact,w,exact,1.00,mg_exact,cuda,double,511,8,2.168926e-10,1.109263e-06,3.137469e-06,1.258741e+03,1.272918e+03,1.258741e+00,1.272918e+00,1.000000e-09,15,1,true
3,sine,W-exact,w_exact,w,exact,1.05,mg_exact,cuda,double,511,6,2.588906e-10,1.109263e-06,3.137469e-06,1.066216e+03,1.079117e+03,1.066216e+00,1.079117e+00,1.000000e-09,15,1,true
3,sine,W-exact,w_exact,w,exact,1.10,mg_exact,cuda,double,511,6,5.703694e-11,1.109263e-06,3.137469e-06,1.074212e+03,1.087662e+03,1.074212e+00,1.087662e+00,1.000000e-09,15,1,true
3,sine,W-exact,w_exact,w,exact,1.15,mg_exact,cuda,double,511,7,3.346940e-10,1.109263e-06,3.137469e-06,1.140008e+03,1.153278e+03,1.140008e+00,1.153278e+00,1.000000e-09,15,1,true
3,sine,W-exact,w_exact,w,exact,1.20,mg_exact,cuda,double,511,8,1.966746e-10,1.109263e-06,3.137469e-06,1.270342e+03,1.304531e+03,1.270342e+00,1.304531e+00,1.000000e-09,15,1,true
3,sine,W-exact,w_exact,w,exact,1.25,mg_exact,cuda,double,511,9,1.249769e-10,1.109263e-06,3.137469e-06,1.384511e+03,1.397543e+03,1.384511e+00,1.397543e+00,1.000000e-09,15,1,true
3,sine,W-exact,w_exact,w,exact,1.30,mg_exact,cuda,double,511,10,1.053685e-10,1.109263e-06,3.137469e-06,1.484582e+03,1.499660e+03,1.484582e+00,1.499660e+00,1.000000e-09,15,1,true
3,sine,W-exact,w_exact,w,exact,1.35,mg_exact,cuda,double,511,11,1.777782e-10,1.109263e-06,3.137469e-06,1.564253e+03,1.576459e+03,1.564253e+00,1.576459e+00,1.000000e-09,15,1,true
3,sine,W-exact,w_exact,w,exact,1.40,mg_exact,cuda,double,511,12,6.893383e-10,1.109263e-06,3.137469e-06,1.804274e+03,1.820428e+03,1.804274e+00,1.820428e+00,1.000000e-09,15,1,true
3,sine,W-exact,w_exact,w,exact,1.45,mg_exact,cuda,double,511,14,3.369794e-10,1.109263e-06,3.137469e-06,1.896981e+03,1.910083e+03,1.896981e+00,1.910083e+00,1.000000e-09,15,1,true
3,sine,W-exact,w_exact,w,exact,1.50,mg_exact,cuda,double,511,15,1.661246e-09,1.109263e-06,3.137469e-06,2.030414e+03,2.042998e+03,2.030414e+00,2.042998e+00,1.000000e-09,15,1,false
3,sine,W-SOR,w_sor,w,sor,1.00,mg_sor,cuda,double,511,8,2.168919e-10,1.109263e-06,3.137469e-06,8.743770e+02,8.877640e+02,8.743770e-01,8.877640e-01,1.000000e-09,15,1,true
3,sine,W-SOR,w_sor,w,sor,1.05,mg_sor,cuda,double,511,6,2.588919e-10,1.109263e-06,3.137469e-06,7.483560e+02,7.623400e+02,7.483560e-01,7.623400e-01,1.000000e-09,15,1,true
3,sine,W-SOR,w_sor,w,sor,1.10,mg_sor,cuda,double,511,6,5.703888e-11,1.109263e-06,3.137469e-06,7.451440e+02,7.573100e+02,7.451440e-01,7.573100e-01,1.000000e-09,15,1,true
3,sine,W-SOR,w_sor,w,sor,1.15,mg_sor,cuda,double,511,7,3.346947e-10,1.109263e-06,3.137469e-06,8.789460e+02,8.918610e+02,8.789460e-01,8.918610e-01,1.000000e-09,15,1,true
3,sine,W-SOR,w_sor,w,sor,1.20,mg_sor,cuda,double,511,8,1.966757e-10,1.109263e-06,3.137469e-06,9.128780e+02,9.323160e+02,9.128780e-01,9.323160e-01,1.000000e-09,15,1,true
3,sine,W-SOR,w_sor,w,sor,1.25,mg_sor,cuda,double,511,9,1.249763e-10,1.109263e-06,3.137469e-06,9.459310e+02,9.746350e+02,9.459310e-01,9.746350e-01,1.000000e-09,15,1,true
3,sine,W-SOR,w_sor,w,sor,1.30,mg_sor,cuda,double,511,10,1.053698e-10,1.109263e-06,3.137469e-06,1.012495e+03,1.024407e+03,1.012495e+00,1.024407e+00,1.000000e-09,15,1,true
3,sine,W-SOR,w_sor,w,sor,1.35,mg_sor,cuda,double,511,11,1.777786e-10,1.109263e-06,3.137469e-06,1.107894e+03,1.119550e+03,1.107894e+00,1.119550e+00,1.000000e-09,15,1,true
3,sine,W-SOR,w_sor,w,sor,1.40,mg_sor,cuda,double,511,12,6.893385e-10,1.109263e-06,3.137469e-06,1.227075e+03,1.239890e+03,1.227075e+00,1.239890e+00,1.000000e-09,15,1,true
3,sine,W-SOR,w_sor,w,sor,1.45,mg_sor,cuda,double,511,14,3.369824e-10,1.109263e-06,3.137469e-06,1.270956e+03,1.283827e+03,1.270956e+00,1.283827e+00,1.000000e-09,15,1,true
3,sine,W-SOR,w_sor,w,sor,1.50,mg_sor,cuda,double,511,15,1.661247e-09,1.109263e-06,3.137469e-06,1.297859e+03,1.309654e+03,1.297859e+00,1.309654e+00,1.000000e-09,15,1,false
3,mixed_sine,V-exact,v_exact,v,exact,1.00,mg_exact,cuda,double,511,15,8.500801e-10,1.350263e-05,3.819123e-05,1.227333e+03,1.235919e+03,1.227333e+00,1.235919e+00,1.000000e-09,15,1,true
3,mixed_sine,V-exact,v_exact,v,exact,1.05,mg_exact,cuda,double,511,14,2.905986e-10,1.350265e-05,3.819126e-05,1.139669e+03,1.147701e+03,1.139669e+00,1.147701e+00,1.000000e-09,15,1,true
3,mixed_sine,V-exact,v_exact,v,exact,1.10,mg_exact,cuda,double,511,12,5.765190e-10,1.350262e-05,3.819118e-05,1.033956e+03,1.042353e+03,1.033956e+00,1.042353e+00,1.000000e-09,15,1,true
3,mixed_sine,V-exact,v_exact,v,exact,1.15,mg_exact,cuda,double,511,11,2.391948e-10,1.350264e-05,3.819123e-05,1.023397e+03,1.031395e+03,1.023397e+00,1.031395e+00,1.000000e-09,15,1,true
3,mixed_sine,V-exact,v_exact,v,exact,1.20,mg_exact,cuda,double,511,10,1.010797e-10,1.350265e-05,3.819127e-05,8.945770e+02,9.023690e+02,8.945770e-01,9.023690e-01,1.000000e-09,15,1,true
3,mixed_sine,V-exact,v_exact,v,exact,1.25,mg_exact,cuda,double,511,9,9.205141e-11,1.350266e-05,3.819129e-05,9.119890e+02,9.203210e+02,9.119890e-01,9.203210e-01,1.000000e-09,15,1,true
3,mixed_sine,V-exact,v_exact,v,exact,1.30,mg_exact,cuda,double,511,10,4.279307e-10,1.350266e-05,3.819129e-05,9.481640e+02,9.562000e+02,9.481640e-01,9.562000e-01,1.000000e-09,15,1,true
3,mixed_sine,V-exact,v_exact,v,exact,1.35,mg_exact,cuda,double,511,11,4.689253e-10,1.350266e-05,3.819129e-05,1.012592e+03,1.024224e+03,1.012592e+00,1.024224e+00,1.000000e-09,15,1,true
3,mixed_sine,V-exact,v_exact,v,exact,1.40,mg_exact,cuda,double,511,13,1.783401e-10,1.350266e-05,3.819129e-05,1.115903e+03,1.122742e+03,1.115903e+00,1.122742e+00,1.000000e-09,15,1,true
3,mixed_sine,V-exact,v_exact,v,exact,1.45,mg_exact,cuda,double,511,14,7.731063e-10,1.350266e-05,3.819129e-05,1.144254e+03,1.153035e+03,1.144254e+00,1.153035e+00,1.000000e-09,15,1,true
3,mixed_sine,V-exact,v_exact,v,exact,1.50,mg_exact,cuda,double,511,15,3.255469e-09,1.350266e-05,3.819127e-05,1.229177e+03,1.237135e+03,1.229177e+00,1.237135e+00,1.000000e-09,15,1,false
3,mixed_sine,V-SOR,v_sor,v,sor,1.00,mg_sor,cuda,double,511,15,8.500801e-10,1.350263e-05,3.819123e-05,1.191675e+03,1.200008e+03,1.191675e+00,1.200008e+00,1.000000e-09,15,1,true
3,mixed_sine,V-SOR,v_sor,v,sor,1.05,mg_sor,cuda,double,511,14,2.905986e-10,1.350265e-05,3.819126e-05,1.109525e+03,1.117922e+03,1.109525e+00,1.117922e+00,1.000000e-09,15,1,true
3,mixed_sine,V-SOR,v_sor,v,sor,1.10,mg_sor,cuda,double,511,12,5.765188e-10,1.350262e-05,3.819118e-05,1.069221e+03,1.076815e+03,1.069221e+00,1.076815e+00,1.000000e-09,15,1,true
3,mixed_sine,V-SOR,v_sor,v,sor,1.15,mg_sor,cuda,double,511,11,2.391948e-10,1.350264e-05,3.819123e-05,9.867240e+02,9.943710e+02,9.867240e-01,9.943710e-01,1.000000e-09,15,1,true
3,mixed_sine,V-SOR,v_sor,v,sor,1.20,mg_sor,cuda,double,511,10,1.010797e-10,1.350265e-05,3.819127e-05,9.329380e+02,9.415650e+02,9.329380e-01,9.415650e-01,1.000000e-09,15,1,true
3,mixed_sine,V-SOR,v_sor,v,sor,1.25,mg_sor,cuda,double,511,9,9.205141e-11,1.350266e-05,3.819129e-05,8.646890e+02,8.717110e+02,8.646890e-01,8.717110e-01,1.000000e-09,15,1,true
3,mixed_sine,V-SOR,v_sor,v,sor,1.30,mg_sor,cuda,double,511,10,4.279307e-10,1.350266e-05,3.819129e-05,8.953610e+02,9.032910e+02,8.953610e-01,9.032910e-01,1.000000e-09,15,1,true
3,mixed_sine,V-SOR,v_sor,v,sor,1.35,mg_sor,cuda,double,511,11,4.689253e-10,1.350266e-05,3.819129e-05,1.048441e+03,1.055925e+03,1.048441e+00,1.055925e+00,1.000000e-09,15,1,true
3,mixed_sine,V-SOR,v_sor,v,sor,1.40,mg_sor,cuda,double,511,13,1.783402e-10,1.350266e-05,3.819129e-05,1.108770e+03,1.117518e+03,1.108770e+00,1.117518e+00,1.000000e-09,15,1,true
3,mixed_sine,V-SOR,v_sor,v,sor,1.45,mg_sor,cuda,double,511,14,7.731065e-10,1.350266e-05,3.819129e-05,1.147524e+03,1.155859e+03,1.147524e+00,1.155859e+00,1.000000e-09,15,1,true
3,mixed_sine,V-SOR,v_sor,v,sor,1.50,mg_sor,cuda,double,511,15,3.255469e-09,1.350266e-05,3.819127e-05,1.196044e+03,1.203731e+03,1.196044e+00,1.203731e+00,1.000000e-09,15,1,false
3,mixed_sine,W-exact,w_exact,w,exact,1.00,mg_exact,cuda,double,511,8,9.573221e-10,1.350266e-05,3.819129e-05,1.262537e+03,1.279516e+03,1.262537e+00,1.279516e+00,1.000000e-09,15,1,true
3,mixed_sine,W-exact,w_exact,w,exact,1.05,mg_exact,cuda,double,511,6,7.160809e-10,1.350266e-05,3.819129e-05,1.197625e+03,1.244139e+03,1.197625e+00,1.244139e+00,1.000000e-09,15,1,true
3,mixed_sine,W-exact,w_exact,w,exact,1.10,mg_exact,cuda,double,511,6,6.374865e-11,1.350266e-05,3.819129e-05,1.087188e+03,1.097223e+03,1.087188e+00,1.097223e+00,1.000000e-09,15,1,true
3,mixed_sine,W-exact,w_exact,w,exact,1.15,mg_exact,cuda,double,511,7,3.763333e-10,1.350266e-05,3.819129e-05,1.276255e+03,1.289474e+03,1.276255e+00,1.289474e+00,1.000000e-09,15,1,true
3,mixed_sine,W-exact,w_exact,w,exact,1.20,mg_exact,cuda,double,511,8,2.165740e-10,1.350266e-05,3.819129e-05,1.340706e+03,1.352978e+03,1.340706e+00,1.352978e+00,1.000000e-09,15,1,true
3,mixed_sine,W-exact,w_exact,w,exact,1.25,mg_exact,cuda,double,511,9,1.373965e-10,1.350266e-05,3.819129e-05,1.469024e+03,1.481821e+03,1.469024e+00,1.481821e+00,1.000000e-09,15,1,true
3,mixed_sine,W-exact,w_exact,w,exact,1.30,mg_exact,cuda,double,511,10,1.163886e-10,1.350266e-05,3.819129e-05,1.543216e+03,1.553818e+03,1.543216e+00,1.553818e+00,1.000000e-09,15,1,true
3,mixed_sine,W-exact,w_exact,w,exact,1.35,mg_exact,cuda,double,511,11,1.981358e-10,1.350266e-05,3.819129e-05,1.681090e+03,1.694776e+03,1.681090e+00,1.694776e+00,1.000000e-09,15,1,true
3,mixed_sine,W-exact,w_exact,w,exact,1.40,mg_exact,cuda,double,511,12,7.741725e-10,1.350266e-05,3.819129e-05,1.796722e+03,1.806293e+03,1.796722e+00,1.806293e+00,1.000000e-09,15,1,true
3,mixed_sine,W-exact,w_exact,w,exact,1.45,mg_exact,cuda,double,511,14,3.778839e-10,1.350266e-05,3.819129e-05,1.886347e+03,1.899967e+03,1.886347e+00,1.899967e+00,1.000000e-09,15,1,true
3,mixed_sine,W-exact,w_exact,w,exact,1.50,mg_exact,cuda,double,511,15,1.866020e-09,1.350266e-05,3.819129e-05,2.048549e+03,2.060296e+03,2.048549e+00,2.060296e+00,1.000000e-09,15,1,false
3,mixed_sine,W-SOR,w_sor,w,sor,1.00,mg_sor,cuda,double,511,8,9.573221e-10,1.350266e-05,3.819129e-05,9.320740e+02,9.451290e+02,9.320740e-01,9.451290e-01,1.000000e-09,15,1,true
3,mixed_sine,W-SOR,w_sor,w,sor,1.05,mg_sor,cuda,double,511,6,7.160809e-10,1.350266e-05,3.819129e-05,7.533490e+02,7.649480e+02,7.533490e-01,7.649480e-01,1.000000e-09,15,1,true
3,mixed_sine,W-SOR,w_sor,w,sor,1.10,mg_sor,cuda,double,511,6,6.374865e-11,1.350266e-05,3.819129e-05,7.817810e+02,7.946160e+02,7.817810e-01,7.946160e-01,1.000000e-09,15,1,true
3,mixed_sine,W-SOR,w_sor,w,sor,1.15,mg_sor,cuda,double,511,7,3.763333e-10,1.350266e-05,3.819129e-05,8.085780e+02,8.217990e+02,8.085780e-01,8.217990e-01,1.000000e-09,15,1,true
3,mixed_sine,W-SOR,w_sor,w,sor,1.20,mg_sor,cuda,double,511,8,2.165740e-10,1.350266e-05,3.819129e-05,8.754310e+02,8.881450e+02,8.754310e-01,8.881450e-01,1.000000e-09,15,1,true
3,mixed_sine,W-SOR,w_sor,w,sor,1.25,mg_sor,cuda,double,511,9,1.373963e-10,1.350266e-05,3.819129e-05,9.390050e+02,9.517290e+02,9.390050e-01,9.517290e-01,1.000000e-09,15,1,true
3,mixed_sine,W-SOR,w_sor,w,sor,1.30,mg_sor,cuda,double,511,10,1.163883e-10,1.350266e-05,3.819129e-05,9.928230e+02,1.006080e+03,9.928230e-01,1.006080e+00,1.000000e-09,15,1,true
3,mixed_sine,W-SOR,w_sor,w,sor,1.35,mg_sor,cuda,double,511,11,1.981356e-10,1.350266e-05,3.819129e-05,1.036296e+03,1.048794e+03,1.036296e+00,1.048794e+00,1.000000e-09,15,1,true
3,mixed_sine,W-SOR,w_sor,w,sor,1.40,mg_sor,cuda,double,511,12,7.741728e-10,1.350266e-05,3.819129e-05,1.154121e+03,1.168089e+03,1.154121e+00,1.168089e+00,1.000000e-09,15,1,true
3,mixed_sine,W-SOR,w_sor,w,sor,1.45,mg_sor,cuda,double,511,14,3.778840e-10,1.350266e-05,3.819129e-05,1.213624e+03,1.226802e+03,1.213624e+00,1.226802e+00,1.000000e-09,15,1,true
3,mixed_sine,W-SOR,w_sor,w,sor,1.50,mg_sor,cuda,double,511,15,1.866020e-09,1.350266e-05,3.819129e-05,1.283914e+03,1.318494e+03,1.283914e+00,1.318494e+00,1.000000e-09,15,1,false
3,bubble,V-exact,v_exact,v,exact,1.00,mg_exact,cuda,double,511,15,9.197822e-10,5.260717e-14,1.179174e-13,1.094401e+03,1.102054e+03,1.094401e+00,1.102054e+00,1.000000e-09,15,1,true
3,bubble,V-exact,v_exact,v,exact,1.05,mg_exact,cuda,double,511,14,2.812178e-10,1.832652e-14,3.991685e-14,1.069930e+03,1.076754e+03,1.069930e+00,1.076754e+00,1.000000e-09,15,1,true
3,bubble,V-exact,v_exact,v,exact,1.10,mg_exact,cuda,double,511,12,4.409807e-10,5.506604e-14,9.273138e-14,9.407510e+02,9.485250e+02,9.407510e-01,9.485250e-01,1.000000e-09,15,1,true
3,bubble,V-exact,v_exact,v,exact,1.15,mg_exact,cuda,double,511,11,1.447514e-10,8.727868e-14,2.225026e-13,8.889950e+02,8.976970e+02,8.889950e-01,8.976970e-01,1.000000e-09,15,1,true
3,bubble,V-exact,v_exact,v,exact,1.20,mg_exact,cuda,double,511,10,1.432312e-10,1.691025e-13,4.620332e-13,8.640710e+02,8.721560e+02,8.640710e-01,8.721560e-01,1.000000e-09,15,1,true
3,bubble,V-exact,v_exact,v,exact,1.25,mg_exact,cuda,double,511,9,2.961591e-10,2.891627e-13,8.134951e-13,8.614470e+02,8.701530e+02,8.614470e-01,8.701530e-01,1.000000e-09,15,1,true
3,bubble,V-exact,v_exact,v,exact,1.30,mg_exact,cuda,double,511,10,3.845091e-10,1.166442e-15,4.586609e-15,8.525890e+02,8.596690e+02,8.525890e-01,8.596690e-01,1.000000e-09,15,1,true
3,bubble,V-exact,v_exact,v,exact,1.35,mg_exact,cuda,double,511,11,4.576592e-10,1.562919e-15,1.236337e-14,9.167880e+02,9.305860e+02,9.167880e-01,9.305860e-01,1.000000e-09,15,1,true
3,bubble,V-exact,v_exact,v,exact,1.40,mg_exact,cuda,double,511,13,1.941322e-10,9.541568e-16,6.815729e-15,1.045923e+03,1.053662e+03,1.045923e+00,1.053662e+00,1.000000e-09,15,1,true
3,bubble,V-exact,v_exact,v,exact,1.45,mg_exact,cuda,double,511,14,8.833918e-10,4.824032e-15,2.755955e-14,1.047340e+03,1.055194e+03,1.047340e+00,1.055194e+00,1.000000e-09,15,1,true
3,bubble,V-exact,v_exact,v,exact,1.50,mg_exact,cuda,double,511,15,4.066415e-09,2.615332e-14,1.216527e-13,1.126584e+03,1.135059e+03,1.126584e+00,1.135059e+00,1.000000e-09,15,1,false
3,bubble,V-SOR,v_sor,v,sor,1.00,mg_sor,cuda,double,511,15,9.198011e-10,5.260608e-14,1.179187e-13,1.094301e+03,1.103402e+03,1.094301e+00,1.103402e+00,1.000000e-09,15,1,true
3,bubble,V-SOR,v_sor,v,sor,1.05,mg_sor,cuda,double,511,14,2.812200e-10,1.832778e-14,3.991599e-14,1.123829e+03,1.131651e+03,1.123829e+00,1.131651e+00,1.000000e-09,15,1,true
3,bubble,V-SOR,v_sor,v,sor,1.10,mg_sor,cuda,double,511,12,4.409811e-10,5.506849e-14,9.274439e-14,9.557350e+02,9.650940e+02,9.557350e-01,9.650940e-01,1.000000e-09,15,1,true
3,bubble,V-SOR,v_sor,v,sor,1.15,mg_sor,cuda,double,511,11,1.447499e-10,8.728487e-14,2.225269e-13,9.750690e+02,9.824220e+02,9.750690e-01,9.824220e-01,1.000000e-09,15,1,true
3,bubble,V-SOR,v_sor,v,sor,1.20,mg_sor,cuda,double,511,10,1.432318e-10,1.691021e-13,4.620453e-13,8.452000e+02,8.523880e+02,8.452000e-01,8.523880e-01,1.000000e-09,15,1,true
3,bubble,V-SOR,v_sor,v,sor,1.25,mg_sor,cuda,double,511,9,2.961580e-10,2.891512e-13,8.134726e-13,8.061720e+02,8.132360e+02,8.061720e-01,8.132360e-01,1.000000e-09,15,1,true
3,bubble,V-SOR,v_sor,v,sor,1.30,mg_sor,cuda,double,511,10,3.845107e-10,1.165606e-15,4.570996e-15,9.256060e+02,9.342570e+02,9.256060e-01,9.342570e-01,1.000000e-09,15,1,true
3,bubble,V-SOR,v_sor,v,sor,1.35,mg_sor,cuda,double,511,11,4.576612e-10,1.564074e-15,1.241021e-14,9.571390e+02,9.646440e+02,9.571390e-01,9.646440e-01,1.000000e-09,15,1,true
3,bubble,V-SOR,v_sor,v,sor,1.40,mg_sor,cuda,double,511,13,1.941305e-10,9.551527e-16,6.739401e-15,1.026637e+03,1.034351e+03,1.026637e+00,1.034351e+00,1.000000e-09,15,1,true
3,bubble,V-SOR,v_sor,v,sor,1.45,mg_sor,cuda,double,511,14,8.833954e-10,4.825747e-15,2.753700e-14,1.109302e+03,1.116296e+03,1.109302e+00,1.116296e+00,1.000000e-09,15,1,true
3,bubble,V-SOR,v_sor,v,sor,1.50,mg_sor,cuda,double,511,15,4.066469e-09,2.615337e-14,1.216926e-13,1.154546e+03,1.161896e+03,1.154546e+00,1.161896e+00,1.000000e-09,15,1,false
3,bubble,W-exact,w_exact,w,exact,1.00,mg_exact,cuda,double,511,11,3.686239e-10,7.614202e-16,2.553513e-15,1.610423e+03,1.624284e+03,1.610423e+00,1.624284e+00,1.000000e-09,15,1,true
3,bubble,W-exact,w_exact,w,exact,1.05,mg_exact,cuda,double,511,9,8.030091e-10,9.223944e-16,3.385652e-15,1.438218e+03,1.450314e+03,1.438218e+00,1.450314e+00,1.000000e-09,15,1,true
3,bubble,W-exact,w_exact,w,exact,1.10,mg_exact,cuda,double,511,8,1.826319e-10,8.576932e-16,2.969847e-15,1.260271e+03,1.276742e+03,1.260271e+00,1.276742e+00,1.000000e-09,15,1,true
3,bubble,W-exact,w_exact,w,exact,1.15,mg_exact,cuda,double,511,7,3.563039e-10,9.337806e-17,5.689893e-16,1.157085e+03,1.167653e+03,1.157085e+00,1.167653e+00,1.000000e-09,15,1,true
3,bubble,W-exact,w_exact,w,exact,1.20,mg_exact,cuda,double,511,8,2.140167e-10,6.325763e-17,4.336809e-16,1.333171e+03,1.345014e+03,1.333171e+00,1.345014e+00,1.000000e-09,15,1,true
3,bubble,W-exact,w_exact,w,exact,1.25,mg_exact,cuda,double,511,9,1.392057e-10,6.569100e-17,5.689893e-16,1.385457e+03,1.397321e+03,1.385457e+00,1.397321e+00,1.000000e-09,15,1,true
3,bubble,W-exact,w_exact,w,exact,1.30,mg_exact,cuda,double,511,10,1.201262e-10,1.284406e-16,7.598089e-16,1.501749e+03,1.514116e+03,1.501749e+00,1.514116e+00,1.000000e-09,15,1,true
3,bubble,W-exact,w_exact,w,exact,1.35,mg_exact,cuda,double,511,11,1.983812e-10,6.815207e-17,3.001072e-16,1.571554e+03,1.586723e+03,1.571554e+00,1.586723e+00,1.000000e-09,15,1,true
3,bubble,W-exact,w_exact,w,exact,1.40,mg_exact,cuda,double,511,12,7.370081e-10,8.910882e-17,5.499073e-16,1.737138e+03,1.750310e+03,1.737138e+00,1.750310e+00,1.000000e-09,15,1,true
3,bubble,W-exact,w_exact,w,exact,1.45,mg_exact,cuda,double,511,14,3.608795e-10,7.277033e-17,7.389922e-16,1.916765e+03,1.930224e+03,1.916765e+00,1.930224e+00,1.000000e-09,15,1,true
3,bubble,W-exact,w_exact,w,exact,1.50,mg_exact,cuda,double,511,15,1.761391e-09,2.305738e-16,1.287165e-15,2.073352e+03,2.085438e+03,2.073352e+00,2.085438e+00,1.000000e-09,15,1,false
3,bubble,W-SOR,w_sor,w,sor,1.00,mg_sor,cuda,double,511,11,3.686240e-10,7.669562e-16,2.577799e-15,1.030054e+03,1.042484e+03,1.030054e+00,1.042484e+00,1.000000e-09,15,1,true
3,bubble,W-SOR,w_sor,w,sor,1.05,mg_sor,cuda,double,511,9,8.030096e-10,9.540378e-16,3.384906e-15,8.897970e+02,9.020740e+02,8.897970e-01,9.020740e-01,1.000000e-09,15,1,true
3,bubble,W-SOR,w_sor,w,sor,1.10,mg_sor,cuda,double,511,8,1.826328e-10,1.078108e-15,3.465978e-15,8.515830e+02,8.649400e+02,8.515830e-01,8.649400e-01,1.000000e-09,15,1,true
3,bubble,W-SOR,w_sor,w,sor,1.15,mg_sor,cuda,double,511,7,3.563058e-10,8.454149e-17,4.354156e-16,8.010120e+02,8.138010e+02,8.010120e-01,8.138010e-01,1.000000e-09,15,1,true
3,bubble,W-SOR,w_sor,w,sor,1.20,mg_sor,cuda,double,511,8,2.140038e-10,7.375951e-17,4.857226e-16,8.735480e+02,8.865270e+02,8.735480e-01,8.865270e-01,1.000000e-09,15,1,true
3,bubble,W-SOR,w_sor,w,sor,1.25,mg_sor,cuda,double,511,9,1.392066e-10,5.909362e-17,4.666406e-16,9.339640e+02,9.444780e+02,9.339640e-01,9.444780e-01,1.000000e-09,15,1,true
3,bubble,W-SOR,w_sor,w,sor,1.30,mg_sor,cuda,double,511,10,1.201086e-10,2.002963e-16,1.105019e-15,9.781040e+02,9.914780e+02,9.781040e-01,9.914780e-01,1.000000e-09,15,1,true
3,bubble,W-SOR,w_sor,w,sor,1.35,mg_sor,cuda,double,511,11,1.983785e-10,6.664216e-17,2.792905e-16,1.015620e+03,1.027921e+03,1.015620e+00,1.027921e+00,1.000000e-09,15,1,true
3,bubble,W-SOR,w_sor,w,sor,1.40,mg_sor,cuda,double,511,12,7.370058e-10,1.132456e-16,1.023487e-15,1.171474e+03,1.182681e+03,1.171474e+00,1.182681e+00,1.000000e-09,15,1,true
3,bubble,W-SOR,w_sor,w,sor,1.45,mg_sor,cuda,double,511,14,3.608781e-10,1.409610e-16,1.101549e-15,1.216338e+03,1.228242e+03,1.216338e+00,1.228242e+00,1.000000e-09,15,1,true
3,bubble,W-SOR,w_sor,w,sor,1.50,mg_sor,cuda,double,511,15,1.761387e-09,2.398106e-16,1.804112e-15,1.263912e+03,1.275002e+03,1.263912e+00,1.275002e+00,1.000000e-09,15,1,false
3,exp,V-exact,v_exact,v,exact,1.00,mg_exact,cuda,double,511,15,3.199629e-06,1.172930e-07,2.811781e-07,1.152808e+03,1.161306e+03,1.152808e+00,1.161306e+00,1.000000e-09,15,1,false
3,exp,V-exact,v_exact,v,exact,1.05,mg_exact,cuda,double,511,15,1.396792e-07,1.177602e-07,2.788501e-07,1.118929e+03,1.127398e+03,1.118929e+00,1.127398e+00,1.000000e-09,15,1,false
3,exp,V-exact,v_exact,v,exact,1.10,mg_exact,cuda,double,511,15,2.570281e-09,1.177930e-07,2.787162e-07,1.064520e+03,1.072608e+03,1.064520e+00,1.072608e+00,1.000000e-09,15,1,false
3,exp,V-exact,v_exact,v,exact,1.15,mg_exact,cuda,double,511,14,1.387377e-10,1.177942e-07,2.787136e-07,1.104616e+03,1.112649e+03,1.104616e+00,1.112649e+00,1.000000e-09,15,1,true
3,exp,V-exact,v_exact,v,exact,1.20,mg_exact,cuda,double,511,12,6.797081e-10,1.177934e-07,2.787103e-07,9.654900e+02,9.743900e+02,9.654900e-01,9.743900e-01,1.000000e-09,15,1,true
3,exp,V-exact,v_exact,v,exact,1.25,mg_exact,cuda,double,511,14,1.598044e-10,1.177944e-07,2.787142e-07,1.044912e+03,1.053078e+03,1.044912e+00,1.053078e+00,1.000000e-09,15,1,true
3,exp,V-exact,v_exact,v,exact,1.30,mg_exact,cuda,double,511,15,4.168411e-10,1.177943e-07,2.787139e-07,1.103597e+03,1.113070e+03,1.103597e+00,1.113070e+00,1.000000e-09,15,1,true
3,exp,V-exact,v_exact,v,exact,1.35,mg_exact,cuda,double,511,15,6.457538e-09,1.177942e-07,2.787138e-07,1.137253e+03,1.148760e+03,1.137253e+00,1.148760e+00,1.000000e-09,15,1,false
3,exp,V-exact,v_exact,v,exact,1.40,mg_exact,cuda,double,511,15,7.774923e-08,1.177940e-07,2.787128e-07,1.095800e+03,1.104756e+03,1.095800e+00,1.104756e+00,1.000000e-09,15,1,false
3,exp,V-exact,v_exact,v,exact,1.45,mg_exact,cuda,double,511,15,8.689387e-07,1.177980e-07,2.786883e-07,1.151593e+03,1.161033e+03,1.151593e+00,1.161033e+00,1.000000e-09,15,1,false
3,exp,V-exact,v_exact,v,exact,1.50,mg_exact,cuda,double,511,15,1.508877e-05,1.180403e-07,2.774824e-07,1.189221e+03,1.202223e+03,1.189221e+00,1.202223e+00,1.000000e-09,15,1,false
3,exp,V-SOR,v_sor,v,sor,1.00,mg_sor,cuda,double,511,15,3.199629e-06,1.172930e-07,2.811781e-07,1.170527e+03,1.177942e+03,1.170527e+00,1.177942e+00,1.000000e-09,15,1,false
3,exp,V-SOR,v_sor,v,sor,1.05,mg_sor,cuda,double,511,15,1.396792e-07,1.177602e-07,2.788501e-07,1.133197e+03,1.140675e+03,1.133197e+00,1.140675e+00,1.000000e-09,15,1,false
3,exp,V-SOR,v_sor,v,sor,1.10,mg_sor,cuda,double,511,15,2.570279e-09,1.177930e-07,2.787162e-07,1.076438e+03,1.084275e+03,1.076438e+00,1.084275e+00,1.000000e-09,15,1,false
3,exp,V-SOR,v_sor,v,sor,1.15,mg_sor,cuda,double,511,14,1.387123e-10,1.177942e-07,2.787136e-07,1.097204e+03,1.104073e+03,1.097204e+00,1.104073e+00,1.000000e-09,15,1,true
3,exp,V-SOR,v_sor,v,sor,1.20,mg_sor,cuda,double,511,12,6.796812e-10,1.177934e-07,2.787103e-07,9.222370e+02,9.308160e+02,9.222370e-01,9.308160e-01,1.000000e-09,15,1,true
3,exp,V-SOR,v_sor,v,sor,1.25,mg_sor,cuda,double,511,14,1.598046e-10,1.177944e-07,2.787142e-07,1.124631e+03,1.132915e+03,1.124631e+00,1.132915e+00,1.000000e-09,15,1,true
3,exp,V-SOR,v_sor,v,sor,1.30,mg_sor,cuda,double,511,15,4.168360e-10,1.177943e-07,2.787139e-07,1.102944e+03,1.111514e+03,1.102944e+00,1.111514e+00,1.000000e-09,15,1,true
3,exp,V-SOR,v_sor,v,sor,1.35,mg_sor,cuda,double,511,15,6.457512e-09,1.177942e-07,2.787138e-07,1.135969e+03,1.145050e+03,1.135969e+00,1.145050e+00,1.000000e-09,15,1,false
3,exp,V-SOR,v_sor,v,sor,1.40,mg_sor,cuda,double,511,15,7.774923e-08,1.177940e-07,2.787128e-07,1.146820e+03,1.155030e+03,1.146820e+00,1.155030e+00,1.000000e-09,15,1,false
3,exp,V-SOR,v_sor,v,sor,1.45,mg_sor,cuda,double,511,15,8.689387e-07,1.177980e-07,2.786883e-07,1.124374e+03,1.132026e+03,1.124374e+00,1.132026e+00,1.000000e-09,15,1,false
3,exp,V-SOR,v_sor,v,sor,1.50,mg_sor,cuda,double,511,15,1.508877e-05,1.180404e-07,2.774824e-07,1.180041e+03,1.188502e+03,1.180041e+00,1.188502e+00,1.000000e-09,15,1,false
3,exp,W-exact,w_exact,w,exact,1.00,mg_exact,cuda,double,511,15,2.513637e-07,1.177945e-07,2.787145e-07,2.029222e+03,2.041645e+03,2.029222e+00,2.041645e+00,1.000000e-09,15,1,false
3,exp,W-exact,w_exact,w,exact,1.05,mg_exact,cuda,double,511,15,3.517767e-09,1.177945e-07,2.787144e-07,2.022655e+03,2.035756e+03,2.022655e+00,2.035756e+00,1.000000e-09,15,1,false
3,exp,W-exact,w_exact,w,exact,1.10,mg_exact,cuda,double,511,13,5.740932e-10,1.177945e-07,2.787143e-07,1.784013e+03,1.797464e+03,1.784013e+00,1.797464e+00,1.000000e-09,15,1,true
3,exp,W-exact,w_exact,w,exact,1.15,mg_exact,cuda,double,511,11,2.742171e-10,1.177944e-07,2.787142e-07,1.598039e+03,1.611303e+03,1.598039e+00,1.611303e+00,1.000000e-09,15,1,true
3,exp,W-exact,w_exact,w,exact,1.20,mg_exact,cuda,double,511,12,3.075555e-10,1.177944e-07,2.787141e-07,1.652808e+03,1.695337e+03,1.652808e+00,1.695337e+00,1.000000e-09,15,1,true
3,exp,W-exact,w_exact,w,exact,1.25,mg_exact,cuda,double,511,13,6.267399e-10,1.177944e-07,2.787142e-07,1.734146e+03,1.746679e+03,1.734146e+00,1.746679e+00,1.000000e-09,15,1,true
3,exp,W-exact,w_exact,w,exact,1.30,mg_exact,cuda,double,511,15,2.034667e-10,1.177943e-07,2.787139e-07,1.910634e+03,1.925254e+03,1.910634e+00,1.925254e+00,1.000000e-09,15,1,true
3,exp,W-exact,w_exact,w,exact,1.35,mg_exact,cuda,double,511,15,3.835449e-09,1.177942e-07,2.787138e-07,2.006625e+03,2.018246e+03,2.006625e+00,2.018246e+00,1.000000e-09,15,1,false
3,exp,W-exact,w_exact,w,exact,1.40,mg_exact,cuda,double,511,15,6.241962e-08,1.177942e-07,2.787136e-07,1.957320e+03,1.974249e+03,1.957320e+00,1.974249e+00,1.000000e-09,15,1,false
3,exp,W-exact,w_exact,w,exact,1.45,mg_exact,cuda,double,511,15,8.078682e-07,1.177942e-07,2.787136e-07,1.925619e+03,1.936039e+03,1.925619e+00,1.936039e+00,1.000000e-09,15,1,false
3,exp,W-exact,w_exact,w,exact,1.50,mg_exact,cuda,double,511,15,9.983433e-06,1.177937e-07,2.787128e-07,1.954398e+03,1.964615e+03,1.954398e+00,1.964615e+00,1.000000e-09,15,1,false
3,exp,W-SOR,w_sor,w,sor,1.00,mg_sor,cuda,double,511,15,2.513637e-07,1.177945e-07,2.787145e-07,1.248093e+03,1.259281e+03,1.248093e+00,1.259281e+00,1.000000e-09,15,1,false
3,exp,W-SOR,w_sor,w,sor,1.05,mg_sor,cuda,double,511,15,3.517733e-09,1.177945e-07,2.787144e-07,1.217662e+03,1.231437e+03,1.217662e+00,1.231437e+00,1.000000e-09,15,1,false
3,exp,W-SOR,w_sor,w,sor,1.10,mg_sor,cuda,double,511,13,5.740735e-10,1.177944e-07,2.787143e-07,1.061249e+03,1.074501e+03,1.061249e+00,1.074501e+00,1.000000e-09,15,1,true
3,exp,W-SOR,w_sor,w,sor,1.15,mg_sor,cuda,double,511,11,2.742246e-10,1.177944e-07,2.787142e-07,9.730710e+02,9.842170e+02,9.730710e-01,9.842170e-01,1.000000e-09,15,1,true
3,exp,W-SOR,w_sor,w,sor,1.20,mg_sor,cuda,double,511,12,3.075539e-10,1.177944e-07,2.787141e-07,1.028733e+03,1.039622e+03,1.028733e+00,1.039622e+00,1.000000e-09,15,1,true
3,exp,W-SOR,w_sor,w,sor,1.25,mg_sor,cuda,double,511,13,6.267190e-10,1.177944e-07,2.787142e-07,1.153799e+03,1.165662e+03,1.153799e+00,1.165662e+00,1.000000e-09,15,1,true
3,exp,W-SOR,w_sor,w,sor,1.30,mg_sor,cuda,double,511,15,2.034857e-10,1.177943e-07,2.787139e-07,1.292580e+03,1.303686e+03,1.292580e+00,1.303686e+00,1.000000e-09,15,1,true
3,exp,W-SOR,w_sor,w,sor,1.35,mg_sor,cuda,double,511,15,3.835433e-09,1.177942e-07,2.787138e-07,1.270136e+03,1.282219e+03,1.270136e+00,1.282219e+00,1.000000e-09,15,1,false
3,exp,W-SOR,w_sor,w,sor,1.40,mg_sor,cuda,double,511,15,6.241963e-08,1.177942e-07,2.787136e-07,1.244879e+03,1.255502e+03,1.244879e+00,1.255502e+00,1.000000e-09,15,1,false
3,exp,W-SOR,w_sor,w,sor,1.45,mg_sor,cuda,double,511,15,8.078682e-07,1.177942e-07,2.787137e-07,1.234657e+03,1.245246e+03,1.234657e+00,1.245246e+00,1.000000e-09,15,1,false
3,exp,W-SOR,w_sor,w,sor,1.50,mg_sor,cuda,double,511,15,9.983433e-06,1.177937e-07,2.787128e-07,1.327500e+03,1.340386e+03,1.327500e+00,1.340386e+00,1.000000e-09,15,1,false
3,cosine,V-exact,v_exact,v,exact,1.00,mg_exact,cuda,double,511,15,3.809665e-07,1.820328e-07,4.971717e-07,1.141492e+03,1.151414e+03,1.141492e+00,1.151414e+00,1.000000e-09,15,1,false
3,cosine,V-exact,v_exact,v,exact,1.05,mg_exact,cuda,double,511,15,1.640610e-08,1.821072e-07,4.972399e-07,1.266935e+03,1.274743e+03,1.266935e+00,1.274743e+00,1.000000e-09,15,1,false
3,cosine,V-exact,v_exact,v,exact,1.10,mg_exact,cuda,double,511,15,2.957390e-10,1.821134e-07,4.972495e-07,1.134696e+03,1.142647e+03,1.134696e+00,1.142647e+00,1.000000e-09,15,1,true
3,cosine,V-exact,v_exact,v,exact,1.15,mg_exact,cuda,double,511,13,1.248207e-10,1.821132e-07,4.972489e-07,1.011023e+03,1.020780e+03,1.011023e+00,1.020780e+00,1.000000e-09,15,1,true
3,cosine,V-exact,v_exact,v,exact,1.20,mg_exact,cuda,double,511,11,6.617445e-10,1.821128e-07,4.972477e-07,9.657360e+02,9.736230e+02,9.657360e-01,9.736230e-01,1.000000e-09,15,1,true
3,cosine,V-exact,v_exact,v,exact,1.25,mg_exact,cuda,double,511,13,1.790027e-10,1.821137e-07,4.972503e-07,1.042171e+03,1.049680e+03,1.042171e+00,1.049680e+00,1.000000e-09,15,1,true
3,cosine,V-exact,v_exact,v,exact,1.30,mg_exact,cuda,double,511,14,3.669095e-10,1.821137e-07,4.972503e-07,1.099304e+03,1.106190e+03,1.099304e+00,1.106190e+00,1.000000e-09,15,1,true
3,cosine,V-exact,v_exact,v,exact,1.35,mg_exact,cuda,double,511,15,7.955292e-10,1.821137e-07,4.972503e-07,1.163309e+03,1.171493e+03,1.163309e+00,1.171493e+00,1.000000e-09,15,1,true
3,cosine,V-exact,v_exact,v,exact,1.40,mg_exact,cuda,double,511,15,9.588977e-09,1.821137e-07,4.972503e-07,1.111731e+03,1.119588e+03,1.111731e+00,1.119588e+00,1.000000e-09,15,1,false
3,cosine,V-exact,v_exact,v,exact,1.45,mg_exact,cuda,double,511,15,1.072081e-07,1.821141e-07,4.972494e-07,1.176592e+03,1.184076e+03,1.176592e+00,1.184076e+00,1.000000e-09,15,1,false
3,cosine,V-exact,v_exact,v,exact,1.50,mg_exact,cuda,double,511,15,1.854724e-06,1.821367e-07,4.972168e-07,1.138016e+03,1.145382e+03,1.138016e+00,1.145382e+00,1.000000e-09,15,1,false
3,cosine,V-SOR,v_sor,v,sor,1.00,mg_sor,cuda,double,511,15,3.809665e-07,1.820328e-07,4.971717e-07,1.128974e+03,1.137115e+03,1.128974e+00,1.137115e+00,1.000000e-09,15,1,false
3,cosine,V-SOR,v_sor,v,sor,1.05,mg_sor,cuda,double,511,15,1.640610e-08,1.821072e-07,4.972399e-07,1.106933e+03,1.115064e+03,1.106933e+00,1.115064e+00,1.000000e-09,15,1,false
3,cosine,V-SOR,v_sor,v,sor,1.10,mg_sor,cuda,double,511,15,2.957399e-10,1.821134e-07,4.972495e-07,1.153009e+03,1.177602e+03,1.153009e+00,1.177602e+00,1.000000e-09,15,1,true
3,cosine,V-SOR,v_sor,v,sor,1.15,mg_sor,cuda,double,511,13,1.248197e-10,1.821132e-07,4.972489e-07,1.033690e+03,1.040672e+03,1.033690e+00,1.040672e+00,1.000000e-09,15,1,true
3,cosine,V-SOR,v_sor,v,sor,1.20,mg_sor,cuda,double,511,11,6.617469e-10,1.821128e-07,4.972477e-07,9.750080e+02,9.817010e+02,9.750080e-01,9.817010e-01,1.000000e-09,15,1,true
3,cosine,V-SOR,v_sor,v,sor,1.25,mg_sor,cuda,double,511,13,1.790011e-10,1.821137e-07,4.972503e-07,1.085417e+03,1.095998e+03,1.085417e+00,1.095998e+00,1.000000e-09,15,1,true
3,cosine,V-SOR,v_sor,v,sor,1.30,mg_sor,cuda,double,511,14,3.669105e-10,1.821137e-07,4.972503e-07,1.110651e+03,1.118208e+03,1.110651e+00,1.118208e+00,1.000000e-09,15,1,true
3,cosine,V-SOR,v_sor,v,sor,1.35,mg_sor,cuda,double,511,15,7.955288e-10,1.821137e-07,4.972503e-07,1.153349e+03,1.161015e+03,1.153349e+00,1.161015e+00,1.000000e-09,15,1,true
3,cosine,V-SOR,v_sor,v,sor,1.40,mg_sor,cuda,double,511,15,9.588980e-09,1.821137e-07,4.972503e-07,1.172427e+03,1.180012e+03,1.172427e+00,1.180012e+00,1.000000e-09,15,1,false
3,cosine,V-SOR,v_sor,v,sor,1.45,mg_sor,cuda,double,511,15,1.072081e-07,1.821141e-07,4.972494e-07,1.159447e+03,1.167279e+03,1.159447e+00,1.167279e+00,1.000000e-09,15,1,false
3,cosine,V-SOR,v_sor,v,sor,1.50,mg_sor,cuda,double,511,15,1.854724e-06,1.821367e-07,4.972168e-07,1.165703e+03,1.182043e+03,1.165703e+00,1.182043e+00,1.000000e-09,15,1,false
3,cosine,W-exact,w_exact,w,exact,1.00,mg_exact,cuda,double,511,15,3.093885e-08,1.821137e-07,4.972503e-07,2.047817e+03,2.061228e+03,2.047817e+00,2.061228e+00,1.000000e-09,15,1,false
3,cosine,W-exact,w_exact,w,exact,1.05,mg_exact,cuda,double,511,15,4.317342e-10,1.821137e-07,4.972503e-07,2.048299e+03,2.058679e+03,2.048299e+00,2.058679e+00,1.000000e-09,15,1,true
3,cosine,W-exact,w_exact,w,exact,1.10,mg_exact,cuda,double,511,12,7.644822e-10,1.821137e-07,4.972503e-07,1.798498e+03,1.811899e+03,1.798498e+00,1.811899e+00,1.000000e-09,15,1,true
3,cosine,W-exact,w_exact,w,exact,1.15,mg_exact,cuda,double,511,10,4.755032e-10,1.821137e-07,4.972503e-07,1.498406e+03,1.509288e+03,1.498406e+00,1.509288e+00,1.000000e-09,15,1,true
3,cosine,W-exact,w_exact,w,exact,1.20,mg_exact,cuda,double,511,11,3.727098e-10,1.821137e-07,4.972503e-07,1.653368e+03,1.665666e+03,1.653368e+00,1.665666e+00,1.000000e-09,15,1,true
3,cosine,W-exact,w_exact,w,exact,1.25,mg_exact,cuda,double,511,12,7.767449e-10,1.821137e-07,4.972503e-07,1.735239e+03,1.745373e+03,1.735239e+00,1.745373e+00,1.000000e-09,15,1,true
3,cosine,W-exact,w_exact,w,exact,1.30,mg_exact,cuda,double,511,14,1.783681e-10,1.821137e-07,4.972503e-07,1.945902e+03,1.961307e+03,1.945902e+00,1.961307e+00,1.000000e-09,15,1,true
3,cosine,W-exact,w_exact,w,exact,1.35,mg_exact,cuda,double,511,15,4.738184e-10,1.821137e-07,4.972503e-07,2.067382e+03,2.080084e+03,2.067382e+00,2.080084e+00,1.000000e-09,15,1,true
3,cosine,W-exact,w_exact,w,exact,1.40,mg_exact,cuda,double,511,15,7.717490e-09,1.821137e-07,4.972503e-07,2.075160e+03,2.093991e+03,2.075160e+00,2.093991e+00,1.000000e-09,15,1,false
3,cosine,W-exact,w_exact,w,exact,1.45,mg_exact,cuda,double,511,15,1.000691e-07,1.821137e-07,4.972503e-07,2.056866e+03,2.067897e+03,2.056866e+00,2.067897e+00,1.000000e-09,15,1,false
3,cosine,W-exact,w_exact,w,exact,1.50,mg_exact,cuda,double,511,15,1.250304e-06,1.821136e-07,4.972503e-07,2.098752e+03,2.135631e+03,2.098752e+00,2.135631e+00,1.000000e-09,15,1,false
3,cosine,W-SOR,w_sor,w,sor,1.00,mg_sor,cuda,double,511,15,3.093885e-08,1.821137e-07,4.972503e-07,1.326342e+03,1.336334e+03,1.326342e+00,1.336334e+00,1.000000e-09,15,1,false
3,cosine,W-SOR,w_sor,w,sor,1.05,mg_sor,cuda,double,511,15,4.317338e-10,1.821137e-07,4.972503e-07,1.329426e+03,1.345053e+03,1.329426e+00,1.345053e+00,1.000000e-09,15,1,true
3,cosine,W-SOR,w_sor,w,sor,1.10,mg_sor,cuda,double,511,12,7.644831e-10,1.821137e-07,4.972503e-07,1.148289e+03,1.158065e+03,1.148289e+00,1.158065e+00,1.000000e-09,15,1,true
3,cosine,W-SOR,w_sor,w,sor,1.15,mg_sor,cuda,double,511,10,4.755041e-10,1.821137e-07,4.972503e-07,1.019506e+03,1.031974e+03,1.019506e+00,1.031974e+00,1.000000e-09,15,1,true
3,cosine,W-SOR,w_sor,w,sor,1.20,mg_sor,cuda,double,511,11,3.727090e-10,1.821137e-07,4.972503e-07,1.072447e+03,1.083573e+03,1.072447e+00,1.083573e+00,1.000000e-09,15,1,true
3,cosine,W-SOR,w_sor,w,sor,1.25,mg_sor,cuda,double,511,12,7.767441e-10,1.821137e-07,4.972503e-07,1.135938e+03,1.146839e+03,1.135938e+00,1.146839e+00,1.000000e-09,15,1,true
3,cosine,W-SOR,w_sor,w,sor,1.30,mg_sor,cuda,double,511,14,1.783690e-10,1.821137e-07,4.972503e-07,1.210457e+03,1.222804e+03,1.210457e+00,1.222804e+00,1.000000e-09,15,1,true
3,cosine,W-SOR,w_sor,w,sor,1.35,mg_sor,cuda,double,511,15,4.738185e-10,1.821137e-07,4.972503e-07,1.330948e+03,1.344289e+03,1.330948e+00,1.344289e+00,1.000000e-09,15,1,true
3,cosine,W-SOR,w_sor,w,sor,1.40,mg_sor,cuda,double,511,15,7.717489e-09,1.821137e-07,4.972503e-07,1.313860e+03,1.323667e+03,1.313860e+00,1.323667e+00,1.000000e-09,15,1,false
3,cosine,W-SOR,w_sor,w,sor,1.45,mg_sor,cuda,double,511,15,1.000691e-07,1.821137e-07,4.972503e-07,1.341199e+03,1.350729e+03,1.341199e+00,1.350729e+00,1.000000e-09,15,1,false
3,cosine,W-SOR,w_sor,w,sor,1.50,mg_sor,cuda,double,511,15,1.250304e-06,1.821136e-07,4.972503e-07,1.332744e+03,1.355304e+03,1.332744e+00,1.355304e+00,1.000000e-09,15,1,false
3,sine,V-exact,v_exact,v,exact,1.00,mg_exact,cuda,double,511,10,2.230279e-10,1.109207e-06,3.137313e-06,1.209093e+03,1.216783e+03,1.209093e+00,1.216783e+00,1.000000e-09,15,2,true
3,sine,V-exact,v_exact,v,exact,1.05,mg_exact,cuda,double,511,9,8.066362e-10,1.109071e-06,3.136926e-06,1.069696e+03,1.078079e+03,1.069696e+00,1.078079e+00,1.000000e-09,15,2,true
3,sine,V-exact,v_exact,v,exact,1.10,mg_exact,cuda,double,511,9,2.415726e-10,1.109208e-06,3.137315e-06,1.083681e+03,1.093621e+03,1.083681e+00,1.093621e+00,1.000000e-09,15,2,true
3,sine,V-exact,v_exact,v,exact,1.15,mg_exact,cuda,double,511,8,7.730575e-10,1.109107e-06,3.137026e-06,9.960910e+02,1.004092e+03,9.960910e-01,1.004092e+00,1.000000e-09,15,2,true
3,sine,V-exact,v_exact,v,exact,1.20,mg_exact,cuda,double,511,8,1.205279e-10,1.109242e-06,3.137409e-06,9.642760e+02,9.709520e+02,9.642760e-01,9.709520e-01,1.000000e-09,15,2,true
3,sine,V-exact,v_exact,v,exact,1.25,mg_exact,cuda,double,511,7,2.111841e-10,1.109236e-06,3.137392e-06,9.082340e+02,9.176700e+02,9.082340e-01,9.176700e-01,1.000000e-09,15,2,true
3,sine,V-exact,v_exact,v,exact,1.30,mg_exact,cuda,double,511,6,1.319962e-10,1.109254e-06,3.137445e-06,8.827030e+02,8.912710e+02,8.827030e-01,8.912710e-01,1.000000e-09,15,2,true
3,sine,V-exact,v_exact,v,exact,1.35,mg_exact,cuda,double,511,7,1.215793e-10,1.109263e-06,3.137469e-06,9.347870e+02,9.420860e+02,9.347870e-01,9.420860e-01,1.000000e-09,15,2,true
3,sine,V-exact,v_exact,v,exact,1.40,mg_exact,cuda,double,511,8,2.125644e-10,1.109262e-06,3.137467e-06,1.067115e+03,1.075105e+03,1.067115e+00,1.075105e+00,1.000000e-09,15,2,true
3,sine,V-exact,v_exact,v,exact,1.45,mg_exact,cuda,double,511,9,3.575848e-10,1.109265e-06,3.137478e-06,1.139180e+03,1.147202e+03,1.139180e+00,1.147202e+00,1.000000e-09,15,2,true
3,sine,V-exact,v_exact,v,exact,1.50,mg_exact,cuda,double,511,10,6.590510e-10,1.109249e-06,3.137426e-06,1.221317e+03,1.229319e+03,1.221317e+00,1.229319e+00,1.000000e-09,15,2,true
3,sine,V-SOR,v_sor,v,sor,1.00,mg_sor,cuda,double,511,10,2.231737e-10,1.109207e-06,3.137313e-06,1.213669e+03,1.221591e+03,1.213669e+00,1.221591e+00,1.000000e-09,15,2,true
3,sine,V-SOR,v_sor,v,sor,1.05,mg_sor,cuda,double,511,9,8.067251e-10,1.109071e-06,3.136926e-06,1.091329e+03,1.098517e+03,1.091329e+00,1.098517e+00,1.000000e-09,15,2,true
3,sine,V-SOR,v_sor,v,sor,1.10,mg_sor,cuda,double,511,9,2.415726e-10,1.109208e-06,3.137315e-06,1.137637e+03,1.146238e+03,1.137637e+00,1.146238e+00,1.000000e-09,15,2,true
3,sine,V-SOR,v_sor,v,sor,1.15,mg_sor,cuda,double,511,8,7.730603e-10,1.109107e-06,3.137026e-06,1.002323e+03,1.010913e+03,1.002323e+00,1.010913e+00,1.000000e-09,15,2,true
3,sine,V-SOR,v_sor,v,sor,1.20,mg_sor,cuda,double,511,8,1.205280e-10,1.109242e-06,3.137409e-06,9.935670e+02,1.001511e+03,9.935670e-01,1.001511e+00,1.000000e-09,15,2,true
3,sine,V-SOR,v_sor,v,sor,1.25,mg_sor,cuda,double,511,7,2.111870e-10,1.109236e-06,3.137392e-06,9.415950e+02,9.510730e+02,9.415950e-01,9.510730e-01,1.000000e-09,15,2,true
3,sine,V-SOR,v_sor,v,sor,1.30,mg_sor,cuda,double,511,6,1.319964e-10,1.109254e-06,3.137445e-06,8.424760e+02,8.503920e+02,8.424760e-01,8.503920e-01,1.000000e-09,15,2,true
3,sine,V-SOR,v_sor,v,sor,1.35,mg_sor,cuda,double,511,7,1.215768e-10,1.109263e-06,3.137469e-06,9.237260e+02,9.314790e+02,9.237260e-01,9.314790e-01,1.000000e-09,15,2,true
3,sine,V-SOR,v_sor,v,sor,1.40,mg_sor,cuda,double,511,8,2.125676e-10,1.109262e-06,3.137467e-06,1.037379e+03,1.044445e+03,1.037379e+00,1.044445e+00,1.000000e-09,15,2,true
3,sine,V-SOR,v_sor,v,sor,1.45,mg_sor,cuda,double,511,9,3.575898e-10,1.109265e-06,3.137478e-06,1.108133e+03,1.116256e+03,1.108133e+00,1.116256e+00,1.000000e-09,15,2,true
3,sine,V-SOR,v_sor,v,sor,1.50,mg_sor,cuda,double,511,10,6.590946e-10,1.109249e-06,3.137426e-06,1.144093e+03,1.152684e+03,1.144093e+00,1.152684e+00,1.000000e-09,15,2,true
3,sine,W-exact,w_exact,w,exact,1.00,mg_exact,cuda,double,511,3,7.087227e-10,1.109262e-06,3.137468e-06,8.749700e+02,8.875780e+02,8.749700e-01,8.875780e-01,1.000000e-09,15,2,true
3,sine,W-exact,w_exact,w,exact,1.05,mg_exact,cuda,double,511,3,1.090269e-11,1.109263e-06,3.137469e-06,8.175480e+02,8.348100e+02,8.175480e-01,8.348100e-01,1.000000e-09,15,2,true
3,sine,W-exact,w_exact,w,exact,1.10,mg_exact,cuda,double,511,3,6.089821e-11,1.109263e-06,3.137469e-06,8.048640e+02,8.181730e+02,8.048640e-01,8.181730e-01,1.000000e-09,15,2,true
3,sine,W-exact,w_exact,w,exact,1.15,mg_exact,cuda,double,511,4,9.445212e-12,1.109263e-06,3.137469e-06,9.958140e+02,1.010288e+03,9.958140e-01,1.010288e+00,1.000000e-09,15,2,true
3,sine,W-exact,w_exact,w,exact,1.20,mg_exact,cuda,double,511,4,9.014073e-11,1.109263e-06,3.137469e-06,9.689950e+02,9.836900e+02,9.689950e-01,9.836900e-01,1.000000e-09,15,2,true
3,sine,W-exact,w_exact,w,exact,1.25,mg_exact,cuda,double,511,5,1.443677e-11,1.109263e-06,3.137469e-06,1.092108e+03,1.106304e+03,1.092108e+00,1.106304e+00,1.000000e-09,15,2,true
3,sine,W-exact,w_exact,w,exact,1.30,mg_exact,cuda,double,511,5,4.147332e-10,1.109263e-06,3.137469e-06,1.097236e+03,1.110821e+03,1.097236e+00,1.110821e+00,1.000000e-09,15,2,true
3,sine,W-exact,w_exact,w,exact,1.35,mg_exact,cuda,double,511,6,9.200341e-11,1.109263e-06,3.137469e-06,1.235049e+03,1.247927e+03,1.235049e+00,1.247927e+00,1.000000e-09,15,2,true
3,sine,W-exact,w_exact,w,exact,1.40,mg_exact,cuda,double,511,7,3.285318e-11,1.109263e-06,3.137469e-06,1.385546e+03,1.399256e+03,1.385546e+00,1.399256e+00,1.000000e-09,15,2,true
3,sine,W-exact,w_exact,w,exact,1.45,mg_exact,cuda,double,511,7,5.249025e-10,1.109263e-06,3.137469e-06,1.398227e+03,1.411002e+03,1.398227e+00,1.411002e+00,1.000000e-09,15,2,true
3,sine,W-exact,w_exact,w,exact,1.50,mg_exact,cuda,double,511,8,6.254547e-10,1.109263e-06,3.137469e-06,1.544219e+03,1.558331e+03,1.544219e+00,1.558331e+00,1.000000e-09,15,2,true
3,sine,W-SOR,w_sor,w,sor,1.00,mg_sor,cuda,double,511,3,7.087227e-10,1.109262e-06,3.137468e-06,6.791240e+02,6.951370e+02,6.791240e-01,6.951370e-01,1.000000e-09,15,2,true
3,sine,W-SOR,w_sor,w,sor,1.05,mg_sor,cuda,double,511,3,1.090485e-11,1.109263e-06,3.137469e-06,6.908500e+02,7.046350e+02,6.908500e-01,7.046350e-01,1.000000e-09,15,2,true
3,sine,W-SOR,w_sor,w,sor,1.10,mg_sor,cuda,double,511,3,6.089791e-11,1.109263e-06,3.137469e-06,6.812050e+02,6.957040e+02,6.812050e-01,6.957040e-01,1.000000e-09,15,2,true
3,sine,W-SOR,w_sor,w,sor,1.15,mg_sor,cuda,double,511,4,9.446733e-12,1.109263e-06,3.137469e-06,7.503490e+02,7.677280e+02,7.503490e-01,7.677280e-01,1.000000e-09,15,2,true
3,sine,W-SOR,w_sor,w,sor,1.20,mg_sor,cuda,double,511,4,9.014218e-11,1.109263e-06,3.137469e-06,7.311360e+02,7.442090e+02,7.311360e-01,7.442090e-01,1.000000e-09,15,2,true
3,sine,W-SOR,w_sor,w,sor,1.25,mg_sor,cuda,double,511,5,1.443829e-11,1.109263e-06,3.137469e-06,8.425440e+02,8.558860e+02,8.425440e-01,8.558860e-01,1.000000e-09,15,2,true
3,sine,W-SOR,w_sor,w,sor,1.30,mg_sor,cuda,double,511,5,4.147342e-10,1.109263e-06,3.137469e-06,9.299490e+02,9.444270e+02,9.299490e-01,9.444270e-01,1.000000e-09,15,2,true
3,sine,W-SOR,w_sor,w,sor,1.35,mg_sor,cuda,double,511,6,9.200274e-11,1.109263e-06,3.137469e-06,9.729710e+02,9.876690e+02,9.729710e-01,9.876690e-01,1.000000e-09,15,2,true
3,sine,W-SOR,w_sor,w,sor,1.40,mg_sor,cuda,double,511,7,3.285067e-11,1.109263e-06,3.137469e-06,1.028895e+03,1.045358e+03,1.028895e+00,1.045358e+00,1.000000e-09,15,2,true
3,sine,W-SOR,w_sor,w,sor,1.45,mg_sor,cuda,double,511,7,5.248991e-10,1.109263e-06,3.137469e-06,1.068006e+03,1.081751e+03,1.068006e+00,1.081751e+00,1.000000e-09,15,2,true
3,sine,W-SOR,w_sor,w,sor,1.50,mg_sor,cuda,double,511,8,6.254546e-10,1.109263e-06,3.137469e-06,1.127627e+03,1.141866e+03,1.127627e+00,1.141866e+00,1.000000e-09,15,2,true
3,mixed_sine,V-exact,v_exact,v,exact,1.00,mg_exact,cuda,double,511,10,5.372242e-10,1.350253e-05,3.819092e-05,1.152880e+03,1.162078e+03,1.152880e+00,1.162078e+00,1.000000e-09,15,2,true
3,mixed_sine,V-exact,v_exact,v,exact,1.05,mg_exact,cuda,double,511,10,1.126395e-10,1.350263e-05,3.819121e-05,1.190658e+03,1.199306e+03,1.190658e+00,1.199306e+00,1.000000e-09,15,2,true
3,mixed_sine,V-exact,v_exact,v,exact,1.10,mg_exact,cuda,double,511,9,2.199651e-10,1.350261e-05,3.819115e-05,1.097835e+03,1.105407e+03,1.097835e+00,1.105407e+00,1.000000e-09,15,2,true
3,mixed_sine,V-exact,v_exact,v,exact,1.15,mg_exact,cuda,double,511,8,4.378103e-10,1.350257e-05,3.819104e-05,9.906820e+02,9.993200e+02,9.906820e-01,9.993200e-01,1.000000e-09,15,2,true
3,mixed_sine,V-exact,v_exact,v,exact,1.20,mg_exact,cuda,double,511,7,8.270732e-10,1.350253e-05,3.819091e-05,9.618210e+02,9.696530e+02,9.618210e-01,9.696530e-01,1.000000e-09,15,2,true
3,mixed_sine,V-exact,v_exact,v,exact,1.25,mg_exact,cuda,double,511,7,2.889751e-11,1.350266e-05,3.819128e-05,9.419770e+02,9.513550e+02,9.419770e-01,9.513550e-01,1.000000e-09,15,2,true
3,mixed_sine,V-exact,v_exact,v,exact,1.30,mg_exact,cuda,double,511,6,5.745281e-11,1.350266e-05,3.819129e-05,9.065510e+02,9.157870e+02,9.065510e-01,9.157870e-01,1.000000e-09,15,2,true
3,mixed_sine,V-exact,v_exact,v,exact,1.35,mg_exact,cuda,double,511,7,8.819965e-11,1.350266e-05,3.819129e-05,9.399200e+02,9.499930e+02,9.399200e-01,9.499930e-01,1.000000e-09,15,2,true
3,mixed_sine,V-exact,v_exact,v,exact,1.40,mg_exact,cuda,double,511,8,1.482780e-10,1.350266e-05,3.819128e-05,1.007591e+03,1.015943e+03,1.007591e+00,1.015943e+00,1.000000e-09,15,2,true
3,mixed_sine,V-exact,v_exact,v,exact,1.45,mg_exact,cuda,double,511,9,2.608162e-10,1.350267e-05,3.819131e-05,1.146919e+03,1.155664e+03,1.146919e+00,1.155664e+00,1.000000e-09,15,2,true
3,mixed_sine,V-exact,v_exact,v,exact,1.50,mg_exact,cuda,double,511,10,5.020517e-10,1.350264e-05,3.819122e-05,1.226283e+03,1.234014e+03,1.226283e+00,1.234014e+00,1.000000e-09,15,2,true
3,mixed_sine,V-SOR,v_sor,v,sor,1.00,mg_sor,cuda,double,511,10,5.372243e-10,1.350253e-05,3.819092e-05,1.250977e+03,1.258434e+03,1.250977e+00,1.258434e+00,1.000000e-09,15,2,true
3,mixed_sine,V-SOR,v_sor,v,sor,1.05,mg_sor,cuda,double,511,10,1.126390e-10,1.350263e-05,3.819121e-05,1.214541e+03,1.222384e+03,1.214541e+00,1.222384e+00,1.000000e-09,15,2,true
3,mixed_sine,V-SOR,v_sor,v,sor,1.10,mg_sor,cuda,double,511,9,2.199654e-10,1.350261e-05,3.819115e-05,1.113125e+03,1.121547e+03,1.113125e+00,1.121547e+00,1.000000e-09,15,2,true
3,mixed_sine,V-SOR,v_sor,v,sor,1.15,mg_sor,cuda,double,511,8,4.378104e-10,1.350257e-05,3.819104e-05,1.059989e+03,1.067567e+03,1.059989e+00,1.067567e+00,1.000000e-09,15,2,true
3,mixed_sine,V-SOR,v_sor,v,sor,1.20,mg_sor,cuda,double,511,7,8.270732e-10,1.350253e-05,3.819091e-05,9.746090e+02,9.826560e+02,9.746090e-01,9.826560e-01,1.000000e-09,15,2,true
3,mixed_sine,V-SOR,v_sor,v,sor,1.25,mg_sor,cuda,double,511,7,2.889751e-11,1.350266e-05,3.819128e-05,9.279740e+02,9.364620e+02,9.279740e-01,9.364620e-01,1.000000e-09,15,2,true
3,mixed_sine,V-SOR,v_sor,v,sor,1.30,mg_sor,cuda,double,511,6,5.745271e-11,1.350266e-05,3.819129e-05,8.617190e+02,8.672550e+02,8.617190e-01,8.672550e-01,1.000000e-09,15,2,true
3,mixed_sine,V-SOR,v_sor,v,sor,1.35,mg_sor,cuda,double,511,7,8.819995e-11,1.350266e-05,3.819129e-05,9.449530e+02,9.527240e+02,9.449530e-01,9.527240e-01,1.000000e-09,15,2,true
3,mixed_sine,V-SOR,v_sor,v,sor,1.40,mg_sor,cuda,double,511,8,1.482779e-10,1.350266e-05,3.819128e-05,1.019337e+03,1.027301e+03,1.019337e+00,1.027301e+00,1.000000e-09,15,2,true
3,mixed_sine,V-SOR,v_sor,v,sor,1.45,mg_sor,cuda,double,511,9,2.608164e-10,1.350267e-05,3.819131e-05,1.166473e+03,1.173921e+03,1.166473e+00,1.173921e+00,1.000000e-09,15,2,true
3,mixed_sine,V-SOR,v_sor,v,sor,1.50,mg_sor,cuda,double,511,10,5.020516e-10,1.350264e-05,3.819122e-05,1.233656e+03,1.240783e+03,1.233656e+00,1.240783e+00,1.000000e-09,15,2,true
3,mixed_sine,W-exact,w_exact,w,exact,1.00,mg_exact,cuda,double,511,4,6.775188e-11,1.350266e-05,3.819129e-05,9.686080e+02,9.868860e+02,9.686080e-01,9.868860e-01,1.000000e-09,15,2,true
3,mixed_sine,W-exact,w_exact,w,exact,1.05,mg_exact,cuda,double,511,3,4.000653e-10,1.350265e-05,3.819126e-05,8.285640e+02,8.410980e+02,8.285640e-01,8.410980e-01,1.000000e-09,15,2,true
3,mixed_sine,W-exact,w_exact,w,exact,1.10,mg_exact,cuda,double,511,4,2.150863e-12,1.350266e-05,3.819129e-05,9.721180e+02,9.867570e+02,9.721180e-01,9.867570e-01,1.000000e-09,15,2,true
3,mixed_sine,W-exact,w_exact,w,exact,1.15,mg_exact,cuda,double,511,4,2.471968e-12,1.350266e-05,3.819129e-05,9.864600e+02,1.002435e+03,9.864600e-01,1.002435e+00,1.000000e-09,15,2,true
3,mixed_sine,W-exact,w_exact,w,exact,1.20,mg_exact,cuda,double,511,4,9.261951e-11,1.350266e-05,3.819129e-05,9.534890e+02,9.679070e+02,9.534890e-01,9.679070e-01,1.000000e-09,15,2,true
3,mixed_sine,W-exact,w_exact,w,exact,1.25,mg_exact,cuda,double,511,5,1.068203e-11,1.350266e-05,3.819129e-05,1.087010e+03,1.101199e+03,1.087010e+00,1.101199e+00,1.000000e-09,15,2,true
3,mixed_sine,W-exact,w_exact,w,exact,1.30,mg_exact,cuda,double,511,5,4.440943e-10,1.350266e-05,3.819129e-05,1.103351e+03,1.119180e+03,1.103351e+00,1.119180e+00,1.000000e-09,15,2,true
3,mixed_sine,W-exact,w_exact,w,exact,1.35,mg_exact,cuda,double,511,6,9.910220e-11,1.350266e-05,3.819129e-05,1.308616e+03,1.322530e+03,1.308616e+00,1.322530e+00,1.000000e-09,15,2,true
3,mixed_sine,W-exact,w_exact,w,exact,1.40,mg_exact,cuda,double,511,7,3.360398e-11,1.350266e-05,3.819129e-05,1.385212e+03,1.398846e+03,1.385212e+00,1.398846e+00,1.000000e-09,15,2,true
3,mixed_sine,W-exact,w_exact,w,exact,1.45,mg_exact,cuda,double,511,7,5.839945e-10,1.350266e-05,3.819129e-05,1.429170e+03,1.443694e+03,1.429170e+00,1.443694e+00,1.000000e-09,15,2,true
3,mixed_sine,W-exact,w_exact,w,exact,1.50,mg_exact,cuda,double,511,8,7.030906e-10,1.350266e-05,3.819129e-05,1.552460e+03,1.567395e+03,1.552460e+00,1.567395e+00,1.000000e-09,15,2,true
3,mixed_sine,W-SOR,w_sor,w,sor,1.00,mg_sor,cuda,double,511,4,6.775188e-11,1.350266e-05,3.819129e-05,7.669930e+02,7.834080e+02,7.669930e-01,7.834080e-01,1.000000e-09,15,2,true
3,mixed_sine,W-SOR,w_sor,w,sor,1.05,mg_sor,cuda,double,511,3,4.000653e-10,1.350265e-05,3.819126e-05,6.903420e+02,7.045510e+02,6.903420e-01,7.045510e-01,1.000000e-09,15,2,true
3,mixed_sine,W-SOR,w_sor,w,sor,1.10,mg_sor,cuda,double,511,4,2.150863e-12,1.350266e-05,3.819129e-05,7.730710e+02,7.872690e+02,7.730710e-01,7.872690e-01,1.000000e-09,15,2,true
3,mixed_sine,W-SOR,w_sor,w,sor,1.15,mg_sor,cuda,double,511,4,2.471968e-12,1.350266e-05,3.819129e-05,7.911100e+02,8.058540e+02,7.911100e-01,8.058540e-01,1.000000e-09,15,2,true
3,mixed_sine,W-SOR,w_sor,w,sor,1.20,mg_sor,cuda,double,511,4,9.261951e-11,1.350266e-05,3.819129e-05,7.738330e+02,7.882070e+02,7.738330e-01,7.882070e-01,1.000000e-09,15,2,true
3,mixed_sine,W-SOR,w_sor,w,sor,1.25,mg_sor,cuda,double,511,5,1.068203e-11,1.350266e-05,3.819129e-05,8.384660e+02,8.541290e+02,8.384660e-01,8.541290e-01,1.000000e-09,15,2,true
3,mixed_sine,W-SOR,w_sor,w,sor,1.30,mg_sor,cuda,double,511,5,4.440943e-10,1.350266e-05,3.819129e-05,8.617910e+02,8.852170e+02,8.617910e-01,8.852170e-01,1.000000e-09,15,2,true
3,mixed_sine,W-SOR,w_sor,w,sor,1.35,mg_sor,cuda,double,511,6,9.910220e-11,1.350266e-05,3.819129e-05,9.632660e+02,9.767130e+02,9.632660e-01,9.767130e-01,1.000000e-09,15,2,true
3,mixed_sine,W-SOR,w_sor,w,sor,1.40,mg_sor,cuda,double,511,7,3.360414e-11,1.350266e-05,3.819129e-05,1.057391e+03,1.071239e+03,1.057391e+00,1.071239e+00,1.000000e-09,15,2,true
3,mixed_sine,W-SOR,w_sor,w,sor,1.45,mg_sor,cuda,double,511,7,5.839945e-10,1.350266e-05,3.819129e-05,1.082267e+03,1.102217e+03,1.082267e+00,1.102217e+00,1.000000e-09,15,2,true
3,mixed_sine,W-SOR,w_sor,w,sor,1.50,mg_sor,cuda,double,511,8,7.030905e-10,1.350266e-05,3.819129e-05,1.068558e+03,1.083735e+03,1.068558e+00,1.083735e+00,1.000000e-09,15,2,true
3,bubble,V-exact,v_exact,v,exact,1.00,mg_exact,cuda,double,511,10,2.136579e-10,9.534805e-13,2.601931e-12,1.086458e+03,1.094507e+03,1.086458e+00,1.094507e+00,1.000000e-09,15,2,true
3,bubble,V-exact,v_exact,v,exact,1.05,mg_exact,cuda,double,511,9,7.705187e-10,3.294359e-12,9.171204e-12,1.064824e+03,1.073708e+03,1.064824e+00,1.073708e+00,1.000000e-09,15,2,true
3,bubble,V-exact,v_exact,v,exact,1.10,mg_exact,cuda,double,511,9,2.304903e-10,9.307982e-13,2.624258e-12,9.858100e+02,9.937010e+02,9.858100e-01,9.937010e-01,1.000000e-09,15,2,true
3,bubble,V-exact,v_exact,v,exact,1.15,mg_exact,cuda,double,511,8,7.373981e-10,2.677284e-12,7.578774e-12,9.238320e+02,9.320910e+02,9.238320e-01,9.320910e-01,1.000000e-09,15,2,true
3,bubble,V-exact,v_exact,v,exact,1.20,mg_exact,cuda,double,511,8,1.150099e-10,3.607389e-13,1.023180e-12,9.165640e+02,9.234170e+02,9.165640e-01,9.234170e-01,1.000000e-09,15,2,true
3,bubble,V-exact,v_exact,v,exact,1.25,mg_exact,cuda,double,511,7,2.012284e-10,4.647057e-13,1.315791e-12,8.841500e+02,8.929910e+02,8.841500e-01,8.929910e-01,1.000000e-09,15,2,true
3,bubble,V-exact,v_exact,v,exact,1.30,mg_exact,cuda,double,511,6,4.772572e-10,1.410328e-13,4.057813e-13,8.547930e+02,8.623580e+02,8.547930e-01,8.623580e-01,1.000000e-09,15,2,true
3,bubble,V-exact,v_exact,v,exact,1.35,mg_exact,cuda,double,511,7,4.390793e-10,1.246347e-14,3.592352e-14,8.651660e+02,8.735490e+02,8.651660e-01,8.735490e-01,1.000000e-09,15,2,true
3,bubble,V-exact,v_exact,v,exact,1.40,mg_exact,cuda,double,511,8,4.607878e-10,2.125028e-14,5.613652e-14,9.698930e+02,9.784680e+02,9.698930e-01,9.784680e-01,1.000000e-09,15,2,true
3,bubble,V-exact,v_exact,v,exact,1.45,mg_exact,cuda,double,511,9,5.976760e-10,5.755783e-14,1.411284e-13,1.002102e+03,1.009330e+03,1.002102e+00,1.009330e+00,1.000000e-09,15,2,true
3,bubble,V-exact,v_exact,v,exact,1.50,mg_exact,cuda,double,511,10,9.710212e-10,2.482446e-13,6.196398e-13,1.069289e+03,1.077226e+03,1.069289e+00,1.077226e+00,1.000000e-09,15,2,true
3,bubble,V-SOR,v_sor,v,sor,1.00,mg_sor,cuda,double,511,10,2.137960e-10,9.541005e-13,2.603716e-12,1.138733e+03,1.158321e+03,1.138733e+00,1.158321e+00,1.000000e-09,15,2,true
3,bubble,V-SOR,v_sor,v,sor,1.05,mg_sor,cuda,double,511,9,7.706016e-10,3.294715e-12,9.172172e-12,9.983870e+02,1.006688e+03,9.983870e-01,1.006688e+00,1.000000e-09,15,2,true
3,bubble,V-SOR,v_sor,v,sor,1.10,mg_sor,cuda,double,511,9,2.304916e-10,9.307941e-13,2.624224e-12,1.012590e+03,1.021168e+03,1.012590e+00,1.021168e+00,1.000000e-09,15,2,true
3,bubble,V-SOR,v_sor,v,sor,1.15,mg_sor,cuda,double,511,8,7.374033e-10,2.677300e-12,7.578851e-12,9.415220e+02,9.484820e+02,9.415220e-01,9.484820e-01,1.000000e-09,15,2,true
3,bubble,V-SOR,v_sor,v,sor,1.20,mg_sor,cuda,double,511,8,1.150111e-10,3.607426e-13,1.023126e-12,9.329430e+02,9.397330e+02,9.329430e-01,9.397330e-01,1.000000e-09,15,2,true
3,bubble,V-SOR,v_sor,v,sor,1.25,mg_sor,cuda,double,511,7,2.012302e-10,4.647007e-13,1.315708e-12,8.644540e+02,8.727350e+02,8.644540e-01,8.727350e-01,1.000000e-09,15,2,true
3,bubble,V-SOR,v_sor,v,sor,1.30,mg_sor,cuda,double,511,6,4.772566e-10,1.410369e-13,4.058715e-13,8.529100e+02,8.604790e+02,8.529100e-01,8.604790e-01,1.000000e-09,15,2,true
3,bubble,V-SOR,v_sor,v,sor,1.35,mg_sor,cuda,double,511,7,4.390800e-10,1.246346e-14,3.592786e-14,9.136530e+02,9.223110e+02,9.136530e-01,9.223110e-01,1.000000e-09,15,2,true
3,bubble,V-SOR,v_sor,v,sor,1.40,mg_sor,cuda,double,511,8,4.607874e-10,2.125038e-14,5.613609e-14,9.409140e+02,9.489170e+02,9.409140e-01,9.489170e-01,1.000000e-09,15,2,true
3,bubble,V-SOR,v_sor,v,sor,1.45,mg_sor,cuda,double,511,9,5.976787e-10,5.756624e-14,1.411163e-13,1.023333e+03,1.034969e+03,1.023333e+00,1.034969e+00,1.000000e-09,15,2,true
3,bubble,V-SOR,v_sor,v,sor,1.50,mg_sor,cuda,double,511,10,9.710453e-10,2.482811e-13,6.197508e-13,1.095153e+03,1.107133e+03,1.095153e+00,1.107133e+00,1.000000e-09,15,2,true
3,bubble,W-exact,w_exact,w,exact,1.00,mg_exact,cuda,double,511,6,4.961815e-10,6.957004e-16,3.587815e-15,1.141298e+03,1.155571e+03,1.141298e+00,1.155571e+00,1.000000e-09,15,2,true
3,bubble,W-exact,w_exact,w,exact,1.05,mg_exact,cuda,double,511,6,7.364897e-11,8.069417e-16,2.806783e-15,1.209162e+03,1.222851e+03,1.209162e+00,1.222851e+00,1.000000e-09,15,2,true
3,bubble,W-exact,w_exact,w,exact,1.10,mg_exact,cuda,double,511,5,4.345395e-10,9.472402e-16,4.711292e-15,1.056103e+03,1.069567e+03,1.056103e+00,1.069567e+00,1.000000e-09,15,2,true
3,bubble,W-exact,w_exact,w,exact,1.15,mg_exact,cuda,double,511,5,1.162601e-10,8.559754e-16,2.759945e-15,1.055110e+03,1.068960e+03,1.055110e+00,1.068960e+00,1.000000e-09,15,2,true
3,bubble,W-exact,w_exact,w,exact,1.20,mg_exact,cuda,double,511,5,1.776590e-11,4.611377e-16,2.040035e-15,1.038886e+03,1.052062e+03,1.038886e+00,1.052062e+00,1.000000e-09,15,2,true
3,bubble,W-exact,w_exact,w,exact,1.25,mg_exact,cuda,double,511,5,7.449239e-11,3.696508e-16,2.647188e-15,1.016818e+03,1.030886e+03,1.016818e+00,1.030886e+00,1.000000e-09,15,2,true
3,bubble,W-exact,w_exact,w,exact,1.30,mg_exact,cuda,double,511,5,9.320191e-10,4.122123e-16,3.394949e-15,1.017318e+03,1.031444e+03,1.017318e+00,1.031444e+00,1.000000e-09,15,2,true
3,bubble,W-exact,w_exact,w,exact,1.35,mg_exact,cuda,double,511,6,2.214945e-10,3.134448e-16,2.303713e-15,1.203501e+03,1.218333e+03,1.203501e+00,1.218333e+00,1.000000e-09,15,2,true
3,bubble,W-exact,w_exact,w,exact,1.40,mg_exact,cuda,double,511,7,7.621676e-11,1.109750e-16,1.020017e-15,1.344957e+03,1.359808e+03,1.344957e+00,1.359808e+00,1.000000e-09,15,2,true
3,bubble,W-exact,w_exact,w,exact,1.45,mg_exact,cuda,double,511,7,7.621811e-10,3.879456e-16,1.931072e-15,1.330809e+03,1.344380e+03,1.330809e+00,1.344380e+00,1.000000e-09,15,2,true
3,bubble,W-exact,w_exact,w,exact,1.50,mg_exact,cuda,double,511,8,7.361407e-10,2.071130e-16,1.246832e-15,1.409909e+03,1.426570e+03,1.409909e+00,1.426570e+00,1.000000e-09,15,2,true
3,bubble,W-SOR,w_sor,w,sor,1.00,mg_sor,cuda,double,511,6,4.961817e-10,7.071065e-16,3.587571e-15,8.956940e+02,9.092410e+02,8.956940e-01,9.092410e-01,1.000000e-09,15,2,true
3,bubble,W-SOR,w_sor,w,sor,1.05,mg_sor,cuda,double,511,6,7.365235e-11,8.649218e-16,2.929948e-15,8.497570e+02,8.635460e+02,8.497570e-01,8.635460e-01,1.000000e-09,15,2,true
3,bubble,W-SOR,w_sor,w,sor,1.10,mg_sor,cuda,double,511,5,4.345393e-10,9.235767e-16,4.710994e-15,7.814240e+02,7.963620e+02,7.814240e-01,7.963620e-01,1.000000e-09,15,2,true
3,bubble,W-SOR,w_sor,w,sor,1.15,mg_sor,cuda,double,511,5,1.162617e-10,8.497068e-16,2.721781e-15,7.807580e+02,7.939250e+02,7.807580e-01,7.939250e-01,1.000000e-09,15,2,true
3,bubble,W-SOR,w_sor,w,sor,1.20,mg_sor,cuda,double,511,5,1.777811e-11,4.760310e-16,2.638514e-15,7.550310e+02,7.670290e+02,7.550310e-01,7.670290e-01,1.000000e-09,15,2,true
3,bubble,W-SOR,w_sor,w,sor,1.25,mg_sor,cuda,double,511,5,7.450243e-11,4.956657e-16,2.442491e-15,7.615130e+02,7.748280e+02,7.615130e-01,7.748280e-01,1.000000e-09,15,2,true
3,bubble,W-SOR,w_sor,w,sor,1.30,mg_sor,cuda,double,511,5,9.320221e-10,3.849274e-16,3.395694e-15,8.286400e+02,8.429950e+02,8.286400e-01,8.429950e-01,1.000000e-09,15,2,true
3,bubble,W-SOR,w_sor,w,sor,1.35,mg_sor,cuda,double,511,6,2.214945e-10,2.112444e-16,1.268083e-15,8.533980e+02,8.673500e+02,8.533980e-01,8.673500e-01,1.000000e-09,15,2,true
3,bubble,W-SOR,w_sor,w,sor,1.40,mg_sor,cuda,double,511,7,7.621524e-11,4.314112e-17,2.758210e-16,1.054921e+03,1.068299e+03,1.054921e+00,1.068299e+00,1.000000e-09,15,2,true
3,bubble,W-SOR,w_sor,w,sor,1.45,mg_sor,cuda,double,511,7,7.621810e-10,4.101086e-16,1.933241e-15,9.781420e+02,9.947070e+02,9.781420e-01,9.947070e-01,1.000000e-09,15,2,true
3,bubble,W-SOR,w_sor,w,sor,1.50,mg_sor,cuda,double,511,8,7.361403e-10,2.069410e-16,1.253988e-15,1.034295e+03,1.048075e+03,1.034295e+00,1.048075e+00,1.000000e-09,15,2,true
3,exp,V-exact,v_exact,v,exact,1.00,mg_exact,cuda,double,511,12,5.253736e-10,1.177872e-07,2.786855e-07,1.232120e+03,1.240797e+03,1.232120e+00,1.240797e+00,1.000000e-09,15,2,true
3,exp,V-exact,v_exact,v,exact,1.05,mg_exact,cuda,double,511,11,7.569020e-10,1.177761e-07,2.786498e-07,1.188965e+03,1.198516e+03,1.188965e+00,1.198516e+00,1.000000e-09,15,2,true
3,exp,V-exact,v_exact,v,exact,1.10,mg_exact,cuda,double,511,11,1.140670e-10,1.177907e-07,2.787023e-07,1.172991e+03,1.181010e+03,1.172991e+00,1.181010e+00,1.000000e-09,15,2,true
3,exp,V-exact,v_exact,v,exact,1.15,mg_exact,cuda,double,511,10,1.334295e-10,1.177870e-07,2.786930e-07,1.126278e+03,1.135533e+03,1.126278e+00,1.135533e+00,1.000000e-09,15,2,true
3,exp,V-exact,v_exact,v,exact,1.20,mg_exact,cuda,double,511,9,1.364044e-10,1.177834e-07,2.786846e-07,1.014273e+03,1.022690e+03,1.014273e+00,1.022690e+00,1.000000e-09,15,2,true
3,exp,V-exact,v_exact,v,exact,1.25,mg_exact,cuda,double,511,8,1.713628e-10,1.177847e-07,2.786896e-07,9.701470e+02,9.777780e+02,9.701470e-01,9.777780e-01,1.000000e-09,15,2,true
3,exp,V-exact,v_exact,v,exact,1.30,mg_exact,cuda,double,511,9,1.836019e-10,1.177942e-07,2.787138e-07,1.000480e+03,1.008918e+03,1.000480e+00,1.008918e+00,1.000000e-09,15,2,true
3,exp,V-exact,v_exact,v,exact,1.35,mg_exact,cuda,double,511,10,1.865052e-10,1.177940e-07,2.787133e-07,1.204126e+03,1.215085e+03,1.204126e+00,1.215085e+00,1.000000e-09,15,2,true
3,exp,V-exact,v_exact,v,exact,1.40,mg_exact,cuda,double,511,11,2.846588e-10,1.177940e-07,2.787129e-07,1.211732e+03,1.220841e+03,1.211732e+00,1.220841e+00,1.000000e-09,15,2,true
3,exp,V-exact,v_exact,v,exact,1.45,mg_exact,cuda,double,511,12,6.372929e-10,1.177939e-07,2.787137e-07,1.225400e+03,1.236370e+03,1.225400e+00,1.236370e+00,1.000000e-09,15,2,true
3,exp,V-exact,v_exact,v,exact,1.50,mg_exact,cuda,double,511,14,2.569660e-10,1.177940e-07,2.787136e-07,1.374892e+03,1.383612e+03,1.374892e+00,1.383612e+00,1.000000e-09,15,2,true
3,exp,V-SOR,v_sor,v,sor,1.00,mg_sor,cuda,double,511,12,5.253435e-10,1.177872e-07,2.786855e-07,1.230440e+03,1.240493e+03,1.230440e+00,1.240493e+00,1.000000e-09,15,2,true
3,exp,V-SOR,v_sor,v,sor,1.05,mg_sor,cuda,double,511,11,7.568970e-10,1.177761e-07,2.786498e-07,1.207449e+03,1.219038e+03,1.207449e+00,1.219038e+00,1.000000e-09,15,2,true
3,exp,V-SOR,v_sor,v,sor,1.10,mg_sor,cuda,double,511,11,1.140588e-10,1.177907e-07,2.787023e-07,1.159460e+03,1.181162e+03,1.159460e+00,1.181162e+00,1.000000e-09,15,2,true
3,exp,V-SOR,v_sor,v,sor,1.15,mg_sor,cuda,double,511,10,1.334951e-10,1.177870e-07,2.786930e-07,1.092616e+03,1.106673e+03,1.092616e+00,1.106673e+00,1.000000e-09,15,2,true
3,exp,V-SOR,v_sor,v,sor,1.20,mg_sor,cuda,double,511,9,1.363615e-10,1.177834e-07,2.786846e-07,1.002631e+03,1.011243e+03,1.002631e+00,1.011243e+00,1.000000e-09,15,2,true
3,exp,V-SOR,v_sor,v,sor,1.25,mg_sor,cuda,double,511,8,1.713916e-10,1.177847e-07,2.786895e-07,1.059693e+03,1.067023e+03,1.059693e+00,1.067023e+00,1.000000e-09,15,2,true
3,exp,V-SOR,v_sor,v,sor,1.30,mg_sor,cuda,double,511,9,1.836075e-10,1.177942e-07,2.787138e-07,1.058299e+03,1.066734e+03,1.058299e+00,1.066734e+00,1.000000e-09,15,2,true
3,exp,V-SOR,v_sor,v,sor,1.35,mg_sor,cuda,double,511,10,1.864724e-10,1.177940e-07,2.787133e-07,1.098795e+03,1.109003e+03,1.098795e+00,1.109003e+00,1.000000e-09,15,2,true
3,exp,V-SOR,v_sor,v,sor,1.40,mg_sor,cuda,double,511,11,2.846885e-10,1.177940e-07,2.787129e-07,1.169997e+03,1.179234e+03,1.169997e+00,1.179234e+00,1.000000e-09,15,2,true
3,exp,V-SOR,v_sor,v,sor,1.45,mg_sor,cuda,double,511,12,6.372908e-10,1.177939e-07,2.787137e-07,1.253393e+03,1.261515e+03,1.253393e+00,1.261515e+00,1.000000e-09,15,2,true
3,exp,V-SOR,v_sor,v,sor,1.50,mg_sor,cuda,double,511,14,2.570148e-10,1.177940e-07,2.787136e-07,1.410194e+03,1.419662e+03,1.410194e+00,1.419662e+00,1.000000e-09,15,2,true
3,exp,W-exact,w_exact,w,exact,1.00,mg_exact,cuda,double,511,11,1.156261e-10,1.177945e-07,2.787144e-07,1.858461e+03,1.879918e+03,1.858461e+00,1.879918e+00,1.000000e-09,15,2,true
3,exp,W-exact,w_exact,w,exact,1.05,mg_exact,cuda,double,511,10,2.225126e-10,1.177945e-07,2.787144e-07,1.739720e+03,1.756060e+03,1.739720e+00,1.756060e+00,1.000000e-09,15,2,true
3,exp,W-exact,w_exact,w,exact,1.10,mg_exact,cuda,double,511,9,5.689116e-10,1.177945e-07,2.787143e-07,1.595617e+03,1.610288e+03,1.595617e+00,1.610288e+00,1.000000e-09,15,2,true
3,exp,W-exact,w_exact,w,exact,1.15,mg_exact,cuda,double,511,9,1.042632e-10,1.177944e-07,2.787143e-07,1.749807e+03,1.763296e+03,1.749807e+00,1.763296e+00,1.000000e-09,15,2,true
3,exp,W-exact,w_exact,w,exact,1.20,mg_exact,cuda,double,511,8,1.390866e-10,1.177944e-07,2.787141e-07,1.537540e+03,1.551113e+03,1.537540e+00,1.551113e+00,1.000000e-09,15,2,true
3,exp,W-exact,w_exact,w,exact,1.25,mg_exact,cuda,double,511,8,1.297631e-10,1.177944e-07,2.787142e-07,1.520363e+03,1.535263e+03,1.520363e+00,1.535263e+00,1.000000e-09,15,2,true
3,exp,W-exact,w_exact,w,exact,1.30,mg_exact,cuda,double,511,9,1.456632e-10,1.177943e-07,2.787139e-07,1.719506e+03,1.732221e+03,1.719506e+00,1.732221e+00,1.000000e-09,15,2,true
3,exp,W-exact,w_exact,w,exact,1.35,mg_exact,cuda,double,511,10,1.437010e-10,1.177942e-07,2.787138e-07,1.797704e+03,1.810879e+03,1.797704e+00,1.810879e+00,1.000000e-09,15,2,true
3,exp,W-exact,w_exact,w,exact,1.40,mg_exact,cuda,double,511,11,1.552659e-10,1.177942e-07,2.787136e-07,1.923384e+03,1.937022e+03,1.923384e+00,1.937022e+00,1.000000e-09,15,2,true
3,exp,W-exact,w_exact,w,exact,1.45,mg_exact,cuda,double,511,12,1.924682e-10,1.177942e-07,2.787136e-07,2.108186e+03,2.122094e+03,2.108186e+00,2.122094e+00,1.000000e-09,15,2,true
3,exp,W-exact,w_exact,w,exact,1.50,mg_exact,cuda,double,511,13,3.463727e-10,1.177940e-07,2.787132e-07,2.233106e+03,2.246951e+03,2.233106e+00,2.246951e+00,1.000000e-09,15,2,true
3,exp,W-SOR,w_sor,w,sor,1.00,mg_sor,cuda,double,511,11,1.156302e-10,1.177945e-07,2.787145e-07,1.454434e+03,1.468093e+03,1.454434e+00,1.468093e+00,1.000000e-09,15,2,true
3,exp,W-SOR,w_sor,w,sor,1.05,mg_sor,cuda,double,511,10,2.225201e-10,1.177945e-07,2.787144e-07,1.307623e+03,1.335818e+03,1.307623e+00,1.335818e+00,1.000000e-09,15,2,true
3,exp,W-SOR,w_sor,w,sor,1.10,mg_sor,cuda,double,511,9,5.689035e-10,1.177945e-07,2.787143e-07,1.193324e+03,1.206173e+03,1.193324e+00,1.206173e+00,1.000000e-09,15,2,true
3,exp,W-SOR,w_sor,w,sor,1.15,mg_sor,cuda,double,511,9,1.042799e-10,1.177944e-07,2.787143e-07,1.143378e+03,1.165476e+03,1.143378e+00,1.165476e+00,1.000000e-09,15,2,true
3,exp,W-SOR,w_sor,w,sor,1.20,mg_sor,cuda,double,511,8,1.390744e-10,1.177944e-07,2.787141e-07,1.109110e+03,1.123995e+03,1.109110e+00,1.123995e+00,1.000000e-09,15,2,true
3,exp,W-SOR,w_sor,w,sor,1.25,mg_sor,cuda,double,511,8,1.297675e-10,1.177944e-07,2.787142e-07,1.072963e+03,1.086754e+03,1.072963e+00,1.086754e+00,1.000000e-09,15,2,true
3,exp,W-SOR,w_sor,w,sor,1.30,mg_sor,cuda,double,511,9,1.456838e-10,1.177943e-07,2.787139e-07,1.253397e+03,1.268567e+03,1.253397e+00,1.268567e+00,1.000000e-09,15,2,true
3,exp,W-SOR,w_sor,w,sor,1.35,mg_sor,cuda,double,511,10,1.436827e-10,1.177942e-07,2.787137e-07,1.298749e+03,1.313478e+03,1.298749e+00,1.313478e+00,1.000000e-09,15,2,true
3,exp,W-SOR,w_sor,w,sor,1.40,mg_sor,cuda,double,511,11,1.552432e-10,1.177942e-07,2.787135e-07,1.484917e+03,1.499551e+03,1.484917e+00,1.499551e+00,1.000000e-09,15,2,true
3,exp,W-SOR,w_sor,w,sor,1.45,mg_sor,cuda,double,511,12,1.924408e-10,1.177942e-07,2.787136e-07,1.456984e+03,1.469908e+03,1.456984e+00,1.469908e+00,1.000000e-09,15,2,true
3,exp,W-SOR,w_sor,w,sor,1.50,mg_sor,cuda,double,511,13,3.464064e-10,1.177940e-07,2.787132e-07,1.546310e+03,1.561780e+03,1.546310e+00,1.561780e+00,1.000000e-09,15,2,true
3,cosine,V-exact,v_exact,v,exact,1.00,mg_exact,cuda,double,511,11,8.937398e-10,1.821002e-07,4.972058e-07,1.249843e+03,1.257794e+03,1.249843e+00,1.257794e+00,1.000000e-09,15,2,true
3,cosine,V-exact,v_exact,v,exact,1.05,mg_exact,cuda,double,511,11,1.354141e-10,1.821112e-07,4.972423e-07,1.309071e+03,1.316081e+03,1.309071e+00,1.316081e+00,1.000000e-09,15,2,true
3,cosine,V-exact,v_exact,v,exact,1.10,mg_exact,cuda,double,511,10,2.189819e-10,1.821096e-07,4.972374e-07,1.136347e+03,1.145285e+03,1.136347e+00,1.145285e+00,1.000000e-09,15,2,true
3,cosine,V-exact,v_exact,v,exact,1.15,mg_exact,cuda,double,511,9,3.555306e-10,1.821069e-07,4.972297e-07,1.044763e+03,1.053085e+03,1.044763e+00,1.053085e+00,1.000000e-09,15,2,true
3,cosine,V-exact,v_exact,v,exact,1.20,mg_exact,cuda,double,511,8,5.138248e-10,1.821036e-07,4.972218e-07,1.027444e+03,1.041607e+03,1.027444e+00,1.041607e+00,1.000000e-09,15,2,true
3,cosine,V-exact,v_exact,v,exact,1.25,mg_exact,cuda,double,511,8,2.295893e-11,1.821133e-07,4.972494e-07,1.010734e+03,1.019168e+03,1.010734e+00,1.019168e+00,1.000000e-09,15,2,true
3,cosine,V-exact,v_exact,v,exact,1.30,mg_exact,cuda,double,511,8,6.549988e-10,1.821137e-07,4.972503e-07,1.019520e+03,1.029196e+03,1.019520e+00,1.029196e+00,1.000000e-09,15,2,true
3,cosine,V-exact,v_exact,v,exact,1.35,mg_exact,cuda,double,511,9,4.438159e-10,1.821137e-07,4.972502e-07,1.046659e+03,1.057867e+03,1.046659e+00,1.057867e+00,1.000000e-09,15,2,true
3,cosine,V-exact,v_exact,v,exact,1.40,mg_exact,cuda,double,511,10,4.681745e-10,1.821137e-07,4.972505e-07,1.117509e+03,1.126532e+03,1.117509e+00,1.126532e+00,1.000000e-09,15,2,true
3,cosine,V-exact,v_exact,v,exact,1.45,mg_exact,cuda,double,511,11,8.035763e-10,1.821137e-07,4.972495e-07,1.250844e+03,1.259906e+03,1.250844e+00,1.259906e+00,1.000000e-09,15,2,true
3,cosine,V-exact,v_exact,v,exact,1.50,mg_exact,cuda,double,511,13,2.144894e-10,1.821137e-07,4.972500e-07,1.366542e+03,1.374967e+03,1.366542e+00,1.374967e+00,1.000000e-09,15,2,true
3,cosine,V-SOR,v_sor,v,sor,1.00,mg_sor,cuda,double,511,11,8.937376e-10,1.821002e-07,4.972058e-07,1.218478e+03,1.231751e+03,1.218478e+00,1.231751e+00,1.000000e-09,15,2,true
3,cosine,V-SOR,v_sor,v,sor,1.05,mg_sor,cuda,double,511,11,1.354129e-10,1.821112e-07,4.972423e-07,1.193414e+03,1.203645e+03,1.193414e+00,1.203645e+00,1.000000e-09,15,2,true
3,cosine,V-SOR,v_sor,v,sor,1.10,mg_sor,cuda,double,511,10,2.189781e-10,1.821096e-07,4.972374e-07,1.136091e+03,1.144755e+03,1.136091e+00,1.144755e+00,1.000000e-09,15,2,true
3,cosine,V-SOR,v_sor,v,sor,1.15,mg_sor,cuda,double,511,9,3.555281e-10,1.821069e-07,4.972298e-07,1.115942e+03,1.124473e+03,1.115942e+00,1.124473e+00,1.000000e-09,15,2,true
3,cosine,V-SOR,v_sor,v,sor,1.20,mg_sor,cuda,double,511,8,5.138347e-10,1.821036e-07,4.972218e-07,1.015231e+03,1.023715e+03,1.015231e+00,1.023715e+00,1.000000e-09,15,2,true
3,cosine,V-SOR,v_sor,v,sor,1.25,mg_sor,cuda,double,511,8,2.296122e-11,1.821133e-07,4.972494e-07,9.695500e+02,9.796120e+02,9.695500e-01,9.796120e-01,1.000000e-09,15,2,true
3,cosine,V-SOR,v_sor,v,sor,1.30,mg_sor,cuda,double,511,8,6.549953e-10,1.821137e-07,4.972503e-07,9.897300e+02,9.981080e+02,9.897300e-01,9.981080e-01,1.000000e-09,15,2,true
3,cosine,V-SOR,v_sor,v,sor,1.35,mg_sor,cuda,double,511,9,4.438152e-10,1.821137e-07,4.972502e-07,1.092270e+03,1.104415e+03,1.092270e+00,1.104415e+00,1.000000e-09,15,2,true
3,cosine,V-SOR,v_sor,v,sor,1.40,mg_sor,cuda,double,511,10,4.681725e-10,1.821137e-07,4.972505e-07,1.156335e+03,1.169111e+03,1.156335e+00,1.169111e+00,1.000000e-09,15,2,true
3,cosine,V-SOR,v_sor,v,sor,1.45,mg_sor,cuda,double,511,11,8.035732e-10,1.821137e-07,4.972495e-07,1.314717e+03,1.325976e+03,1.314717e+00,1.325976e+00,1.000000e-09,15,2,true
3,cosine,V-SOR,v_sor,v,sor,1.50,mg_sor,cuda,double,511,13,2.144869e-10,1.821137e-07,4.972500e-07,1.450570e+03,1.466644e+03,1.450570e+00,1.466644e+00,1.000000e-09,15,2,true
3,cosine,W-exact,w_exact,w,exact,1.00,mg_exact,cuda,double,511,10,2.188140e-10,1.821137e-07,4.972503e-07,1.832460e+03,1.848939e+03,1.832460e+00,1.848939e+00,1.000000e-09,15,2,true
3,cosine,W-exact,w_exact,w,exact,1.05,mg_exact,cuda,double,511,9,5.857384e-10,1.821137e-07,4.972503e-07,1.779603e+03,1.793762e+03,1.779603e+00,1.793762e+00,1.000000e-09,15,2,true
3,cosine,W-exact,w_exact,w,exact,1.10,mg_exact,cuda,double,511,9,8.950217e-11,1.821137e-07,4.972503e-07,1.663303e+03,1.677378e+03,1.663303e+00,1.677378e+00,1.000000e-09,15,2,true
3,cosine,W-exact,w_exact,w,exact,1.15,mg_exact,cuda,double,511,8,2.569468e-10,1.821137e-07,4.972503e-07,1.542816e+03,1.556329e+03,1.542816e+00,1.556329e+00,1.000000e-09,15,2,true
3,cosine,W-exact,w_exact,w,exact,1.20,mg_exact,cuda,double,511,7,6.672071e-10,1.821137e-07,4.972503e-07,1.495019e+03,1.508032e+03,1.495019e+00,1.508032e+00,1.000000e-09,15,2,true
3,cosine,W-exact,w_exact,w,exact,1.25,mg_exact,cuda,double,511,7,6.321769e-10,1.821137e-07,4.972503e-07,1.414964e+03,1.429212e+03,1.414964e+00,1.429212e+00,1.000000e-09,15,2,true
3,cosine,W-exact,w_exact,w,exact,1.30,mg_exact,cuda,double,511,8,4.379627e-10,1.821137e-07,4.972503e-07,1.571771e+03,1.587464e+03,1.571771e+00,1.587464e+00,1.000000e-09,15,2,true
3,cosine,W-exact,w_exact,w,exact,1.35,mg_exact,cuda,double,511,9,2.833783e-10,1.821137e-07,4.972503e-07,1.690593e+03,1.721958e+03,1.690593e+00,1.721958e+00,1.000000e-09,15,2,true
3,cosine,W-exact,w_exact,w,exact,1.40,mg_exact,cuda,double,511,10,2.252808e-10,1.821137e-07,4.972503e-07,1.786174e+03,1.804197e+03,1.786174e+00,1.804197e+00,1.000000e-09,15,2,true
3,cosine,W-exact,w_exact,w,exact,1.45,mg_exact,cuda,double,511,11,2.513826e-10,1.821137e-07,4.972503e-07,1.989848e+03,2.003264e+03,1.989848e+00,2.003264e+00,1.000000e-09,15,2,true
3,cosine,W-exact,w_exact,w,exact,1.50,mg_exact,cuda,double,511,12,4.225730e-10,1.821137e-07,4.972503e-07,2.125214e+03,2.139304e+03,2.125214e+00,2.139304e+00,1.000000e-09,15,2,true
3,cosine,W-SOR,w_sor,w,sor,1.00,mg_sor,cuda,double,511,10,2.188146e-10,1.821137e-07,4.972503e-07,1.316337e+03,1.329924e+03,1.316337e+00,1.329924e+00,1.000000e-09,15,2,true
3,cosine,W-SOR,w_sor,w,sor,1.05,mg_sor,cuda,double,511,9,5.857396e-10,1.821137e-07,4.972503e-07,1.243980e+03,1.269594e+03,1.243980e+00,1.269594e+00,1.000000e-09,15,2,true
3,cosine,W-SOR,w_sor,w,sor,1.10,mg_sor,cuda,double,511,9,8.950325e-11,1.821137e-07,4.972503e-07,1.226102e+03,1.241070e+03,1.226102e+00,1.241070e+00,1.000000e-09,15,2,true
3,cosine,W-SOR,w_sor,w,sor,1.15,mg_sor,cuda,double,511,8,2.569451e-10,1.821137e-07,4.972503e-07,1.227866e+03,1.242469e+03,1.227866e+00,1.242469e+00,1.000000e-09,15,2,true
3,cosine,W-SOR,w_sor,w,sor,1.20,mg_sor,cuda,double,511,7,6.672060e-10,1.821137e-07,4.972503e-07,1.081969e+03,1.106256e+03,1.081969e+00,1.106256e+00,1.000000e-09,15,2,true
3,cosine,W-SOR,w_sor,w,sor,1.25,mg_sor,cuda,double,511,7,6.321757e-10,1.821137e-07,4.972503e-07,1.038779e+03,1.053194e+03,1.038779e+00,1.053194e+00,1.000000e-09,15,2,true
3,cosine,W-SOR,w_sor,w,sor,1.30,mg_sor,cuda,double,511,8,4.379639e-10,1.821137e-07,4.972503e-07,1.196321e+03,1.210902e+03,1.196321e+00,1.210902e+00,1.000000e-09,15,2,true
3,cosine,W-SOR,w_sor,w,sor,1.35,mg_sor,cuda,double,511,9,2.833753e-10,1.821137e-07,4.972503e-07,1.241268e+03,1.256201e+03,1.241268e+00,1.256201e+00,1.000000e-09,15,2,true
3,cosine,W-SOR,w_sor,w,sor,1.40,mg_sor,cuda,double,511,10,2.252777e-10,1.821137e-07,4.972503e-07,1.313088e+03,1.325978e+03,1.313088e+00,1.325978e+00,1.000000e-09,15,2,true
3,cosine,W-SOR,w_sor,w,sor,1.45,mg_sor,cuda,double,511,11,2.513836e-10,1.821137e-07,4.972503e-07,1.432052e+03,1.444454e+03,1.432052e+00,1.444454e+00,1.000000e-09,15,2,true
3,cosine,W-SOR,w_sor,w,sor,1.50,mg_sor,cuda,double,511,12,4.225783e-10,1.821137e-07,4.972503e-07,1.541612e+03,1.553881e+03,1.541612e+00,1.553881e+00,1.000000e-09,15,2,true
3,sine,V-exact,v_exact,v,exact,1.00,mg_exact,cuda,double,511,9,1.919946e-10,1.109214e-06,3.137331e-06,1.431978e+03,1.439980e+03,1.431978e+00,1.439980e+00,1.000000e-09,15,3,true
3,sine,V-exact,v_exact,v,exact,1.05,mg_exact,cuda,double,511,8,8.707248e-10,1.109056e-06,3.136883e-06,1.286074e+03,1.294516e+03,1.286074e+00,1.294516e+00,1.000000e-09,15,3,true
3,sine,V-exact,v_exact,v,exact,1.10,mg_exact,cuda,double,511,8,2.507876e-10,1.109206e-06,3.137308e-06,1.254961e+03,1.262489e+03,1.254961e+00,1.262489e+00,1.000000e-09,15,3,true
3,sine,V-exact,v_exact,v,exact,1.15,mg_exact,cuda,double,511,8,5.156880e-11,1.109251e-06,3.137437e-06,1.344947e+03,1.352643e+03,1.344947e+00,1.352643e+00,1.000000e-09,15,3,true
3,sine,V-exact,v_exact,v,exact,1.20,mg_exact,cuda,double,511,7,1.762954e-10,1.109228e-06,3.137370e-06,1.164966e+03,1.173769e+03,1.164966e+00,1.173769e+00,1.000000e-09,15,3,true
3,sine,V-exact,v_exact,v,exact,1.25,mg_exact,cuda,double,511,6,5.007683e-10,1.109175e-06,3.137221e-06,1.067019e+03,1.076161e+03,1.067019e+00,1.076161e+00,1.000000e-09,15,3,true
3,sine,V-exact,v_exact,v,exact,1.30,mg_exact,cuda,double,511,5,7.777797e-10,1.109174e-06,3.137218e-06,9.673020e+02,9.747010e+02,9.673020e-01,9.747010e-01,1.000000e-09,15,3,true
3,sine,V-exact,v_exact,v,exact,1.35,mg_exact,cuda,double,511,5,7.395676e-10,1.109263e-06,3.137462e-06,9.545630e+02,9.621170e+02,9.545630e-01,9.621170e-01,1.000000e-09,15,3,true
3,sine,V-exact,v_exact,v,exact,1.40,mg_exact,cuda,double,511,6,3.727402e-10,1.109251e-06,3.137440e-06,1.071271e+03,1.079509e+03,1.071271e+00,1.079509e+00,1.000000e-09,15,3,true
3,sine,V-exact,v_exact,v,exact,1.45,mg_exact,cuda,double,511,7,2.956814e-10,1.109288e-06,3.137538e-06,1.128936e+03,1.136719e+03,1.128936e+00,1.136719e+00,1.000000e-09,15,3,true
3,sine,V-exact,v_exact,v,exact,1.50,mg_exact,cuda,double,511,8,3.180618e-10,1.109229e-06,3.137373e-06,1.218319e+03,1.230092e+03,1.218319e+00,1.230092e+00,1.000000e-09,15,3,true
3,sine,V-SOR,v_sor,v,sor,1.00,mg_sor,cuda,double,511,9,1.920907e-10,1.109214e-06,3.137331e-06,1.391646e+03,1.399520e+03,1.391646e+00,1.399520e+00,1.000000e-09,15,3,true
3,sine,V-SOR,v_sor,v,sor,1.05,mg_sor,cuda,double,511,8,8.707904e-10,1.109056e-06,3.136883e-06,1.287494e+03,1.295539e+03,1.287494e+00,1.295539e+00,1.000000e-09,15,3,true
3,sine,V-SOR,v_sor,v,sor,1.10,mg_sor,cuda,double,511,8,2.507928e-10,1.109206e-06,3.137308e-06,1.267528e+03,1.274777e+03,1.267528e+00,1.274777e+00,1.000000e-09,15,3,true
3,sine,V-SOR,v_sor,v,sor,1.15,mg_sor,cuda,double,511,8,5.156695e-11,1.109251e-06,3.137437e-06,1.258168e+03,1.266320e+03,1.258168e+00,1.266320e+00,1.000000e-09,15,3,true
3,sine,V-SOR,v_sor,v,sor,1.20,mg_sor,cuda,double,511,7,1.762941e-10,1.109228e-06,3.137370e-06,1.152428e+03,1.159092e+03,1.152428e+00,1.159092e+00,1.000000e-09,15,3,true
3,sine,V-SOR,v_sor,v,sor,1.25,mg_sor,cuda,double,511,6,5.007724e-10,1.109175e-06,3.137221e-06,1.025139e+03,1.032556e+03,1.025139e+00,1.032556e+00,1.000000e-09,15,3,true
3,sine,V-SOR,v_sor,v,sor,1.30,mg_sor,cuda,double,511,5,7.777825e-10,1.109174e-06,3.137218e-06,9.987290e+02,1.007856e+03,9.987290e-01,1.007856e+00,1.000000e-09,15,3,true
3,sine,V-SOR,v_sor,v,sor,1.35,mg_sor,cuda,double,511,5,7.395666e-10,1.109263e-06,3.137462e-06,9.765830e+02,9.833450e+02,9.765830e-01,9.833450e-01,1.000000e-09,15,3,true
3,sine,V-SOR,v_sor,v,sor,1.40,mg_sor,cuda,double,511,6,3.727415e-10,1.109251e-06,3.137440e-06,1.023034e+03,1.030783e+03,1.023034e+00,1.030783e+00,1.000000e-09,15,3,true
3,sine,V-SOR,v_sor,v,sor,1.45,mg_sor,cuda,double,511,7,2.956871e-10,1.109288e-06,3.137538e-06,1.139303e+03,1.148211e+03,1.139303e+00,1.148211e+00,1.000000e-09,15,3,true
3,sine,V-SOR,v_sor,v,sor,1.50,mg_sor,cuda,double,511,8,3.180796e-10,1.109229e-06,3.137373e-06,1.257841e+03,1.266473e+03,1.257841e+00,1.266473e+00,1.000000e-09,15,3,true
3,sine,W-exact,w_exact,w,exact,1.00,mg_exact,cuda,double,511,3,7.878844e-12,1.109263e-06,3.137469e-06,9.213180e+02,9.336690e+02,9.213180e-01,9.336690e-01,1.000000e-09,15,3,true
3,sine,W-exact,w_exact,w,exact,1.05,mg_exact,cuda,double,511,3,7.438217e-12,1.109263e-06,3.137469e-06,8.860880e+02,8.994150e+02,8.860880e-01,8.994150e-01,1.000000e-09,15,3,true
3,sine,W-exact,w_exact,w,exact,1.10,mg_exact,cuda,double,511,3,8.290057e-12,1.109263e-06,3.137469e-06,9.330400e+02,9.457790e+02,9.330400e-01,9.457790e-01,1.000000e-09,15,3,true
3,sine,W-exact,w_exact,w,exact,1.15,mg_exact,cuda,double,511,3,9.689573e-12,1.109263e-06,3.137469e-06,9.346380e+02,9.466420e+02,9.346380e-01,9.466420e-01,1.000000e-09,15,3,true
3,sine,W-exact,w_exact,w,exact,1.20,mg_exact,cuda,double,511,3,6.531687e-11,1.109263e-06,3.137469e-06,9.555000e+02,9.675110e+02,9.555000e-01,9.675110e-01,1.000000e-09,15,3,true
3,sine,W-exact,w_exact,w,exact,1.25,mg_exact,cuda,double,511,3,5.215563e-10,1.109263e-06,3.137468e-06,9.188500e+02,9.322070e+02,9.188500e-01,9.322070e-01,1.000000e-09,15,3,true
3,sine,W-exact,w_exact,w,exact,1.30,mg_exact,cuda,double,511,4,1.466791e-11,1.109263e-06,3.137469e-06,1.119696e+03,1.131309e+03,1.119696e+00,1.131309e+00,1.000000e-09,15,3,true
3,sine,W-exact,w_exact,w,exact,1.35,mg_exact,cuda,double,511,4,1.712909e-10,1.109263e-06,3.137469e-06,1.110016e+03,1.123490e+03,1.110016e+00,1.123490e+00,1.000000e-09,15,3,true
3,sine,W-exact,w_exact,w,exact,1.40,mg_exact,cuda,double,511,5,2.080827e-11,1.109263e-06,3.137469e-06,1.286907e+03,1.302663e+03,1.286907e+00,1.302663e+00,1.000000e-09,15,3,true
3,sine,W-exact,w_exact,w,exact,1.45,mg_exact,cuda,double,511,5,3.365593e-10,1.109263e-06,3.137469e-06,1.278037e+03,1.292872e+03,1.278037e+00,1.292872e+00,1.000000e-09,15,3,true
3,sine,W-exact,w_exact,w,exact,1.50,mg_exact,cuda,double,511,6,1.075694e-10,1.109263e-06,3.137469e-06,1.456882e+03,1.469208e+03,1.456882e+00,1.469208e+00,1.000000e-09,15,3,true
3,sine,W-SOR,w_sor,w,sor,1.00,mg_sor,cuda,double,511,3,7.878008e-12,1.109263e-06,3.137469e-06,8.032910e+02,8.155480e+02,8.032910e-01,8.155480e-01,1.000000e-09,15,3,true
3,sine,W-SOR,w_sor,w,sor,1.05,mg_sor,cuda,double,511,3,7.439646e-12,1.109263e-06,3.137469e-06,8.481150e+02,8.642240e+02,8.481150e-01,8.642240e-01,1.000000e-09,15,3,true
3,sine,W-SOR,w_sor,w,sor,1.10,mg_sor,cuda,double,511,3,8.289913e-12,1.109263e-06,3.137469e-06,8.214460e+02,8.332250e+02,8.214460e-01,8.332250e-01,1.000000e-09,15,3,true
3,sine,W-SOR,w_sor,w,sor,1.15,mg_sor,cuda,double,511,3,9.690307e-12,1.109263e-06,3.137469e-06,7.508560e+02,7.689980e+02,7.508560e-01,7.689980e-01,1.000000e-09,15,3,true
3,sine,W-SOR,w_sor,w,sor,1.20,mg_sor,cuda,double,511,3,6.531659e-11,1.109263e-06,3.137469e-06,7.700550e+02,8.356870e+02,7.700550e-01,8.356870e-01,1.000000e-09,15,3,true
3,sine,W-SOR,w_sor,w,sor,1.25,mg_sor,cuda,double,511,3,5.215559e-10,1.109263e-06,3.137468e-06,7.421320e+02,7.619360e+02,7.421320e-01,7.619360e-01,1.000000e-09,15,3,true
3,sine,W-SOR,w_sor,w,sor,1.30,mg_sor,cuda,double,511,4,1.467057e-11,1.109263e-06,3.137469e-06,8.416580e+02,8.558690e+02,8.416580e-01,8.558690e-01,1.000000e-09,15,3,true
3,sine,W-SOR,w_sor,w,sor,1.35,mg_sor,cuda,double,511,4,1.712926e-10,1.109263e-06,3.137469e-06,9.043000e+02,9.222820e+02,9.043000e-01,9.222820e-01,1.000000e-09,15,3,true
3,sine,W-SOR,w_sor,w,sor,1.40,mg_sor,cuda,double,511,5,2.080573e-11,1.109263e-06,3.137469e-06,9.894900e+02,1.005497e+03,9.894900e-01,1.005497e+00,1.000000e-09,15,3,true
3,sine,W-SOR,w_sor,w,sor,1.45,mg_sor,cuda,double,511,5,3.365613e-10,1.109263e-06,3.137469e-06,9.857800e+02,1.001695e+03,9.857800e-01,1.001695e+00,1.000000e-09,15,3,true
3,sine,W-SOR,w_sor,w,sor,1.50,mg_sor,cuda,double,511,6,1.075683e-10,1.109263e-06,3.137469e-06,1.189057e+03,1.204958e+03,1.189057e+00,1.204958e+00,1.000000e-09,15,3,true
3,mixed_sine,V-exact,v_exact,v,exact,1.00,mg_exact,cuda,double,511,9,1.407733e-10,1.350262e-05,3.819119e-05,1.296463e+03,1.305147e+03,1.296463e+00,1.305147e+00,1.000000e-09,15,3,true
3,mixed_sine,V-exact,v_exact,v,exact,1.05,mg_exact,cuda,double,511,8,5.262337e-10,1.350254e-05,3.819094e-05,1.272069e+03,1.279868e+03,1.272069e+00,1.279868e+00,1.000000e-09,15,3,true
3,mixed_sine,V-exact,v_exact,v,exact,1.10,mg_exact,cuda,double,511,8,1.258683e-10,1.350263e-05,3.819121e-05,1.242392e+03,1.251972e+03,1.242392e+00,1.251972e+00,1.000000e-09,15,3,true
3,mixed_sine,V-exact,v_exact,v,exact,1.15,mg_exact,cuda,double,511,7,5.150058e-10,1.350255e-05,3.819098e-05,1.092138e+03,1.100923e+03,1.092138e+00,1.100923e+00,1.000000e-09,15,3,true
3,mixed_sine,V-exact,v_exact,v,exact,1.20,mg_exact,cuda,double,511,7,7.394761e-11,1.350265e-05,3.819125e-05,1.118139e+03,1.126123e+03,1.118139e+00,1.126123e+00,1.000000e-09,15,3,true
3,mixed_sine,V-exact,v_exact,v,exact,1.25,mg_exact,cuda,double,511,6,2.114601e-10,1.350262e-05,3.819119e-05,1.039583e+03,1.047668e+03,1.039583e+00,1.047668e+00,1.000000e-09,15,3,true
3,mixed_sine,V-exact,v_exact,v,exact,1.30,mg_exact,cuda,double,511,5,3.262225e-10,1.350263e-05,3.819120e-05,9.098820e+02,9.181880e+02,9.098820e-01,9.181880e-01,1.000000e-09,15,3,true
3,mixed_sine,V-exact,v_exact,v,exact,1.35,mg_exact,cuda,double,511,5,5.040274e-10,1.350266e-05,3.819128e-05,9.194100e+02,9.275260e+02,9.194100e-01,9.275260e-01,1.000000e-09,15,3,true
3,mixed_sine,V-exact,v_exact,v,exact,1.40,mg_exact,cuda,double,511,6,2.837179e-10,1.350265e-05,3.819126e-05,1.012610e+03,1.021746e+03,1.012610e+00,1.021746e+00,1.000000e-09,15,3,true
3,mixed_sine,V-exact,v_exact,v,exact,1.45,mg_exact,cuda,double,511,7,2.724089e-10,1.350268e-05,3.819136e-05,1.179299e+03,1.186873e+03,1.179299e+00,1.186873e+00,1.000000e-09,15,3,true
3,mixed_sine,V-exact,v_exact,v,exact,1.50,mg_exact,cuda,double,511,8,3.335375e-10,1.350263e-05,3.819119e-05,1.206060e+03,1.213414e+03,1.206060e+00,1.213414e+00,1.000000e-09,15,3,true
3,mixed_sine,V-SOR,v_sor,v,sor,1.00,mg_sor,cuda,double,511,9,1.407732e-10,1.350262e-05,3.819119e-05,1.332377e+03,1.340796e+03,1.332377e+00,1.340796e+00,1.000000e-09,15,3,true
3,mixed_sine,V-SOR,v_sor,v,sor,1.05,mg_sor,cuda,double,511,8,5.262337e-10,1.350254e-05,3.819094e-05,1.295662e+03,1.304331e+03,1.295662e+00,1.304331e+00,1.000000e-09,15,3,true
3,mixed_sine,V-SOR,v_sor,v,sor,1.10,mg_sor,cuda,double,511,8,1.258680e-10,1.350263e-05,3.819121e-05,1.169015e+03,1.179694e+03,1.169015e+00,1.179694e+00,1.000000e-09,15,3,true
3,mixed_sine,V-SOR,v_sor,v,sor,1.15,mg_sor,cuda,double,511,7,5.150058e-10,1.350255e-05,3.819098e-05,1.116910e+03,1.129021e+03,1.116910e+00,1.129021e+00,1.000000e-09,15,3,true
3,mixed_sine,V-SOR,v_sor,v,sor,1.20,mg_sor,cuda,double,511,7,7.394761e-11,1.350265e-05,3.819125e-05,1.098767e+03,1.106511e+03,1.098767e+00,1.106511e+00,1.000000e-09,15,3,true
3,mixed_sine,V-SOR,v_sor,v,sor,1.25,mg_sor,cuda,double,511,6,2.114601e-10,1.350262e-05,3.819119e-05,9.980390e+02,1.006745e+03,9.980390e-01,1.006745e+00,1.000000e-09,15,3,true
3,mixed_sine,V-SOR,v_sor,v,sor,1.30,mg_sor,cuda,double,511,5,3.262225e-10,1.350263e-05,3.819120e-05,8.971550e+02,9.054220e+02,8.971550e-01,9.054220e-01,1.000000e-09,15,3,true
3,mixed_sine,V-SOR,v_sor,v,sor,1.35,mg_sor,cuda,double,511,5,5.040271e-10,1.350266e-05,3.819128e-05,8.880730e+02,8.975750e+02,8.880730e-01,8.975750e-01,1.000000e-09,15,3,true
3,mixed_sine,V-SOR,v_sor,v,sor,1.40,mg_sor,cuda,double,511,6,2.837179e-10,1.350265e-05,3.819126e-05,1.018391e+03,1.026738e+03,1.018391e+00,1.026738e+00,1.000000e-09,15,3,true
3,mixed_sine,V-SOR,v_sor,v,sor,1.45,mg_sor,cuda,double,511,7,2.724082e-10,1.350268e-05,3.819136e-05,1.105938e+03,1.114116e+03,1.105938e+00,1.114116e+00,1.000000e-09,15,3,true
3,mixed_sine,V-SOR,v_sor,v,sor,1.50,mg_sor,cuda,double,511,8,3.335377e-10,1.350263e-05,3.819119e-05,1.169898e+03,1.180439e+03,1.169898e+00,1.180439e+00,1.000000e-09,15,3,true
3,mixed_sine,W-exact,w_exact,w,exact,1.00,mg_exact,cuda,double,511,3,3.007606e-10,1.350265e-05,3.819125e-05,8.819590e+02,8.972800e+02,8.819590e-01,8.972800e-01,1.000000e-09,15,3,true
3,mixed_sine,W-exact,w_exact,w,exact,1.05,mg_exact,cuda,double,511,3,6.498337e-11,1.350265e-05,3.819126e-05,9.199720e+02,9.439710e+02,9.199720e-01,9.439710e-01,1.000000e-09,15,3,true
3,mixed_sine,W-exact,w_exact,w,exact,1.10,mg_exact,cuda,double,511,3,9.649181e-11,1.350265e-05,3.819126e-05,9.121430e+02,9.274500e+02,9.121430e-01,9.274500e-01,1.000000e-09,15,3,true
3,mixed_sine,W-exact,w_exact,w,exact,1.15,mg_exact,cuda,double,511,3,1.749615e-10,1.350265e-05,3.819127e-05,8.972970e+02,9.141670e+02,8.972970e-01,9.141670e-01,1.000000e-09,15,3,true
3,mixed_sine,W-exact,w_exact,w,exact,1.20,mg_exact,cuda,double,511,3,6.627333e-10,1.350265e-05,3.819127e-05,9.069730e+02,9.253140e+02,9.069730e-01,9.253140e-01,1.000000e-09,15,3,true
3,mixed_sine,W-exact,w_exact,w,exact,1.25,mg_exact,cuda,double,511,4,1.027442e-12,1.350266e-05,3.819129e-05,1.104325e+03,1.120837e+03,1.104325e+00,1.120837e+00,1.000000e-09,15,3,true
3,mixed_sine,W-exact,w_exact,w,exact,1.30,mg_exact,cuda,double,511,4,1.214111e-11,1.350266e-05,3.819129e-05,1.065355e+03,1.080838e+03,1.065355e+00,1.080838e+00,1.000000e-09,15,3,true
3,mixed_sine,W-exact,w_exact,w,exact,1.35,mg_exact,cuda,double,511,4,1.952366e-10,1.350266e-05,3.819129e-05,1.084494e+03,1.117865e+03,1.084494e+00,1.117865e+00,1.000000e-09,15,3,true
3,mixed_sine,W-exact,w_exact,w,exact,1.40,mg_exact,cuda,double,511,5,1.905173e-11,1.350266e-05,3.819129e-05,1.210349e+03,1.227868e+03,1.210349e+00,1.227868e+00,1.000000e-09,15,3,true
3,mixed_sine,W-exact,w_exact,w,exact,1.45,mg_exact,cuda,double,511,5,3.741602e-10,1.350266e-05,3.819129e-05,1.199916e+03,1.214772e+03,1.199916e+00,1.214772e+00,1.000000e-09,15,3,true
3,mixed_sine,W-exact,w_exact,w,exact,1.50,mg_exact,cuda,double,511,6,1.194160e-10,1.350266e-05,3.819129e-05,1.382428e+03,1.398209e+03,1.382428e+00,1.398209e+00,1.000000e-09,15,3,true
3,mixed_sine,W-SOR,w_sor,w,sor,1.00,mg_sor,cuda,double,511,3,3.007606e-10,1.350265e-05,3.819125e-05,7.492670e+02,7.649410e+02,7.492670e-01,7.649410e-01,1.000000e-09,15,3,true
3,mixed_sine,W-SOR,w_sor,w,sor,1.05,mg_sor,cuda,double,511,3,6.498337e-11,1.350265e-05,3.819126e-05,7.878140e+02,8.035230e+02,7.878140e-01,8.035230e-01,1.000000e-09,15,3,true
3,mixed_sine,W-SOR,w_sor,w,sor,1.10,mg_sor,cuda,double,511,3,9.649181e-11,1.350265e-05,3.819126e-05,7.461100e+02,7.630740e+02,7.461100e-01,7.630740e-01,1.000000e-09,15,3,true
3,mixed_sine,W-SOR,w_sor,w,sor,1.15,mg_sor,cuda,double,511,3,1.749615e-10,1.350265e-05,3.819127e-05,7.341380e+02,7.496910e+02,7.341380e-01,7.496910e-01,1.000000e-09,15,3,true
3,mixed_sine,W-SOR,w_sor,w,sor,1.20,mg_sor,cuda,double,511,3,6.627333e-10,1.350265e-05,3.819127e-05,8.087430e+02,8.259940e+02,8.087430e-01,8.259940e-01,1.000000e-09,15,3,true
3,mixed_sine,W-SOR,w_sor,w,sor,1.25,mg_sor,cuda,double,511,4,1.027442e-12,1.350266e-05,3.819129e-05,8.757820e+02,8.919170e+02,8.757820e-01,8.919170e-01,1.000000e-09,15,3,true
3,mixed_sine,W-SOR,w_sor,w,sor,1.30,mg_sor,cuda,double,511,4,1.214111e-11,1.350266e-05,3.819129e-05,8.616500e+02,8.802190e+02,8.616500e-01,8.802190e-01,1.000000e-09,15,3,true
3,mixed_sine,W-SOR,w_sor,w,sor,1.35,mg_sor,cuda,double,511,4,1.952366e-10,1.350266e-05,3.819129e-05,8.638880e+02,8.800290e+02,8.638880e-01,8.800290e-01,1.000000e-09,15,3,true
3,mixed_sine,W-SOR,w_sor,w,sor,1.40,mg_sor,cuda,double,511,5,1.905173e-11,1.350266e-05,3.819129e-05,9.675050e+02,9.833890e+02,9.675050e-01,9.833890e-01,1.000000e-09,15,3,true
3,mixed_sine,W-SOR,w_sor,w,sor,1.45,mg_sor,cuda,double,511,5,3.741601e-10,1.350266e-05,3.819129e-05,1.005436e+03,1.022171e+03,1.005436e+00,1.022171e+00,1.000000e-09,15,3,true
3,mixed_sine,W-SOR,w_sor,w,sor,1.50,mg_sor,cuda,double,511,6,1.194160e-10,1.350266e-05,3.819129e-05,1.108759e+03,1.123465e+03,1.108759e+00,1.123465e+00,1.000000e-09,15,3,true
3,bubble,V-exact,v_exact,v,exact,1.00,mg_exact,cuda,double,511,9,1.830086e-10,8.347923e-13,2.335588e-12,1.241626e+03,1.250668e+03,1.241626e+00,1.250668e+00,1.000000e-09,15,3,true
3,bubble,V-exact,v_exact,v,exact,1.05,mg_exact,cuda,double,511,8,8.309833e-10,3.557381e-12,9.965105e-12,1.217624e+03,1.224058e+03,1.217624e+00,1.224058e+00,1.000000e-09,15,3,true
3,bubble,V-exact,v_exact,v,exact,1.10,mg_exact,cuda,double,511,8,2.394056e-10,9.742851e-13,2.737768e-12,1.172748e+03,1.187128e+03,1.172748e+00,1.187128e+00,1.000000e-09,15,3,true
3,bubble,V-exact,v_exact,v,exact,1.15,mg_exact,cuda,double,511,8,4.934981e-11,1.925850e-13,5.425747e-13,1.202292e+03,1.210493e+03,1.202292e+00,1.210493e+00,1.000000e-09,15,3,true
3,bubble,V-exact,v_exact,v,exact,1.20,mg_exact,cuda,double,511,7,1.683405e-10,6.012366e-13,1.696164e-12,1.051494e+03,1.058345e+03,1.051494e+00,1.058345e+00,1.000000e-09,15,3,true
3,bubble,V-exact,v_exact,v,exact,1.25,mg_exact,cuda,double,511,6,4.773824e-10,1.501699e-12,4.246409e-12,9.862640e+02,9.942950e+02,9.862640e-01,9.942950e-01,1.000000e-09,15,3,true
3,bubble,V-exact,v_exact,v,exact,1.30,mg_exact,cuda,double,511,5,7.492338e-10,1.523521e-12,4.315534e-12,8.725670e+02,8.807440e+02,8.725670e-01,8.807440e-01,1.000000e-09,15,3,true
3,bubble,V-exact,v_exact,v,exact,1.35,mg_exact,cuda,double,511,6,8.438924e-11,5.271295e-15,1.410807e-14,1.025945e+03,1.038564e+03,1.025945e+00,1.038564e+00,1.000000e-09,15,3,true
3,bubble,V-exact,v_exact,v,exact,1.40,mg_exact,cuda,double,511,7,5.583414e-11,7.436145e-15,1.382488e-14,1.074393e+03,1.082168e+03,1.074393e+00,1.082168e+00,1.000000e-09,15,3,true
3,bubble,V-exact,v_exact,v,exact,1.45,mg_exact,cuda,double,511,7,8.194088e-10,4.630913e-13,7.581765e-13,1.058299e+03,1.066988e+03,1.058299e+00,1.066988e+00,1.000000e-09,15,3,true
3,bubble,V-exact,v_exact,v,exact,1.50,mg_exact,cuda,double,511,8,6.108010e-10,6.016492e-13,1.125752e-12,1.156946e+03,1.165380e+03,1.156946e+00,1.165380e+00,1.000000e-09,15,3,true
3,bubble,V-SOR,v_sor,v,sor,1.00,mg_sor,cuda,double,511,9,1.830992e-10,8.352110e-13,2.336732e-12,1.250149e+03,1.258648e+03,1.250149e+00,1.258648e+00,1.000000e-09,15,3,true
3,bubble,V-SOR,v_sor,v,sor,1.05,mg_sor,cuda,double,511,8,8.310468e-10,3.557651e-12,9.965860e-12,1.117815e+03,1.131792e+03,1.117815e+00,1.131792e+00,1.000000e-09,15,3,true
3,bubble,V-SOR,v_sor,v,sor,1.10,mg_sor,cuda,double,511,8,2.394073e-10,9.742896e-13,2.737770e-12,1.129590e+03,1.137802e+03,1.129590e+00,1.137802e+00,1.000000e-09,15,3,true
3,bubble,V-SOR,v_sor,v,sor,1.15,mg_sor,cuda,double,511,8,4.934959e-11,1.925868e-13,5.426024e-13,1.200585e+03,1.208933e+03,1.200585e+00,1.208933e+00,1.000000e-09,15,3,true
3,bubble,V-SOR,v_sor,v,sor,1.20,mg_sor,cuda,double,511,7,1.683394e-10,6.012420e-13,1.696216e-12,1.054061e+03,1.070482e+03,1.054061e+00,1.070482e+00,1.000000e-09,15,3,true
3,bubble,V-SOR,v_sor,v,sor,1.25,mg_sor,cuda,double,511,6,4.773833e-10,1.501697e-12,4.246362e-12,9.667240e+02,9.745800e+02,9.667240e-01,9.745800e-01,1.000000e-09,15,3,true
3,bubble,V-SOR,v_sor,v,sor,1.30,mg_sor,cuda,double,511,5,7.492376e-10,1.523530e-12,4.315508e-12,8.588110e+02,8.673890e+02,8.588110e-01,8.673890e-01,1.000000e-09,15,3,true
3,bubble,V-SOR,v_sor,v,sor,1.35,mg_sor,cuda,double,511,6,8.438984e-11,5.272307e-15,1.410460e-14,9.545520e+02,9.653600e+02,9.545520e-01,9.653600e-01,1.000000e-09,15,3,true
3,bubble,V-SOR,v_sor,v,sor,1.40,mg_sor,cuda,double,511,7,5.583375e-11,7.435865e-15,1.382488e-14,1.065553e+03,1.074980e+03,1.065553e+00,1.074980e+00,1.000000e-09,15,3,true
3,bubble,V-SOR,v_sor,v,sor,1.45,mg_sor,cuda,double,511,7,8.194099e-10,4.631005e-13,7.582129e-13,1.044567e+03,1.052018e+03,1.044567e+00,1.052018e+00,1.000000e-09,15,3,true
3,bubble,V-SOR,v_sor,v,sor,1.50,mg_sor,cuda,double,511,8,6.108080e-10,6.016667e-13,1.125797e-12,1.210346e+03,1.219646e+03,1.210346e+00,1.219646e+00,1.000000e-09,15,3,true
3,bubble,W-exact,w_exact,w,exact,1.00,mg_exact,cuda,double,511,5,8.530322e-10,1.295941e-15,1.083698e-14,1.187526e+03,1.201086e+03,1.187526e+00,1.201086e+00,1.000000e-09,15,3,true
3,bubble,W-exact,w_exact,w,exact,1.05,mg_exact,cuda,double,511,5,2.819083e-10,9.915523e-16,3.748358e-15,1.183492e+03,1.200242e+03,1.183492e+00,1.200242e+00,1.000000e-09,15,3,true
3,bubble,W-exact,w_exact,w,exact,1.10,mg_exact,cuda,double,511,5,7.057301e-11,6.127315e-16,2.026157e-15,1.173597e+03,1.186863e+03,1.173597e+00,1.186863e+00,1.000000e-09,15,3,true
3,bubble,W-exact,w_exact,w,exact,1.15,mg_exact,cuda,double,511,4,8.909972e-10,1.833338e-15,1.441273e-14,1.027574e+03,1.045918e+03,1.027574e+00,1.045918e+00,1.000000e-09,15,3,true
3,bubble,W-exact,w_exact,w,exact,1.20,mg_exact,cuda,double,511,4,8.354881e-11,1.625468e-15,6.687359e-15,1.114097e+03,1.128102e+03,1.114097e+00,1.128102e+00,1.000000e-09,15,3,true
3,bubble,W-exact,w_exact,w,exact,1.25,mg_exact,cuda,double,511,4,2.086921e-11,1.217843e-15,3.830269e-15,1.001004e+03,1.015096e+03,1.001004e+00,1.015096e+00,1.000000e-09,15,3,true
3,bubble,W-exact,w_exact,w,exact,1.30,mg_exact,cuda,double,511,4,9.472402e-10,8.622207e-16,8.415225e-15,1.071197e+03,1.085364e+03,1.071197e+00,1.085364e+00,1.000000e-09,15,3,true
3,bubble,W-exact,w_exact,w,exact,1.35,mg_exact,cuda,double,511,5,1.696623e-10,3.142560e-16,1.833603e-15,1.176761e+03,1.198506e+03,1.176761e+00,1.198506e+00,1.000000e-09,15,3,true
3,bubble,W-exact,w_exact,w,exact,1.40,mg_exact,cuda,double,511,6,3.734912e-11,3.221204e-16,9.506285e-16,1.354047e+03,1.367808e+03,1.354047e+00,1.367808e+00,1.000000e-09,15,3,true
3,bubble,W-exact,w_exact,w,exact,1.45,mg_exact,cuda,double,511,6,2.709243e-10,8.966131e-16,2.938622e-15,1.360568e+03,1.375872e+03,1.360568e+00,1.375872e+00,1.000000e-09,15,3,true
3,bubble,W-exact,w_exact,w,exact,1.50,mg_exact,cuda,double,511,7,8.287093e-11,1.106989e-15,3.341077e-15,1.522385e+03,1.539828e+03,1.522385e+00,1.539828e+00,1.000000e-09,15,3,true
3,bubble,W-SOR,w_sor,w,sor,1.00,mg_sor,cuda,double,511,5,8.530322e-10,1.309760e-15,1.083611e-14,9.523260e+02,9.667590e+02,9.523260e-01,9.667590e-01,1.000000e-09,15,3,true
3,bubble,W-SOR,w_sor,w,sor,1.05,mg_sor,cuda,double,511,5,2.819087e-10,1.025270e-15,3.749334e-15,9.424620e+02,9.637690e+02,9.424620e-01,9.637690e-01,1.000000e-09,15,3,true
3,bubble,W-SOR,w_sor,w,sor,1.10,mg_sor,cuda,double,511,5,7.057361e-11,6.350680e-16,2.395653e-15,9.520750e+02,9.677810e+02,9.520750e-01,9.677810e-01,1.000000e-09,15,3,true
3,bubble,W-SOR,w_sor,w,sor,1.15,mg_sor,cuda,double,511,4,8.909974e-10,1.820086e-15,1.442206e-14,8.995000e+02,9.149740e+02,8.995000e-01,9.149740e-01,1.000000e-09,15,3,true
3,bubble,W-SOR,w_sor,w,sor,1.20,mg_sor,cuda,double,511,4,8.353656e-11,9.224431e-16,4.440892e-15,8.155530e+02,8.294950e+02,8.155530e-01,8.294950e-01,1.000000e-09,15,3,true
3,bubble,W-SOR,w_sor,w,sor,1.25,mg_sor,cuda,double,511,4,2.086845e-11,1.264565e-15,4.024558e-15,8.131250e+02,8.703400e+02,8.131250e-01,8.703400e-01,1.000000e-09,15,3,true
3,bubble,W-SOR,w_sor,w,sor,1.30,mg_sor,cuda,double,511,4,9.472402e-10,8.671349e-16,8.414791e-15,8.868320e+02,9.030870e+02,8.868320e-01,9.030870e-01,1.000000e-09,15,3,true
3,bubble,W-SOR,w_sor,w,sor,1.35,mg_sor,cuda,double,511,5,1.696634e-10,4.016004e-16,2.024422e-15,9.273150e+02,9.506190e+02,9.273150e-01,9.506190e-01,1.000000e-09,15,3,true
3,bubble,W-SOR,w_sor,w,sor,1.40,mg_sor,cuda,double,511,6,3.733268e-11,3.343157e-16,9.332812e-16,1.058089e+03,1.073771e+03,1.058089e+00,1.073771e+00,1.000000e-09,15,3,true
3,bubble,W-SOR,w_sor,w,sor,1.45,mg_sor,cuda,double,511,6,2.709257e-10,1.174465e-15,3.509346e-15,1.080880e+03,1.096119e+03,1.080880e+00,1.096119e+00,1.000000e-09,15,3,true
3,bubble,W-SOR,w_sor,w,sor,1.50,mg_sor,cuda,double,511,7,8.288216e-11,1.135263e-15,3.280362e-15,1.147501e+03,1.168403e+03,1.147501e+00,1.168403e+00,1.000000e-09,15,3,true
3,exp,V-exact,v_exact,v,exact,1.00,mg_exact,cuda,double,511,10,8.959910e-10,1.177547e-07,2.785990e-07,1.377216e+03,1.386193e+03,1.377216e+00,1.386193e+00,1.000000e-09,15,3,true
3,exp,V-exact,v_exact,v,exact,1.05,mg_exact,cuda,double,511,10,1.824309e-10,1.177840e-07,2.786849e-07,1.436375e+03,1.445198e+03,1.436375e+00,1.445198e+00,1.000000e-09,15,3,true
3,exp,V-exact,v_exact,v,exact,1.10,mg_exact,cuda,double,511,9,5.169136e-10,1.177604e-07,2.786208e-07,1.264386e+03,1.272259e+03,1.264386e+00,1.272259e+00,1.000000e-09,15,3,true
3,exp,V-exact,v_exact,v,exact,1.15,mg_exact,cuda,double,511,9,9.994278e-11,1.177886e-07,2.786983e-07,1.263839e+03,1.275397e+03,1.263839e+00,1.275397e+00,1.000000e-09,15,3,true
3,exp,V-exact,v_exact,v,exact,1.20,mg_exact,cuda,double,511,8,1.557259e-10,1.177813e-07,2.786787e-07,1.201443e+03,1.210538e+03,1.201443e+00,1.210538e+00,1.000000e-09,15,3,true
3,exp,V-exact,v_exact,v,exact,1.25,mg_exact,cuda,double,511,7,2.186992e-10,1.177728e-07,2.786557e-07,1.118735e+03,1.130446e+03,1.118735e+00,1.130446e+00,1.000000e-09,15,3,true
3,exp,V-exact,v_exact,v,exact,1.30,mg_exact,cuda,double,511,7,2.778790e-10,1.177940e-07,2.787133e-07,1.061972e+03,1.069974e+03,1.061972e+00,1.069974e+00,1.000000e-09,15,3,true
3,exp,V-exact,v_exact,v,exact,1.35,mg_exact,cuda,double,511,8,3.615722e-10,1.177940e-07,2.787131e-07,1.140499e+03,1.151167e+03,1.140499e+00,1.151167e+00,1.000000e-09,15,3,true
3,exp,V-exact,v_exact,v,exact,1.40,mg_exact,cuda,double,511,9,3.858642e-10,1.177940e-07,2.787131e-07,1.248573e+03,1.259587e+03,1.248573e+00,1.259587e+00,1.000000e-09,15,3,true
3,exp,V-exact,v_exact,v,exact,1.45,mg_exact,cuda,double,511,10,3.948038e-10,1.177939e-07,2.787130e-07,1.391584e+03,1.399349e+03,1.391584e+00,1.399349e+00,1.000000e-09,15,3,true
3,exp,V-exact,v_exact,v,exact,1.50,mg_exact,cuda,double,511,11,5.546314e-10,1.177941e-07,2.787132e-07,1.482811e+03,1.492649e+03,1.482811e+00,1.492649e+00,1.000000e-09,15,3,true
3,exp,V-SOR,v_sor,v,sor,1.00,mg_sor,cuda,double,511,10,8.959583e-10,1.177547e-07,2.785989e-07,1.372293e+03,1.380258e+03,1.372293e+00,1.380258e+00,1.000000e-09,15,3,true
3,exp,V-SOR,v_sor,v,sor,1.05,mg_sor,cuda,double,511,10,1.823952e-10,1.177840e-07,2.786849e-07,1.398129e+03,1.409249e+03,1.398129e+00,1.409249e+00,1.000000e-09,15,3,true
3,exp,V-SOR,v_sor,v,sor,1.10,mg_sor,cuda,double,511,9,5.168983e-10,1.177604e-07,2.786208e-07,1.250651e+03,1.267390e+03,1.250651e+00,1.267390e+00,1.000000e-09,15,3,true
3,exp,V-SOR,v_sor,v,sor,1.15,mg_sor,cuda,double,511,9,9.993658e-11,1.177886e-07,2.786983e-07,1.307810e+03,1.315720e+03,1.307810e+00,1.315720e+00,1.000000e-09,15,3,true
3,exp,V-SOR,v_sor,v,sor,1.20,mg_sor,cuda,double,511,8,1.557434e-10,1.177813e-07,2.786787e-07,1.134505e+03,1.142966e+03,1.134505e+00,1.142966e+00,1.000000e-09,15,3,true
3,exp,V-SOR,v_sor,v,sor,1.25,mg_sor,cuda,double,511,7,2.186792e-10,1.177728e-07,2.786557e-07,1.046122e+03,1.054459e+03,1.046122e+00,1.054459e+00,1.000000e-09,15,3,true
3,exp,V-SOR,v_sor,v,sor,1.30,mg_sor,cuda,double,511,7,2.778828e-10,1.177940e-07,2.787133e-07,1.104639e+03,1.114311e+03,1.104639e+00,1.114311e+00,1.000000e-09,15,3,true
3,exp,V-SOR,v_sor,v,sor,1.35,mg_sor,cuda,double,511,8,3.615846e-10,1.177940e-07,2.787131e-07,1.163097e+03,1.171400e+03,1.163097e+00,1.171400e+00,1.000000e-09,15,3,true
3,exp,V-SOR,v_sor,v,sor,1.40,mg_sor,cuda,double,511,9,3.858565e-10,1.177940e-07,2.787131e-07,1.283631e+03,1.292195e+03,1.283631e+00,1.292195e+00,1.000000e-09,15,3,true
3,exp,V-SOR,v_sor,v,sor,1.45,mg_sor,cuda,double,511,10,3.947890e-10,1.177939e-07,2.787130e-07,1.340891e+03,1.350808e+03,1.340891e+00,1.350808e+00,1.000000e-09,15,3,true
3,exp,V-SOR,v_sor,v,sor,1.50,mg_sor,cuda,double,511,11,5.545854e-10,1.177941e-07,2.787132e-07,1.502498e+03,1.512610e+03,1.502498e+00,1.512610e+00,1.000000e-09,15,3,true
3,exp,W-exact,w_exact,w,exact,1.00,mg_exact,cuda,double,511,9,5.655726e-10,1.177945e-07,2.787145e-07,1.846753e+03,1.859283e+03,1.846753e+00,1.859283e+00,1.000000e-09,15,3,true
3,exp,W-exact,w_exact,w,exact,1.05,mg_exact,cuda,double,511,9,1.379710e-10,1.177945e-07,2.787144e-07,1.881587e+03,1.899512e+03,1.881587e+00,1.899512e+00,1.000000e-09,15,3,true
3,exp,W-exact,w_exact,w,exact,1.10,mg_exact,cuda,double,511,8,5.930307e-10,1.177945e-07,2.787143e-07,1.696973e+03,1.711945e+03,1.696973e+00,1.711945e+00,1.000000e-09,15,3,true
3,exp,W-exact,w_exact,w,exact,1.15,mg_exact,cuda,double,511,8,1.188493e-10,1.177944e-07,2.787143e-07,1.699898e+03,1.712828e+03,1.699898e+00,1.712828e+00,1.000000e-09,15,3,true
3,exp,W-exact,w_exact,w,exact,1.20,mg_exact,cuda,double,511,7,3.501537e-10,1.177944e-07,2.787141e-07,1.528605e+03,1.544201e+03,1.528605e+00,1.544201e+00,1.000000e-09,15,3,true
3,exp,W-exact,w_exact,w,exact,1.25,mg_exact,cuda,double,511,7,9.573602e-11,1.177945e-07,2.787143e-07,1.569984e+03,1.586419e+03,1.569984e+00,1.586419e+00,1.000000e-09,15,3,true
3,exp,W-exact,w_exact,w,exact,1.30,mg_exact,cuda,double,511,7,1.510542e-10,1.177943e-07,2.787139e-07,1.545266e+03,1.557623e+03,1.545266e+00,1.557623e+00,1.000000e-09,15,3,true
3,exp,W-exact,w_exact,w,exact,1.35,mg_exact,cuda,double,511,8,1.389860e-10,1.177942e-07,2.787138e-07,1.682871e+03,1.700512e+03,1.682871e+00,1.700512e+00,1.000000e-09,15,3,true
3,exp,W-exact,w_exact,w,exact,1.40,mg_exact,cuda,double,511,9,1.326078e-10,1.177941e-07,2.787135e-07,1.848575e+03,1.864903e+03,1.848575e+00,1.864903e+00,1.000000e-09,15,3,true
3,exp,W-exact,w_exact,w,exact,1.45,mg_exact,cuda,double,511,9,9.382790e-10,1.177942e-07,2.787136e-07,1.919388e+03,1.936283e+03,1.919388e+00,1.936283e+00,1.000000e-09,15,3,true
3,exp,W-exact,w_exact,w,exact,1.50,mg_exact,cuda,double,511,10,6.387299e-10,1.177940e-07,2.787132e-07,2.004566e+03,2.017182e+03,2.004566e+00,2.017182e+00,1.000000e-09,15,3,true
3,exp,W-SOR,w_sor,w,sor,1.00,mg_sor,cuda,double,511,9,5.655661e-10,1.177945e-07,2.787145e-07,1.425406e+03,1.437050e+03,1.425406e+00,1.437050e+00,1.000000e-09,15,3,true
3,exp,W-SOR,w_sor,w,sor,1.05,mg_sor,cuda,double,511,9,1.379698e-10,1.177945e-07,2.787144e-07,1.409529e+03,1.421521e+03,1.409529e+00,1.421521e+00,1.000000e-09,15,3,true
3,exp,W-SOR,w_sor,w,sor,1.10,mg_sor,cuda,double,511,8,5.930334e-10,1.177945e-07,2.787143e-07,1.339719e+03,1.355868e+03,1.339719e+00,1.355868e+00,1.000000e-09,15,3,true
3,exp,W-SOR,w_sor,w,sor,1.15,mg_sor,cuda,double,511,8,1.188525e-10,1.177944e-07,2.787143e-07,1.300335e+03,1.312783e+03,1.300335e+00,1.312783e+00,1.000000e-09,15,3,true
3,exp,W-SOR,w_sor,w,sor,1.20,mg_sor,cuda,double,511,7,3.501852e-10,1.177944e-07,2.787141e-07,1.195946e+03,1.210332e+03,1.195946e+00,1.210332e+00,1.000000e-09,15,3,true
3,exp,W-SOR,w_sor,w,sor,1.25,mg_sor,cuda,double,511,7,9.574096e-11,1.177945e-07,2.787143e-07,1.163053e+03,1.175584e+03,1.163053e+00,1.175584e+00,1.000000e-09,15,3,true
3,exp,W-SOR,w_sor,w,sor,1.30,mg_sor,cuda,double,511,7,1.510580e-10,1.177943e-07,2.787139e-07,1.200005e+03,1.213476e+03,1.200005e+00,1.213476e+00,1.000000e-09,15,3,true
3,exp,W-SOR,w_sor,w,sor,1.35,mg_sor,cuda,double,511,8,1.389982e-10,1.177942e-07,2.787138e-07,1.343943e+03,1.356192e+03,1.343943e+00,1.356192e+00,1.000000e-09,15,3,true
3,exp,W-SOR,w_sor,w,sor,1.40,mg_sor,cuda,double,511,9,1.326281e-10,1.177942e-07,2.787135e-07,1.428103e+03,1.441197e+03,1.428103e+00,1.441197e+00,1.000000e-09,15,3,true
3,exp,W-SOR,w_sor,w,sor,1.45,mg_sor,cuda,double,511,9,9.383352e-10,1.177942e-07,2.787136e-07,1.446927e+03,1.459471e+03,1.446927e+00,1.459471e+00,1.000000e-09,15,3,true
3,exp,W-SOR,w_sor,w,sor,1.50,mg_sor,cuda,double,511,10,6.387052e-10,1.177940e-07,2.787132e-07,1.541558e+03,1.555663e+03,1.541558e+00,1.555663e+00,1.000000e-09,15,3,true
3,cosine,V-exact,v_exact,v,exact,1.00,mg_exact,cuda,double,511,10,1.592197e-10,1.821105e-07,4.972405e-07,1.418138e+03,1.425742e+03,1.418138e+00,1.425742e+00,1.000000e-09,15,3,true
3,cosine,V-exact,v_exact,v,exact,1.05,mg_exact,cuda,double,511,9,5.189312e-10,1.821034e-07,4.972195e-07,1.307858e+03,1.315804e+03,1.307858e+00,1.315804e+00,1.000000e-09,15,3,true
3,cosine,V-exact,v_exact,v,exact,1.10,mg_exact,cuda,double,511,9,9.606550e-11,1.821115e-07,4.972438e-07,1.274101e+03,1.289360e+03,1.274101e+00,1.289360e+00,1.000000e-09,15,3,true
3,cosine,V-exact,v_exact,v,exact,1.15,mg_exact,cuda,double,511,8,3.033344e-10,1.821068e-07,4.972299e-07,1.234471e+03,1.242348e+03,1.234471e+00,1.242348e+00,1.000000e-09,15,3,true
3,cosine,V-exact,v_exact,v,exact,1.20,mg_exact,cuda,double,511,7,9.199004e-10,1.820926e-07,4.971874e-07,1.104394e+03,1.113416e+03,1.104394e+00,1.113416e+00,1.000000e-09,15,3,true
3,cosine,V-exact,v_exact,v,exact,1.25,mg_exact,cuda,double,511,7,4.808497e-11,1.821124e-07,4.972465e-07,1.108741e+03,1.117228e+03,1.108741e+00,1.117228e+00,1.000000e-09,15,3,true
3,cosine,V-exact,v_exact,v,exact,1.30,mg_exact,cuda,double,511,7,3.111625e-11,1.821137e-07,4.972502e-07,1.114572e+03,1.122763e+03,1.114572e+00,1.122763e+00,1.000000e-09,15,3,true
3,cosine,V-exact,v_exact,v,exact,1.35,mg_exact,cuda,double,511,8,4.077590e-11,1.821137e-07,4.972503e-07,1.209280e+03,1.217808e+03,1.209280e+00,1.217808e+00,1.000000e-09,15,3,true
3,cosine,V-exact,v_exact,v,exact,1.40,mg_exact,cuda,double,511,9,4.329180e-11,1.821137e-07,4.972503e-07,1.310274e+03,1.326021e+03,1.310274e+00,1.326021e+00,1.000000e-09,15,3,true
3,cosine,V-exact,v_exact,v,exact,1.45,mg_exact,cuda,double,511,9,8.947157e-10,1.821137e-07,4.972505e-07,1.299609e+03,1.306917e+03,1.299609e+00,1.306917e+00,1.000000e-09,15,3,true
3,cosine,V-exact,v_exact,v,exact,1.50,mg_exact,cuda,double,511,10,8.932492e-10,1.821135e-07,4.972498e-07,1.408686e+03,1.417031e+03,1.408686e+00,1.417031e+00,1.000000e-09,15,3,true
3,cosine,V-SOR,v_sor,v,sor,1.00,mg_sor,cuda,double,511,10,1.592185e-10,1.821105e-07,4.972405e-07,1.422306e+03,1.430945e+03,1.422306e+00,1.430945e+00,1.000000e-09,15,3,true
3,cosine,V-SOR,v_sor,v,sor,1.05,mg_sor,cuda,double,511,9,5.189313e-10,1.821034e-07,4.972195e-07,1.302259e+03,1.310306e+03,1.302259e+00,1.310306e+00,1.000000e-09,15,3,true
3,cosine,V-SOR,v_sor,v,sor,1.10,mg_sor,cuda,double,511,9,9.607073e-11,1.821115e-07,4.972438e-07,1.276274e+03,1.285317e+03,1.276274e+00,1.285317e+00,1.000000e-09,15,3,true
3,cosine,V-SOR,v_sor,v,sor,1.15,mg_sor,cuda,double,511,8,3.033319e-10,1.821068e-07,4.972299e-07,1.234212e+03,1.242390e+03,1.234212e+00,1.242390e+00,1.000000e-09,15,3,true
3,cosine,V-SOR,v_sor,v,sor,1.20,mg_sor,cuda,double,511,7,9.199021e-10,1.820926e-07,4.971874e-07,1.060268e+03,1.068148e+03,1.060268e+00,1.068148e+00,1.000000e-09,15,3,true
3,cosine,V-SOR,v_sor,v,sor,1.25,mg_sor,cuda,double,511,7,4.808353e-11,1.821124e-07,4.972465e-07,1.075473e+03,1.085182e+03,1.075473e+00,1.085182e+00,1.000000e-09,15,3,true
3,cosine,V-SOR,v_sor,v,sor,1.30,mg_sor,cuda,double,511,7,3.111409e-11,1.821137e-07,4.972502e-07,1.101824e+03,1.112009e+03,1.101824e+00,1.112009e+00,1.000000e-09,15,3,true
3,cosine,V-SOR,v_sor,v,sor,1.35,mg_sor,cuda,double,511,8,4.077747e-11,1.821137e-07,4.972503e-07,1.212911e+03,1.227261e+03,1.212911e+00,1.227261e+00,1.000000e-09,15,3,true
3,cosine,V-SOR,v_sor,v,sor,1.40,mg_sor,cuda,double,511,9,4.329285e-11,1.821137e-07,4.972503e-07,1.322485e+03,1.330204e+03,1.322485e+00,1.330204e+00,1.000000e-09,15,3,true
3,cosine,V-SOR,v_sor,v,sor,1.45,mg_sor,cuda,double,511,9,8.947156e-10,1.821137e-07,4.972505e-07,1.297627e+03,1.305480e+03,1.297627e+00,1.305480e+00,1.000000e-09,15,3,true
3,cosine,V-SOR,v_sor,v,sor,1.50,mg_sor,cuda,double,511,10,8.932439e-10,1.821135e-07,4.972498e-07,1.400986e+03,1.410246e+03,1.400986e+00,1.410246e+00,1.000000e-09,15,3,true
3,cosine,W-exact,w_exact,w,exact,1.00,mg_exact,cuda,double,511,9,8.832419e-11,1.821137e-07,4.972503e-07,1.899245e+03,1.925911e+03,1.899245e+00,1.925911e+00,1.000000e-09,15,3,true
3,cosine,W-exact,w_exact,w,exact,1.05,mg_exact,cuda,double,511,8,4.710980e-10,1.821137e-07,4.972503e-07,1.702782e+03,1.715865e+03,1.702782e+00,1.715865e+00,1.000000e-09,15,3,true
3,cosine,W-exact,w_exact,w,exact,1.10,mg_exact,cuda,double,511,8,9.336924e-11,1.821137e-07,4.972503e-07,1.694177e+03,1.709724e+03,1.694177e+00,1.709724e+00,1.000000e-09,15,3,true
3,cosine,W-exact,w_exact,w,exact,1.15,mg_exact,cuda,double,511,7,5.127341e-10,1.821137e-07,4.972503e-07,1.566270e+03,1.583264e+03,1.566270e+00,1.583264e+00,1.000000e-09,15,3,true
3,cosine,W-exact,w_exact,w,exact,1.20,mg_exact,cuda,double,511,7,5.522968e-11,1.821137e-07,4.972503e-07,1.559257e+03,1.575335e+03,1.559257e+00,1.575335e+00,1.000000e-09,15,3,true
3,cosine,W-exact,w_exact,w,exact,1.25,mg_exact,cuda,double,511,6,2.098165e-10,1.821137e-07,4.972503e-07,1.384660e+03,1.396849e+03,1.384660e+00,1.396849e+00,1.000000e-09,15,3,true
3,cosine,W-exact,w_exact,w,exact,1.30,mg_exact,cuda,double,511,7,1.655503e-11,1.821137e-07,4.972503e-07,1.556174e+03,1.575768e+03,1.556174e+00,1.575768e+00,1.000000e-09,15,3,true
3,cosine,W-exact,w_exact,w,exact,1.35,mg_exact,cuda,double,511,7,5.442131e-10,1.821137e-07,4.972503e-07,1.571212e+03,1.583831e+03,1.571212e+00,1.583831e+00,1.000000e-09,15,3,true
3,cosine,W-exact,w_exact,w,exact,1.40,mg_exact,cuda,double,511,8,2.282743e-10,1.821137e-07,4.972503e-07,1.739455e+03,1.753352e+03,1.739455e+00,1.753352e+00,1.000000e-09,15,3,true
3,cosine,W-exact,w_exact,w,exact,1.45,mg_exact,cuda,double,511,9,1.141527e-10,1.821137e-07,4.972503e-07,1.867533e+03,1.881900e+03,1.867533e+00,1.881900e+00,1.000000e-09,15,3,true
3,cosine,W-exact,w_exact,w,exact,1.50,mg_exact,cuda,double,511,10,7.768734e-11,1.821137e-07,4.972503e-07,2.014051e+03,2.026867e+03,2.014051e+00,2.026867e+00,1.000000e-09,15,3,true
3,cosine,W-SOR,w_sor,w,sor,1.00,mg_sor,cuda,double,511,9,8.832658e-11,1.821137e-07,4.972503e-07,1.440173e+03,1.451487e+03,1.440173e+00,1.451487e+00,1.000000e-09,15,3,true
3,cosine,W-SOR,w_sor,w,sor,1.05,mg_sor,cuda,double,511,8,4.711007e-10,1.821137e-07,4.972503e-07,1.327310e+03,1.340234e+03,1.327310e+00,1.340234e+00,1.000000e-09,15,3,true
3,cosine,W-SOR,w_sor,w,sor,1.10,mg_sor,cuda,double,511,8,9.337296e-11,1.821137e-07,4.972503e-07,1.324493e+03,1.338644e+03,1.324493e+00,1.338644e+00,1.000000e-09,15,3,true
3,cosine,W-SOR,w_sor,w,sor,1.15,mg_sor,cuda,double,511,7,5.127337e-10,1.821137e-07,4.972503e-07,1.200582e+03,1.214677e+03,1.200582e+00,1.214677e+00,1.000000e-09,15,3,true
3,cosine,W-SOR,w_sor,w,sor,1.20,mg_sor,cuda,double,511,7,5.522884e-11,1.821137e-07,4.972503e-07,1.211882e+03,1.224534e+03,1.211882e+00,1.224534e+00,1.000000e-09,15,3,true
3,cosine,W-SOR,w_sor,w,sor,1.25,mg_sor,cuda,double,511,6,2.098144e-10,1.821137e-07,4.972503e-07,1.082519e+03,1.095836e+03,1.082519e+00,1.095836e+00,1.000000e-09,15,3,true
3,cosine,W-SOR,w_sor,w,sor,1.30,mg_sor,cuda,double,511,7,1.655846e-11,1.821137e-07,4.972503e-07,1.203838e+03,1.216300e+03,1.203838e+00,1.216300e+00,1.000000e-09,15,3,true
3,cosine,W-SOR,w_sor,w,sor,1.35,mg_sor,cuda,double,511,7,5.442185e-10,1.821137e-07,4.972503e-07,1.214999e+03,1.227075e+03,1.214999e+00,1.227075e+00,1.000000e-09,15,3,true
3,cosine,W-SOR,w_sor,w,sor,1.40,mg_sor,cuda,double,511,8,2.282739e-10,1.821137e-07,4.972503e-07,1.333254e+03,1.370297e+03,1.333254e+00,1.370297e+00,1.000000e-09,15,3,true
3,cosine,W-SOR,w_sor,w,sor,1.45,mg_sor,cuda,double,511,9,1.141581e-10,1.821137e-07,4.972503e-07,1.465573e+03,1.478052e+03,1.465573e+00,1.478052e+00,1.000000e-09,15,3,true
3,cosine,W-SOR,w_sor,w,sor,1.50,mg_sor,cuda,double,511,10,7.768263e-11,1.821137e-07,4.972503e-07,1.547288e+03,1.559612e+03,1.547288e+00,1.559612e+00,1.000000e-09,15,3,true
3,sine,V-exact,v_exact,v,exact,1.00,mg_exact,cuda,double,511,8,3.655334e-10,1.109171e-06,3.137208e-06,1.431449e+03,1.440751e+03,1.431449e+00,1.440751e+00,1.000000e-09,15,4,true
3,sine,V-exact,v_exact,v,exact,1.05,mg_exact,cuda,double,511,8,1.168818e-10,1.109235e-06,3.137389e-06,1.388591e+03,1.399406e+03,1.388591e+00,1.399406e+00,1.000000e-09,15,4,true
3,sine,V-exact,v_exact,v,exact,1.10,mg_exact,cuda,double,511,7,6.760595e-10,1.109111e-06,3.137039e-06,1.248959e+03,1.257339e+03,1.248959e+00,1.257339e+00,1.000000e-09,15,4,true
3,sine,V-exact,v_exact,v,exact,1.15,mg_exact,cuda,double,511,7,1.612294e-10,1.109228e-06,3.137371e-06,1.281774e+03,1.291390e+03,1.281774e+00,1.291390e+00,1.000000e-09,15,4,true
3,sine,V-exact,v_exact,v,exact,1.20,mg_exact,cuda,double,511,6,9.302677e-10,1.109080e-06,3.136951e-06,1.106815e+03,1.120812e+03,1.106815e+00,1.120812e+00,1.000000e-09,15,4,true
3,sine,V-exact,v_exact,v,exact,1.25,mg_exact,cuda,double,511,6,1.004936e-10,1.109244e-06,3.137415e-06,1.139117e+03,1.159658e+03,1.139117e+00,1.159658e+00,1.000000e-09,15,4,true
3,sine,V-exact,v_exact,v,exact,1.30,mg_exact,cuda,double,511,5,2.356547e-10,1.109223e-06,3.137357e-06,1.019558e+03,1.028191e+03,1.019558e+00,1.028191e+00,1.000000e-09,15,4,true
3,sine,V-exact,v_exact,v,exact,1.35,mg_exact,cuda,double,511,4,7.600628e-11,1.109263e-06,3.137468e-06,8.877910e+02,8.966330e+02,8.877910e-01,8.966330e-01,1.000000e-09,15,4,true
3,sine,V-exact,v_exact,v,exact,1.40,mg_exact,cuda,double,511,5,2.571233e-10,1.109294e-06,3.137556e-06,1.026482e+03,1.035640e+03,1.026482e+00,1.035640e+00,1.000000e-09,15,4,true
3,sine,V-exact,v_exact,v,exact,1.45,mg_exact,cuda,double,511,6,2.597413e-10,1.109230e-06,3.137376e-06,1.137236e+03,1.146662e+03,1.137236e+00,1.146662e+00,1.000000e-09,15,4,true
3,sine,V-exact,v_exact,v,exact,1.50,mg_exact,cuda,double,511,7,1.885213e-10,1.109284e-06,3.137529e-06,1.267777e+03,1.276600e+03,1.267777e+00,1.276600e+00,1.000000e-09,15,4,true
3,sine,V-SOR,v_sor,v,sor,1.00,mg_sor,cuda,double,511,8,3.656720e-10,1.109171e-06,3.137208e-06,1.425598e+03,1.434099e+03,1.425598e+00,1.434099e+00,1.000000e-09,15,4,true
3,sine,V-SOR,v_sor,v,sor,1.05,mg_sor,cuda,double,511,8,1.168885e-10,1.109235e-06,3.137389e-06,1.389831e+03,1.398316e+03,1.389831e+00,1.398316e+00,1.000000e-09,15,4,true
3,sine,V-SOR,v_sor,v,sor,1.10,mg_sor,cuda,double,511,7,6.760714e-10,1.109111e-06,3.137039e-06,1.218261e+03,1.227244e+03,1.218261e+00,1.227244e+00,1.000000e-09,15,4,true
3,sine,V-SOR,v_sor,v,sor,1.15,mg_sor,cuda,double,511,7,1.612301e-10,1.109228e-06,3.137371e-06,1.306403e+03,1.316412e+03,1.306403e+00,1.316412e+00,1.000000e-09,15,4,true
3,sine,V-SOR,v_sor,v,sor,1.20,mg_sor,cuda,double,511,6,9.302718e-10,1.109080e-06,3.136951e-06,1.110804e+03,1.119183e+03,1.110804e+00,1.119183e+00,1.000000e-09,15,4,true
3,sine,V-SOR,v_sor,v,sor,1.25,mg_sor,cuda,double,511,6,1.004939e-10,1.109244e-06,3.137415e-06,1.141849e+03,1.150473e+03,1.141849e+00,1.150473e+00,1.000000e-09,15,4,true
3,sine,V-SOR,v_sor,v,sor,1.30,mg_sor,cuda,double,511,5,2.356513e-10,1.109223e-06,3.137357e-06,1.056366e+03,1.065548e+03,1.056366e+00,1.065548e+00,1.000000e-09,15,4,true
3,sine,V-SOR,v_sor,v,sor,1.35,mg_sor,cuda,double,511,4,7.600632e-11,1.109263e-06,3.137468e-06,8.895860e+02,8.977610e+02,8.895860e-01,8.977610e-01,1.000000e-09,15,4,true
3,sine,V-SOR,v_sor,v,sor,1.40,mg_sor,cuda,double,511,5,2.571206e-10,1.109294e-06,3.137556e-06,1.006360e+03,1.014892e+03,1.006360e+00,1.014892e+00,1.000000e-09,15,4,true
3,sine,V-SOR,v_sor,v,sor,1.45,mg_sor,cuda,double,511,6,2.597398e-10,1.109230e-06,3.137376e-06,1.132468e+03,1.141416e+03,1.132468e+00,1.141416e+00,1.000000e-09,15,4,true
3,sine,V-SOR,v_sor,v,sor,1.50,mg_sor,cuda,double,511,7,1.885231e-10,1.109284e-06,3.137529e-06,1.280819e+03,1.289451e+03,1.280819e+00,1.289451e+00,1.000000e-09,15,4,true
3,sine,W-exact,w_exact,w,exact,1.00,mg_exact,cuda,double,511,3,6.959391e-12,1.109263e-06,3.137469e-06,9.750000e+02,9.909590e+02,9.750000e-01,9.909590e-01,1.000000e-09,15,4,true
3,sine,W-exact,w_exact,w,exact,1.05,mg_exact,cuda,double,511,3,7.309299e-12,1.109263e-06,3.137469e-06,9.871320e+02,1.007097e+03,9.871320e-01,1.007097e+00,1.000000e-09,15,4,true
3,sine,W-exact,w_exact,w,exact,1.10,mg_exact,cuda,double,511,3,7.933414e-12,1.109263e-06,3.137469e-06,9.553670e+02,9.693050e+02,9.553670e-01,9.693050e-01,1.000000e-09,15,4,true
3,sine,W-exact,w_exact,w,exact,1.15,mg_exact,cuda,double,511,3,8.552819e-12,1.109263e-06,3.137469e-06,9.710930e+02,9.845940e+02,9.710930e-01,9.845940e-01,1.000000e-09,15,4,true
3,sine,W-exact,w_exact,w,exact,1.20,mg_exact,cuda,double,511,3,9.174948e-12,1.109263e-06,3.137469e-06,9.554170e+02,9.838320e+02,9.554170e-01,9.838320e-01,1.000000e-09,15,4,true
3,sine,W-exact,w_exact,w,exact,1.25,mg_exact,cuda,double,511,3,9.794254e-12,1.109263e-06,3.137469e-06,9.904720e+02,1.012416e+03,9.904720e-01,1.012416e+00,1.000000e-09,15,4,true
3,sine,W-exact,w_exact,w,exact,1.30,mg_exact,cuda,double,511,3,2.864420e-11,1.109263e-06,3.137469e-06,1.021393e+03,1.035766e+03,1.021393e+00,1.035766e+00,1.000000e-09,15,4,true
3,sine,W-exact,w_exact,w,exact,1.35,mg_exact,cuda,double,511,3,5.019019e-10,1.109262e-06,3.137468e-06,9.998660e+02,1.012510e+03,9.998660e-01,1.012510e+00,1.000000e-09,15,4,true
3,sine,W-exact,w_exact,w,exact,1.40,mg_exact,cuda,double,511,4,1.327421e-11,1.109263e-06,3.137469e-06,1.186315e+03,1.202984e+03,1.186315e+00,1.202984e+00,1.000000e-09,15,4,true
3,sine,W-exact,w_exact,w,exact,1.45,mg_exact,cuda,double,511,4,1.844078e-10,1.109263e-06,3.137469e-06,1.197141e+03,1.213991e+03,1.197141e+00,1.213991e+00,1.000000e-09,15,4,true
3,sine,W-exact,w_exact,w,exact,1.50,mg_exact,cuda,double,511,5,1.638895e-11,1.109263e-06,3.137469e-06,1.384378e+03,1.397042e+03,1.384378e+00,1.397042e+00,1.000000e-09,15,4,true
3,sine,W-SOR,w_sor,w,sor,1.00,mg_sor,cuda,double,511,3,6.959423e-12,1.109263e-06,3.137469e-06,8.671690e+02,8.837990e+02,8.671690e-01,8.837990e-01,1.000000e-09,15,4,true
3,sine,W-SOR,w_sor,w,sor,1.05,mg_sor,cuda,double,511,3,7.305557e-12,1.109263e-06,3.137469e-06,8.644130e+02,8.807360e+02,8.644130e-01,8.807360e-01,1.000000e-09,15,4,true
3,sine,W-SOR,w_sor,w,sor,1.10,mg_sor,cuda,double,511,3,7.933544e-12,1.109263e-06,3.137469e-06,8.223430e+02,8.351390e+02,8.223430e-01,8.351390e-01,1.000000e-09,15,4,true
3,sine,W-SOR,w_sor,w,sor,1.15,mg_sor,cuda,double,511,3,8.551469e-12,1.109263e-06,3.137469e-06,8.809640e+02,9.003920e+02,8.809640e-01,9.003920e-01,1.000000e-09,15,4,true
3,sine,W-SOR,w_sor,w,sor,1.20,mg_sor,cuda,double,511,3,9.172449e-12,1.109263e-06,3.137469e-06,8.323430e+02,8.450850e+02,8.323430e-01,8.450850e-01,1.000000e-09,15,4,true
3,sine,W-SOR,w_sor,w,sor,1.25,mg_sor,cuda,double,511,3,9.789398e-12,1.109263e-06,3.137469e-06,8.293220e+02,8.431010e+02,8.293220e-01,8.431010e-01,1.000000e-09,15,4,true
3,sine,W-SOR,w_sor,w,sor,1.30,mg_sor,cuda,double,511,3,2.863897e-11,1.109263e-06,3.137469e-06,8.756250e+02,8.929130e+02,8.756250e-01,8.929130e-01,1.000000e-09,15,4,true
3,sine,W-SOR,w_sor,w,sor,1.35,mg_sor,cuda,double,511,3,5.019040e-10,1.109262e-06,3.137468e-06,8.910030e+02,9.102400e+02,8.910030e-01,9.102400e-01,1.000000e-09,15,4,true
3,sine,W-SOR,w_sor,w,sor,1.40,mg_sor,cuda,double,511,4,1.326880e-11,1.109263e-06,3.137469e-06,9.964510e+02,1.010119e+03,9.964510e-01,1.010119e+00,1.000000e-09,15,4,true
3,sine,W-SOR,w_sor,w,sor,1.45,mg_sor,cuda,double,511,4,1.844096e-10,1.109263e-06,3.137469e-06,1.009912e+03,1.026766e+03,1.009912e+00,1.026766e+00,1.000000e-09,15,4,true
3,sine,W-SOR,w_sor,w,sor,1.50,mg_sor,cuda,double,511,5,1.639660e-11,1.109263e-06,3.137469e-06,1.178051e+03,1.196014e+03,1.178051e+00,1.196014e+00,1.000000e-09,15,4,true
3,mixed_sine,V-exact,v_exact,v,exact,1.00,mg_exact,cuda,double,511,8,2.058944e-10,1.350261e-05,3.819114e-05,1.410666e+03,1.418511e+03,1.410666e+00,1.418511e+00,1.000000e-09,15,4,true
3,mixed_sine,V-exact,v_exact,v,exact,1.05,mg_exact,cuda,double,511,8,6.193353e-11,1.350265e-05,3.819125e-05,1.427784e+03,1.436076e+03,1.427784e+00,1.436076e+00,1.000000e-09,15,4,true
3,mixed_sine,V-exact,v_exact,v,exact,1.10,mg_exact,cuda,double,511,7,3.744487e-10,1.350258e-05,3.819105e-05,1.315424e+03,1.324204e+03,1.315424e+00,1.324204e+00,1.000000e-09,15,4,true
3,mixed_sine,V-exact,v_exact,v,exact,1.15,mg_exact,cuda,double,511,7,8.941453e-11,1.350264e-05,3.819124e-05,1.383227e+03,1.391833e+03,1.383227e+00,1.391833e+00,1.000000e-09,15,4,true
3,mixed_sine,V-exact,v_exact,v,exact,1.20,mg_exact,cuda,double,511,6,5.458411e-10,1.350255e-05,3.819099e-05,1.159267e+03,1.168081e+03,1.159267e+00,1.168081e+00,1.000000e-09,15,4,true
3,mixed_sine,V-exact,v_exact,v,exact,1.25,mg_exact,cuda,double,511,6,5.539161e-11,1.350265e-05,3.819126e-05,1.207242e+03,1.215414e+03,1.207242e+00,1.215414e+00,1.000000e-09,15,4,true
3,mixed_sine,V-exact,v_exact,v,exact,1.30,mg_exact,cuda,double,511,5,1.011097e-10,1.350264e-05,3.819124e-05,1.077959e+03,1.085236e+03,1.077959e+00,1.085236e+00,1.000000e-09,15,4,true
3,mixed_sine,V-exact,v_exact,v,exact,1.35,mg_exact,cuda,double,511,4,7.961631e-11,1.350266e-05,3.819129e-05,1.007413e+03,1.015623e+03,1.007413e+00,1.015623e+00,1.000000e-09,15,4,true
3,mixed_sine,V-exact,v_exact,v,exact,1.40,mg_exact,cuda,double,511,5,6.587759e-10,1.350274e-05,3.819152e-05,1.090376e+03,1.098223e+03,1.090376e+00,1.098223e+00,1.000000e-09,15,4,true
3,mixed_sine,V-exact,v_exact,v,exact,1.45,mg_exact,cuda,double,511,6,5.607964e-10,1.350259e-05,3.819110e-05,1.183036e+03,1.191014e+03,1.183036e+00,1.191014e+00,1.000000e-09,15,4,true
3,mixed_sine,V-exact,v_exact,v,exact,1.50,mg_exact,cuda,double,511,7,3.710245e-10,1.350270e-05,3.819141e-05,1.331047e+03,1.339403e+03,1.331047e+00,1.339403e+00,1.000000e-09,15,4,true
3,mixed_sine,V-SOR,v_sor,v,sor,1.00,mg_sor,cuda,double,511,8,2.058944e-10,1.350261e-05,3.819114e-05,1.513460e+03,1.522006e+03,1.513460e+00,1.522006e+00,1.000000e-09,15,4,true
3,mixed_sine,V-SOR,v_sor,v,sor,1.05,mg_sor,cuda,double,511,8,6.193339e-11,1.350265e-05,3.819125e-05,1.450140e+03,1.458463e+03,1.450140e+00,1.458463e+00,1.000000e-09,15,4,true
3,mixed_sine,V-SOR,v_sor,v,sor,1.10,mg_sor,cuda,double,511,7,3.744481e-10,1.350258e-05,3.819105e-05,1.331192e+03,1.337931e+03,1.331192e+00,1.337931e+00,1.000000e-09,15,4,true
3,mixed_sine,V-SOR,v_sor,v,sor,1.15,mg_sor,cuda,double,511,7,8.941453e-11,1.350264e-05,3.819124e-05,1.312565e+03,1.320566e+03,1.312565e+00,1.320566e+00,1.000000e-09,15,4,true
3,mixed_sine,V-SOR,v_sor,v,sor,1.20,mg_sor,cuda,double,511,6,5.458411e-10,1.350255e-05,3.819099e-05,1.246804e+03,1.255635e+03,1.246804e+00,1.255635e+00,1.000000e-09,15,4,true
3,mixed_sine,V-SOR,v_sor,v,sor,1.25,mg_sor,cuda,double,511,6,5.539161e-11,1.350265e-05,3.819126e-05,1.266261e+03,1.274203e+03,1.266261e+00,1.274203e+00,1.000000e-09,15,4,true
3,mixed_sine,V-SOR,v_sor,v,sor,1.30,mg_sor,cuda,double,511,5,1.011097e-10,1.350264e-05,3.819124e-05,1.072292e+03,1.101716e+03,1.072292e+00,1.101716e+00,1.000000e-09,15,4,true
3,mixed_sine,V-SOR,v_sor,v,sor,1.35,mg_sor,cuda,double,511,4,7.961629e-11,1.350266e-05,3.819129e-05,9.972940e+02,1.005917e+03,9.972940e-01,1.005917e+00,1.000000e-09,15,4,true
3,mixed_sine,V-SOR,v_sor,v,sor,1.40,mg_sor,cuda,double,511,5,6.587756e-10,1.350274e-05,3.819152e-05,1.051736e+03,1.060489e+03,1.051736e+00,1.060489e+00,1.000000e-09,15,4,true
3,mixed_sine,V-SOR,v_sor,v,sor,1.45,mg_sor,cuda,double,511,6,5.607963e-10,1.350259e-05,3.819110e-05,1.175399e+03,1.182861e+03,1.175399e+00,1.182861e+00,1.000000e-09,15,4,true
3,mixed_sine,V-SOR,v_sor,v,sor,1.50,mg_sor,cuda,double,511,7,3.710247e-10,1.350270e-05,3.819141e-05,1.315556e+03,1.324208e+03,1.315556e+00,1.324208e+00,1.000000e-09,15,4,true
3,mixed_sine,W-exact,w_exact,w,exact,1.00,mg_exact,cuda,double,511,3,6.463787e-11,1.350265e-05,3.819125e-05,1.028702e+03,1.043658e+03,1.028702e+00,1.043658e+00,1.000000e-09,15,4,true
3,mixed_sine,W-exact,w_exact,w,exact,1.05,mg_exact,cuda,double,511,3,4.900419e-11,1.350265e-05,3.819126e-05,1.020654e+03,1.033901e+03,1.020654e+00,1.033901e+00,1.000000e-09,15,4,true
3,mixed_sine,W-exact,w_exact,w,exact,1.10,mg_exact,cuda,double,511,3,4.486415e-11,1.350265e-05,3.819126e-05,1.006741e+03,1.022508e+03,1.006741e+00,1.022508e+00,1.000000e-09,15,4,true
3,mixed_sine,W-exact,w_exact,w,exact,1.15,mg_exact,cuda,double,511,3,5.508522e-11,1.350265e-05,3.819127e-05,1.122610e+03,1.138886e+03,1.122610e+00,1.138886e+00,1.000000e-09,15,4,true
3,mixed_sine,W-exact,w_exact,w,exact,1.20,mg_exact,cuda,double,511,3,6.348017e-11,1.350266e-05,3.819128e-05,1.034495e+03,1.067505e+03,1.034495e+00,1.067505e+00,1.000000e-09,15,4,true
3,mixed_sine,W-exact,w_exact,w,exact,1.25,mg_exact,cuda,double,511,3,8.048281e-11,1.350266e-05,3.819128e-05,1.037078e+03,1.053020e+03,1.037078e+00,1.053020e+00,1.000000e-09,15,4,true
3,mixed_sine,W-exact,w_exact,w,exact,1.30,mg_exact,cuda,double,511,3,1.488860e-10,1.350266e-05,3.819129e-05,1.098146e+03,1.114571e+03,1.098146e+00,1.114571e+00,1.000000e-09,15,4,true
3,mixed_sine,W-exact,w_exact,w,exact,1.35,mg_exact,cuda,double,511,3,8.837958e-10,1.350266e-05,3.819128e-05,1.063531e+03,1.077510e+03,1.063531e+00,1.077510e+00,1.000000e-09,15,4,true
3,mixed_sine,W-exact,w_exact,w,exact,1.40,mg_exact,cuda,double,511,4,8.503802e-12,1.350266e-05,3.819129e-05,1.307483e+03,1.324431e+03,1.307483e+00,1.324431e+00,1.000000e-09,15,4,true
3,mixed_sine,W-exact,w_exact,w,exact,1.45,mg_exact,cuda,double,511,4,2.013935e-10,1.350266e-05,3.819129e-05,1.285042e+03,1.300958e+03,1.285042e+00,1.300958e+00,1.000000e-09,15,4,true
3,mixed_sine,W-exact,w_exact,w,exact,1.50,mg_exact,cuda,double,511,5,1.082204e-11,1.350266e-05,3.819129e-05,1.403283e+03,1.419261e+03,1.403283e+00,1.419261e+00,1.000000e-09,15,4,true
3,mixed_sine,W-SOR,w_sor,w,sor,1.00,mg_sor,cuda,double,511,3,6.463787e-11,1.350265e-05,3.819125e-05,9.327230e+02,9.494520e+02,9.327230e-01,9.494520e-01,1.000000e-09,15,4,true
3,mixed_sine,W-SOR,w_sor,w,sor,1.05,mg_sor,cuda,double,511,3,4.900419e-11,1.350265e-05,3.819126e-05,8.378720e+02,8.540330e+02,8.378720e-01,8.540330e-01,1.000000e-09,15,4,true
3,mixed_sine,W-SOR,w_sor,w,sor,1.10,mg_sor,cuda,double,511,3,4.486415e-11,1.350265e-05,3.819126e-05,9.032660e+02,9.189860e+02,9.032660e-01,9.189860e-01,1.000000e-09,15,4,true
3,mixed_sine,W-SOR,w_sor,w,sor,1.15,mg_sor,cuda,double,511,3,5.508522e-11,1.350265e-05,3.819127e-05,8.731620e+02,8.889760e+02,8.731620e-01,8.889760e-01,1.000000e-09,15,4,true
3,mixed_sine,W-SOR,w_sor,w,sor,1.20,mg_sor,cuda,double,511,3,6.348017e-11,1.350266e-05,3.819128e-05,8.723410e+02,8.864330e+02,8.723410e-01,8.864330e-01,1.000000e-09,15,4,true
3,mixed_sine,W-SOR,w_sor,w,sor,1.25,mg_sor,cuda,double,511,3,8.048281e-11,1.350266e-05,3.819128e-05,9.029420e+02,9.181590e+02,9.029420e-01,9.181590e-01,1.000000e-09,15,4,true
3,mixed_sine,W-SOR,w_sor,w,sor,1.30,mg_sor,cuda,double,511,3,1.488860e-10,1.350266e-05,3.819129e-05,8.609620e+02,8.777640e+02,8.609620e-01,8.777640e-01,1.000000e-09,15,4,true
3,mixed_sine,W-SOR,w_sor,w,sor,1.35,mg_sor,cuda,double,511,3,8.837958e-10,1.350266e-05,3.819128e-05,9.024730e+02,9.191690e+02,9.024730e-01,9.191690e-01,1.000000e-09,15,4,true
3,mixed_sine,W-SOR,w_sor,w,sor,1.40,mg_sor,cuda,double,511,4,8.503858e-12,1.350266e-05,3.819129e-05,9.964170e+02,1.028044e+03,9.964170e-01,1.028044e+00,1.000000e-09,15,4,true
3,mixed_sine,W-SOR,w_sor,w,sor,1.45,mg_sor,cuda,double,511,4,2.013935e-10,1.350266e-05,3.819129e-05,9.884590e+02,1.004492e+03,9.884590e-01,1.004492e+00,1.000000e-09,15,4,true
3,mixed_sine,W-SOR,w_sor,w,sor,1.50,mg_sor,cuda,double,511,5,1.082213e-11,1.350266e-05,3.819129e-05,1.197986e+03,1.213577e+03,1.197986e+00,1.213577e+00,1.000000e-09,15,4,true
3,bubble,V-exact,v_exact,v,exact,1.00,mg_exact,cuda,double,511,8,3.485170e-10,1.580147e-12,4.419867e-12,1.347149e+03,1.355674e+03,1.347149e+00,1.355674e+00,1.000000e-09,15,4,true
3,bubble,V-exact,v_exact,v,exact,1.05,mg_exact,cuda,double,511,8,1.116112e-10,4.829261e-13,1.353995e-12,1.429060e+03,1.436693e+03,1.429060e+00,1.436693e+00,1.000000e-09,15,4,true
3,bubble,V-exact,v_exact,v,exact,1.10,mg_exact,cuda,double,511,7,6.451899e-10,2.610023e-12,7.313556e-12,1.261153e+03,1.269666e+03,1.261153e+00,1.269666e+00,1.000000e-09,15,4,true
3,bubble,V-exact,v_exact,v,exact,1.15,mg_exact,cuda,double,511,7,1.541317e-10,5.932207e-13,1.667571e-12,1.276052e+03,1.285221e+03,1.276052e+00,1.285221e+00,1.000000e-09,15,4,true
3,bubble,V-exact,v_exact,v,exact,1.20,mg_exact,cuda,double,511,6,8.874786e-10,3.144035e-12,8.850396e-12,1.123808e+03,1.134509e+03,1.123808e+00,1.134509e+00,1.000000e-09,15,4,true
3,bubble,V-exact,v_exact,v,exact,1.25,mg_exact,cuda,double,511,6,9.568808e-11,3.233067e-13,9.141212e-13,1.153721e+03,1.159896e+03,1.153721e+00,1.159896e+00,1.000000e-09,15,4,true
3,bubble,V-exact,v_exact,v,exact,1.30,mg_exact,cuda,double,511,5,2.250778e-10,6.751651e-13,1.911478e-12,1.013792e+03,1.021540e+03,1.013792e+00,1.021540e+00,1.000000e-09,15,4,true
3,bubble,V-exact,v_exact,v,exact,1.35,mg_exact,cuda,double,511,5,2.475933e-10,2.882981e-14,7.776679e-14,1.035876e+03,1.043393e+03,1.035876e+00,1.043393e+00,1.000000e-09,15,4,true
3,bubble,V-exact,v_exact,v,exact,1.40,mg_exact,cuda,double,511,6,7.833017e-11,1.611681e-14,3.330149e-14,1.192794e+03,1.200976e+03,1.192794e+00,1.200976e+00,1.000000e-09,15,4,true
3,bubble,V-exact,v_exact,v,exact,1.45,mg_exact,cuda,double,511,6,9.292358e-10,6.119858e-13,9.482849e-13,1.163799e+03,1.172761e+03,1.163799e+00,1.172761e+00,1.000000e-09,15,4,true
3,bubble,V-exact,v_exact,v,exact,1.50,mg_exact,cuda,double,511,7,3.742941e-10,3.766182e-13,7.922309e-13,1.285546e+03,1.297527e+03,1.285546e+00,1.297527e+00,1.000000e-09,15,4,true
3,bubble,V-SOR,v_sor,v,sor,1.00,mg_sor,cuda,double,511,8,3.486524e-10,1.580743e-12,4.421531e-12,1.497849e+03,1.504883e+03,1.497849e+00,1.504883e+00,1.000000e-09,15,4,true
3,bubble,V-SOR,v_sor,v,sor,1.05,mg_sor,cuda,double,511,8,1.116176e-10,4.829618e-13,1.354149e-12,1.367336e+03,1.375380e+03,1.367336e+00,1.375380e+00,1.000000e-09,15,4,true
3,bubble,V-SOR,v_sor,v,sor,1.10,mg_sor,cuda,double,511,7,6.451924e-10,2.610038e-12,7.313575e-12,1.210227e+03,1.222049e+03,1.210227e+00,1.222049e+00,1.000000e-09,15,4,true
3,bubble,V-SOR,v_sor,v,sor,1.15,mg_sor,cuda,double,511,7,1.541292e-10,5.932210e-13,1.667591e-12,1.358610e+03,1.366220e+03,1.358610e+00,1.366220e+00,1.000000e-09,15,4,true
3,bubble,V-SOR,v_sor,v,sor,1.20,mg_sor,cuda,double,511,6,8.874799e-10,3.144043e-12,8.850413e-12,1.183788e+03,1.190591e+03,1.183788e+00,1.190591e+00,1.000000e-09,15,4,true
3,bubble,V-SOR,v_sor,v,sor,1.25,mg_sor,cuda,double,511,6,9.568750e-11,3.233029e-13,9.141438e-13,1.202907e+03,1.211312e+03,1.202907e+00,1.211312e+00,1.000000e-09,15,4,true
3,bubble,V-SOR,v_sor,v,sor,1.30,mg_sor,cuda,double,511,5,2.250838e-10,6.751699e-13,1.911518e-12,1.022360e+03,1.033732e+03,1.022360e+00,1.033732e+00,1.000000e-09,15,4,true
3,bubble,V-SOR,v_sor,v,sor,1.35,mg_sor,cuda,double,511,5,2.475931e-10,2.883019e-14,7.777416e-14,1.029461e+03,1.037579e+03,1.029461e+00,1.037579e+00,1.000000e-09,15,4,true
3,bubble,V-SOR,v_sor,v,sor,1.40,mg_sor,cuda,double,511,6,7.832914e-11,1.611814e-14,3.329802e-14,1.196111e+03,1.205464e+03,1.196111e+00,1.205464e+00,1.000000e-09,15,4,true
3,bubble,V-SOR,v_sor,v,sor,1.45,mg_sor,cuda,double,511,6,9.292361e-10,6.119866e-13,9.482762e-13,1.181772e+03,1.188899e+03,1.181772e+00,1.188899e+00,1.000000e-09,15,4,true
3,bubble,V-SOR,v_sor,v,sor,1.50,mg_sor,cuda,double,511,7,3.742953e-10,3.766184e-13,7.922864e-13,1.309213e+03,1.319069e+03,1.309213e+00,1.319069e+00,1.000000e-09,15,4,true
3,bubble,W-exact,w_exact,w,exact,1.00,mg_exact,cuda,double,511,5,2.163693e-10,6.655166e-16,3.494113e-15,1.395951e+03,1.418933e+03,1.395951e+00,1.418933e+00,1.000000e-09,15,4,true
3,bubble,W-exact,w_exact,w,exact,1.05,mg_exact,cuda,double,511,5,7.486502e-11,9.510133e-16,2.931683e-15,1.419108e+03,1.433507e+03,1.419108e+00,1.433507e+00,1.000000e-09,15,4,true
3,bubble,W-exact,w_exact,w,exact,1.10,mg_exact,cuda,double,511,5,2.045339e-11,7.696863e-16,2.487593e-15,1.431487e+03,1.449312e+03,1.431487e+00,1.449312e+00,1.000000e-09,15,4,true
3,bubble,W-exact,w_exact,w,exact,1.15,mg_exact,cuda,double,511,4,3.402102e-10,1.149999e-15,6.488354e-15,1.373138e+03,1.390317e+03,1.373138e+00,1.390317e+00,1.000000e-09,15,4,true
3,bubble,W-exact,w_exact,w,exact,1.20,mg_exact,cuda,double,511,4,2.799744e-11,6.977558e-16,2.390449e-15,1.335129e+03,1.351479e+03,1.335129e+00,1.351479e+00,1.000000e-09,15,4,true
3,bubble,W-exact,w_exact,w,exact,1.25,mg_exact,cuda,double,511,3,2.938352e-10,2.863200e-16,2.405736e-15,9.875470e+02,1.001259e+03,9.875470e-01,1.001259e+00,1.000000e-09,15,4,true
3,bubble,W-exact,w_exact,w,exact,1.30,mg_exact,cuda,double,511,4,7.425691e-11,4.220004e-16,2.451164e-15,1.197768e+03,1.212474e+03,1.197768e+00,1.212474e+00,1.000000e-09,15,4,true
3,bubble,W-exact,w_exact,w,exact,1.35,mg_exact,cuda,double,511,5,1.589181e-11,4.780920e-16,1.621966e-15,1.425695e+03,1.441170e+03,1.425695e+00,1.441170e+00,1.000000e-09,15,4,true
3,bubble,W-exact,w_exact,w,exact,1.40,mg_exact,cuda,double,511,5,1.268741e-10,6.490963e-16,2.406061e-15,1.444270e+03,1.460374e+03,1.444270e+00,1.460374e+00,1.000000e-09,15,4,true
3,bubble,W-exact,w_exact,w,exact,1.45,mg_exact,cuda,double,511,5,8.254544e-10,1.899783e-15,9.881906e-15,1.410423e+03,1.425256e+03,1.410423e+00,1.425256e+00,1.000000e-09,15,4,true
3,bubble,W-exact,w_exact,w,exact,1.50,mg_exact,cuda,double,511,6,1.340856e-10,2.931898e-16,1.488284e-15,1.706003e+03,1.732165e+03,1.706003e+00,1.732165e+00,1.000000e-09,15,4,true
3,bubble,W-SOR,w_sor,w,sor,1.00,mg_sor,cuda,double,511,5,2.163688e-10,6.600518e-16,3.494329e-15,1.190674e+03,1.207144e+03,1.190674e+00,1.207144e+00,1.000000e-09,15,4,true
3,bubble,W-SOR,w_sor,w,sor,1.05,mg_sor,cuda,double,511,5,7.486663e-11,9.508767e-16,3.014949e-15,1.135993e+03,1.153009e+03,1.135993e+00,1.153009e+00,1.000000e-09,15,4,true
3,bubble,W-SOR,w_sor,w,sor,1.10,mg_sor,cuda,double,511,5,2.044925e-11,7.692515e-16,2.494532e-15,1.165252e+03,1.180546e+03,1.165252e+00,1.180546e+00,1.000000e-09,15,4,true
3,bubble,W-SOR,w_sor,w,sor,1.15,mg_sor,cuda,double,511,4,3.402098e-10,1.141088e-15,6.485697e-15,9.752840e+02,9.949410e+02,9.752840e-01,9.949410e-01,1.000000e-09,15,4,true
3,bubble,W-SOR,w_sor,w,sor,1.20,mg_sor,cuda,double,511,4,2.798717e-11,6.706837e-16,2.071260e-15,9.627490e+02,9.778910e+02,9.627490e-01,9.778910e-01,1.000000e-09,15,4,true
3,bubble,W-SOR,w_sor,w,sor,1.25,mg_sor,cuda,double,511,3,2.938366e-10,2.867014e-16,2.404760e-15,1.000926e+03,1.016034e+03,1.000926e+00,1.016034e+00,1.000000e-09,15,4,true
3,bubble,W-SOR,w_sor,w,sor,1.30,mg_sor,cuda,double,511,4,7.428145e-11,6.302543e-16,2.910866e-15,1.025155e+03,1.040854e+03,1.025155e+00,1.040854e+00,1.000000e-09,15,4,true
3,bubble,W-SOR,w_sor,w,sor,1.35,mg_sor,cuda,double,511,5,1.593305e-11,5.278085e-16,1.778092e-15,1.197458e+03,1.211967e+03,1.197458e+00,1.211967e+00,1.000000e-09,15,4,true
3,bubble,W-SOR,w_sor,w,sor,1.40,mg_sor,cuda,double,511,5,1.268813e-10,9.108062e-16,3.039236e-15,1.186405e+03,1.203575e+03,1.186405e+00,1.203575e+00,1.000000e-09,15,4,true
3,bubble,W-SOR,w_sor,w,sor,1.45,mg_sor,cuda,double,511,5,8.254559e-10,2.121059e-15,9.907602e-15,1.161586e+03,1.177338e+03,1.161586e+00,1.177338e+00,1.000000e-09,15,4,true
3,bubble,W-SOR,w_sor,w,sor,1.50,mg_sor,cuda,double,511,6,1.340611e-10,2.500903e-16,1.500861e-15,1.352048e+03,1.368628e+03,1.352048e+00,1.368628e+00,1.000000e-09,15,4,true
3,exp,V-exact,v_exact,v,exact,1.00,mg_exact,cuda,double,511,9,9.878602e-10,1.177360e-07,2.785553e-07,1.649224e+03,1.662568e+03,1.649224e+00,1.662568e+00,1.000000e-09,15,4,true
3,exp,V-exact,v_exact,v,exact,1.05,mg_exact,cuda,double,511,9,2.303041e-10,1.177787e-07,2.786713e-07,1.553979e+03,1.564521e+03,1.553979e+00,1.564521e+00,1.000000e-09,15,4,true
3,exp,V-exact,v_exact,v,exact,1.10,mg_exact,cuda,double,511,9,8.437028e-11,1.177910e-07,2.787049e-07,1.627595e+03,1.634758e+03,1.627595e+00,1.634758e+00,1.000000e-09,15,4,true
3,exp,V-exact,v_exact,v,exact,1.15,mg_exact,cuda,double,511,8,1.841314e-10,1.177813e-07,2.786778e-07,1.452391e+03,1.459334e+03,1.452391e+00,1.459334e+00,1.000000e-09,15,4,true
3,exp,V-exact,v_exact,v,exact,1.20,mg_exact,cuda,double,511,7,7.098577e-10,1.177427e-07,2.785677e-07,1.342587e+03,1.349641e+03,1.342587e+00,1.349641e+00,1.000000e-09,15,4,true
3,exp,V-exact,v_exact,v,exact,1.25,mg_exact,cuda,double,511,7,9.421287e-11,1.177904e-07,2.787029e-07,1.272229e+03,1.279553e+03,1.272229e+00,1.279553e+00,1.000000e-09,15,4,true
3,exp,V-exact,v_exact,v,exact,1.30,mg_exact,cuda,double,511,6,3.934431e-10,1.177901e-07,2.787027e-07,1.169982e+03,1.179255e+03,1.169982e+00,1.179255e+00,1.000000e-09,15,4,true
3,exp,V-exact,v_exact,v,exact,1.35,mg_exact,cuda,double,511,7,3.729558e-10,1.177940e-07,2.787132e-07,1.259230e+03,1.297190e+03,1.259230e+00,1.297190e+00,1.000000e-09,15,4,true
3,exp,V-exact,v_exact,v,exact,1.40,mg_exact,cuda,double,511,8,2.142502e-10,1.177940e-07,2.787129e-07,1.384637e+03,1.394567e+03,1.384637e+00,1.394567e+00,1.000000e-09,15,4,true
3,exp,V-exact,v_exact,v,exact,1.45,mg_exact,cuda,double,511,9,1.819304e-10,1.177940e-07,2.787132e-07,1.660821e+03,1.668068e+03,1.660821e+00,1.668068e+00,1.000000e-09,15,4,true
3,exp,V-exact,v_exact,v,exact,1.50,mg_exact,cuda,double,511,10,1.456027e-10,1.177940e-07,2.787132e-07,1.672932e+03,1.681546e+03,1.672932e+00,1.681546e+00,1.000000e-09,15,4,true
3,exp,V-SOR,v_sor,v,sor,1.00,mg_sor,cuda,double,511,9,9.878544e-10,1.177359e-07,2.785552e-07,1.572500e+03,1.580320e+03,1.572500e+00,1.580320e+00,1.000000e-09,15,4,true
3,exp,V-SOR,v_sor,v,sor,1.05,mg_sor,cuda,double,511,9,2.303295e-10,1.177787e-07,2.786713e-07,1.592892e+03,1.601320e+03,1.592892e+00,1.601320e+00,1.000000e-09,15,4,true
3,exp,V-SOR,v_sor,v,sor,1.10,mg_sor,cuda,double,511,9,8.438567e-11,1.177910e-07,2.787049e-07,1.773088e+03,1.782655e+03,1.773088e+00,1.782655e+00,1.000000e-09,15,4,true
3,exp,V-SOR,v_sor,v,sor,1.15,mg_sor,cuda,double,511,8,1.840872e-10,1.177813e-07,2.786778e-07,1.510745e+03,1.519016e+03,1.510745e+00,1.519016e+00,1.000000e-09,15,4,true
3,exp,V-SOR,v_sor,v,sor,1.20,mg_sor,cuda,double,511,7,7.098602e-10,1.177427e-07,2.785677e-07,1.349680e+03,1.356549e+03,1.349680e+00,1.356549e+00,1.000000e-09,15,4,true
3,exp,V-SOR,v_sor,v,sor,1.25,mg_sor,cuda,double,511,7,9.424004e-11,1.177904e-07,2.787029e-07,1.297205e+03,1.305559e+03,1.297205e+00,1.305559e+00,1.000000e-09,15,4,true
3,exp,V-SOR,v_sor,v,sor,1.30,mg_sor,cuda,double,511,6,3.934435e-10,1.177901e-07,2.787027e-07,1.175333e+03,1.183125e+03,1.175333e+00,1.183125e+00,1.000000e-09,15,4,true
3,exp,V-SOR,v_sor,v,sor,1.35,mg_sor,cuda,double,511,7,3.729795e-10,1.177940e-07,2.787132e-07,1.324674e+03,1.334783e+03,1.324674e+00,1.334783e+00,1.000000e-09,15,4,true
3,exp,V-SOR,v_sor,v,sor,1.40,mg_sor,cuda,double,511,8,2.142496e-10,1.177940e-07,2.787130e-07,1.427730e+03,1.443215e+03,1.427730e+00,1.443215e+00,1.000000e-09,15,4,true
3,exp,V-SOR,v_sor,v,sor,1.45,mg_sor,cuda,double,511,9,1.819488e-10,1.177940e-07,2.787132e-07,1.542427e+03,1.551474e+03,1.542427e+00,1.551474e+00,1.000000e-09,15,4,true
3,exp,V-SOR,v_sor,v,sor,1.50,mg_sor,cuda,double,511,10,1.455995e-10,1.177940e-07,2.787132e-07,1.682940e+03,1.690892e+03,1.682940e+00,1.690892e+00,1.000000e-09,15,4,true
3,exp,W-exact,w_exact,w,exact,1.00,mg_exact,cuda,double,511,9,8.153194e-11,1.177945e-07,2.787145e-07,2.200704e+03,2.217333e+03,2.200704e+00,2.217333e+00,1.000000e-09,15,4,true
3,exp,W-exact,w_exact,w,exact,1.05,mg_exact,cuda,double,511,8,3.212099e-10,1.177945e-07,2.787144e-07,2.020593e+03,2.070379e+03,2.020593e+00,2.070379e+00,1.000000e-09,15,4,true
3,exp,W-exact,w_exact,w,exact,1.10,mg_exact,cuda,double,511,8,1.019924e-10,1.177945e-07,2.787143e-07,1.993308e+03,2.009286e+03,1.993308e+00,2.009286e+00,1.000000e-09,15,4,true
3,exp,W-exact,w_exact,w,exact,1.15,mg_exact,cuda,double,511,7,4.807469e-10,1.177944e-07,2.787143e-07,1.852645e+03,1.869030e+03,1.852645e+00,1.869030e+00,1.000000e-09,15,4,true
3,exp,W-exact,w_exact,w,exact,1.20,mg_exact,cuda,double,511,7,1.073822e-10,1.177944e-07,2.787141e-07,1.840290e+03,1.857447e+03,1.840290e+00,1.857447e+00,1.000000e-09,15,4,true
3,exp,W-exact,w_exact,w,exact,1.25,mg_exact,cuda,double,511,6,2.555812e-10,1.177945e-07,2.787143e-07,1.665137e+03,1.681061e+03,1.665137e+00,1.681061e+00,1.000000e-09,15,4,true
3,exp,W-exact,w_exact,w,exact,1.30,mg_exact,cuda,double,511,6,2.083357e-10,1.177943e-07,2.787139e-07,1.604335e+03,1.651204e+03,1.604335e+00,1.651204e+00,1.000000e-09,15,4,true
3,exp,W-exact,w_exact,w,exact,1.35,mg_exact,cuda,double,511,7,1.455114e-10,1.177942e-07,2.787137e-07,1.799093e+03,1.816419e+03,1.799093e+00,1.816419e+00,1.000000e-09,15,4,true
3,exp,W-exact,w_exact,w,exact,1.40,mg_exact,cuda,double,511,8,1.246076e-10,1.177941e-07,2.787135e-07,2.003005e+03,2.024345e+03,2.003005e+00,2.024345e+00,1.000000e-09,15,4,true
3,exp,W-exact,w_exact,w,exact,1.45,mg_exact,cuda,double,511,8,5.315493e-10,1.177942e-07,2.787136e-07,2.039994e+03,2.057160e+03,2.039994e+00,2.057160e+00,1.000000e-09,15,4,true
3,exp,W-exact,w_exact,w,exact,1.50,mg_exact,cuda,double,511,9,2.357524e-10,1.177940e-07,2.787132e-07,2.240163e+03,2.258269e+03,2.240163e+00,2.258269e+00,1.000000e-09,15,4,true
3,exp,W-SOR,w_sor,w,sor,1.00,mg_sor,cuda,double,511,9,8.154535e-11,1.177945e-07,2.787144e-07,1.726862e+03,1.743981e+03,1.726862e+00,1.743981e+00,1.000000e-09,15,4,true
3,exp,W-SOR,w_sor,w,sor,1.05,mg_sor,cuda,double,511,8,3.212321e-10,1.177945e-07,2.787144e-07,1.666760e+03,1.682799e+03,1.666760e+00,1.682799e+00,1.000000e-09,15,4,true
3,exp,W-SOR,w_sor,w,sor,1.10,mg_sor,cuda,double,511,8,1.020039e-10,1.177945e-07,2.787143e-07,1.594122e+03,1.609564e+03,1.594122e+00,1.609564e+00,1.000000e-09,15,4,true
3,exp,W-SOR,w_sor,w,sor,1.15,mg_sor,cuda,double,511,7,4.807394e-10,1.177944e-07,2.787142e-07,1.458134e+03,1.474966e+03,1.458134e+00,1.474966e+00,1.000000e-09,15,4,true
3,exp,W-SOR,w_sor,w,sor,1.20,mg_sor,cuda,double,511,7,1.073705e-10,1.177944e-07,2.787141e-07,1.462145e+03,1.483849e+03,1.462145e+00,1.483849e+00,1.000000e-09,15,4,true
3,exp,W-SOR,w_sor,w,sor,1.25,mg_sor,cuda,double,511,6,2.556191e-10,1.177945e-07,2.787143e-07,1.246204e+03,1.269732e+03,1.246204e+00,1.269732e+00,1.000000e-09,15,4,true
3,exp,W-SOR,w_sor,w,sor,1.30,mg_sor,cuda,double,511,6,2.083108e-10,1.177943e-07,2.787139e-07,1.221798e+03,1.237533e+03,1.221798e+00,1.237533e+00,1.000000e-09,15,4,true
3,exp,W-SOR,w_sor,w,sor,1.35,mg_sor,cuda,double,511,7,1.454814e-10,1.177942e-07,2.787137e-07,1.429007e+03,1.445287e+03,1.429007e+00,1.445287e+00,1.000000e-09,15,4,true
3,exp,W-SOR,w_sor,w,sor,1.40,mg_sor,cuda,double,511,8,1.246141e-10,1.177941e-07,2.787135e-07,1.529761e+03,1.570308e+03,1.529761e+00,1.570308e+00,1.000000e-09,15,4,true
3,exp,W-SOR,w_sor,w,sor,1.45,mg_sor,cuda,double,511,8,5.315220e-10,1.177942e-07,2.787136e-07,1.523300e+03,1.539110e+03,1.523300e+00,1.539110e+00,1.000000e-09,15,4,true
3,exp,W-SOR,w_sor,w,sor,1.50,mg_sor,cuda,double,511,9,2.356964e-10,1.177940e-07,2.787132e-07,1.717295e+03,1.734272e+03,1.717295e+00,1.734272e+00,1.000000e-09,15,4,true
3,cosine,V-exact,v_exact,v,exact,1.00,mg_exact,cuda,double,511,9,1.768587e-10,1.821098e-07,4.972388e-07,1.599933e+03,1.613756e+03,1.599933e+00,1.613756e+00,1.000000e-09,15,4,true
3,cosine,V-exact,v_exact,v,exact,1.05,mg_exact,cuda,double,511,8,8.925619e-10,1.820957e-07,4.971959e-07,1.473072e+03,1.481414e+03,1.473072e+00,1.481414e+00,1.000000e-09,15,4,true
3,cosine,V-exact,v_exact,v,exact,1.10,mg_exact,cuda,double,511,8,2.000359e-10,1.821093e-07,4.972369e-07,1.458944e+03,1.466204e+03,1.458944e+00,1.466204e+00,1.000000e-09,15,4,true
3,cosine,V-exact,v_exact,v,exact,1.15,mg_exact,cuda,double,511,8,3.335856e-11,1.821129e-07,4.972478e-07,1.527280e+03,1.537634e+03,1.527280e+00,1.537634e+00,1.000000e-09,15,4,true
3,cosine,V-exact,v_exact,v,exact,1.20,mg_exact,cuda,double,511,7,1.405586e-10,1.821105e-07,4.972402e-07,1.510726e+03,1.517793e+03,1.510726e+00,1.517793e+00,1.000000e-09,15,4,true
3,cosine,V-exact,v_exact,v,exact,1.25,mg_exact,cuda,double,511,6,4.997718e-10,1.821022e-07,4.972141e-07,1.255147e+03,1.261762e+03,1.255147e+00,1.261762e+00,1.000000e-09,15,4,true
3,cosine,V-exact,v_exact,v,exact,1.30,mg_exact,cuda,double,511,6,4.339754e-11,1.821134e-07,4.972496e-07,1.236735e+03,1.245369e+03,1.236735e+00,1.245369e+00,1.000000e-09,15,4,true
3,cosine,V-exact,v_exact,v,exact,1.35,mg_exact,cuda,double,511,7,4.066678e-11,1.821137e-07,4.972503e-07,1.444416e+03,1.452777e+03,1.444416e+00,1.452777e+00,1.000000e-09,15,4,true
3,cosine,V-exact,v_exact,v,exact,1.40,mg_exact,cuda,double,511,7,9.783935e-10,1.821137e-07,4.972503e-07,1.367604e+03,1.375652e+03,1.367604e+00,1.375652e+00,1.000000e-09,15,4,true
3,cosine,V-exact,v_exact,v,exact,1.45,mg_exact,cuda,double,511,8,3.912403e-10,1.821136e-07,4.972504e-07,1.477251e+03,1.485775e+03,1.477251e+00,1.485775e+00,1.000000e-09,15,4,true
3,cosine,V-exact,v_exact,v,exact,1.50,mg_exact,cuda,double,511,9,2.150425e-10,1.821137e-07,4.972502e-07,1.643742e+03,1.651494e+03,1.643742e+00,1.651494e+00,1.000000e-09,15,4,true
3,cosine,V-SOR,v_sor,v,sor,1.00,mg_sor,cuda,double,511,9,1.768560e-10,1.821098e-07,4.972388e-07,1.687428e+03,1.696135e+03,1.687428e+00,1.696135e+00,1.000000e-09,15,4,true
3,cosine,V-SOR,v_sor,v,sor,1.05,mg_sor,cuda,double,511,8,8.925608e-10,1.820957e-07,4.971959e-07,1.508039e+03,1.516480e+03,1.508039e+00,1.516480e+00,1.000000e-09,15,4,true
3,cosine,V-SOR,v_sor,v,sor,1.10,mg_sor,cuda,double,511,8,2.000327e-10,1.821093e-07,4.972369e-07,1.517221e+03,1.530569e+03,1.517221e+00,1.530569e+00,1.000000e-09,15,4,true
3,cosine,V-SOR,v_sor,v,sor,1.15,mg_sor,cuda,double,511,8,3.336187e-11,1.821129e-07,4.972478e-07,1.518800e+03,1.526787e+03,1.518800e+00,1.526787e+00,1.000000e-09,15,4,true
3,cosine,V-SOR,v_sor,v,sor,1.20,mg_sor,cuda,double,511,7,1.405606e-10,1.821105e-07,4.972402e-07,1.379185e+03,1.387443e+03,1.379185e+00,1.387443e+00,1.000000e-09,15,4,true
3,cosine,V-SOR,v_sor,v,sor,1.25,mg_sor,cuda,double,511,6,4.997677e-10,1.821022e-07,4.972141e-07,1.253615e+03,1.262201e+03,1.253615e+00,1.262201e+00,1.000000e-09,15,4,true
3,cosine,V-SOR,v_sor,v,sor,1.30,mg_sor,cuda,double,511,6,4.339997e-11,1.821134e-07,4.972496e-07,1.220126e+03,1.228247e+03,1.220126e+00,1.228247e+00,1.000000e-09,15,4,true
3,cosine,V-SOR,v_sor,v,sor,1.35,mg_sor,cuda,double,511,7,4.067147e-11,1.821137e-07,4.972503e-07,1.384408e+03,1.392931e+03,1.384408e+00,1.392931e+00,1.000000e-09,15,4,true
3,cosine,V-SOR,v_sor,v,sor,1.40,mg_sor,cuda,double,511,7,9.783933e-10,1.821137e-07,4.972503e-07,1.374095e+03,1.389254e+03,1.374095e+00,1.389254e+00,1.000000e-09,15,4,true
3,cosine,V-SOR,v_sor,v,sor,1.45,mg_sor,cuda,double,511,8,3.912451e-10,1.821136e-07,4.972504e-07,1.471521e+03,1.479081e+03,1.471521e+00,1.479081e+00,1.000000e-09,15,4,true
3,cosine,V-SOR,v_sor,v,sor,1.50,mg_sor,cuda,double,511,9,2.150414e-10,1.821137e-07,4.972502e-07,1.706594e+03,1.715130e+03,1.706594e+00,1.715130e+00,1.000000e-09,15,4,true
3,cosine,W-exact,w_exact,w,exact,1.00,mg_exact,cuda,double,511,8,1.961920e-10,1.821137e-07,4.972503e-07,2.078447e+03,2.090211e+03,2.078447e+00,2.090211e+00,1.000000e-09,15,4,true
3,cosine,W-exact,w_exact,w,exact,1.05,mg_exact,cuda,double,511,8,4.986851e-11,1.821137e-07,4.972503e-07,2.066293e+03,2.077884e+03,2.066293e+00,2.077884e+00,1.000000e-09,15,4,true
3,cosine,W-exact,w_exact,w,exact,1.10,mg_exact,cuda,double,511,7,4.097853e-10,1.821137e-07,4.972503e-07,1.886637e+03,1.899102e+03,1.886637e+00,1.899102e+00,1.000000e-09,15,4,true
3,cosine,W-exact,w_exact,w,exact,1.15,mg_exact,cuda,double,511,7,7.588258e-11,1.821137e-07,4.972503e-07,1.886805e+03,1.902519e+03,1.886805e+00,1.902519e+00,1.000000e-09,15,4,true
3,cosine,W-exact,w_exact,w,exact,1.20,mg_exact,cuda,double,511,6,5.892665e-10,1.821137e-07,4.972503e-07,1.773009e+03,1.788939e+03,1.773009e+00,1.788939e+00,1.000000e-09,15,4,true
3,cosine,W-exact,w_exact,w,exact,1.25,mg_exact,cuda,double,511,6,4.057703e-11,1.821137e-07,4.972503e-07,1.872645e+03,1.890659e+03,1.872645e+00,1.890659e+00,1.000000e-09,15,4,true
3,cosine,W-exact,w_exact,w,exact,1.30,mg_exact,cuda,double,511,6,2.369728e-11,1.821137e-07,4.972503e-07,1.699135e+03,1.715565e+03,1.699135e+00,1.715565e+00,1.000000e-09,15,4,true
3,cosine,W-exact,w_exact,w,exact,1.35,mg_exact,cuda,double,511,6,9.928942e-10,1.821137e-07,4.972503e-07,1.688127e+03,1.710935e+03,1.688127e+00,1.710935e+00,1.000000e-09,15,4,true
3,cosine,W-exact,w_exact,w,exact,1.40,mg_exact,cuda,double,511,7,2.305027e-10,1.821137e-07,4.972503e-07,1.874582e+03,1.890181e+03,1.874582e+00,1.890181e+00,1.000000e-09,15,4,true
3,cosine,W-exact,w_exact,w,exact,1.45,mg_exact,cuda,double,511,8,6.390799e-11,1.821137e-07,4.972503e-07,2.096233e+03,2.113454e+03,2.096233e+00,2.113454e+00,1.000000e-09,15,4,true
3,cosine,W-exact,w_exact,w,exact,1.50,mg_exact,cuda,double,511,8,7.263504e-10,1.821137e-07,4.972503e-07,2.091628e+03,2.107430e+03,2.091628e+00,2.107430e+00,1.000000e-09,15,4,true
3,cosine,W-SOR,w_sor,w,sor,1.00,mg_sor,cuda,double,511,8,1.961922e-10,1.821137e-07,4.972503e-07,1.659151e+03,1.671862e+03,1.659151e+00,1.671862e+00,1.000000e-09,15,4,true
3,cosine,W-SOR,w_sor,w,sor,1.05,mg_sor,cuda,double,511,8,4.986710e-11,1.821137e-07,4.972503e-07,1.720364e+03,1.738329e+03,1.720364e+00,1.738329e+00,1.000000e-09,15,4,true
3,cosine,W-SOR,w_sor,w,sor,1.10,mg_sor,cuda,double,511,7,4.097905e-10,1.821137e-07,4.972503e-07,1.480686e+03,1.500143e+03,1.480686e+00,1.500143e+00,1.000000e-09,15,4,true
3,cosine,W-SOR,w_sor,w,sor,1.15,mg_sor,cuda,double,511,7,7.587920e-11,1.821137e-07,4.972503e-07,1.465410e+03,1.481463e+03,1.465410e+00,1.481463e+00,1.000000e-09,15,4,true
3,cosine,W-SOR,w_sor,w,sor,1.20,mg_sor,cuda,double,511,6,5.892687e-10,1.821137e-07,4.972503e-07,1.303086e+03,1.319539e+03,1.303086e+00,1.319539e+00,1.000000e-09,15,4,true
3,cosine,W-SOR,w_sor,w,sor,1.25,mg_sor,cuda,double,511,6,4.057386e-11,1.821137e-07,4.972503e-07,1.287003e+03,1.301331e+03,1.287003e+00,1.301331e+00,1.000000e-09,15,4,true
3,cosine,W-SOR,w_sor,w,sor,1.30,mg_sor,cuda,double,511,6,2.369701e-11,1.821137e-07,4.972503e-07,1.283846e+03,1.306767e+03,1.283846e+00,1.306767e+00,1.000000e-09,15,4,true
3,cosine,W-SOR,w_sor,w,sor,1.35,mg_sor,cuda,double,511,6,9.928929e-10,1.821137e-07,4.972503e-07,1.300893e+03,1.317712e+03,1.300893e+00,1.317712e+00,1.000000e-09,15,4,true
3,cosine,W-SOR,w_sor,w,sor,1.40,mg_sor,cuda,double,511,7,2.305023e-10,1.821137e-07,4.972503e-07,1.482667e+03,1.495255e+03,1.482667e+00,1.495255e+00,1.000000e-09,15,4,true
3,cosine,W-SOR,w_sor,w,sor,1.45,mg_sor,cuda,double,511,8,6.390757e-11,1.821137e-07,4.972503e-07,1.575777e+03,1.592348e+03,1.575777e+00,1.592348e+00,1.000000e-09,15,4,true
3,cosine,W-SOR,w_sor,w,sor,1.50,mg_sor,cuda,double,511,8,7.263493e-10,1.821137e-07,4.972503e-07,1.574725e+03,1.589107e+03,1.574725e+00,1.589107e+00,1.000000e-09,15,4,true
3,sine,V-exact,v_exact,v,exact,1.00,mg_exact,cuda,double,511,8,6.828966e-11,1.109245e-06,3.137419e-06,1.670237e+03,1.681659e+03,1.670237e+00,1.681659e+00,1.000000e-09,15,5,true
3,sine,V-exact,v_exact,v,exact,1.05,mg_exact,cuda,double,511,7,4.831357e-10,1.109148e-06,3.137143e-06,1.483124e+03,1.491213e+03,1.483124e+00,1.491213e+00,1.000000e-09,15,5,true
3,sine,V-exact,v_exact,v,exact,1.10,mg_exact,cuda,double,511,7,1.444630e-10,1.109230e-06,3.137376e-06,1.427327e+03,1.435672e+03,1.427327e+00,1.435672e+00,1.000000e-09,15,5,true
3,sine,V-exact,v_exact,v,exact,1.15,mg_exact,cuda,double,511,7,3.359065e-11,1.109255e-06,3.137448e-06,1.534220e+03,1.545618e+03,1.534220e+00,1.545618e+00,1.000000e-09,15,5,true
3,sine,V-exact,v_exact,v,exact,1.20,mg_exact,cuda,double,511,6,2.531076e-10,1.109212e-06,3.137326e-06,1.283282e+03,1.291033e+03,1.283282e+00,1.291033e+00,1.000000e-09,15,5,true
3,sine,V-exact,v_exact,v,exact,1.25,mg_exact,cuda,double,511,6,2.887191e-11,1.109257e-06,3.137452e-06,1.307319e+03,1.321527e+03,1.307319e+00,1.321527e+00,1.000000e-09,15,5,true
3,sine,V-exact,v_exact,v,exact,1.30,mg_exact,cuda,double,511,5,1.164245e-10,1.109243e-06,3.137412e-06,1.167139e+03,1.184439e+03,1.167139e+00,1.184439e+00,1.000000e-09,15,5,true
3,sine,V-exact,v_exact,v,exact,1.35,mg_exact,cuda,double,511,4,2.255805e-11,1.109260e-06,3.137461e-06,1.017837e+03,1.025697e+03,1.017837e+00,1.025697e+00,1.000000e-09,15,5,true
3,sine,V-exact,v_exact,v,exact,1.40,mg_exact,cuda,double,511,5,3.148835e-11,1.109266e-06,3.137478e-06,1.123428e+03,1.133064e+03,1.123428e+00,1.133064e+00,1.000000e-09,15,5,true
3,sine,V-exact,v_exact,v,exact,1.45,mg_exact,cuda,double,511,6,2.745046e-11,1.109259e-06,3.137457e-06,1.312107e+03,1.321595e+03,1.312107e+00,1.321595e+00,1.000000e-09,15,5,true
3,sine,V-exact,v_exact,v,exact,1.50,mg_exact,cuda,double,511,6,8.099639e-10,1.109171e-06,3.137208e-06,1.273564e+03,1.282272e+03,1.273564e+00,1.282272e+00,1.000000e-09,15,5,true
3,sine,V-SOR,v_sor,v,sor,1.00,mg_sor,cuda,double,511,8,6.831113e-11,1.109245e-06,3.137419e-06,1.610628e+03,1.619744e+03,1.610628e+00,1.619744e+00,1.000000e-09,15,5,true
3,sine,V-SOR,v_sor,v,sor,1.05,mg_sor,cuda,double,511,7,4.831578e-10,1.109148e-06,3.137143e-06,1.473889e+03,1.482152e+03,1.473889e+00,1.482152e+00,1.000000e-09,15,5,true
3,sine,V-SOR,v_sor,v,sor,1.10,mg_sor,cuda,double,511,7,1.444628e-10,1.109230e-06,3.137376e-06,1.505076e+03,1.513420e+03,1.505076e+00,1.513420e+00,1.000000e-09,15,5,true
3,sine,V-SOR,v_sor,v,sor,1.15,mg_sor,cuda,double,511,7,3.358966e-11,1.109255e-06,3.137448e-06,1.483642e+03,1.492000e+03,1.483642e+00,1.492000e+00,1.000000e-09,15,5,true
3,sine,V-SOR,v_sor,v,sor,1.20,mg_sor,cuda,double,511,6,2.531083e-10,1.109212e-06,3.137326e-06,1.301913e+03,1.310898e+03,1.301913e+00,1.310898e+00,1.000000e-09,15,5,true
3,sine,V-SOR,v_sor,v,sor,1.25,mg_sor,cuda,double,511,6,2.886525e-11,1.109257e-06,3.137452e-06,1.299405e+03,1.307880e+03,1.299405e+00,1.307880e+00,1.000000e-09,15,5,true
3,sine,V-SOR,v_sor,v,sor,1.30,mg_sor,cuda,double,511,5,1.164249e-10,1.109243e-06,3.137412e-06,1.192961e+03,1.201376e+03,1.192961e+00,1.201376e+00,1.000000e-09,15,5,true
3,sine,V-SOR,v_sor,v,sor,1.35,mg_sor,cuda,double,511,4,2.255874e-11,1.109260e-06,3.137461e-06,1.025781e+03,1.034161e+03,1.025781e+00,1.034161e+00,1.000000e-09,15,5,true
3,sine,V-SOR,v_sor,v,sor,1.40,mg_sor,cuda,double,511,5,3.148852e-11,1.109266e-06,3.137478e-06,1.181784e+03,1.190174e+03,1.181784e+00,1.190174e+00,1.000000e-09,15,5,true
3,sine,V-SOR,v_sor,v,sor,1.45,mg_sor,cuda,double,511,6,2.744996e-11,1.109259e-06,3.137457e-06,1.356598e+03,1.364985e+03,1.356598e+00,1.364985e+00,1.000000e-09,15,5,true
3,sine,V-SOR,v_sor,v,sor,1.50,mg_sor,cuda,double,511,6,8.099695e-10,1.109171e-06,3.137208e-06,1.356742e+03,1.364177e+03,1.356742e+00,1.364177e+00,1.000000e-09,15,5,true
3,sine,W-exact,w_exact,w,exact,1.00,mg_exact,cuda,double,511,3,6.885740e-12,1.109263e-06,3.137469e-06,1.074155e+03,1.096424e+03,1.074155e+00,1.096424e+00,1.000000e-09,15,5,true
3,sine,W-exact,w_exact,w,exact,1.05,mg_exact,cuda,double,511,3,7.258331e-12,1.109263e-06,3.137469e-06,1.150004e+03,1.167532e+03,1.150004e+00,1.167532e+00,1.000000e-09,15,5,true
3,sine,W-exact,w_exact,w,exact,1.10,mg_exact,cuda,double,511,3,7.903733e-12,1.109263e-06,3.137469e-06,1.149453e+03,1.166577e+03,1.149453e+00,1.166577e+00,1.000000e-09,15,5,true
3,sine,W-exact,w_exact,w,exact,1.15,mg_exact,cuda,double,511,3,8.575681e-12,1.109263e-06,3.137469e-06,1.067577e+03,1.083684e+03,1.067577e+00,1.083684e+00,1.000000e-09,15,5,true
3,sine,W-exact,w_exact,w,exact,1.20,mg_exact,cuda,double,511,3,9.203390e-12,1.109263e-06,3.137469e-06,1.156112e+03,1.175421e+03,1.156112e+00,1.175421e+00,1.000000e-09,15,5,true
3,sine,W-exact,w_exact,w,exact,1.25,mg_exact,cuda,double,511,3,9.333974e-12,1.109263e-06,3.137469e-06,1.103229e+03,1.120938e+03,1.103229e+00,1.120938e+00,1.000000e-09,15,5,true
3,sine,W-exact,w_exact,w,exact,1.30,mg_exact,cuda,double,511,3,1.097184e-11,1.109263e-06,3.137469e-06,1.097534e+03,1.114025e+03,1.097534e+00,1.114025e+00,1.000000e-09,15,5,true
3,sine,W-exact,w_exact,w,exact,1.35,mg_exact,cuda,double,511,3,1.112918e-11,1.109263e-06,3.137469e-06,1.163958e+03,1.180845e+03,1.163958e+00,1.180845e+00,1.000000e-09,15,5,true
3,sine,W-exact,w_exact,w,exact,1.40,mg_exact,cuda,double,511,3,6.358954e-11,1.109263e-06,3.137469e-06,1.097008e+03,1.114361e+03,1.097008e+00,1.114361e+00,1.000000e-09,15,5,true
3,sine,W-exact,w_exact,w,exact,1.45,mg_exact,cuda,double,511,4,1.331083e-11,1.109263e-06,3.137469e-06,1.603266e+03,1.621489e+03,1.603266e+00,1.621489e+00,1.000000e-09,15,5,true
3,sine,W-exact,w_exact,w,exact,1.50,mg_exact,cuda,double,511,4,2.011682e-11,1.109263e-06,3.137469e-06,1.377757e+03,1.395881e+03,1.377757e+00,1.395881e+00,1.000000e-09,15,5,true
3,sine,W-SOR,w_sor,w,sor,1.00,mg_sor,cuda,double,511,3,6.884918e-12,1.109263e-06,3.137469e-06,1.006838e+03,1.023726e+03,1.006838e+00,1.023726e+00,1.000000e-09,15,5,true
3,sine,W-SOR,w_sor,w,sor,1.05,mg_sor,cuda,double,511,3,7.257250e-12,1.109263e-06,3.137469e-06,9.809210e+02,1.000250e+03,9.809210e-01,1.000250e+00,1.000000e-09,15,5,true
3,sine,W-SOR,w_sor,w,sor,1.10,mg_sor,cuda,double,511,3,7.903353e-12,1.109263e-06,3.137469e-06,9.435050e+02,9.620160e+02,9.435050e-01,9.620160e-01,1.000000e-09,15,5,true
3,sine,W-SOR,w_sor,w,sor,1.15,mg_sor,cuda,double,511,3,8.573476e-12,1.109263e-06,3.137469e-06,9.809200e+02,9.987200e+02,9.809200e-01,9.987200e-01,1.000000e-09,15,5,true
3,sine,W-SOR,w_sor,w,sor,1.20,mg_sor,cuda,double,511,3,9.204214e-12,1.109263e-06,3.137469e-06,1.039329e+03,1.057138e+03,1.039329e+00,1.057138e+00,1.000000e-09,15,5,true
3,sine,W-SOR,w_sor,w,sor,1.25,mg_sor,cuda,double,511,3,9.336881e-12,1.109263e-06,3.137469e-06,9.894390e+02,1.007642e+03,9.894390e-01,1.007642e+00,1.000000e-09,15,5,true
3,sine,W-SOR,w_sor,w,sor,1.30,mg_sor,cuda,double,511,3,1.096792e-11,1.109263e-06,3.137469e-06,9.827990e+02,1.000268e+03,9.827990e-01,1.000268e+00,1.000000e-09,15,5,true
3,sine,W-SOR,w_sor,w,sor,1.35,mg_sor,cuda,double,511,3,1.113164e-11,1.109263e-06,3.137469e-06,9.822210e+02,1.001038e+03,9.822210e-01,1.001038e+00,1.000000e-09,15,5,true
3,sine,W-SOR,w_sor,w,sor,1.40,mg_sor,cuda,double,511,3,6.358902e-11,1.109263e-06,3.137469e-06,9.874400e+02,1.004976e+03,9.874400e-01,1.004976e+00,1.000000e-09,15,5,true
3,sine,W-SOR,w_sor,w,sor,1.45,mg_sor,cuda,double,511,4,1.330798e-11,1.109263e-06,3.137469e-06,1.117793e+03,1.133815e+03,1.117793e+00,1.133815e+00,1.000000e-09,15,5,true
3,sine,W-SOR,w_sor,w,sor,1.50,mg_sor,cuda,double,511,4,2.012004e-11,1.109263e-06,3.137469e-06,1.137140e+03,1.156437e+03,1.137140e+00,1.156437e+00,1.000000e-09,15,5,true
3,mixed_sine,V-exact,v_exact,v,exact,1.00,mg_exact,cuda,double,511,7,8.333817e-10,1.350245e-05,3.819070e-05,1.502082e+03,1.511214e+03,1.502082e+00,1.511214e+00,1.000000e-09,15,5,true
3,mixed_sine,V-exact,v_exact,v,exact,1.05,mg_exact,cuda,double,511,7,2.978509e-10,1.350259e-05,3.819109e-05,1.516783e+03,1.525224e+03,1.516783e+00,1.525224e+00,1.000000e-09,15,5,true
3,mixed_sine,V-exact,v_exact,v,exact,1.10,mg_exact,cuda,double,511,7,9.108097e-11,1.350264e-05,3.819123e-05,1.703254e+03,1.711114e+03,1.703254e+00,1.711114e+00,1.000000e-09,15,5,true
3,mixed_sine,V-exact,v_exact,v,exact,1.15,mg_exact,cuda,double,511,6,7.849141e-10,1.350249e-05,3.819082e-05,1.391335e+03,1.399440e+03,1.391335e+00,1.399440e+00,1.000000e-09,15,5,true
3,mixed_sine,V-exact,v_exact,v,exact,1.20,mg_exact,cuda,double,511,6,1.624109e-10,1.350263e-05,3.819120e-05,1.431735e+03,1.439098e+03,1.431735e+00,1.439098e+00,1.000000e-09,15,5,true
3,mixed_sine,V-exact,v_exact,v,exact,1.25,mg_exact,cuda,double,511,6,1.664185e-11,1.350266e-05,3.819128e-05,1.398392e+03,1.405853e+03,1.398392e+00,1.405853e+00,1.000000e-09,15,5,true
3,mixed_sine,V-exact,v_exact,v,exact,1.30,mg_exact,cuda,double,511,5,4.285267e-11,1.350265e-05,3.819127e-05,1.204777e+03,1.213701e+03,1.204777e+00,1.213701e+00,1.000000e-09,15,5,true
3,mixed_sine,V-exact,v_exact,v,exact,1.35,mg_exact,cuda,double,511,3,1.474554e-10,1.350266e-05,3.819130e-05,9.074730e+02,9.167410e+02,9.074730e-01,9.167410e-01,1.000000e-09,15,5,true
3,mixed_sine,V-exact,v_exact,v,exact,1.40,mg_exact,cuda,double,511,5,9.778715e-11,1.350267e-05,3.819133e-05,1.185560e+03,1.192806e+03,1.185560e+00,1.192806e+00,1.000000e-09,15,5,true
3,mixed_sine,V-exact,v_exact,v,exact,1.45,mg_exact,cuda,double,511,6,6.739290e-11,1.350265e-05,3.819127e-05,1.375311e+03,1.384378e+03,1.375311e+00,1.384378e+00,1.000000e-09,15,5,true
3,mixed_sine,V-exact,v_exact,v,exact,1.50,mg_exact,cuda,double,511,7,3.302243e-11,1.350266e-05,3.819130e-05,1.457924e+03,1.466408e+03,1.457924e+00,1.466408e+00,1.000000e-09,15,5,true
3,mixed_sine,V-SOR,v_sor,v,sor,1.00,mg_sor,cuda,double,511,7,8.333820e-10,1.350245e-05,3.819070e-05,1.483173e+03,1.490856e+03,1.483173e+00,1.490856e+00,1.000000e-09,15,5,true
3,mixed_sine,V-SOR,v_sor,v,sor,1.05,mg_sor,cuda,double,511,7,2.978512e-10,1.350259e-05,3.819109e-05,1.457763e+03,1.466922e+03,1.457763e+00,1.466922e+00,1.000000e-09,15,5,true
3,mixed_sine,V-SOR,v_sor,v,sor,1.10,mg_sor,cuda,double,511,7,9.108127e-11,1.350264e-05,3.819123e-05,1.449386e+03,1.456712e+03,1.449386e+00,1.456712e+00,1.000000e-09,15,5,true
3,mixed_sine,V-SOR,v_sor,v,sor,1.15,mg_sor,cuda,double,511,6,7.849141e-10,1.350249e-05,3.819082e-05,1.265038e+03,1.273955e+03,1.265038e+00,1.273955e+00,1.000000e-09,15,5,true
3,mixed_sine,V-SOR,v_sor,v,sor,1.20,mg_sor,cuda,double,511,6,1.624109e-10,1.350263e-05,3.819120e-05,1.340295e+03,1.351587e+03,1.340295e+00,1.351587e+00,1.000000e-09,15,5,true
3,mixed_sine,V-SOR,v_sor,v,sor,1.25,mg_sor,cuda,double,511,6,1.664168e-11,1.350266e-05,3.819128e-05,1.346263e+03,1.354526e+03,1.346263e+00,1.354526e+00,1.000000e-09,15,5,true
3,mixed_sine,V-SOR,v_sor,v,sor,1.30,mg_sor,cuda,double,511,5,4.285276e-11,1.350265e-05,3.819127e-05,1.134708e+03,1.142774e+03,1.134708e+00,1.142774e+00,1.000000e-09,15,5,true
3,mixed_sine,V-SOR,v_sor,v,sor,1.35,mg_sor,cuda,double,511,3,1.474554e-10,1.350266e-05,3.819130e-05,8.279230e+02,8.365480e+02,8.279230e-01,8.365480e-01,1.000000e-09,15,5,true
3,mixed_sine,V-SOR,v_sor,v,sor,1.40,mg_sor,cuda,double,511,5,9.778689e-11,1.350267e-05,3.819133e-05,1.149819e+03,1.157878e+03,1.149819e+00,1.157878e+00,1.000000e-09,15,5,true
3,mixed_sine,V-SOR,v_sor,v,sor,1.45,mg_sor,cuda,double,511,6,6.739301e-11,1.350265e-05,3.819127e-05,1.318127e+03,1.326449e+03,1.318127e+00,1.326449e+00,1.000000e-09,15,5,true
3,mixed_sine,V-SOR,v_sor,v,sor,1.50,mg_sor,cuda,double,511,7,3.302327e-11,1.350266e-05,3.819130e-05,1.442226e+03,1.450281e+03,1.442226e+00,1.450281e+00,1.000000e-09,15,5,true
3,mixed_sine,W-exact,w_exact,w,exact,1.00,mg_exact,cuda,double,511,3,5.587860e-11,1.350265e-05,3.819125e-05,1.078740e+03,1.095744e+03,1.078740e+00,1.095744e+00,1.000000e-09,15,5,true
3,mixed_sine,W-exact,w_exact,w,exact,1.05,mg_exact,cuda,double,511,3,4.883591e-11,1.350265e-05,3.819126e-05,1.068815e+03,1.084961e+03,1.068815e+00,1.084961e+00,1.000000e-09,15,5,true
3,mixed_sine,W-exact,w_exact,w,exact,1.10,mg_exact,cuda,double,511,3,4.046342e-11,1.350265e-05,3.819126e-05,1.104227e+03,1.121293e+03,1.104227e+00,1.121293e+00,1.000000e-09,15,5,true
3,mixed_sine,W-exact,w_exact,w,exact,1.15,mg_exact,cuda,double,511,3,3.210760e-11,1.350265e-05,3.819127e-05,1.093749e+03,1.112468e+03,1.093749e+00,1.112468e+00,1.000000e-09,15,5,true
3,mixed_sine,W-exact,w_exact,w,exact,1.20,mg_exact,cuda,double,511,3,3.095841e-11,1.350266e-05,3.819128e-05,1.132880e+03,1.149699e+03,1.132880e+00,1.149699e+00,1.000000e-09,15,5,true
3,mixed_sine,W-exact,w_exact,w,exact,1.25,mg_exact,cuda,double,511,3,3.561396e-11,1.350266e-05,3.819128e-05,1.090041e+03,1.106679e+03,1.090041e+00,1.106679e+00,1.000000e-09,15,5,true
3,mixed_sine,W-exact,w_exact,w,exact,1.30,mg_exact,cuda,double,511,3,2.877814e-11,1.350266e-05,3.819129e-05,1.051167e+03,1.067545e+03,1.051167e+00,1.067545e+00,1.000000e-09,15,5,true
3,mixed_sine,W-exact,w_exact,w,exact,1.35,mg_exact,cuda,double,511,3,5.545369e-12,1.350266e-05,3.819129e-05,1.090828e+03,1.108601e+03,1.090828e+00,1.108601e+00,1.000000e-09,15,5,true
3,mixed_sine,W-exact,w_exact,w,exact,1.40,mg_exact,cuda,double,511,3,6.704682e-11,1.350266e-05,3.819129e-05,1.082929e+03,1.102472e+03,1.082929e+00,1.102472e+00,1.000000e-09,15,5,true
3,mixed_sine,W-exact,w_exact,w,exact,1.45,mg_exact,cuda,double,511,3,7.871112e-10,1.350267e-05,3.819131e-05,1.085792e+03,1.103831e+03,1.085792e+00,1.103831e+00,1.000000e-09,15,5,true
3,mixed_sine,W-exact,w_exact,w,exact,1.50,mg_exact,cuda,double,511,4,1.620465e-11,1.350266e-05,3.819129e-05,1.293546e+03,1.311370e+03,1.293546e+00,1.311370e+00,1.000000e-09,15,5,true
3,mixed_sine,W-SOR,w_sor,w,sor,1.00,mg_sor,cuda,double,511,3,5.587860e-11,1.350265e-05,3.819125e-05,9.369850e+02,9.534070e+02,9.369850e-01,9.534070e-01,1.000000e-09,15,5,true
3,mixed_sine,W-SOR,w_sor,w,sor,1.05,mg_sor,cuda,double,511,3,4.883591e-11,1.350265e-05,3.819126e-05,9.297690e+02,9.484540e+02,9.297690e-01,9.484540e-01,1.000000e-09,15,5,true
3,mixed_sine,W-SOR,w_sor,w,sor,1.10,mg_sor,cuda,double,511,3,4.046342e-11,1.350265e-05,3.819126e-05,9.089950e+02,9.296020e+02,9.089950e-01,9.296020e-01,1.000000e-09,15,5,true
3,mixed_sine,W-SOR,w_sor,w,sor,1.15,mg_sor,cuda,double,511,3,3.210760e-11,1.350265e-05,3.819127e-05,9.312800e+02,9.506840e+02,9.312800e-01,9.506840e-01,1.000000e-09,15,5,true
3,mixed_sine,W-SOR,w_sor,w,sor,1.20,mg_sor,cuda,double,511,3,3.095841e-11,1.350266e-05,3.819128e-05,9.489860e+02,9.668410e+02,9.489860e-01,9.668410e-01,1.000000e-09,15,5,true
3,mixed_sine,W-SOR,w_sor,w,sor,1.25,mg_sor,cuda,double,511,3,3.561396e-11,1.350266e-05,3.819128e-05,8.997180e+02,9.163000e+02,8.997180e-01,9.163000e-01,1.000000e-09,15,5,true
3,mixed_sine,W-SOR,w_sor,w,sor,1.30,mg_sor,cuda,double,511,3,2.877814e-11,1.350266e-05,3.819129e-05,9.321540e+02,9.482530e+02,9.321540e-01,9.482530e-01,1.000000e-09,15,5,true
3,mixed_sine,W-SOR,w_sor,w,sor,1.35,mg_sor,cuda,double,511,3,5.545369e-12,1.350266e-05,3.819129e-05,9.027840e+02,9.160530e+02,9.027840e-01,9.160530e-01,1.000000e-09,15,5,true
3,mixed_sine,W-SOR,w_sor,w,sor,1.40,mg_sor,cuda,double,511,3,6.704682e-11,1.350266e-05,3.819129e-05,8.993900e+02,9.150600e+02,8.993900e-01,9.150600e-01,1.000000e-09,15,5,true
3,mixed_sine,W-SOR,w_sor,w,sor,1.45,mg_sor,cuda,double,511,3,7.871112e-10,1.350267e-05,3.819131e-05,9.019300e+02,9.205650e+02,9.019300e-01,9.205650e-01,1.000000e-09,15,5,true
3,mixed_sine,W-SOR,w_sor,w,sor,1.50,mg_sor,cuda,double,511,4,1.620490e-11,1.350266e-05,3.819129e-05,1.056891e+03,1.072479e+03,1.056891e+00,1.072479e+00,1.000000e-09,15,5,true
3,bubble,V-exact,v_exact,v,exact,1.00,mg_exact,cuda,double,511,8,6.506005e-11,3.026186e-13,8.464618e-13,1.537425e+03,1.546273e+03,1.537425e+00,1.546273e+00,1.000000e-09,15,5,true
3,bubble,V-exact,v_exact,v,exact,1.05,mg_exact,cuda,double,511,7,4.610657e-10,1.977588e-12,5.527193e-12,1.397282e+03,1.405555e+03,1.397282e+00,1.405555e+00,1.000000e-09,15,5,true
3,bubble,V-exact,v_exact,v,exact,1.10,mg_exact,cuda,double,511,7,1.382118e-10,5.633226e-13,1.578786e-12,1.370887e+03,1.378423e+03,1.370887e+00,1.378423e+00,1.000000e-09,15,5,true
3,bubble,V-exact,v_exact,v,exact,1.15,mg_exact,cuda,double,511,7,3.206211e-11,1.267825e-13,3.563781e-13,1.388897e+03,1.397998e+03,1.388897e+00,1.397998e+00,1.000000e-09,15,5,true
3,bubble,V-exact,v_exact,v,exact,1.20,mg_exact,cuda,double,511,6,2.417349e-10,8.640095e-13,2.432759e-12,1.216512e+03,1.225205e+03,1.216512e+00,1.225205e+00,1.000000e-09,15,5,true
3,bubble,V-exact,v_exact,v,exact,1.25,mg_exact,cuda,double,511,6,2.763779e-11,9.939799e-14,2.810530e-13,1.305289e+03,1.313849e+03,1.305289e+00,1.313849e+00,1.000000e-09,15,5,true
3,bubble,V-exact,v_exact,v,exact,1.30,mg_exact,cuda,double,511,5,1.110108e-10,3.451666e-13,9.772218e-13,1.067120e+03,1.077281e+03,1.067120e+00,1.077281e+00,1.000000e-09,15,5,true
3,bubble,V-exact,v_exact,v,exact,1.35,mg_exact,cuda,double,511,5,4.939280e-11,5.694745e-15,1.634066e-14,1.066872e+03,1.076028e+03,1.066872e+00,1.076028e+00,1.000000e-09,15,5,true
3,bubble,V-exact,v_exact,v,exact,1.40,mg_exact,cuda,double,511,5,6.976171e-10,1.588171e-13,3.365112e-13,1.125399e+03,1.133729e+03,1.125399e+00,1.133729e+00,1.000000e-09,15,5,true
3,bubble,V-exact,v_exact,v,exact,1.45,mg_exact,cuda,double,511,6,1.352737e-10,7.597235e-14,1.183819e-13,1.217833e+03,1.227228e+03,1.217833e+00,1.227228e+00,1.000000e-09,15,5,true
3,bubble,V-exact,v_exact,v,exact,1.50,mg_exact,cuda,double,511,7,4.494947e-11,4.116472e-14,8.513155e-14,1.391846e+03,1.400764e+03,1.391846e+00,1.400764e+00,1.000000e-09,15,5,true
3,bubble,V-SOR,v_sor,v,sor,1.00,mg_sor,cuda,double,511,8,6.507865e-11,3.027012e-13,8.466977e-13,1.595074e+03,1.602991e+03,1.595074e+00,1.602991e+00,1.000000e-09,15,5,true
3,bubble,V-SOR,v_sor,v,sor,1.05,mg_sor,cuda,double,511,7,4.610819e-10,1.977670e-12,5.527414e-12,1.428166e+03,1.436781e+03,1.428166e+00,1.436781e+00,1.000000e-09,15,5,true
3,bubble,V-SOR,v_sor,v,sor,1.10,mg_sor,cuda,double,511,7,1.382124e-10,5.633189e-13,1.578801e-12,1.377500e+03,1.387631e+03,1.377500e+00,1.387631e+00,1.000000e-09,15,5,true
3,bubble,V-SOR,v_sor,v,sor,1.15,mg_sor,cuda,double,511,7,3.206340e-11,1.267788e-13,3.563521e-13,1.395966e+03,1.404059e+03,1.395966e+00,1.404059e+00,1.000000e-09,15,5,true
3,bubble,V-SOR,v_sor,v,sor,1.20,mg_sor,cuda,double,511,6,2.417329e-10,8.639956e-13,2.432676e-12,1.213855e+03,1.222943e+03,1.213855e+00,1.222943e+00,1.000000e-09,15,5,true
3,bubble,V-SOR,v_sor,v,sor,1.25,mg_sor,cuda,double,511,6,2.763680e-11,9.939588e-14,2.810495e-13,1.342124e+03,1.351674e+03,1.342124e+00,1.351674e+00,1.000000e-09,15,5,true
3,bubble,V-SOR,v_sor,v,sor,1.30,mg_sor,cuda,double,511,5,1.110139e-10,3.451737e-13,9.772391e-13,1.099898e+03,1.108877e+03,1.099898e+00,1.108877e+00,1.000000e-09,15,5,true
3,bubble,V-SOR,v_sor,v,sor,1.35,mg_sor,cuda,double,511,5,4.939441e-11,5.694455e-15,1.635150e-14,1.102573e+03,1.111754e+03,1.102573e+00,1.111754e+00,1.000000e-09,15,5,true
3,bubble,V-SOR,v_sor,v,sor,1.40,mg_sor,cuda,double,511,5,6.976164e-10,1.588176e-13,3.365095e-13,1.153334e+03,1.176897e+03,1.153334e+00,1.176897e+00,1.000000e-09,15,5,true
3,bubble,V-SOR,v_sor,v,sor,1.45,mg_sor,cuda,double,511,6,1.352744e-10,7.597645e-14,1.183957e-13,1.214602e+03,1.223660e+03,1.214602e+00,1.223660e+00,1.000000e-09,15,5,true
3,bubble,V-SOR,v_sor,v,sor,1.50,mg_sor,cuda,double,511,7,4.494648e-11,4.116249e-14,8.511594e-14,1.376129e+03,1.384568e+03,1.376129e+00,1.384568e+00,1.000000e-09,15,5,true
3,bubble,W-exact,w_exact,w,exact,1.00,mg_exact,cuda,double,511,5,7.603270e-11,6.063147e-16,1.942890e-15,1.449635e+03,1.471679e+03,1.449635e+00,1.471679e+00,1.000000e-09,15,5,true
3,bubble,W-exact,w_exact,w,exact,1.05,mg_exact,cuda,double,511,5,2.721070e-11,9.540191e-16,3.014949e-15,1.502935e+03,1.520584e+03,1.502935e+00,1.520584e+00,1.000000e-09,15,5,true
3,bubble,W-exact,w_exact,w,exact,1.10,mg_exact,cuda,double,511,4,6.829395e-10,2.021229e-15,1.470964e-14,1.268512e+03,1.285773e+03,1.268512e+00,1.285773e+00,1.000000e-09,15,5,true
3,bubble,W-exact,w_exact,w,exact,1.15,mg_exact,cuda,double,511,4,1.581943e-10,9.230768e-16,3.531789e-15,1.257548e+03,1.275720e+03,1.257548e+00,1.275720e+00,1.000000e-09,15,5,true
3,bubble,W-exact,w_exact,w,exact,1.20,mg_exact,cuda,double,511,4,1.581003e-11,6.172381e-16,1.932482e-15,1.216450e+03,1.233150e+03,1.216450e+00,1.233150e+00,1.000000e-09,15,5,true
3,bubble,W-exact,w_exact,w,exact,1.25,mg_exact,cuda,double,511,3,5.584141e-11,2.513452e-16,1.635411e-15,1.132774e+03,1.150000e+03,1.132774e+00,1.150000e+00,1.000000e-09,15,5,true
3,bubble,W-exact,w_exact,w,exact,1.30,mg_exact,cuda,double,511,4,2.040125e-11,6.524252e-16,2.279427e-15,1.467762e+03,1.484496e+03,1.467762e+00,1.484496e+00,1.000000e-09,15,5,true
3,bubble,W-exact,w_exact,w,exact,1.35,mg_exact,cuda,double,511,4,3.298919e-10,7.715336e-16,5.171915e-15,1.252971e+03,1.269907e+03,1.252971e+00,1.269907e+00,1.000000e-09,15,5,true
3,bubble,W-exact,w_exact,w,exact,1.40,mg_exact,cuda,double,511,5,2.849391e-11,3.544704e-16,1.117162e-15,1.410279e+03,1.426750e+03,1.410279e+00,1.426750e+00,1.000000e-09,15,5,true
3,bubble,W-exact,w_exact,w,exact,1.45,mg_exact,cuda,double,511,5,1.705552e-10,5.235200e-16,2.509278e-15,1.473003e+03,1.493153e+03,1.473003e+00,1.493153e+00,1.000000e-09,15,5,true
3,bubble,W-exact,w_exact,w,exact,1.50,mg_exact,cuda,double,511,5,8.691635e-10,1.877044e-15,1.247548e-14,1.455585e+03,1.472775e+03,1.455585e+00,1.472775e+00,1.000000e-09,15,5,true
3,bubble,W-SOR,w_sor,w,sor,1.00,mg_sor,cuda,double,511,5,7.603193e-11,6.152463e-16,1.887379e-15,1.228548e+03,1.249440e+03,1.228548e+00,1.249440e+00,1.000000e-09,15,5,true
3,bubble,W-SOR,w_sor,w,sor,1.05,mg_sor,cuda,double,511,5,2.721300e-11,9.499793e-16,3.025358e-15,1.423291e+03,1.440321e+03,1.423291e+00,1.440321e+00,1.000000e-09,15,5,true
3,bubble,W-SOR,w_sor,w,sor,1.10,mg_sor,cuda,double,511,4,6.829394e-10,2.020949e-15,1.470850e-14,1.080091e+03,1.096985e+03,1.080091e+00,1.096985e+00,1.000000e-09,15,5,true
3,bubble,W-SOR,w_sor,w,sor,1.15,mg_sor,cuda,double,511,4,1.581941e-10,9.037653e-16,3.530379e-15,1.011679e+03,1.028726e+03,1.011679e+00,1.028726e+00,1.000000e-09,15,5,true
3,bubble,W-SOR,w_sor,w,sor,1.20,mg_sor,cuda,double,511,4,1.578349e-11,6.155532e-16,1.838807e-15,1.028303e+03,1.045019e+03,1.028303e+00,1.045019e+00,1.000000e-09,15,5,true
3,bubble,W-SOR,w_sor,w,sor,1.25,mg_sor,cuda,double,511,3,5.583826e-11,2.529133e-16,1.635383e-15,8.568340e+02,8.746380e+02,8.568340e-01,8.746380e-01,1.000000e-09,15,5,true
3,bubble,W-SOR,w_sor,w,sor,1.30,mg_sor,cuda,double,511,4,2.040370e-11,6.359905e-16,2.293304e-15,1.331051e+03,1.349654e+03,1.331051e+00,1.349654e+00,1.000000e-09,15,5,true
3,bubble,W-SOR,w_sor,w,sor,1.35,mg_sor,cuda,double,511,4,3.298877e-10,7.087661e-16,5.181782e-15,1.075754e+03,1.093622e+03,1.075754e+00,1.093622e+00,1.000000e-09,15,5,true
3,bubble,W-SOR,w_sor,w,sor,1.40,mg_sor,cuda,double,511,5,2.849941e-11,3.350750e-16,1.099815e-15,1.237792e+03,1.255546e+03,1.237792e+00,1.255546e+00,1.000000e-09,15,5,true
3,bubble,W-SOR,w_sor,w,sor,1.45,mg_sor,cuda,double,511,5,1.705575e-10,5.354483e-16,2.509928e-15,1.204545e+03,1.221093e+03,1.204545e+00,1.221093e+00,1.000000e-09,15,5,true
3,bubble,W-SOR,w_sor,w,sor,1.50,mg_sor,cuda,double,511,5,8.691612e-10,1.872983e-15,1.247114e-14,1.242623e+03,1.261060e+03,1.242623e+00,1.261060e+00,1.000000e-09,15,5,true
3,exp,V-exact,v_exact,v,exact,1.00,mg_exact,cuda,double,511,9,1.417772e-10,1.177854e-07,2.786896e-07,1.689111e+03,1.697704e+03,1.689111e+00,1.697704e+00,1.000000e-09,15,5,true
3,exp,V-exact,v_exact,v,exact,1.05,mg_exact,cuda,double,511,8,8.249213e-10,1.177430e-07,2.785725e-07,1.695434e+03,1.702645e+03,1.695434e+00,1.702645e+00,1.000000e-09,15,5,true
3,exp,V-exact,v_exact,v,exact,1.10,mg_exact,cuda,double,511,8,1.901215e-10,1.177819e-07,2.786791e-07,1.546795e+03,1.555425e+03,1.546795e+00,1.555425e+00,1.000000e-09,15,5,true
3,exp,V-exact,v_exact,v,exact,1.15,mg_exact,cuda,double,511,8,8.643490e-11,1.177919e-07,2.787067e-07,1.551537e+03,1.562667e+03,1.551537e+00,1.562667e+00,1.000000e-09,15,5,true
3,exp,V-exact,v_exact,v,exact,1.20,mg_exact,cuda,double,511,7,1.741247e-10,1.177826e-07,2.786799e-07,1.402049e+03,1.413772e+03,1.402049e+00,1.413772e+00,1.000000e-09,15,5,true
3,exp,V-exact,v_exact,v,exact,1.25,mg_exact,cuda,double,511,6,7.270582e-10,1.177370e-07,2.785477e-07,1.325137e+03,1.333479e+03,1.325137e+00,1.333479e+00,1.000000e-09,15,5,true
3,exp,V-exact,v_exact,v,exact,1.30,mg_exact,cuda,double,511,6,1.093176e-10,1.177922e-07,2.787084e-07,1.236478e+03,1.245104e+03,1.236478e+00,1.245104e+00,1.000000e-09,15,5,true
3,exp,V-exact,v_exact,v,exact,1.35,mg_exact,cuda,double,511,7,1.209629e-10,1.177941e-07,2.787136e-07,1.489285e+03,1.496545e+03,1.489285e+00,1.496545e+00,1.000000e-09,15,5,true
3,exp,V-exact,v_exact,v,exact,1.40,mg_exact,cuda,double,511,7,7.550845e-10,1.177940e-07,2.787128e-07,1.415235e+03,1.424419e+03,1.415235e+00,1.424419e+00,1.000000e-09,15,5,true
3,exp,V-exact,v_exact,v,exact,1.45,mg_exact,cuda,double,511,8,2.305386e-10,1.177939e-07,2.787133e-07,1.582402e+03,1.591245e+03,1.582402e+00,1.591245e+00,1.000000e-09,15,5,true
3,exp,V-exact,v_exact,v,exact,1.50,mg_exact,cuda,double,511,9,1.666125e-10,1.177940e-07,2.787129e-07,1.829929e+03,1.837493e+03,1.829929e+00,1.837493e+00,1.000000e-09,15,5,true
3,exp,V-SOR,v_sor,v,sor,1.00,mg_sor,cuda,double,511,9,1.417956e-10,1.177854e-07,2.786896e-07,1.776294e+03,1.783879e+03,1.776294e+00,1.783879e+00,1.000000e-09,15,5,true
3,exp,V-SOR,v_sor,v,sor,1.05,mg_sor,cuda,double,511,8,8.248808e-10,1.177430e-07,2.785725e-07,1.604588e+03,1.611967e+03,1.604588e+00,1.611967e+00,1.000000e-09,15,5,true
3,exp,V-SOR,v_sor,v,sor,1.10,mg_sor,cuda,double,511,8,1.901123e-10,1.177819e-07,2.786791e-07,1.645741e+03,1.654578e+03,1.645741e+00,1.654578e+00,1.000000e-09,15,5,true
3,exp,V-SOR,v_sor,v,sor,1.15,mg_sor,cuda,double,511,8,8.643282e-11,1.177919e-07,2.787067e-07,1.609635e+03,1.617800e+03,1.609635e+00,1.617800e+00,1.000000e-09,15,5,true
3,exp,V-SOR,v_sor,v,sor,1.20,mg_sor,cuda,double,511,7,1.741306e-10,1.177826e-07,2.786799e-07,1.480346e+03,1.502403e+03,1.480346e+00,1.502403e+00,1.000000e-09,15,5,true
3,exp,V-SOR,v_sor,v,sor,1.25,mg_sor,cuda,double,511,6,7.270764e-10,1.177370e-07,2.785477e-07,1.321418e+03,1.330238e+03,1.321418e+00,1.330238e+00,1.000000e-09,15,5,true
3,exp,V-SOR,v_sor,v,sor,1.30,mg_sor,cuda,double,511,6,1.093429e-10,1.177922e-07,2.787085e-07,1.321681e+03,1.329861e+03,1.321681e+00,1.329861e+00,1.000000e-09,15,5,true
3,exp,V-SOR,v_sor,v,sor,1.35,mg_sor,cuda,double,511,7,1.209643e-10,1.177941e-07,2.787136e-07,1.549841e+03,1.557746e+03,1.549841e+00,1.557746e+00,1.000000e-09,15,5,true
3,exp,V-SOR,v_sor,v,sor,1.40,mg_sor,cuda,double,511,7,7.551340e-10,1.177940e-07,2.787128e-07,1.462594e+03,1.473466e+03,1.462594e+00,1.473466e+00,1.000000e-09,15,5,true
3,exp,V-SOR,v_sor,v,sor,1.45,mg_sor,cuda,double,511,8,2.305467e-10,1.177939e-07,2.787133e-07,1.627049e+03,1.634483e+03,1.627049e+00,1.634483e+00,1.000000e-09,15,5,true
3,exp,V-SOR,v_sor,v,sor,1.50,mg_sor,cuda,double,511,9,1.666107e-10,1.177940e-07,2.787129e-07,1.807612e+03,1.815241e+03,1.807612e+00,1.815241e+00,1.000000e-09,15,5,true
3,exp,W-exact,w_exact,w,exact,1.00,mg_exact,cuda,double,511,8,2.191861e-10,1.177945e-07,2.787145e-07,2.258786e+03,2.274316e+03,2.258786e+00,2.274316e+00,1.000000e-09,15,5,true
3,exp,W-exact,w_exact,w,exact,1.05,mg_exact,cuda,double,511,8,9.022796e-11,1.177945e-07,2.787144e-07,2.236367e+03,2.253895e+03,2.236367e+00,2.253895e+00,1.000000e-09,15,5,true
3,exp,W-exact,w_exact,w,exact,1.10,mg_exact,cuda,double,511,7,5.526874e-10,1.177944e-07,2.787143e-07,2.005144e+03,2.022720e+03,2.005144e+00,2.022720e+00,1.000000e-09,15,5,true
3,exp,W-exact,w_exact,w,exact,1.15,mg_exact,cuda,double,511,7,1.343093e-10,1.177944e-07,2.787143e-07,2.008259e+03,2.024135e+03,2.008259e+00,2.024135e+00,1.000000e-09,15,5,true
3,exp,W-exact,w_exact,w,exact,1.20,mg_exact,cuda,double,511,7,9.453977e-11,1.177944e-07,2.787141e-07,2.029970e+03,2.046668e+03,2.029970e+00,2.046668e+00,1.000000e-09,15,5,true
3,exp,W-exact,w_exact,w,exact,1.25,mg_exact,cuda,double,511,6,1.190618e-10,1.177945e-07,2.787143e-07,1.746991e+03,1.764189e+03,1.746991e+00,1.764189e+00,1.000000e-09,15,5,true
3,exp,W-exact,w_exact,w,exact,1.30,mg_exact,cuda,double,511,6,1.107363e-10,1.177943e-07,2.787139e-07,1.757178e+03,1.801212e+03,1.757178e+00,1.801212e+00,1.000000e-09,15,5,true
3,exp,W-exact,w_exact,w,exact,1.35,mg_exact,cuda,double,511,6,9.148954e-10,1.177942e-07,2.787137e-07,1.846455e+03,1.892052e+03,1.846455e+00,1.892052e+00,1.000000e-09,15,5,true
3,exp,W-exact,w_exact,w,exact,1.40,mg_exact,cuda,double,511,7,1.973338e-10,1.177941e-07,2.787135e-07,2.003111e+03,2.024951e+03,2.003111e+00,2.024951e+00,1.000000e-09,15,5,true
3,exp,W-exact,w_exact,w,exact,1.45,mg_exact,cuda,double,511,8,1.332301e-10,1.177942e-07,2.787136e-07,2.264666e+03,2.287700e+03,2.264666e+00,2.287700e+00,1.000000e-09,15,5,true
3,exp,W-exact,w_exact,w,exact,1.50,mg_exact,cuda,double,511,8,3.410391e-10,1.177940e-07,2.787132e-07,2.284622e+03,2.302702e+03,2.284622e+00,2.302702e+00,1.000000e-09,15,5,true
3,exp,W-SOR,w_sor,w,sor,1.00,mg_sor,cuda,double,511,8,2.191602e-10,1.177945e-07,2.787145e-07,1.845899e+03,1.862391e+03,1.845899e+00,1.862391e+00,1.000000e-09,15,5,true
3,exp,W-SOR,w_sor,w,sor,1.05,mg_sor,cuda,double,511,8,9.025949e-11,1.177945e-07,2.787144e-07,1.880378e+03,1.898871e+03,1.880378e+00,1.898871e+00,1.000000e-09,15,5,true
3,exp,W-SOR,w_sor,w,sor,1.10,mg_sor,cuda,double,511,7,5.526901e-10,1.177944e-07,2.787143e-07,1.665552e+03,1.684115e+03,1.665552e+00,1.684115e+00,1.000000e-09,15,5,true
3,exp,W-SOR,w_sor,w,sor,1.15,mg_sor,cuda,double,511,7,1.342984e-10,1.177944e-07,2.787143e-07,1.705751e+03,1.732570e+03,1.705751e+00,1.732570e+00,1.000000e-09,15,5,true
3,exp,W-SOR,w_sor,w,sor,1.20,mg_sor,cuda,double,511,7,9.453145e-11,1.177944e-07,2.787141e-07,1.667400e+03,1.689289e+03,1.667400e+00,1.689289e+00,1.000000e-09,15,5,true
3,exp,W-SOR,w_sor,w,sor,1.25,mg_sor,cuda,double,511,6,1.190214e-10,1.177945e-07,2.787143e-07,1.483614e+03,1.502926e+03,1.483614e+00,1.502926e+00,1.000000e-09,15,5,true
3,exp,W-SOR,w_sor,w,sor,1.30,mg_sor,cuda,double,511,6,1.107108e-10,1.177943e-07,2.787139e-07,1.470616e+03,1.486865e+03,1.470616e+00,1.486865e+00,1.000000e-09,15,5,true
3,exp,W-SOR,w_sor,w,sor,1.35,mg_sor,cuda,double,511,6,9.148795e-10,1.177942e-07,2.787137e-07,1.593614e+03,1.611295e+03,1.593614e+00,1.611295e+00,1.000000e-09,15,5,true
3,exp,W-SOR,w_sor,w,sor,1.40,mg_sor,cuda,double,511,7,1.973382e-10,1.177941e-07,2.787135e-07,1.839214e+03,1.855927e+03,1.839214e+00,1.855927e+00,1.000000e-09,15,5,true
3,exp,W-SOR,w_sor,w,sor,1.45,mg_sor,cuda,double,511,8,1.331735e-10,1.177942e-07,2.787136e-07,1.802207e+03,1.819747e+03,1.802207e+00,1.819747e+00,1.000000e-09,15,5,true
3,exp,W-SOR,w_sor,w,sor,1.50,mg_sor,cuda,double,511,8,3.410200e-10,1.177940e-07,2.787132e-07,1.776897e+03,1.794609e+03,1.776897e+00,1.794609e+00,1.000000e-09,15,5,true
3,cosine,V-exact,v_exact,v,exact,1.00,mg_exact,cuda,double,511,8,5.513826e-10,1.821024e-07,4.972155e-07,1.677854e+03,1.684524e+03,1.677854e+00,1.684524e+00,1.000000e-09,15,5,true
3,cosine,V-exact,v_exact,v,exact,1.05,mg_exact,cuda,double,511,8,1.498493e-10,1.821105e-07,4.972402e-07,1.757388e+03,1.766218e+03,1.757388e+00,1.766218e+00,1.000000e-09,15,5,true
3,cosine,V-exact,v_exact,v,exact,1.10,mg_exact,cuda,double,511,8,3.382755e-11,1.821129e-07,4.972479e-07,1.667489e+03,1.676023e+03,1.667489e+00,1.676023e+00,1.000000e-09,15,5,true
3,cosine,V-exact,v_exact,v,exact,1.15,mg_exact,cuda,double,511,7,2.275140e-10,1.821090e-07,4.972352e-07,1.476418e+03,1.484385e+03,1.476418e+00,1.484385e+00,1.000000e-09,15,5,true
3,cosine,V-exact,v_exact,v,exact,1.20,mg_exact,cuda,double,511,7,3.151633e-11,1.821130e-07,4.972480e-07,1.512485e+03,1.520771e+03,1.512485e+00,1.520771e+00,1.000000e-09,15,5,true
3,cosine,V-exact,v_exact,v,exact,1.25,mg_exact,cuda,double,511,6,1.522408e-10,1.821101e-07,4.972392e-07,1.331505e+03,1.339977e+03,1.331505e+00,1.339977e+00,1.000000e-09,15,5,true
3,cosine,V-exact,v_exact,v,exact,1.30,mg_exact,cuda,double,511,5,9.428633e-10,1.821018e-07,4.972167e-07,1.223432e+03,1.231947e+03,1.223432e+00,1.231947e+00,1.000000e-09,15,5,true
3,cosine,V-exact,v_exact,v,exact,1.35,mg_exact,cuda,double,511,6,3.059649e-10,1.821137e-07,4.972503e-07,1.324830e+03,1.332517e+03,1.324830e+00,1.332517e+00,1.000000e-09,15,5,true
3,cosine,V-exact,v_exact,v,exact,1.40,mg_exact,cuda,double,511,7,8.259414e-11,1.821137e-07,4.972502e-07,1.448334e+03,1.456765e+03,1.448334e+00,1.456765e+00,1.000000e-09,15,5,true
3,cosine,V-exact,v_exact,v,exact,1.45,mg_exact,cuda,double,511,8,2.482483e-11,1.821137e-07,4.972503e-07,1.639815e+03,1.651174e+03,1.639815e+00,1.651174e+00,1.000000e-09,15,5,true
3,cosine,V-exact,v_exact,v,exact,1.50,mg_exact,cuda,double,511,8,2.861433e-10,1.821136e-07,4.972505e-07,1.606942e+03,1.650432e+03,1.606942e+00,1.650432e+00,1.000000e-09,15,5,true
3,cosine,V-SOR,v_sor,v,sor,1.00,mg_sor,cuda,double,511,8,5.513820e-10,1.821024e-07,4.972155e-07,1.607622e+03,1.614662e+03,1.607622e+00,1.614662e+00,1.000000e-09,15,5,true
3,cosine,V-SOR,v_sor,v,sor,1.05,mg_sor,cuda,double,511,8,1.498521e-10,1.821105e-07,4.972402e-07,1.614802e+03,1.622432e+03,1.614802e+00,1.622432e+00,1.000000e-09,15,5,true
3,cosine,V-SOR,v_sor,v,sor,1.10,mg_sor,cuda,double,511,8,3.382677e-11,1.821129e-07,4.972479e-07,1.596859e+03,1.606981e+03,1.596859e+00,1.606981e+00,1.000000e-09,15,5,true
3,cosine,V-SOR,v_sor,v,sor,1.15,mg_sor,cuda,double,511,7,2.275097e-10,1.821090e-07,4.972352e-07,1.451357e+03,1.460058e+03,1.451357e+00,1.460058e+00,1.000000e-09,15,5,true
3,cosine,V-SOR,v_sor,v,sor,1.20,mg_sor,cuda,double,511,7,3.151781e-11,1.821130e-07,4.972480e-07,1.430874e+03,1.440975e+03,1.430874e+00,1.440975e+00,1.000000e-09,15,5,true
3,cosine,V-SOR,v_sor,v,sor,1.25,mg_sor,cuda,double,511,6,1.522413e-10,1.821101e-07,4.972392e-07,1.332406e+03,1.342055e+03,1.332406e+00,1.342055e+00,1.000000e-09,15,5,true
3,cosine,V-SOR,v_sor,v,sor,1.30,mg_sor,cuda,double,511,5,9.428655e-10,1.821018e-07,4.972167e-07,1.179331e+03,1.191030e+03,1.179331e+00,1.191030e+00,1.000000e-09,15,5,true
3,cosine,V-SOR,v_sor,v,sor,1.35,mg_sor,cuda,double,511,6,3.059642e-10,1.821137e-07,4.972503e-07,1.297894e+03,1.306819e+03,1.297894e+00,1.306819e+00,1.000000e-09,15,5,true
3,cosine,V-SOR,v_sor,v,sor,1.40,mg_sor,cuda,double,511,7,8.259232e-11,1.821137e-07,4.972502e-07,1.471477e+03,1.481027e+03,1.471477e+00,1.481027e+00,1.000000e-09,15,5,true
3,cosine,V-SOR,v_sor,v,sor,1.45,mg_sor,cuda,double,511,8,2.482784e-11,1.821137e-07,4.972503e-07,1.612550e+03,1.628543e+03,1.612550e+00,1.628543e+00,1.000000e-09,15,5,true
3,cosine,V-SOR,v_sor,v,sor,1.50,mg_sor,cuda,double,511,8,2.861422e-10,1.821136e-07,4.972505e-07,1.654331e+03,1.662221e+03,1.654331e+00,1.662221e+00,1.000000e-09,15,5,true
3,cosine,W-exact,w_exact,w,exact,1.00,mg_exact,cuda,double,511,8,3.343756e-11,1.821137e-07,4.972503e-07,2.250944e+03,2.268092e+03,2.250944e+00,2.268092e+00,1.000000e-09,15,5,true
3,cosine,W-exact,w_exact,w,exact,1.05,mg_exact,cuda,double,511,7,3.464869e-10,1.821137e-07,4.972503e-07,2.034902e+03,2.052295e+03,2.034902e+00,2.052295e+00,1.000000e-09,15,5,true
3,cosine,W-exact,w_exact,w,exact,1.10,mg_exact,cuda,double,511,7,8.700312e-11,1.821137e-07,4.972503e-07,2.057486e+03,2.075638e+03,2.057486e+00,2.075638e+00,1.000000e-09,15,5,true
3,cosine,W-exact,w_exact,w,exact,1.15,mg_exact,cuda,double,511,7,1.853848e-11,1.821137e-07,4.972503e-07,2.084367e+03,2.102124e+03,2.084367e+00,2.102124e+00,1.000000e-09,15,5,true
3,cosine,W-exact,w_exact,w,exact,1.20,mg_exact,cuda,double,511,6,1.661317e-10,1.821137e-07,4.972503e-07,1.814709e+03,1.832833e+03,1.814709e+00,1.832833e+00,1.000000e-09,15,5,true
3,cosine,W-exact,w_exact,w,exact,1.25,mg_exact,cuda,double,511,6,1.540348e-11,1.821137e-07,4.972503e-07,1.821392e+03,1.838659e+03,1.821392e+00,1.838659e+00,1.000000e-09,15,5,true
3,cosine,W-exact,w_exact,w,exact,1.30,mg_exact,cuda,double,511,5,5.005676e-10,1.821137e-07,4.972503e-07,1.612522e+03,1.630792e+03,1.612522e+00,1.630792e+00,1.000000e-09,15,5,true
3,cosine,W-exact,w_exact,w,exact,1.35,mg_exact,cuda,double,511,6,1.085137e-10,1.821137e-07,4.972503e-07,1.785959e+03,1.804098e+03,1.785959e+00,1.804098e+00,1.000000e-09,15,5,true
3,cosine,W-exact,w_exact,w,exact,1.40,mg_exact,cuda,double,511,7,2.211007e-11,1.821137e-07,4.972503e-07,2.084375e+03,2.102752e+03,2.084375e+00,2.102752e+00,1.000000e-09,15,5,true
3,cosine,W-exact,w_exact,w,exact,1.45,mg_exact,cuda,double,511,7,2.091554e-10,1.821137e-07,4.972503e-07,2.066214e+03,2.087716e+03,2.066214e+00,2.087716e+00,1.000000e-09,15,5,true
3,cosine,W-exact,w_exact,w,exact,1.50,mg_exact,cuda,double,511,8,4.044862e-11,1.821137e-07,4.972503e-07,2.193313e+03,2.212318e+03,2.193313e+00,2.212318e+00,1.000000e-09,15,5,true
3,cosine,W-SOR,w_sor,w,sor,1.00,mg_sor,cuda,double,511,8,3.343651e-11,1.821137e-07,4.972503e-07,1.904990e+03,1.922500e+03,1.904990e+00,1.922500e+00,1.000000e-09,15,5,true
3,cosine,W-SOR,w_sor,w,sor,1.05,mg_sor,cuda,double,511,7,3.464843e-10,1.821137e-07,4.972503e-07,1.638039e+03,1.656558e+03,1.638039e+00,1.656558e+00,1.000000e-09,15,5,true
3,cosine,W-SOR,w_sor,w,sor,1.10,mg_sor,cuda,double,511,7,8.700312e-11,1.821137e-07,4.972503e-07,1.635909e+03,1.652095e+03,1.635909e+00,1.652095e+00,1.000000e-09,15,5,true
3,cosine,W-SOR,w_sor,w,sor,1.15,mg_sor,cuda,double,511,7,1.853711e-11,1.821137e-07,4.972503e-07,1.686304e+03,1.704555e+03,1.686304e+00,1.704555e+00,1.000000e-09,15,5,true
3,cosine,W-SOR,w_sor,w,sor,1.20,mg_sor,cuda,double,511,6,1.661309e-10,1.821137e-07,4.972503e-07,1.480434e+03,1.499105e+03,1.480434e+00,1.499105e+00,1.000000e-09,15,5,true
3,cosine,W-SOR,w_sor,w,sor,1.25,mg_sor,cuda,double,511,6,1.540475e-11,1.821137e-07,4.972503e-07,1.501171e+03,1.519938e+03,1.501171e+00,1.519938e+00,1.000000e-09,15,5,true
3,cosine,W-SOR,w_sor,w,sor,1.30,mg_sor,cuda,double,511,5,5.005680e-10,1.821137e-07,4.972503e-07,1.370498e+03,1.389613e+03,1.370498e+00,1.389613e+00,1.000000e-09,15,5,true
3,cosine,W-SOR,w_sor,w,sor,1.35,mg_sor,cuda,double,511,6,1.085106e-10,1.821137e-07,4.972503e-07,1.495579e+03,1.510954e+03,1.495579e+00,1.510954e+00,1.000000e-09,15,5,true
3,cosine,W-SOR,w_sor,w,sor,1.40,mg_sor,cuda,double,511,7,2.210703e-11,1.821137e-07,4.972503e-07,1.711051e+03,1.729632e+03,1.711051e+00,1.729632e+00,1.000000e-09,15,5,true
3,cosine,W-SOR,w_sor,w,sor,1.45,mg_sor,cuda,double,511,7,2.091597e-10,1.821137e-07,4.972503e-07,1.706705e+03,1.723876e+03,1.706705e+00,1.723876e+00,1.000000e-09,15,5,true
3,cosine,W-SOR,w_sor,w,sor,1.50,mg_sor,cuda,double,511,8,4.045202e-11,1.821137e-07,4.972503e-07,1.912283e+03,1.930205e+03,1.912283e+00,1.930205e+00,1.000000e-09,15,5,true
