dimension,case,mode,mode_key,cycle,coarse,omega,solver,backend,dtype,grid_size,iterations,residual_l2,error_l2,error_linf,time_ms,time_ms_including_graph,time_s,time_s_including_graph,tol,max_iter,nu,converged
3,sine,V-exact,v_exact,v,exact,1.00,mg_exact,cuda,double,383,15,6.207531e-10,1.972019e-06,5.577711e-06,4.860310e+02,4.920890e+02,4.860310e-01,4.920890e-01,1.000000e-09,15,1,true
3,sine,V-exact,v_exact,v,exact,1.05,mg_exact,cuda,double,383,14,2.285656e-10,1.972018e-06,5.577710e-06,4.301490e+02,4.353860e+02,4.301490e-01,4.353860e-01,1.000000e-09,15,1,true
3,sine,V-exact,v_exact,v,exact,1.10,mg_exact,cuda,double,383,12,6.025273e-10,1.971976e-06,5.577589e-06,4.045730e+02,4.133620e+02,4.045730e-01,4.133620e-01,1.000000e-09,15,1,true
3,sine,V-exact,v_exact,v,exact,1.15,mg_exact,cuda,double,383,11,5.113026e-10,1.971969e-06,5.577568e-06,3.913620e+02,3.966380e+02,3.913620e-01,3.966380e-01,1.000000e-09,15,1,true
3,sine,V-exact,v_exact,v,exact,1.20,mg_exact,cuda,double,383,10,5.697879e-10,1.971969e-06,5.577569e-06,3.392150e+02,3.442260e+02,3.392150e-01,3.442260e-01,1.000000e-09,15,1,true
3,sine,V-exact,v_exact,v,exact,1.25,mg_exact,cuda,double,383,9,6.265071e-10,1.971983e-06,5.577609e-06,3.443180e+02,3.499930e+02,3.443180e-01,3.499930e-01,1.000000e-09,15,1,true
3,sine,V-exact,v_exact,v,exact,1.30,mg_exact,cuda,double,383,10,3.552558e-10,1.972025e-06,5.577730e-06,3.586170e+02,3.629400e+02,3.586170e-01,3.629400e-01,1.000000e-09,15,1,true
3,sine,V-exact,v_exact,v,exact,1.35,mg_exact,cuda,double,383,11,3.835530e-10,1.972025e-06,5.577730e-06,3.663450e+02,3.711260e+02,3.663450e-01,3.711260e-01,1.000000e-09,15,1,true
3,sine,V-exact,v_exact,v,exact,1.40,mg_exact,cuda,double,383,13,1.624115e-10,1.972025e-06,5.577730e-06,4.084320e+02,4.132300e+02,4.084320e-01,4.132300e-01,1.000000e-09,15,1,true
3,sine,V-exact,v_exact,v,exact,1.45,mg_exact,cuda,double,383,14,7.347031e-10,1.972025e-06,5.577731e-06,4.250050e+02,4.298190e+02,4.250050e-01,4.298190e-01,1.000000e-09,15,1,true
3,sine,V-exact,v_exact,v,exact,1.50,mg_exact,cuda,double,383,15,3.179939e-09,1.972026e-06,5.577726e-06,4.479150e+02,4.797130e+02,4.479150e-01,4.797130e-01,1.000000e-09,15,1,false
3,sine,V-SOR,v_sor,v,sor,1.00,mg_sor,cuda,double,383,15,6.207520e-10,1.972019e-06,5.577711e-06,4.562060e+02,4.608640e+02,4.562060e-01,4.608640e-01,1.000000e-09,15,1,true
3,sine,V-SOR,v_sor,v,sor,1.05,mg_sor,cuda,double,383,14,2.285671e-10,1.972018e-06,5.577710e-06,4.249610e+02,4.293770e+02,4.249610e-01,4.293770e-01,1.000000e-09,15,1,true
3,sine,V-SOR,v_sor,v,sor,1.10,mg_sor,cuda,double,383,12,6.025273e-10,1.971976e-06,5.577589e-06,3.977840e+02,4.026980e+02,3.977840e-01,4.026980e-01,1.000000e-09,15,1,true
3,sine,V-SOR,v_sor,v,sor,1.15,mg_sor,cuda,double,383,11,5.113020e-10,1.971969e-06,5.577568e-06,3.687030e+02,3.732910e+02,3.687030e-01,3.732910e-01,1.000000e-09,15,1,true
3,sine,V-SOR,v_sor,v,sor,1.20,mg_sor,cuda,double,383,10,5.697853e-10,1.971969e-06,5.577569e-06,3.461440e+02,3.548410e+02,3.461440e-01,3.548410e-01,1.000000e-09,15,1,true
3,sine,V-SOR,v_sor,v,sor,1.25,mg_sor,cuda,double,383,9,6.265094e-10,1.971983e-06,5.577609e-06,3.227690e+02,3.275060e+02,3.227690e-01,3.275060e-01,1.000000e-09,15,1,true
3,sine,V-SOR,v_sor,v,sor,1.30,mg_sor,cuda,double,383,10,3.552548e-10,1.972025e-06,5.577730e-06,3.436250e+02,3.478280e+02,3.436250e-01,3.478280e-01,1.000000e-09,15,1,true
3,sine,V-SOR,v_sor,v,sor,1.35,mg_sor,cuda,double,383,11,3.835499e-10,1.972025e-06,5.577730e-06,4.352010e+02,4.397020e+02,4.352010e-01,4.397020e-01,1.000000e-09,15,1,true
3,sine,V-SOR,v_sor,v,sor,1.40,mg_sor,cuda,double,383,13,1.624103e-10,1.972025e-06,5.577730e-06,4.345080e+02,4.399960e+02,4.345080e-01,4.399960e-01,1.000000e-09,15,1,true
3,sine,V-SOR,v_sor,v,sor,1.45,mg_sor,cuda,double,383,14,7.346989e-10,1.972025e-06,5.577731e-06,4.465950e+02,4.616630e+02,4.465950e-01,4.616630e-01,1.000000e-09,15,1,true
3,sine,V-SOR,v_sor,v,sor,1.50,mg_sor,cuda,double,383,15,3.179894e-09,1.972026e-06,5.577726e-06,4.781150e+02,4.903250e+02,4.781150e-01,4.903250e-01,1.000000e-09,15,1,false
3,sine,W-exact,w_exact,w,exact,1.00,mg_exact,cuda,double,383,8,2.866649e-10,1.972025e-06,5.577730e-06,3.927800e+02,4.014160e+02,3.927800e-01,4.014160e-01,1.000000e-09,15,1,true
3,sine,W-exact,w_exact,w,exact,1.05,mg_exact,cuda,double,383,6,3.013097e-10,1.972025e-06,5.577730e-06,3.245940e+02,3.335500e+02,3.245940e-01,3.335500e-01,1.000000e-09,15,1,true
3,sine,W-exact,w_exact,w,exact,1.10,mg_exact,cuda,double,383,6,4.808970e-11,1.972025e-06,5.577730e-06,3.139090e+02,3.315560e+02,3.139090e-01,3.315560e-01,1.000000e-09,15,1,true
3,sine,W-exact,w_exact,w,exact,1.15,mg_exact,cuda,double,383,7,3.347674e-10,1.972025e-06,5.577730e-06,3.414980e+02,3.488790e+02,3.414980e-01,3.488790e-01,1.000000e-09,15,1,true
3,sine,W-exact,w_exact,w,exact,1.20,mg_exact,cuda,double,383,8,1.963062e-10,1.972025e-06,5.577730e-06,3.721780e+02,4.141610e+02,3.721780e-01,4.141610e-01,1.000000e-09,15,1,true
3,sine,W-exact,w_exact,w,exact,1.25,mg_exact,cuda,double,383,9,1.245684e-10,1.972025e-06,5.577730e-06,3.978160e+02,4.624890e+02,3.978160e-01,4.624890e-01,1.000000e-09,15,1,true
3,sine,W-exact,w_exact,w,exact,1.30,mg_exact,cuda,double,383,10,1.049435e-10,1.972025e-06,5.577730e-06,4.451410e+02,4.522880e+02,4.451410e-01,4.522880e-01,1.000000e-09,15,1,true
3,sine,W-exact,w_exact,w,exact,1.35,mg_exact,cuda,double,383,11,1.774616e-10,1.972025e-06,5.577730e-06,4.729700e+02,4.799350e+02,4.729700e-01,4.799350e-01,1.000000e-09,15,1,true
3,sine,W-exact,w_exact,w,exact,1.40,mg_exact,cuda,double,383,12,6.892947e-10,1.972025e-06,5.577730e-06,5.024510e+02,5.096680e+02,5.024510e-01,5.096680e-01,1.000000e-09,15,1,true
3,sine,W-exact,w_exact,w,exact,1.45,mg_exact,cuda,double,383,14,3.367721e-10,1.972025e-06,5.577730e-06,5.520620e+02,5.593490e+02,5.520620e-01,5.593490e-01,1.000000e-09,15,1,true
3,sine,W-exact,w_exact,w,exact,1.50,mg_exact,cuda,double,383,15,1.661416e-09,1.972025e-06,5.577730e-06,5.824070e+02,5.898090e+02,5.824070e-01,5.898090e-01,1.000000e-09,15,1,false
3,sine,W-SOR,w_sor,w,sor,1.00,mg_sor,cuda,double,383,8,2.866637e-10,1.972025e-06,5.577730e-06,3.881270e+02,4.155620e+02,3.881270e-01,4.155620e-01,1.000000e-09,15,1,true
3,sine,W-SOR,w_sor,w,sor,1.05,mg_sor,cuda,double,383,6,3.013093e-10,1.972025e-06,5.577730e-06,3.057380e+02,3.127450e+02,3.057380e-01,3.127450e-01,1.000000e-09,15,1,true
3,sine,W-SOR,w_sor,w,sor,1.10,mg_sor,cuda,double,383,6,4.809027e-11,1.972025e-06,5.577730e-06,3.200090e+02,3.273790e+02,3.200090e-01,3.273790e-01,1.000000e-09,15,1,true
3,sine,W-SOR,w_sor,w,sor,1.15,mg_sor,cuda,double,383,7,3.347674e-10,1.972025e-06,5.577730e-06,3.396500e+02,3.489090e+02,3.396500e-01,3.489090e-01,1.000000e-09,15,1,true
3,sine,W-SOR,w_sor,w,sor,1.20,mg_sor,cuda,double,383,8,1.963048e-10,1.972025e-06,5.577730e-06,3.637290e+02,3.808420e+02,3.637290e-01,3.808420e-01,1.000000e-09,15,1,true
3,sine,W-SOR,w_sor,w,sor,1.25,mg_sor,cuda,double,383,9,1.245658e-10,1.972025e-06,5.577730e-06,3.885940e+02,4.054450e+02,3.885940e-01,4.054450e-01,1.000000e-09,15,1,true
3,sine,W-SOR,w_sor,w,sor,1.30,mg_sor,cuda,double,383,10,1.049432e-10,1.972025e-06,5.577730e-06,4.168980e+02,4.238480e+02,4.168980e-01,4.238480e-01,1.000000e-09,15,1,true
3,sine,W-SOR,w_sor,w,sor,1.35,mg_sor,cuda,double,383,11,1.774577e-10,1.972025e-06,5.577730e-06,4.561440e+02,5.415350e+02,4.561440e-01,5.415350e-01,1.000000e-09,15,1,true
3,sine,W-SOR,w_sor,w,sor,1.40,mg_sor,cuda,double,383,12,6.892949e-10,1.972025e-06,5.577730e-06,4.776230e+02,4.848120e+02,4.776230e-01,4.848120e-01,1.000000e-09,15,1,true
3,sine,W-SOR,w_sor,w,sor,1.45,mg_sor,cuda,double,383,14,3.367701e-10,1.972025e-06,5.577730e-06,5.256790e+02,5.358230e+02,5.256790e-01,5.358230e-01,1.000000e-09,15,1,true
3,sine,W-SOR,w_sor,w,sor,1.50,mg_sor,cuda,double,383,15,1.661417e-09,1.972025e-06,5.577730e-06,5.642370e+02,5.961300e+02,5.642370e-01,5.961300e-01,1.000000e-09,15,1,false
3,mixed_sine,V-exact,v_exact,v,exact,1.00,mg_exact,cuda,double,383,15,7.715330e-10,2.400509e-05,6.789664e-05,4.935190e+02,4.975610e+02,4.935190e-01,4.975610e-01,1.000000e-09,15,1,true
3,mixed_sine,V-exact,v_exact,v,exact,1.05,mg_exact,cuda,double,383,14,2.699602e-10,2.400510e-05,6.789668e-05,4.664210e+02,4.707170e+02,4.664210e-01,4.707170e-01,1.000000e-09,15,1,true
3,mixed_sine,V-exact,v_exact,v,exact,1.10,mg_exact,cuda,double,383,12,5.507017e-10,2.400507e-05,6.789660e-05,4.037030e+02,4.216990e+02,4.037030e-01,4.216990e-01,1.000000e-09,15,1,true
3,mixed_sine,V-exact,v_exact,v,exact,1.15,mg_exact,cuda,double,383,11,2.209384e-10,2.400510e-05,6.789667e-05,3.776470e+02,3.817100e+02,3.776470e-01,3.817100e-01,1.000000e-09,15,1,true
3,mixed_sine,V-exact,v_exact,v,exact,1.20,mg_exact,cuda,double,383,9,9.136627e-10,2.400505e-05,6.789653e-05,3.481750e+02,3.526520e+02,3.481750e-01,3.526520e-01,1.000000e-09,15,1,true
3,mixed_sine,V-exact,v_exact,v,exact,1.25,mg_exact,cuda,double,383,9,8.849153e-11,2.400512e-05,6.789672e-05,3.427750e+02,3.594660e+02,3.427750e-01,3.594660e-01,1.000000e-09,15,1,true
3,mixed_sine,V-exact,v_exact,v,exact,1.30,mg_exact,cuda,double,383,10,4.236622e-10,2.400512e-05,6.789672e-05,3.697260e+02,3.741820e+02,3.697260e-01,3.741820e-01,1.000000e-09,15,1,true
3,mixed_sine,V-exact,v_exact,v,exact,1.35,mg_exact,cuda,double,383,11,4.831510e-10,2.400512e-05,6.789672e-05,3.851170e+02,4.165850e+02,3.851170e-01,4.165850e-01,1.000000e-09,15,1,true
3,mixed_sine,V-exact,v_exact,v,exact,1.40,mg_exact,cuda,double,383,13,1.808956e-10,2.400512e-05,6.789672e-05,4.293010e+02,4.350110e+02,4.293010e-01,4.350110e-01,1.000000e-09,15,1,true
3,mixed_sine,V-exact,v_exact,v,exact,1.45,mg_exact,cuda,double,383,14,7.927683e-10,2.400512e-05,6.789673e-05,4.464570e+02,4.512340e+02,4.464570e-01,4.512340e-01,1.000000e-09,15,1,true
3,mixed_sine,V-exact,v_exact,v,exact,1.50,mg_exact,cuda,double,383,15,3.396379e-09,2.400512e-05,6.789671e-05,4.710290e+02,4.766340e+02,4.710290e-01,4.766340e-01,1.000000e-09,15,1,false
3,mixed_sine,V-SOR,v_sor,v,sor,1.00,mg_sor,cuda,double,383,15,7.715330e-10,2.400509e-05,6.789664e-05,4.745050e+02,4.876680e+02,4.745050e-01,4.876680e-01,1.000000e-09,15,1,true
3,mixed_sine,V-SOR,v_sor,v,sor,1.05,mg_sor,cuda,double,383,14,2.699602e-10,2.400510e-05,6.789668e-05,4.620570e+02,4.812830e+02,4.620570e-01,4.812830e-01,1.000000e-09,15,1,true
3,mixed_sine,V-SOR,v_sor,v,sor,1.10,mg_sor,cuda,double,383,12,5.507017e-10,2.400507e-05,6.789660e-05,4.343120e+02,4.467410e+02,4.343120e-01,4.467410e-01,1.000000e-09,15,1,true
3,mixed_sine,V-SOR,v_sor,v,sor,1.15,mg_sor,cuda,double,383,11,2.209384e-10,2.400510e-05,6.789667e-05,3.784560e+02,3.949960e+02,3.784560e-01,3.949960e-01,1.000000e-09,15,1,true
3,mixed_sine,V-SOR,v_sor,v,sor,1.20,mg_sor,cuda,double,383,9,9.136627e-10,2.400505e-05,6.789653e-05,3.495180e+02,3.574300e+02,3.495180e-01,3.574300e-01,1.000000e-09,15,1,true
3,mixed_sine,V-SOR,v_sor,v,sor,1.25,mg_sor,cuda,double,383,9,8.849153e-11,2.400512e-05,6.789672e-05,3.335410e+02,3.382910e+02,3.335410e-01,3.382910e-01,1.000000e-09,15,1,true
3,mixed_sine,V-SOR,v_sor,v,sor,1.30,mg_sor,cuda,double,383,10,4.236623e-10,2.400512e-05,6.789672e-05,3.712560e+02,3.759980e+02,3.712560e-01,3.759980e-01,1.000000e-09,15,1,true
3,mixed_sine,V-SOR,v_sor,v,sor,1.35,mg_sor,cuda,double,383,11,4.831511e-10,2.400512e-05,6.789672e-05,4.100860e+02,4.148380e+02,4.100860e-01,4.148380e-01,1.000000e-09,15,1,true
3,mixed_sine,V-SOR,v_sor,v,sor,1.40,mg_sor,cuda,double,383,13,1.808959e-10,2.400512e-05,6.789672e-05,4.432340e+02,4.470760e+02,4.432340e-01,4.470760e-01,1.000000e-09,15,1,true
3,mixed_sine,V-SOR,v_sor,v,sor,1.45,mg_sor,cuda,double,383,14,7.927681e-10,2.400512e-05,6.789673e-05,4.428890e+02,4.475900e+02,4.428890e-01,4.475900e-01,1.000000e-09,15,1,true
3,mixed_sine,V-SOR,v_sor,v,sor,1.50,mg_sor,cuda,double,383,15,3.396379e-09,2.400512e-05,6.789671e-05,4.693100e+02,4.742050e+02,4.693100e-01,4.742050e-01,1.000000e-09,15,1,false
3,mixed_sine,W-exact,w_exact,w,exact,1.00,mg_exact,cuda,double,383,9,2.700904e-10,2.400512e-05,6.789672e-05,4.045380e+02,4.127100e+02,4.045380e-01,4.127100e-01,1.000000e-09,15,1,true
3,mixed_sine,W-exact,w_exact,w,exact,1.05,mg_exact,cuda,double,383,7,1.270699e-10,2.400512e-05,6.789672e-05,3.415400e+02,3.488730e+02,3.415400e-01,3.488730e-01,1.000000e-09,15,1,true
3,mixed_sine,W-exact,w_exact,w,exact,1.10,mg_exact,cuda,double,383,6,1.701540e-10,2.400512e-05,6.789672e-05,3.290910e+02,3.374800e+02,3.290910e-01,3.374800e-01,1.000000e-09,15,1,true
3,mixed_sine,W-exact,w_exact,w,exact,1.15,mg_exact,cuda,double,383,7,3.773645e-10,2.400512e-05,6.789673e-05,3.855200e+02,4.097160e+02,3.855200e-01,4.097160e-01,1.000000e-09,15,1,true
3,mixed_sine,W-exact,w_exact,w,exact,1.20,mg_exact,cuda,double,383,8,2.132368e-10,2.400512e-05,6.789672e-05,3.885720e+02,3.957490e+02,3.885720e-01,3.957490e-01,1.000000e-09,15,1,true
3,mixed_sine,W-exact,w_exact,w,exact,1.25,mg_exact,cuda,double,383,9,1.353759e-10,2.400512e-05,6.789672e-05,4.117430e+02,4.193550e+02,4.117430e-01,4.193550e-01,1.000000e-09,15,1,true
3,mixed_sine,W-exact,w_exact,w,exact,1.30,mg_exact,cuda,double,383,10,1.154044e-10,2.400512e-05,6.789672e-05,4.585340e+02,4.882610e+02,4.585340e-01,4.882610e-01,1.000000e-09,15,1,true
3,mixed_sine,W-exact,w_exact,w,exact,1.35,mg_exact,cuda,double,383,11,1.972968e-10,2.400512e-05,6.789673e-05,4.624570e+02,4.943370e+02,4.624570e-01,4.943370e-01,1.000000e-09,15,1,true
3,mixed_sine,W-exact,w_exact,w,exact,1.40,mg_exact,cuda,double,383,12,7.747579e-10,2.400512e-05,6.789672e-05,4.925610e+02,4.999390e+02,4.925610e-01,4.999390e-01,1.000000e-09,15,1,true
3,mixed_sine,W-exact,w_exact,w,exact,1.45,mg_exact,cuda,double,383,14,3.778159e-10,2.400512e-05,6.789672e-05,5.368050e+02,5.452320e+02,5.368050e-01,5.452320e-01,1.000000e-09,15,1,true
3,mixed_sine,W-exact,w_exact,w,exact,1.50,mg_exact,cuda,double,383,15,1.867768e-09,2.400512e-05,6.789672e-05,5.694790e+02,5.782030e+02,5.694790e-01,5.782030e-01,1.000000e-09,15,1,false
3,mixed_sine,W-SOR,w_sor,w,sor,1.00,mg_sor,cuda,double,383,9,2.700904e-10,2.400512e-05,6.789672e-05,3.912670e+02,3.989550e+02,3.912670e-01,3.989550e-01,1.000000e-09,15,1,true
3,mixed_sine,W-SOR,w_sor,w,sor,1.05,mg_sor,cuda,double,383,7,1.270699e-10,2.400512e-05,6.789672e-05,3.355330e+02,3.437850e+02,3.355330e-01,3.437850e-01,1.000000e-09,15,1,true
3,mixed_sine,W-SOR,w_sor,w,sor,1.10,mg_sor,cuda,double,383,6,1.701540e-10,2.400512e-05,6.789672e-05,3.249790e+02,3.322910e+02,3.249790e-01,3.322910e-01,1.000000e-09,15,1,true
3,mixed_sine,W-SOR,w_sor,w,sor,1.15,mg_sor,cuda,double,383,7,3.773645e-10,2.400512e-05,6.789673e-05,3.341760e+02,3.411920e+02,3.341760e-01,3.411920e-01,1.000000e-09,15,1,true
3,mixed_sine,W-SOR,w_sor,w,sor,1.20,mg_sor,cuda,double,383,8,2.132368e-10,2.400512e-05,6.789672e-05,3.797070e+02,3.872900e+02,3.797070e-01,3.872900e-01,1.000000e-09,15,1,true
3,mixed_sine,W-SOR,w_sor,w,sor,1.25,mg_sor,cuda,double,383,9,1.353759e-10,2.400512e-05,6.789672e-05,3.849260e+02,3.924140e+02,3.849260e-01,3.924140e-01,1.000000e-09,15,1,true
3,mixed_sine,W-SOR,w_sor,w,sor,1.30,mg_sor,cuda,double,383,10,1.154044e-10,2.400512e-05,6.789672e-05,4.054640e+02,4.176610e+02,4.054640e-01,4.176610e-01,1.000000e-09,15,1,true
3,mixed_sine,W-SOR,w_sor,w,sor,1.35,mg_sor,cuda,double,383,11,1.972968e-10,2.400512e-05,6.789673e-05,4.589440e+02,4.662590e+02,4.589440e-01,4.662590e-01,1.000000e-09,15,1,true
3,mixed_sine,W-SOR,w_sor,w,sor,1.40,mg_sor,cuda,double,383,12,7.747580e-10,2.400512e-05,6.789672e-05,4.618860e+02,4.789300e+02,4.618860e-01,4.789300e-01,1.000000e-09,15,1,true
3,mixed_sine,W-SOR,w_sor,w,sor,1.45,mg_sor,cuda,double,383,14,3.778158e-10,2.400512e-05,6.789672e-05,5.303280e+02,5.372840e+02,5.303280e-01,5.372840e-01,1.000000e-09,15,1,true
3,mixed_sine,W-SOR,w_sor,w,sor,1.50,mg_sor,cuda,double,383,15,1.867768e-09,2.400512e-05,6.789672e-05,5.499710e+02,5.642810e+02,5.499710e-01,5.642810e-01,1.000000e-09,15,1,false
3,bubble,V-exact,v_exact,v,exact,1.00,mg_exact,cuda,double,383,15,1.040573e-09,1.387361e-13,2.301991e-13,4.679820e+02,4.726330e+02,4.679820e-01,4.726330e-01,1.000000e-09,15,1,false
3,bubble,V-exact,v_exact,v,exact,1.05,mg_exact,cuda,double,383,14,3.382940e-10,1.248855e-13,2.992589e-13,4.282640e+02,4.521850e+02,4.282640e-01,4.521850e-01,1.000000e-09,15,1,true
3,bubble,V-exact,v_exact,v,exact,1.10,mg_exact,cuda,double,383,12,6.929372e-10,8.572765e-13,2.347204e-12,3.926970e+02,4.030020e+02,3.926970e-01,4.030020e-01,1.000000e-09,15,1,true
3,bubble,V-exact,v_exact,v,exact,1.15,mg_exact,cuda,double,383,11,4.960769e-10,9.798175e-13,2.765482e-12,3.675350e+02,3.865270e+02,3.675350e-01,3.865270e-01,1.000000e-09,15,1,true
3,bubble,V-exact,v_exact,v,exact,1.20,mg_exact,cuda,double,383,10,5.439218e-10,9.770466e-13,2.770338e-12,3.499440e+02,3.666570e+02,3.499440e-01,3.666570e-01,1.000000e-09,15,1,true
3,bubble,V-exact,v_exact,v,exact,1.25,mg_exact,cuda,double,383,9,6.006998e-10,7.346267e-13,2.079651e-12,3.346140e+02,3.388290e+02,3.346140e-01,3.388290e-01,1.000000e-09,15,1,true
3,bubble,V-exact,v_exact,v,exact,1.30,mg_exact,cuda,double,383,10,3.821457e-10,8.731468e-16,4.113029e-15,3.556340e+02,3.604800e+02,3.556340e-01,3.604800e-01,1.000000e-09,15,1,true
3,bubble,V-exact,v_exact,v,exact,1.35,mg_exact,cuda,double,383,11,4.619983e-10,1.640846e-15,1.052283e-14,3.910280e+02,4.242380e+02,3.910280e-01,4.242380e-01,1.000000e-09,15,1,true
3,bubble,V-exact,v_exact,v,exact,1.40,mg_exact,cuda,double,383,13,1.910447e-10,1.113293e-15,6.253678e-15,4.299050e+02,4.348870e+02,4.299050e-01,4.348870e-01,1.000000e-09,15,1,true
3,bubble,V-exact,v_exact,v,exact,1.45,mg_exact,cuda,double,383,14,8.842329e-10,6.146415e-15,2.737741e-14,4.342230e+02,4.641780e+02,4.342230e-01,4.641780e-01,1.000000e-09,15,1,true
3,bubble,V-exact,v_exact,v,exact,1.50,mg_exact,cuda,double,383,15,4.061711e-09,3.479063e-14,1.262428e-13,4.653800e+02,4.700130e+02,4.653800e-01,4.700130e-01,1.000000e-09,15,1,false
3,bubble,V-SOR,v_sor,v,sor,1.00,mg_sor,cuda,double,383,15,1.040574e-09,1.387348e-13,2.301969e-13,4.834440e+02,4.879180e+02,4.834440e-01,4.879180e-01,1.000000e-09,15,1,false
3,bubble,V-SOR,v_sor,v,sor,1.05,mg_sor,cuda,double,383,14,3.382958e-10,1.248929e-13,2.992884e-13,4.411850e+02,4.455980e+02,4.411850e-01,4.455980e-01,1.000000e-09,15,1,true
3,bubble,V-SOR,v_sor,v,sor,1.10,mg_sor,cuda,double,383,12,6.929385e-10,8.572843e-13,2.347258e-12,4.015880e+02,4.058530e+02,4.015880e-01,4.058530e-01,1.000000e-09,15,1,true
3,bubble,V-SOR,v_sor,v,sor,1.15,mg_sor,cuda,double,383,11,4.960774e-10,9.798250e-13,2.765508e-12,3.944130e+02,3.986720e+02,3.944130e-01,3.986720e-01,1.000000e-09,15,1,true
3,bubble,V-SOR,v_sor,v,sor,1.20,mg_sor,cuda,double,383,10,5.439220e-10,9.770469e-13,2.770324e-12,3.388140e+02,3.430580e+02,3.388140e-01,3.430580e-01,1.000000e-09,15,1,true
3,bubble,V-SOR,v_sor,v,sor,1.25,mg_sor,cuda,double,383,9,6.007022e-10,7.346323e-13,2.079668e-12,3.262850e+02,3.304940e+02,3.262850e-01,3.304940e-01,1.000000e-09,15,1,true
3,bubble,V-SOR,v_sor,v,sor,1.30,mg_sor,cuda,double,383,10,3.821446e-10,8.753730e-16,4.113029e-15,3.374650e+02,3.418790e+02,3.374650e-01,3.418790e-01,1.000000e-09,15,1,true
3,bubble,V-SOR,v_sor,v,sor,1.35,mg_sor,cuda,double,383,11,4.619986e-10,1.642632e-15,1.051589e-14,3.599700e+02,3.644270e+02,3.599700e-01,3.644270e-01,1.000000e-09,15,1,true
3,bubble,V-SOR,v_sor,v,sor,1.40,mg_sor,cuda,double,383,13,1.910420e-10,1.112201e-15,6.258882e-15,4.155340e+02,4.198890e+02,4.155340e-01,4.198890e-01,1.000000e-09,15,1,true
3,bubble,V-SOR,v_sor,v,sor,1.45,mg_sor,cuda,double,383,14,8.842335e-10,6.145365e-15,2.738955e-14,4.438840e+02,4.483310e+02,4.438840e-01,4.483310e-01,1.000000e-09,15,1,true
3,bubble,V-SOR,v_sor,v,sor,1.50,mg_sor,cuda,double,383,15,4.061672e-09,3.479005e-14,1.262167e-13,4.650720e+02,4.690790e+02,4.650720e-01,4.690790e-01,1.000000e-09,15,1,false
3,bubble,W-exact,w_exact,w,exact,1.00,mg_exact,cuda,double,383,11,4.255123e-10,6.961874e-16,2.899102e-15,4.552810e+02,4.619420e+02,4.552810e-01,4.619420e-01,1.000000e-09,15,1,true
3,bubble,W-exact,w_exact,w,exact,1.05,mg_exact,cuda,double,383,9,9.270177e-10,7.332548e-16,6.033043e-15,3.923910e+02,3.991780e+02,3.923910e-01,3.991780e-01,1.000000e-09,15,1,true
3,bubble,W-exact,w_exact,w,exact,1.10,mg_exact,cuda,double,383,8,2.106975e-10,5.647125e-16,1.755540e-15,3.723100e+02,3.794970e+02,3.723100e-01,3.794970e-01,1.000000e-09,15,1,true
3,bubble,W-exact,w_exact,w,exact,1.15,mg_exact,cuda,double,383,7,3.569391e-10,1.486624e-16,5.846018e-16,3.527000e+02,3.597940e+02,3.527000e-01,3.597940e-01,1.000000e-09,15,1,true
3,bubble,W-exact,w_exact,w,exact,1.20,mg_exact,cuda,double,383,8,2.155084e-10,9.783023e-17,4.631712e-16,3.769190e+02,3.846090e+02,3.769190e-01,3.846090e-01,1.000000e-09,15,1,true
3,bubble,W-exact,w_exact,w,exact,1.25,mg_exact,cuda,double,383,9,1.410184e-10,6.631638e-17,3.521489e-16,4.078120e+02,4.146970e+02,4.078120e-01,4.146970e-01,1.000000e-09,15,1,true
3,bubble,W-exact,w_exact,w,exact,1.30,mg_exact,cuda,double,383,10,1.224927e-10,6.089540e-17,3.571362e-16,4.223390e+02,4.296710e+02,4.223390e-01,4.296710e-01,1.000000e-09,15,1,true
3,bubble,W-exact,w_exact,w,exact,1.35,mg_exact,cuda,double,383,11,2.013308e-10,1.174333e-16,4.241399e-16,4.500510e+02,4.574350e+02,4.500510e-01,4.574350e-01,1.000000e-09,15,1,true
3,bubble,W-exact,w_exact,w,exact,1.40,mg_exact,cuda,double,383,12,7.388603e-10,1.542755e-16,7.233797e-16,4.849320e+02,4.915760e+02,4.849320e-01,4.915760e-01,1.000000e-09,15,1,true
3,bubble,W-exact,w_exact,w,exact,1.45,mg_exact,cuda,double,383,14,3.618366e-10,1.207011e-16,4.319461e-16,5.606620e+02,5.681120e+02,5.606620e-01,5.681120e-01,1.000000e-09,15,1,true
3,bubble,W-exact,w_exact,w,exact,1.50,mg_exact,cuda,double,383,15,1.761355e-09,4.049217e-16,1.713907e-15,5.924360e+02,6.257480e+02,5.924360e-01,6.257480e-01,1.000000e-09,15,1,false
3,bubble,W-SOR,w_sor,w,sor,1.00,mg_sor,cuda,double,383,11,4.255122e-10,6.922078e-16,2.898940e-15,4.463450e+02,4.535570e+02,4.463450e-01,4.535570e-01,1.000000e-09,15,1,true
3,bubble,W-SOR,w_sor,w,sor,1.05,mg_sor,cuda,double,383,9,9.270177e-10,7.319280e-16,6.032935e-15,3.923570e+02,3.996220e+02,3.923570e-01,3.996220e-01,1.000000e-09,15,1,true
3,bubble,W-SOR,w_sor,w,sor,1.10,mg_sor,cuda,double,383,8,2.106974e-10,5.656789e-16,1.778092e-15,4.005990e+02,4.105360e+02,4.005990e-01,4.105360e-01,1.000000e-09,15,1,true
3,bubble,W-SOR,w_sor,w,sor,1.15,mg_sor,cuda,double,383,7,3.569388e-10,1.483590e-16,5.793976e-16,3.505050e+02,3.593900e+02,3.505050e-01,3.593900e-01,1.000000e-09,15,1,true
3,bubble,W-SOR,w_sor,w,sor,1.20,mg_sor,cuda,double,383,8,2.155086e-10,9.837568e-17,4.926615e-16,3.713160e+02,3.880480e+02,3.713160e-01,3.880480e-01,1.000000e-09,15,1,true
3,bubble,W-SOR,w_sor,w,sor,1.25,mg_sor,cuda,double,383,9,1.410191e-10,6.252825e-17,3.434752e-16,3.908780e+02,3.972960e+02,3.908780e-01,3.972960e-01,1.000000e-09,15,1,true
3,bubble,W-SOR,w_sor,w,sor,1.30,mg_sor,cuda,double,383,10,1.224922e-10,8.734041e-17,3.972517e-16,4.186930e+02,4.257000e+02,4.186930e-01,4.257000e-01,1.000000e-09,15,1,true
3,bubble,W-SOR,w_sor,w,sor,1.35,mg_sor,cuda,double,383,11,2.013330e-10,1.108962e-16,4.230557e-16,4.414070e+02,4.711990e+02,4.414070e-01,4.711990e-01,1.000000e-09,15,1,true
3,bubble,W-SOR,w_sor,w,sor,1.40,mg_sor,cuda,double,383,12,7.388619e-10,1.543421e-16,7.337880e-16,4.724620e+02,4.795520e+02,4.724620e-01,4.795520e-01,1.000000e-09,15,1,true
3,bubble,W-SOR,w_sor,w,sor,1.45,mg_sor,cuda,double,383,14,3.618406e-10,1.067237e-16,3.870602e-16,5.431130e+02,5.503400e+02,5.431130e-01,5.503400e-01,1.000000e-09,15,1,true
3,bubble,W-SOR,w_sor,w,sor,1.50,mg_sor,cuda,double,383,15,1.761354e-09,4.085813e-16,1.641048e-15,5.710150e+02,5.777060e+02,5.710150e-01,5.777060e-01,1.000000e-09,15,1,false
3,exp,V-exact,v_exact,v,exact,1.00,mg_exact,cuda,double,383,15,2.028448e-06,2.085718e-07,4.951071e-07,4.712300e+02,4.938850e+02,4.712300e-01,4.938850e-01,1.000000e-09,15,1,false
3,exp,V-exact,v_exact,v,exact,1.05,mg_exact,cuda,double,383,15,8.801761e-08,2.093446e-07,4.954045e-07,4.669340e+02,4.714400e+02,4.669340e-01,4.714400e-01,1.000000e-09,15,1,false
3,exp,V-exact,v_exact,v,exact,1.10,mg_exact,cuda,double,383,15,1.604327e-09,2.094066e-07,4.954780e-07,4.628680e+02,4.902520e+02,4.628680e-01,4.902520e-01,1.000000e-09,15,1,false
3,exp,V-exact,v_exact,v,exact,1.15,mg_exact,cuda,double,383,13,6.684179e-10,2.093988e-07,4.954558e-07,4.181930e+02,4.455670e+02,4.181930e-01,4.455670e-01,1.000000e-09,15,1,true
3,exp,V-exact,v_exact,v,exact,1.20,mg_exact,cuda,double,383,12,4.369507e-10,2.094041e-07,4.954702e-07,4.162360e+02,4.207350e+02,4.162360e-01,4.207350e-01,1.000000e-09,15,1,true
3,exp,V-exact,v_exact,v,exact,1.25,mg_exact,cuda,double,383,13,9.370923e-10,2.094105e-07,4.954867e-07,4.183380e+02,4.230880e+02,4.183380e-01,4.230880e-01,1.000000e-09,15,1,true
3,exp,V-exact,v_exact,v,exact,1.30,mg_exact,cuda,double,383,15,2.663640e-10,2.094105e-07,4.954867e-07,4.592630e+02,4.639460e+02,4.592630e-01,4.639460e-01,1.000000e-09,15,1,true
3,exp,V-exact,v_exact,v,exact,1.35,mg_exact,cuda,double,383,15,4.158734e-09,2.094104e-07,4.954866e-07,4.695600e+02,4.748530e+02,4.695600e-01,4.748530e-01,1.000000e-09,15,1,false
3,exp,V-exact,v_exact,v,exact,1.40,mg_exact,cuda,double,383,15,5.010055e-08,2.094103e-07,4.954862e-07,4.557300e+02,4.600060e+02,4.557300e-01,4.600060e-01,1.000000e-09,15,1,false
3,exp,V-exact,v_exact,v,exact,1.45,mg_exact,cuda,double,383,15,5.601659e-07,2.094156e-07,4.954809e-07,4.551180e+02,4.601220e+02,4.551180e-01,4.601220e-01,1.000000e-09,15,1,false
3,exp,V-exact,v_exact,v,exact,1.50,mg_exact,cuda,double,383,15,9.717321e-06,2.097280e-07,4.952801e-07,4.640340e+02,4.701700e+02,4.640340e-01,4.701700e-01,1.000000e-09,15,1,false
3,exp,V-SOR,v_sor,v,sor,1.00,mg_sor,cuda,double,383,15,2.028448e-06,2.085718e-07,4.951071e-07,4.676840e+02,4.721640e+02,4.676840e-01,4.721640e-01,1.000000e-09,15,1,false
3,exp,V-SOR,v_sor,v,sor,1.05,mg_sor,cuda,double,383,15,8.801761e-08,2.093446e-07,4.954045e-07,4.611930e+02,4.660250e+02,4.611930e-01,4.660250e-01,1.000000e-09,15,1,false
3,exp,V-SOR,v_sor,v,sor,1.10,mg_sor,cuda,double,383,15,1.604328e-09,2.094066e-07,4.954780e-07,4.639050e+02,4.685050e+02,4.639050e-01,4.685050e-01,1.000000e-09,15,1,false
3,exp,V-SOR,v_sor,v,sor,1.15,mg_sor,cuda,double,383,13,6.684017e-10,2.093988e-07,4.954558e-07,4.273080e+02,4.346010e+02,4.273080e-01,4.346010e-01,1.000000e-09,15,1,true
3,exp,V-SOR,v_sor,v,sor,1.20,mg_sor,cuda,double,383,12,4.369360e-10,2.094041e-07,4.954702e-07,3.932270e+02,3.975100e+02,3.932270e-01,3.975100e-01,1.000000e-09,15,1,true
3,exp,V-SOR,v_sor,v,sor,1.25,mg_sor,cuda,double,383,13,9.371137e-10,2.094105e-07,4.954868e-07,4.246080e+02,4.291530e+02,4.246080e-01,4.291530e-01,1.000000e-09,15,1,true
3,exp,V-SOR,v_sor,v,sor,1.30,mg_sor,cuda,double,383,15,2.663602e-10,2.094105e-07,4.954867e-07,4.606210e+02,4.754760e+02,4.606210e-01,4.754760e-01,1.000000e-09,15,1,true
3,exp,V-SOR,v_sor,v,sor,1.35,mg_sor,cuda,double,383,15,4.158769e-09,2.094104e-07,4.954866e-07,4.592980e+02,4.777100e+02,4.592980e-01,4.777100e-01,1.000000e-09,15,1,false
3,exp,V-SOR,v_sor,v,sor,1.40,mg_sor,cuda,double,383,15,5.010057e-08,2.094103e-07,4.954862e-07,4.675670e+02,4.726930e+02,4.675670e-01,4.726930e-01,1.000000e-09,15,1,false
3,exp,V-SOR,v_sor,v,sor,1.45,mg_sor,cuda,double,383,15,5.601660e-07,2.094156e-07,4.954809e-07,4.631340e+02,4.929880e+02,4.631340e-01,4.929880e-01,1.000000e-09,15,1,false
3,exp,V-SOR,v_sor,v,sor,1.50,mg_sor,cuda,double,383,15,9.717321e-06,2.097280e-07,4.952801e-07,4.694970e+02,4.739690e+02,4.694970e-01,4.739690e-01,1.000000e-09,15,1,false
3,exp,W-exact,w_exact,w,exact,1.00,mg_exact,cuda,double,383,15,1.618078e-07,2.094106e-07,4.954871e-07,5.859140e+02,5.923340e+02,5.859140e-01,5.923340e-01,1.000000e-09,15,1,false
3,exp,W-exact,w_exact,w,exact,1.05,mg_exact,cuda,double,383,15,2.261082e-09,2.094106e-07,4.954870e-07,5.730470e+02,5.981820e+02,5.730470e-01,5.981820e-01,1.000000e-09,15,1,false
3,exp,W-exact,w_exact,w,exact,1.10,mg_exact,cuda,double,383,13,3.675374e-10,2.094106e-07,4.954870e-07,5.156720e+02,5.229430e+02,5.156720e-01,5.229430e-01,1.000000e-09,15,1,true
3,exp,W-exact,w_exact,w,exact,1.15,mg_exact,cuda,double,383,11,1.741410e-10,2.094105e-07,4.954869e-07,5.004310e+02,5.581560e+02,5.004310e-01,5.581560e-01,1.000000e-09,15,1,true
3,exp,W-exact,w_exact,w,exact,1.20,mg_exact,cuda,double,383,12,1.954607e-10,2.094105e-07,4.954868e-07,4.967920e+02,5.042310e+02,4.967920e-01,5.042310e-01,1.000000e-09,15,1,true
3,exp,W-exact,w_exact,w,exact,1.25,mg_exact,cuda,double,383,13,4.019634e-10,2.094105e-07,4.954869e-07,5.273810e+02,5.518860e+02,5.273810e-01,5.518860e-01,1.000000e-09,15,1,true
3,exp,W-exact,w_exact,w,exact,1.30,mg_exact,cuda,double,383,14,9.321665e-10,2.094105e-07,4.954867e-07,5.606270e+02,5.681290e+02,5.606270e-01,5.681290e-01,1.000000e-09,15,1,true
3,exp,W-exact,w_exact,w,exact,1.35,mg_exact,cuda,double,383,15,2.473742e-09,2.094104e-07,4.954867e-07,5.851760e+02,6.022000e+02,5.851760e-01,6.022000e-01,1.000000e-09,15,1,false
3,exp,W-exact,w_exact,w,exact,1.40,mg_exact,cuda,double,383,15,4.027677e-08,2.094104e-07,4.954866e-07,5.791490e+02,5.862430e+02,5.791490e-01,5.862430e-01,1.000000e-09,15,1,false
3,exp,W-exact,w_exact,w,exact,1.45,mg_exact,cuda,double,383,15,5.218668e-07,2.094102e-07,4.954860e-07,5.805720e+02,5.871700e+02,5.805720e-01,5.871700e-01,1.000000e-09,15,1,false
3,exp,W-exact,w_exact,w,exact,1.50,mg_exact,cuda,double,383,15,6.491103e-06,2.094099e-07,4.954868e-07,5.682550e+02,5.917520e+02,5.682550e-01,5.917520e-01,1.000000e-09,15,1,false
3,exp,W-SOR,w_sor,w,sor,1.00,mg_sor,cuda,double,383,15,1.618078e-07,2.094106e-07,4.954871e-07,5.523340e+02,5.604830e+02,5.523340e-01,5.604830e-01,1.000000e-09,15,1,false
3,exp,W-SOR,w_sor,w,sor,1.05,mg_sor,cuda,double,383,15,2.261077e-09,2.094106e-07,4.954870e-07,5.508540e+02,5.585880e+02,5.508540e-01,5.585880e-01,1.000000e-09,15,1,false
3,exp,W-SOR,w_sor,w,sor,1.10,mg_sor,cuda,double,383,13,3.675323e-10,2.094106e-07,4.954870e-07,5.115140e+02,5.262040e+02,5.115140e-01,5.262040e-01,1.000000e-09,15,1,true
3,exp,W-SOR,w_sor,w,sor,1.15,mg_sor,cuda,double,383,11,1.741301e-10,2.094105e-07,4.954869e-07,4.447340e+02,4.524430e+02,4.447340e-01,4.524430e-01,1.000000e-09,15,1,true
3,exp,W-SOR,w_sor,w,sor,1.20,mg_sor,cuda,double,383,12,1.954489e-10,2.094105e-07,4.954868e-07,4.725840e+02,4.815090e+02,4.725840e-01,4.815090e-01,1.000000e-09,15,1,true
3,exp,W-SOR,w_sor,w,sor,1.25,mg_sor,cuda,double,383,13,4.019761e-10,2.094105e-07,4.954869e-07,5.252650e+02,5.400900e+02,5.252650e-01,5.400900e-01,1.000000e-09,15,1,true
3,exp,W-SOR,w_sor,w,sor,1.30,mg_sor,cuda,double,383,14,9.321441e-10,2.094105e-07,4.954867e-07,5.269210e+02,5.478830e+02,5.269210e-01,5.478830e-01,1.000000e-09,15,1,true
3,exp,W-SOR,w_sor,w,sor,1.35,mg_sor,cuda,double,383,15,2.473721e-09,2.094104e-07,4.954867e-07,5.563590e+02,5.712010e+02,5.563590e-01,5.712010e-01,1.000000e-09,15,1,false
3,exp,W-SOR,w_sor,w,sor,1.40,mg_sor,cuda,double,383,15,4.027675e-08,2.094104e-07,4.954866e-07,5.560390e+02,5.632310e+02,5.560390e-01,5.632310e-01,1.000000e-09,15,1,false
3,exp,W-SOR,w_sor,w,sor,1.45,mg_sor,cuda,double,383,15,5.218668e-07,2.094102e-07,4.954860e-07,5.609800e+02,5.696510e+02,5.609800e-01,5.696510e-01,1.000000e-09,15,1,false
3,exp,W-SOR,w_sor,w,sor,1.50,mg_sor,cuda,double,383,15,6.491103e-06,2.094099e-07,4.954868e-07,5.634080e+02,5.705650e+02,5.634080e-01,5.705650e-01,1.000000e-09,15,1,false
3,cosine,V-exact,v_exact,v,exact,1.00,mg_exact,cuda,double,383,15,2.374354e-07,3.236879e-07,8.838852e-07,4.675920e+02,4.758350e+02,4.675920e-01,4.758350e-01,1.000000e-09,15,1,false
3,cosine,V-exact,v_exact,v,exact,1.05,mg_exact,cuda,double,383,15,1.012426e-08,3.237481e-07,8.839968e-07,4.827940e+02,4.936660e+02,4.827940e-01,4.936660e-01,1.000000e-09,15,1,false
3,cosine,V-exact,v_exact,v,exact,1.10,mg_exact,cuda,double,383,15,1.800791e-10,3.237526e-07,8.840066e-07,4.596390e+02,4.642300e+02,4.596390e-01,4.642300e-01,1.000000e-09,15,1,true
3,cosine,V-exact,v_exact,v,exact,1.15,mg_exact,cuda,double,383,12,7.389594e-10,3.237505e-07,8.840001e-07,4.135080e+02,4.184790e+02,4.135080e-01,4.184790e-01,1.000000e-09,15,1,true
3,cosine,V-exact,v_exact,v,exact,1.20,mg_exact,cuda,double,383,11,4.273627e-10,3.237523e-07,8.840056e-07,3.769040e+02,3.933380e+02,3.769040e-01,3.933380e-01,1.000000e-09,15,1,true
3,cosine,V-exact,v_exact,v,exact,1.25,mg_exact,cuda,double,383,13,1.143389e-10,3.237528e-07,8.840071e-07,4.282080e+02,4.327040e+02,4.282080e-01,4.327040e-01,1.000000e-09,15,1,true
3,cosine,V-exact,v_exact,v,exact,1.30,mg_exact,cuda,double,383,14,2.350429e-10,3.237528e-07,8.840071e-07,4.588020e+02,4.631700e+02,4.588020e-01,4.631700e-01,1.000000e-09,15,1,true
3,cosine,V-exact,v_exact,v,exact,1.35,mg_exact,cuda,double,383,15,5.094089e-10,3.237528e-07,8.840071e-07,4.665420e+02,4.719400e+02,4.665420e-01,4.719400e-01,1.000000e-09,15,1,true
3,cosine,V-exact,v_exact,v,exact,1.40,mg_exact,cuda,double,383,15,6.146362e-09,3.237528e-07,8.840071e-07,4.720140e+02,4.995000e+02,4.720140e-01,4.995000e-01,1.000000e-09,15,1,false
3,cosine,V-exact,v_exact,v,exact,1.45,mg_exact,cuda,double,383,15,6.877279e-08,3.237532e-07,8.840079e-07,4.838800e+02,4.886020e+02,4.838800e-01,4.886020e-01,1.000000e-09,15,1,false
3,cosine,V-exact,v_exact,v,exact,1.50,mg_exact,cuda,double,383,15,1.188162e-06,3.237757e-07,8.840454e-07,4.793490e+02,4.842680e+02,4.793490e-01,4.842680e-01,1.000000e-09,15,1,false
3,cosine,V-SOR,v_sor,v,sor,1.00,mg_sor,cuda,double,383,15,2.374354e-07,3.236879e-07,8.838852e-07,4.885890e+02,4.933760e+02,4.885890e-01,4.933760e-01,1.000000e-09,15,1,false
3,cosine,V-SOR,v_sor,v,sor,1.05,mg_sor,cuda,double,383,15,1.012426e-08,3.237481e-07,8.839968e-07,4.679320e+02,4.731020e+02,4.679320e-01,4.731020e-01,1.000000e-09,15,1,false
3,cosine,V-SOR,v_sor,v,sor,1.10,mg_sor,cuda,double,383,15,1.800799e-10,3.237526e-07,8.840066e-07,4.884180e+02,4.941880e+02,4.884180e-01,4.941880e-01,1.000000e-09,15,1,true
3,cosine,V-SOR,v_sor,v,sor,1.15,mg_sor,cuda,double,383,12,7.389624e-10,3.237505e-07,8.840001e-07,4.071480e+02,4.118340e+02,4.071480e-01,4.118340e-01,1.000000e-09,15,1,true
3,cosine,V-SOR,v_sor,v,sor,1.20,mg_sor,cuda,double,383,11,4.273615e-10,3.237523e-07,8.840056e-07,3.805890e+02,3.854280e+02,3.805890e-01,3.854280e-01,1.000000e-09,15,1,true
3,cosine,V-SOR,v_sor,v,sor,1.25,mg_sor,cuda,double,383,13,1.143433e-10,3.237528e-07,8.840071e-07,4.206370e+02,4.284530e+02,4.206370e-01,4.284530e-01,1.000000e-09,15,1,true
3,cosine,V-SOR,v_sor,v,sor,1.30,mg_sor,cuda,double,383,14,2.350401e-10,3.237528e-07,8.840071e-07,4.467030e+02,4.565920e+02,4.467030e-01,4.565920e-01,1.000000e-09,15,1,true
3,cosine,V-SOR,v_sor,v,sor,1.35,mg_sor,cuda,double,383,15,5.094087e-10,3.237528e-07,8.840071e-07,4.697050e+02,4.743040e+02,4.697050e-01,4.743040e-01,1.000000e-09,15,1,true
3,cosine,V-SOR,v_sor,v,sor,1.40,mg_sor,cuda,double,383,15,6.146360e-09,3.237528e-07,8.840071e-07,4.690960e+02,5.093380e+02,4.690960e-01,5.093380e-01,1.000000e-09,15,1,false
3,cosine,V-SOR,v_sor,v,sor,1.45,mg_sor,cuda,double,383,15,6.877279e-08,3.237532e-07,8.840079e-07,4.705120e+02,4.746500e+02,4.705120e-01,4.746500e-01,1.000000e-09,15,1,false
3,cosine,V-SOR,v_sor,v,sor,1.50,mg_sor,cuda,double,383,15,1.188162e-06,3.237757e-07,8.840454e-07,4.696490e+02,4.736860e+02,4.696490e-01,4.736860e-01,1.000000e-09,15,1,false
3,cosine,W-exact,w_exact,w,exact,1.00,mg_exact,cuda,double,383,15,1.979390e-08,3.237528e-07,8.840071e-07,6.063950e+02,6.228380e+02,6.063950e-01,6.228380e-01,1.000000e-09,15,1,false
3,cosine,W-exact,w_exact,w,exact,1.05,mg_exact,cuda,double,383,15,2.754876e-10,3.237528e-07,8.840071e-07,5.697470e+02,5.767320e+02,5.697470e-01,5.767320e-01,1.000000e-09,15,1,true
3,cosine,W-exact,w_exact,w,exact,1.10,mg_exact,cuda,double,383,12,4.867936e-10,3.237528e-07,8.840071e-07,4.846590e+02,4.917310e+02,4.846590e-01,4.917310e-01,1.000000e-09,15,1,true
3,cosine,W-exact,w_exact,w,exact,1.15,mg_exact,cuda,double,383,10,3.035866e-10,3.237528e-07,8.840071e-07,4.372790e+02,4.705010e+02,4.372790e-01,4.705010e-01,1.000000e-09,15,1,true
3,cosine,W-exact,w_exact,w,exact,1.20,mg_exact,cuda,double,383,11,2.385200e-10,3.237528e-07,8.840071e-07,4.481760e+02,4.862910e+02,4.481760e-01,4.862910e-01,1.000000e-09,15,1,true
3,cosine,W-exact,w_exact,w,exact,1.25,mg_exact,cuda,double,383,12,4.972678e-10,3.237528e-07,8.840071e-07,4.776330e+02,4.846960e+02,4.776330e-01,4.846960e-01,1.000000e-09,15,1,true
3,cosine,W-exact,w_exact,w,exact,1.30,mg_exact,cuda,double,383,13,9.823976e-10,3.237528e-07,8.840071e-07,5.332590e+02,5.479290e+02,5.332590e-01,5.479290e-01,1.000000e-09,15,1,true
3,cosine,W-exact,w_exact,w,exact,1.35,mg_exact,cuda,double,383,15,3.042203e-10,3.237528e-07,8.840071e-07,5.831490e+02,6.052030e+02,5.831490e-01,6.052030e-01,1.000000e-09,15,1,true
3,cosine,W-exact,w_exact,w,exact,1.40,mg_exact,cuda,double,383,15,4.958583e-09,3.237528e-07,8.840071e-07,5.650780e+02,5.819330e+02,5.650780e-01,5.819330e-01,1.000000e-09,15,1,false
3,cosine,W-exact,w_exact,w,exact,1.45,mg_exact,cuda,double,383,15,6.441505e-08,3.237528e-07,8.840071e-07,5.627780e+02,5.701440e+02,5.627780e-01,5.701440e-01,1.000000e-09,15,1,false
3,cosine,W-exact,w_exact,w,exact,1.50,mg_exact,cuda,double,383,15,8.133917e-07,3.237527e-07,8.840072e-07,5.870490e+02,6.336260e+02,5.870490e-01,6.336260e-01,1.000000e-09,15,1,false
3,cosine,W-SOR,w_sor,w,sor,1.00,mg_sor,cuda,double,383,15,1.979390e-08,3.237528e-07,8.840071e-07,5.647220e+02,5.720160e+02,5.647220e-01,5.720160e-01,1.000000e-09,15,1,false
3,cosine,W-SOR,w_sor,w,sor,1.05,mg_sor,cuda,double,383,15,2.754850e-10,3.237528e-07,8.840071e-07,5.508610e+02,5.795120e+02,5.508610e-01,5.795120e-01,1.000000e-09,15,1,true
3,cosine,W-SOR,w_sor,w,sor,1.10,mg_sor,cuda,double,383,12,4.867927e-10,3.237528e-07,8.840071e-07,4.575260e+02,4.646230e+02,4.575260e-01,4.646230e-01,1.000000e-09,15,1,true
3,cosine,W-SOR,w_sor,w,sor,1.15,mg_sor,cuda,double,383,10,3.035871e-10,3.237528e-07,8.840071e-07,4.280730e+02,4.346830e+02,4.280730e-01,4.346830e-01,1.000000e-09,15,1,true
3,cosine,W-SOR,w_sor,w,sor,1.20,mg_sor,cuda,double,383,11,2.385211e-10,3.237528e-07,8.840071e-07,4.391490e+02,4.460770e+02,4.391490e-01,4.460770e-01,1.000000e-09,15,1,true
3,cosine,W-SOR,w_sor,w,sor,1.25,mg_sor,cuda,double,383,12,4.972703e-10,3.237528e-07,8.840071e-07,4.629130e+02,4.705000e+02,4.629130e-01,4.705000e-01,1.000000e-09,15,1,true
3,cosine,W-SOR,w_sor,w,sor,1.30,mg_sor,cuda,double,383,13,9.823954e-10,3.237528e-07,8.840071e-07,5.269840e+02,5.340300e+02,5.269840e-01,5.340300e-01,1.000000e-09,15,1,true
3,cosine,W-SOR,w_sor,w,sor,1.35,mg_sor,cuda,double,383,15,3.042234e-10,3.237528e-07,8.840071e-07,5.396810e+02,5.535380e+02,5.396810e-01,5.535380e-01,1.000000e-09,15,1,true
3,cosine,W-SOR,w_sor,w,sor,1.40,mg_sor,cuda,double,383,15,4.958581e-09,3.237528e-07,8.840071e-07,5.681150e+02,5.763810e+02,5.681150e-01,5.763810e-01,1.000000e-09,15,1,false
3,cosine,W-SOR,w_sor,w,sor,1.45,mg_sor,cuda,double,383,15,6.441505e-08,3.237528e-07,8.840071e-07,5.632000e+02,5.721600e+02,5.632000e-01,5.721600e-01,1.000000e-09,15,1,false
3,cosine,W-SOR,w_sor,w,sor,1.50,mg_sor,cuda,double,383,15,8.133917e-07,3.237527e-07,8.840072e-07,5.648380e+02,5.801990e+02,5.648380e-01,5.801990e-01,1.000000e-09,15,1,false
3,sine,V-exact,v_exact,v,exact,1.00,mg_exact,cuda,double,383,10,8.331612e-10,1.971819e-06,5.577146e-06,4.647280e+02,4.692440e+02,4.647280e-01,4.692440e-01,1.000000e-09,15,2,true
3,sine,V-exact,v_exact,v,exact,1.05,mg_exact,cuda,double,383,10,2.085430e-10,1.971976e-06,5.577590e-06,4.876870e+02,4.925140e+02,4.876870e-01,4.925140e-01,1.000000e-09,15,2,true
3,sine,V-exact,v_exact,v,exact,1.10,mg_exact,cuda,double,383,9,4.534966e-10,1.971924e-06,5.577444e-06,4.329330e+02,4.401250e+02,4.329330e-01,4.401250e-01,1.000000e-09,15,2,true
3,sine,V-exact,v_exact,v,exact,1.15,mg_exact,cuda,double,383,8,9.826144e-10,1.971827e-06,5.577170e-06,4.077910e+02,4.129550e+02,4.077910e-01,4.129550e-01,1.000000e-09,15,2,true
3,sine,V-exact,v_exact,v,exact,1.20,mg_exact,cuda,double,383,8,1.018850e-10,1.972008e-06,5.577681e-06,3.943220e+02,3.992490e+02,3.943220e-01,3.992490e-01,1.000000e-09,15,2,true
3,sine,V-exact,v_exact,v,exact,1.25,mg_exact,cuda,double,383,7,1.008520e-10,1.972013e-06,5.577696e-06,3.531670e+02,3.595250e+02,3.531670e-01,3.595250e-01,1.000000e-09,15,2,true
3,sine,V-exact,v_exact,v,exact,1.30,mg_exact,cuda,double,383,6,6.056855e-11,1.972025e-06,5.577728e-06,3.231810e+02,3.284030e+02,3.231810e-01,3.284030e-01,1.000000e-09,15,2,true
3,sine,V-exact,v_exact,v,exact,1.35,mg_exact,cuda,double,383,7,1.304929e-10,1.972025e-06,5.577731e-06,3.613700e+02,3.924130e+02,3.613700e-01,3.924130e-01,1.000000e-09,15,2,true
3,sine,V-exact,v_exact,v,exact,1.40,mg_exact,cuda,double,383,8,2.368608e-10,1.972024e-06,5.577725e-06,3.915860e+02,3.967100e+02,3.915860e-01,3.967100e-01,1.000000e-09,15,2,true
3,sine,V-exact,v_exact,v,exact,1.45,mg_exact,cuda,double,383,9,4.078900e-10,1.972033e-06,5.577755e-06,4.189680e+02,4.247290e+02,4.189680e-01,4.247290e-01,1.000000e-09,15,2,true
3,sine,V-exact,v_exact,v,exact,1.50,mg_exact,cuda,double,383,10,7.613303e-10,1.971997e-06,5.577646e-06,4.542440e+02,4.667690e+02,4.542440e-01,4.667690e-01,1.000000e-09,15,2,true
3,sine,V-SOR,v_sor,v,sor,1.00,mg_sor,cuda,double,383,10,8.331574e-10,1.971819e-06,5.577146e-06,4.919130e+02,4.975290e+02,4.919130e-01,4.975290e-01,1.000000e-09,15,2,true
3,sine,V-SOR,v_sor,v,sor,1.05,mg_sor,cuda,double,383,10,2.085427e-10,1.971976e-06,5.577590e-06,4.577210e+02,4.626670e+02,4.577210e-01,4.626670e-01,1.000000e-09,15,2,true
3,sine,V-SOR,v_sor,v,sor,1.10,mg_sor,cuda,double,383,9,4.534972e-10,1.971924e-06,5.577444e-06,4.393350e+02,4.442830e+02,4.393350e-01,4.442830e-01,1.000000e-09,15,2,true
3,sine,V-SOR,v_sor,v,sor,1.15,mg_sor,cuda,double,383,8,9.826160e-10,1.971827e-06,5.577170e-06,3.901650e+02,3.947630e+02,3.901650e-01,3.947630e-01,1.000000e-09,15,2,true
3,sine,V-SOR,v_sor,v,sor,1.20,mg_sor,cuda,double,383,8,1.018841e-10,1.972008e-06,5.577681e-06,4.119460e+02,4.170960e+02,4.119460e-01,4.170960e-01,1.000000e-09,15,2,true
3,sine,V-SOR,v_sor,v,sor,1.25,mg_sor,cuda,double,383,7,1.008568e-10,1.972013e-06,5.577696e-06,3.643680e+02,3.690810e+02,3.643680e-01,3.690810e-01,1.000000e-09,15,2,true
3,sine,V-SOR,v_sor,v,sor,1.30,mg_sor,cuda,double,383,6,6.056605e-11,1.972025e-06,5.577728e-06,3.318840e+02,3.503070e+02,3.318840e-01,3.503070e-01,1.000000e-09,15,2,true
3,sine,V-SOR,v_sor,v,sor,1.35,mg_sor,cuda,double,383,7,1.304948e-10,1.972025e-06,5.577731e-06,3.637270e+02,3.716110e+02,3.637270e-01,3.716110e-01,1.000000e-09,15,2,true
3,sine,V-SOR,v_sor,v,sor,1.40,mg_sor,cuda,double,383,8,2.368617e-10,1.972024e-06,5.577725e-06,4.226900e+02,4.275120e+02,4.226900e-01,4.275120e-01,1.000000e-09,15,2,true
3,sine,V-SOR,v_sor,v,sor,1.45,mg_sor,cuda,double,383,9,4.078877e-10,1.972033e-06,5.577755e-06,4.183030e+02,4.338060e+02,4.183030e-01,4.338060e-01,1.000000e-09,15,2,true
3,sine,V-SOR,v_sor,v,sor,1.50,mg_sor,cuda,double,383,10,7.613178e-10,1.971997e-06,5.577646e-06,4.668750e+02,4.713740e+02,4.668750e-01,4.713740e-01,1.000000e-09,15,2,true
3,sine,W-exact,w_exact,w,exact,1.00,mg_exact,cuda,double,383,3,9.299101e-10,1.972025e-06,5.577729e-06,2.707860e+02,2.814620e+02,2.707860e-01,2.814620e-01,1.000000e-09,15,2,true
3,sine,W-exact,w_exact,w,exact,1.05,mg_exact,cuda,double,383,3,1.841307e-11,1.972025e-06,5.577730e-06,2.814260e+02,2.904850e+02,2.814260e-01,2.904850e-01,1.000000e-09,15,2,true
3,sine,W-exact,w_exact,w,exact,1.10,mg_exact,cuda,double,383,3,1.366126e-10,1.972025e-06,5.577730e-06,2.949480e+02,3.026100e+02,2.949480e-01,3.026100e-01,1.000000e-09,15,2,true
3,sine,W-exact,w_exact,w,exact,1.15,mg_exact,cuda,double,383,4,6.219850e-12,1.972025e-06,5.577730e-06,3.128700e+02,3.256780e+02,3.128700e-01,3.256780e-01,1.000000e-09,15,2,true
3,sine,W-exact,w_exact,w,exact,1.20,mg_exact,cuda,double,383,4,8.917877e-11,1.972025e-06,5.577730e-06,3.340170e+02,3.450720e+02,3.340170e-01,3.450720e-01,1.000000e-09,15,2,true
3,sine,W-exact,w_exact,w,exact,1.25,mg_exact,cuda,double,383,5,1.168922e-11,1.972025e-06,5.577730e-06,3.514450e+02,3.589080e+02,3.514450e-01,3.589080e-01,1.000000e-09,15,2,true
3,sine,W-exact,w_exact,w,exact,1.30,mg_exact,cuda,double,383,5,4.130974e-10,1.972025e-06,5.577730e-06,3.535750e+02,3.670050e+02,3.535750e-01,3.670050e-01,1.000000e-09,15,2,true
3,sine,W-exact,w_exact,w,exact,1.35,mg_exact,cuda,double,383,6,9.127055e-11,1.972025e-06,5.577730e-06,3.930840e+02,4.002370e+02,3.930840e-01,4.002370e-01,1.000000e-09,15,2,true
3,sine,W-exact,w_exact,w,exact,1.40,mg_exact,cuda,double,383,7,3.133164e-11,1.972025e-06,5.577730e-06,4.291320e+02,4.382240e+02,4.291320e-01,4.382240e-01,1.000000e-09,15,2,true
3,sine,W-exact,w_exact,w,exact,1.45,mg_exact,cuda,double,383,7,5.244648e-10,1.972025e-06,5.577730e-06,4.335780e+02,4.452600e+02,4.335780e-01,4.452600e-01,1.000000e-09,15,2,true
3,sine,W-exact,w_exact,w,exact,1.50,mg_exact,cuda,double,383,8,6.255739e-10,1.972025e-06,5.577730e-06,4.683740e+02,4.766670e+02,4.683740e-01,4.766670e-01,1.000000e-09,15,2,true
3,sine,W-SOR,w_sor,w,sor,1.00,mg_sor,cuda,double,383,3,9.299103e-10,1.972025e-06,5.577729e-06,2.730610e+02,2.915220e+02,2.730610e-01,2.915220e-01,1.000000e-09,15,2,true
3,sine,W-SOR,w_sor,w,sor,1.05,mg_sor,cuda,double,383,3,1.841271e-11,1.972025e-06,5.577730e-06,2.649520e+02,2.729860e+02,2.649520e-01,2.729860e-01,1.000000e-09,15,2,true
3,sine,W-SOR,w_sor,w,sor,1.10,mg_sor,cuda,double,383,3,1.366124e-10,1.972025e-06,5.577730e-06,2.572810e+02,2.697510e+02,2.572810e-01,2.697510e-01,1.000000e-09,15,2,true
3,sine,W-SOR,w_sor,w,sor,1.15,mg_sor,cuda,double,383,4,6.219978e-12,1.972025e-06,5.577730e-06,2.955830e+02,3.065680e+02,2.955830e-01,3.065680e-01,1.000000e-09,15,2,true
3,sine,W-SOR,w_sor,w,sor,1.20,mg_sor,cuda,double,383,4,8.917766e-11,1.972025e-06,5.577730e-06,2.921680e+02,3.112900e+02,2.921680e-01,3.112900e-01,1.000000e-09,15,2,true
3,sine,W-SOR,w_sor,w,sor,1.25,mg_sor,cuda,double,383,5,1.168605e-11,1.972025e-06,5.577730e-06,3.484120e+02,3.561600e+02,3.484120e-01,3.561600e-01,1.000000e-09,15,2,true
3,sine,W-SOR,w_sor,w,sor,1.30,mg_sor,cuda,double,383,5,4.130975e-10,1.972025e-06,5.577730e-06,3.443150e+02,3.523320e+02,3.443150e-01,3.523320e-01,1.000000e-09,15,2,true
3,sine,W-SOR,w_sor,w,sor,1.35,mg_sor,cuda,double,383,6,9.127234e-11,1.972025e-06,5.577730e-06,3.788150e+02,3.935040e+02,3.788150e-01,3.935040e-01,1.000000e-09,15,2,true
3,sine,W-SOR,w_sor,w,sor,1.40,mg_sor,cuda,double,383,7,3.133609e-11,1.972025e-06,5.577730e-06,4.295900e+02,4.379800e+02,4.295900e-01,4.379800e-01,1.000000e-09,15,2,true
3,sine,W-SOR,w_sor,w,sor,1.45,mg_sor,cuda,double,383,7,5.244702e-10,1.972025e-06,5.577730e-06,4.225290e+02,4.322680e+02,4.225290e-01,4.322680e-01,1.000000e-09,15,2,true
3,sine,W-SOR,w_sor,w,sor,1.50,mg_sor,cuda,double,383,8,6.255734e-10,1.972025e-06,5.577730e-06,4.613900e+02,4.697060e+02,4.613900e-01,4.697060e-01,1.000000e-09,15,2,true
3,mixed_sine,V-exact,v_exact,v,exact,1.00,mg_exact,cuda,double,383,10,4.276631e-10,2.400501e-05,6.789643e-05,4.611260e+02,4.665990e+02,4.611260e-01,4.665990e-01,1.000000e-09,15,2,true
3,mixed_sine,V-exact,v_exact,v,exact,1.05,mg_exact,cuda,double,383,9,9.699632e-10,2.400489e-05,6.789607e-05,4.327690e+02,4.509280e+02,4.327690e-01,4.509280e-01,1.000000e-09,15,2,true
3,mixed_sine,V-exact,v_exact,v,exact,1.10,mg_exact,cuda,double,383,9,1.989183e-10,2.400507e-05,6.789660e-05,4.390110e+02,4.430750e+02,4.390110e-01,4.430750e-01,1.000000e-09,15,2,true
3,mixed_sine,V-exact,v_exact,v,exact,1.15,mg_exact,cuda,double,383,8,4.592155e-10,2.400503e-05,6.789647e-05,4.361380e+02,4.415060e+02,4.361380e-01,4.415060e-01,1.000000e-09,15,2,true
3,mixed_sine,V-exact,v_exact,v,exact,1.20,mg_exact,cuda,double,383,8,4.981603e-11,2.400511e-05,6.789670e-05,3.997860e+02,4.064520e+02,3.997860e-01,4.064520e-01,1.000000e-09,15,2,true
3,mixed_sine,V-exact,v_exact,v,exact,1.25,mg_exact,cuda,double,383,7,5.934578e-11,2.400511e-05,6.789671e-05,3.815650e+02,3.860970e+02,3.815650e-01,3.860970e-01,1.000000e-09,15,2,true
3,mixed_sine,V-exact,v_exact,v,exact,1.30,mg_exact,cuda,double,383,6,4.439238e-11,2.400512e-05,6.789672e-05,3.283520e+02,3.428670e+02,3.283520e-01,3.428670e-01,1.000000e-09,15,2,true
3,mixed_sine,V-exact,v_exact,v,exact,1.35,mg_exact,cuda,double,383,7,5.230643e-11,2.400512e-05,6.789672e-05,3.582130e+02,3.628090e+02,3.582130e-01,3.628090e-01,1.000000e-09,15,2,true
3,mixed_sine,V-exact,v_exact,v,exact,1.40,mg_exact,cuda,double,383,8,7.845831e-11,2.400512e-05,6.789672e-05,4.068110e+02,4.113210e+02,4.068110e-01,4.113210e-01,1.000000e-09,15,2,true
3,mixed_sine,V-exact,v_exact,v,exact,1.45,mg_exact,cuda,double,383,9,1.561091e-10,2.400512e-05,6.789674e-05,4.286100e+02,4.334600e+02,4.286100e-01,4.334600e-01,1.000000e-09,15,2,true
3,mixed_sine,V-exact,v_exact,v,exact,1.50,mg_exact,cuda,double,383,10,3.816624e-10,2.400510e-05,6.789667e-05,4.692190e+02,4.741170e+02,4.692190e-01,4.741170e-01,1.000000e-09,15,2,true
3,mixed_sine,V-SOR,v_sor,v,sor,1.00,mg_sor,cuda,double,383,10,4.276631e-10,2.400501e-05,6.789643e-05,4.767410e+02,4.915940e+02,4.767410e-01,4.915940e-01,1.000000e-09,15,2,true
3,mixed_sine,V-SOR,v_sor,v,sor,1.05,mg_sor,cuda,double,383,9,9.699632e-10,2.400489e-05,6.789607e-05,4.193400e+02,4.247640e+02,4.193400e-01,4.247640e-01,1.000000e-09,15,2,true
3,mixed_sine,V-SOR,v_sor,v,sor,1.10,mg_sor,cuda,double,383,9,1.989183e-10,2.400507e-05,6.789660e-05,4.289520e+02,4.364150e+02,4.289520e-01,4.364150e-01,1.000000e-09,15,2,true
3,mixed_sine,V-SOR,v_sor,v,sor,1.15,mg_sor,cuda,double,383,8,4.592155e-10,2.400503e-05,6.789647e-05,4.515820e+02,4.560410e+02,4.515820e-01,4.560410e-01,1.000000e-09,15,2,true
3,mixed_sine,V-SOR,v_sor,v,sor,1.20,mg_sor,cuda,double,383,8,4.981603e-11,2.400511e-05,6.789670e-05,4.088650e+02,4.137430e+02,4.088650e-01,4.137430e-01,1.000000e-09,15,2,true
3,mixed_sine,V-SOR,v_sor,v,sor,1.25,mg_sor,cuda,double,383,7,5.934578e-11,2.400511e-05,6.789671e-05,3.855020e+02,3.906870e+02,3.855020e-01,3.906870e-01,1.000000e-09,15,2,true
3,mixed_sine,V-SOR,v_sor,v,sor,1.30,mg_sor,cuda,double,383,6,4.439238e-11,2.400512e-05,6.789672e-05,3.508560e+02,3.567230e+02,3.508560e-01,3.567230e-01,1.000000e-09,15,2,true
3,mixed_sine,V-SOR,v_sor,v,sor,1.35,mg_sor,cuda,double,383,7,5.230639e-11,2.400512e-05,6.789672e-05,4.141880e+02,4.197230e+02,4.141880e-01,4.197230e-01,1.000000e-09,15,2,true
3,mixed_sine,V-SOR,v_sor,v,sor,1.40,mg_sor,cuda,double,383,8,7.845835e-11,2.400512e-05,6.789672e-05,3.878040e+02,4.007800e+02,3.878040e-01,4.007800e-01,1.000000e-09,15,2,true
3,mixed_sine,V-SOR,v_sor,v,sor,1.45,mg_sor,cuda,double,383,9,1.561091e-10,2.400512e-05,6.789674e-05,4.277570e+02,4.366470e+02,4.277570e-01,4.366470e-01,1.000000e-09,15,2,true
3,mixed_sine,V-SOR,v_sor,v,sor,1.50,mg_sor,cuda,double,383,10,3.816626e-10,2.400510e-05,6.789667e-05,4.646400e+02,4.720380e+02,4.646400e-01,4.720380e-01,1.000000e-09,15,2,true
3,mixed_sine,W-exact,w_exact,w,exact,1.00,mg_exact,cuda,double,383,4,1.462740e-10,2.400512e-05,6.789672e-05,3.466200e+02,3.863880e+02,3.466200e-01,3.863880e-01,1.000000e-09,15,2,true
3,mixed_sine,W-exact,w_exact,w,exact,1.05,mg_exact,cuda,double,383,4,1.892461e-12,2.400512e-05,6.789672e-05,2.999140e+02,3.075050e+02,2.999140e-01,3.075050e-01,1.000000e-09,15,2,true
3,mixed_sine,W-exact,w_exact,w,exact,1.10,mg_exact,cuda,double,383,4,4.770327e-12,2.400512e-05,6.789672e-05,3.146810e+02,3.450850e+02,3.146810e-01,3.450850e-01,1.000000e-09,15,2,true
3,mixed_sine,W-exact,w_exact,w,exact,1.15,mg_exact,cuda,double,383,4,3.192168e-12,2.400512e-05,6.789672e-05,3.213140e+02,3.304470e+02,3.213140e-01,3.304470e-01,1.000000e-09,15,2,true
3,mixed_sine,W-exact,w_exact,w,exact,1.20,mg_exact,cuda,double,383,4,8.486809e-11,2.400512e-05,6.789672e-05,3.051850e+02,3.138270e+02,3.051850e-01,3.138270e-01,1.000000e-09,15,2,true
3,mixed_sine,W-exact,w_exact,w,exact,1.25,mg_exact,cuda,double,383,5,9.931418e-12,2.400512e-05,6.789672e-05,3.533510e+02,3.641000e+02,3.533510e-01,3.641000e-01,1.000000e-09,15,2,true
3,mixed_sine,W-exact,w_exact,w,exact,1.30,mg_exact,cuda,double,383,5,4.267063e-10,2.400512e-05,6.789672e-05,3.509300e+02,3.659150e+02,3.509300e-01,3.659150e-01,1.000000e-09,15,2,true
3,mixed_sine,W-exact,w_exact,w,exact,1.35,mg_exact,cuda,double,383,6,9.625139e-11,2.400512e-05,6.789672e-05,3.861850e+02,3.961450e+02,3.861850e-01,3.961450e-01,1.000000e-09,15,2,true
3,mixed_sine,W-exact,w_exact,w,exact,1.40,mg_exact,cuda,double,383,7,3.283139e-11,2.400512e-05,6.789672e-05,4.451950e+02,4.718370e+02,4.451950e-01,4.718370e-01,1.000000e-09,15,2,true
3,mixed_sine,W-exact,w_exact,w,exact,1.45,mg_exact,cuda,double,383,7,5.799847e-10,2.400512e-05,6.789672e-05,4.329190e+02,4.556210e+02,4.329190e-01,4.556210e-01,1.000000e-09,15,2,true
3,mixed_sine,W-exact,w_exact,w,exact,1.50,mg_exact,cuda,double,383,8,7.043991e-10,2.400512e-05,6.789672e-05,4.663650e+02,4.854920e+02,4.663650e-01,4.854920e-01,1.000000e-09,15,2,true
3,mixed_sine,W-SOR,w_sor,w,sor,1.00,mg_sor,cuda,double,383,4,1.462740e-10,2.400512e-05,6.789672e-05,3.090890e+02,3.173500e+02,3.090890e-01,3.173500e-01,1.000000e-09,15,2,true
3,mixed_sine,W-SOR,w_sor,w,sor,1.05,mg_sor,cuda,double,383,4,1.892461e-12,2.400512e-05,6.789672e-05,3.046100e+02,3.124930e+02,3.046100e-01,3.124930e-01,1.000000e-09,15,2,true
3,mixed_sine,W-SOR,w_sor,w,sor,1.10,mg_sor,cuda,double,383,4,4.770327e-12,2.400512e-05,6.789672e-05,3.042700e+02,3.282760e+02,3.042700e-01,3.282760e-01,1.000000e-09,15,2,true
3,mixed_sine,W-SOR,w_sor,w,sor,1.15,mg_sor,cuda,double,383,4,3.192168e-12,2.400512e-05,6.789672e-05,2.976070e+02,3.074500e+02,2.976070e-01,3.074500e-01,1.000000e-09,15,2,true
3,mixed_sine,W-SOR,w_sor,w,sor,1.20,mg_sor,cuda,double,383,4,8.486809e-11,2.400512e-05,6.789672e-05,2.977350e+02,3.057440e+02,2.977350e-01,3.057440e-01,1.000000e-09,15,2,true
3,mixed_sine,W-SOR,w_sor,w,sor,1.25,mg_sor,cuda,double,383,5,9.931418e-12,2.400512e-05,6.789672e-05,3.464420e+02,3.888510e+02,3.464420e-01,3.888510e-01,1.000000e-09,15,2,true
3,mixed_sine,W-SOR,w_sor,w,sor,1.30,mg_sor,cuda,double,383,5,4.267063e-10,2.400512e-05,6.789672e-05,3.377010e+02,3.628990e+02,3.377010e-01,3.628990e-01,1.000000e-09,15,2,true
3,mixed_sine,W-SOR,w_sor,w,sor,1.35,mg_sor,cuda,double,383,6,9.625139e-11,2.400512e-05,6.789672e-05,3.993530e+02,4.109780e+02,3.993530e-01,4.109780e-01,1.000000e-09,15,2,true
3,mixed_sine,W-SOR,w_sor,w,sor,1.40,mg_sor,cuda,double,383,7,3.283149e-11,2.400512e-05,6.789672e-05,4.325260e+02,4.440790e+02,4.325260e-01,4.440790e-01,1.000000e-09,15,2,true
3,mixed_sine,W-SOR,w_sor,w,sor,1.45,mg_sor,cuda,double,383,7,5.799848e-10,2.400512e-05,6.789672e-05,4.476890e+02,4.583250e+02,4.476890e-01,4.583250e-01,1.000000e-09,15,2,true
3,mixed_sine,W-SOR,w_sor,w,sor,1.50,mg_sor,cuda,double,383,8,7.043989e-10,2.400512e-05,6.789672e-05,4.602640e+02,4.725960e+02,4.602640e-01,4.725960e-01,1.000000e-09,15,2,true
3,bubble,V-exact,v_exact,v,exact,1.00,mg_exact,cuda,double,383,10,7.955179e-10,3.550149e-12,9.940685e-12,4.514410e+02,4.564330e+02,4.514410e-01,4.564330e-01,1.000000e-09,15,2,true
3,bubble,V-exact,v_exact,v,exact,1.05,mg_exact,cuda,double,383,10,1.990090e-10,8.548759e-13,2.400352e-12,4.453240e+02,4.506520e+02,4.453240e-01,4.506520e-01,1.000000e-09,15,2,true
3,bubble,V-exact,v_exact,v,exact,1.10,mg_exact,cuda,double,383,9,4.326162e-10,1.736525e-12,4.878832e-12,4.191720e+02,4.242110e+02,4.191720e-01,4.242110e-01,1.000000e-09,15,2,true
3,bubble,V-exact,v_exact,v,exact,1.15,mg_exact,cuda,double,383,8,9.372439e-10,3.406038e-12,9.579674e-12,4.154240e+02,4.198170e+02,4.154240e-01,4.198170e-01,1.000000e-09,15,2,true
3,bubble,V-exact,v_exact,v,exact,1.20,mg_exact,cuda,double,383,8,9.719463e-11,3.013902e-13,8.502990e-13,4.021590e+02,4.138060e+02,4.021590e-01,4.138060e-01,1.000000e-09,15,2,true
3,bubble,V-exact,v_exact,v,exact,1.25,mg_exact,cuda,double,383,7,9.622452e-11,2.104414e-13,5.944082e-13,3.571990e+02,3.635260e+02,3.571990e-01,3.635260e-01,1.000000e-09,15,2,true
3,bubble,V-exact,v_exact,v,exact,1.30,mg_exact,cuda,double,383,6,4.092796e-10,1.160757e-14,3.090930e-14,3.258050e+02,3.334640e+02,3.258050e-01,3.334640e-01,1.000000e-09,15,2,true
3,bubble,V-exact,v_exact,v,exact,1.35,mg_exact,cuda,double,383,7,3.948924e-10,1.038317e-14,2.883761e-14,3.539080e+02,3.602720e+02,3.539080e-01,3.602720e-01,1.000000e-09,15,2,true
3,bubble,V-exact,v_exact,v,exact,1.40,mg_exact,cuda,double,383,8,4.365812e-10,3.327783e-14,5.779665e-14,3.831000e+02,3.876420e+02,3.831000e-01,3.876420e-01,1.000000e-09,15,2,true
3,bubble,V-exact,v_exact,v,exact,1.45,mg_exact,cuda,double,383,9,6.072856e-10,1.482386e-13,2.706203e-13,4.094450e+02,4.260060e+02,4.094450e-01,4.260060e-01,1.000000e-09,15,2,true
3,bubble,V-exact,v_exact,v,exact,1.50,mg_exact,cuda,double,383,11,1.205928e-10,4.903826e-14,8.933305e-14,4.766160e+02,4.836120e+02,4.766160e-01,4.836120e-01,1.000000e-09,15,2,true
3,bubble,V-SOR,v_sor,v,sor,1.00,mg_sor,cuda,double,383,10,7.955162e-10,3.550144e-12,9.940639e-12,4.553400e+02,4.689660e+02,4.553400e-01,4.689660e-01,1.000000e-09,15,2,true
3,bubble,V-SOR,v_sor,v,sor,1.05,mg_sor,cuda,double,383,10,1.990079e-10,8.548762e-13,2.400377e-12,4.641500e+02,4.719390e+02,4.641500e-01,4.719390e-01,1.000000e-09,15,2,true
3,bubble,V-SOR,v_sor,v,sor,1.10,mg_sor,cuda,double,383,9,4.326152e-10,1.736528e-12,4.878866e-12,4.164980e+02,4.213710e+02,4.164980e-01,4.213710e-01,1.000000e-09,15,2,true
3,bubble,V-SOR,v_sor,v,sor,1.15,mg_sor,cuda,double,383,8,9.372410e-10,3.406027e-12,9.579639e-12,3.836080e+02,3.949740e+02,3.836080e-01,3.949740e-01,1.000000e-09,15,2,true
3,bubble,V-SOR,v_sor,v,sor,1.20,mg_sor,cuda,double,383,8,9.719540e-11,3.013847e-13,8.502643e-13,3.837300e+02,3.925250e+02,3.837300e-01,3.925250e-01,1.000000e-09,15,2,true
3,bubble,V-SOR,v_sor,v,sor,1.25,mg_sor,cuda,double,383,7,9.622693e-11,2.104437e-13,5.944099e-13,3.565500e+02,3.615120e+02,3.565500e-01,3.615120e-01,1.000000e-09,15,2,true
3,bubble,V-SOR,v_sor,v,sor,1.30,mg_sor,cuda,double,383,6,4.092793e-10,1.158912e-14,3.083818e-14,3.259530e+02,3.321530e+02,3.259530e-01,3.321530e-01,1.000000e-09,15,2,true
3,bubble,V-SOR,v_sor,v,sor,1.35,mg_sor,cuda,double,383,7,3.948924e-10,1.038340e-14,2.883631e-14,3.597180e+02,3.650340e+02,3.597180e-01,3.650340e-01,1.000000e-09,15,2,true
3,bubble,V-SOR,v_sor,v,sor,1.40,mg_sor,cuda,double,383,8,4.365804e-10,3.327225e-14,5.778537e-14,3.898960e+02,4.033290e+02,3.898960e-01,4.033290e-01,1.000000e-09,15,2,true
3,bubble,V-SOR,v_sor,v,sor,1.45,mg_sor,cuda,double,383,9,6.072848e-10,1.482436e-13,2.706186e-13,4.137570e+02,4.467530e+02,4.137570e-01,4.467530e-01,1.000000e-09,15,2,true
3,bubble,V-SOR,v_sor,v,sor,1.50,mg_sor,cuda,double,383,11,1.205909e-10,4.903400e-14,8.930877e-14,4.662240e+02,4.726490e+02,4.662240e-01,4.726490e-01,1.000000e-09,15,2,true
3,bubble,W-exact,w_exact,w,exact,1.00,mg_exact,cuda,double,383,6,5.735012e-10,9.173537e-16,6.389203e-15,3.819600e+02,3.915790e+02,3.819600e-01,3.915790e-01,1.000000e-09,15,2,true
3,bubble,W-exact,w_exact,w,exact,1.05,mg_exact,cuda,double,383,6,8.501030e-11,6.170196e-16,1.922074e-15,3.889350e+02,3.972830e+02,3.889350e-01,3.972830e-01,1.000000e-09,15,2,true
3,bubble,W-exact,w_exact,w,exact,1.10,mg_exact,cuda,double,383,5,5.032383e-10,1.123168e-15,8.420348e-15,3.762820e+02,3.856480e+02,3.762820e-01,3.856480e-01,1.000000e-09,15,2,true
3,bubble,W-exact,w_exact,w,exact,1.15,mg_exact,cuda,double,383,5,1.345750e-10,5.555670e-16,1.771695e-15,3.532190e+02,3.635650e+02,3.532190e-01,3.635650e-01,1.000000e-09,15,2,true
3,bubble,W-exact,w_exact,w,exact,1.20,mg_exact,cuda,double,383,5,1.887085e-11,5.149157e-16,1.687886e-15,3.437350e+02,3.526990e+02,3.437350e-01,3.526990e-01,1.000000e-09,15,2,true
3,bubble,W-exact,w_exact,w,exact,1.25,mg_exact,cuda,double,383,5,8.513178e-11,3.996376e-16,1.552578e-15,3.399380e+02,3.514270e+02,3.399380e-01,3.514270e-01,1.000000e-09,15,2,true
3,bubble,W-exact,w_exact,w,exact,1.30,mg_exact,cuda,double,383,6,2.631747e-11,3.861495e-16,1.335737e-15,3.819680e+02,3.993880e+02,3.819680e-01,3.993880e-01,1.000000e-09,15,2,true
3,bubble,W-exact,w_exact,w,exact,1.35,mg_exact,cuda,double,383,6,2.491471e-10,1.924183e-16,1.317875e-15,3.710750e+02,3.848450e+02,3.710750e-01,3.848450e-01,1.000000e-09,15,2,true
3,bubble,W-exact,w_exact,w,exact,1.40,mg_exact,cuda,double,383,7,8.516423e-11,1.065685e-16,4.546060e-16,4.249350e+02,4.411290e+02,4.249350e-01,4.411290e-01,1.000000e-09,15,2,true
3,bubble,W-exact,w_exact,w,exact,1.45,mg_exact,cuda,double,383,7,8.189780e-10,6.925749e-16,3.426729e-15,4.098760e+02,4.256190e+02,4.098760e-01,4.256190e-01,1.000000e-09,15,2,true
3,bubble,W-exact,w_exact,w,exact,1.50,mg_exact,cuda,double,383,8,7.589758e-10,3.729630e-16,2.265115e-15,4.580280e+02,4.694830e+02,4.580280e-01,4.694830e-01,1.000000e-09,15,2,true
3,bubble,W-SOR,w_sor,w,sor,1.00,mg_sor,cuda,double,383,6,5.735012e-10,9.189095e-16,6.389122e-15,3.639590e+02,3.714450e+02,3.639590e-01,3.714450e-01,1.000000e-09,15,2,true
3,bubble,W-SOR,w_sor,w,sor,1.05,mg_sor,cuda,double,383,6,8.501035e-11,6.134392e-16,1.923808e-15,3.692930e+02,3.921110e+02,3.692930e-01,3.921110e-01,1.000000e-09,15,2,true
3,bubble,W-SOR,w_sor,w,sor,1.10,mg_sor,cuda,double,383,5,5.032385e-10,1.126396e-15,8.419860e-15,3.321840e+02,3.403680e+02,3.321840e-01,3.403680e-01,1.000000e-09,15,2,true
3,bubble,W-SOR,w_sor,w,sor,1.15,mg_sor,cuda,double,383,5,1.345749e-10,5.638918e-16,1.771586e-15,3.372660e+02,3.554890e+02,3.372660e-01,3.554890e-01,1.000000e-09,15,2,true
3,bubble,W-SOR,w_sor,w,sor,1.20,mg_sor,cuda,double,383,5,1.887227e-11,4.573235e-16,1.438086e-15,3.317210e+02,3.434790e+02,3.317210e-01,3.434790e-01,1.000000e-09,15,2,true
3,bubble,W-SOR,w_sor,w,sor,1.25,mg_sor,cuda,double,383,5,8.513185e-11,3.846807e-16,1.413800e-15,3.262820e+02,3.375920e+02,3.262820e-01,3.375920e-01,1.000000e-09,15,2,true
3,bubble,W-SOR,w_sor,w,sor,1.30,mg_sor,cuda,double,383,6,2.631697e-11,3.567123e-16,1.254205e-15,3.650570e+02,3.790220e+02,3.650570e-01,3.790220e-01,1.000000e-09,15,2,true
3,bubble,W-SOR,w_sor,w,sor,1.35,mg_sor,cuda,double,383,6,2.491469e-10,1.932839e-16,1.317766e-15,3.661170e+02,3.746320e+02,3.661170e-01,3.746320e-01,1.000000e-09,15,2,true
3,bubble,W-SOR,w_sor,w,sor,1.40,mg_sor,cuda,double,383,7,8.516295e-11,8.265965e-17,4.527086e-16,4.131500e+02,4.315580e+02,4.131500e-01,4.315580e-01,1.000000e-09,15,2,true
3,bubble,W-SOR,w_sor,w,sor,1.45,mg_sor,cuda,double,383,7,8.189782e-10,6.891175e-16,3.423043e-15,4.051670e+02,4.135040e+02,4.051670e-01,4.135040e-01,1.000000e-09,15,2,true
3,bubble,W-SOR,w_sor,w,sor,1.50,mg_sor,cuda,double,383,8,7.589749e-10,3.711629e-16,2.261646e-15,4.335480e+02,4.487250e+02,4.335480e-01,4.487250e-01,1.000000e-09,15,2,true
3,exp,V-exact,v_exact,v,exact,1.00,mg_exact,cuda,double,383,12,4.078347e-10,2.093808e-07,4.954073e-07,5.109540e+02,5.149110e+02,5.109540e-01,5.149110e-01,1.000000e-09,15,2,true
3,exp,V-exact,v_exact,v,exact,1.05,mg_exact,cuda,double,383,11,6.000382e-10,2.093594e-07,4.953499e-07,5.032520e+02,5.188290e+02,5.032520e-01,5.188290e-01,1.000000e-09,15,2,true
3,exp,V-exact,v_exact,v,exact,1.10,mg_exact,cuda,double,383,10,9.599290e-10,2.093245e-07,4.952557e-07,4.770750e+02,4.817870e+02,4.770750e-01,4.817870e-01,1.000000e-09,15,2,true
3,exp,V-exact,v_exact,v,exact,1.15,mg_exact,cuda,double,383,10,9.694782e-11,2.094010e-07,4.954611e-07,4.696730e+02,4.749580e+02,4.696730e-01,4.749580e-01,1.000000e-09,15,2,true
3,exp,V-exact,v_exact,v,exact,1.20,mg_exact,cuda,double,383,9,9.863820e-11,2.094016e-07,4.954626e-07,4.216990e+02,4.265760e+02,4.216990e-01,4.265760e-01,1.000000e-09,15,2,true
3,exp,V-exact,v_exact,v,exact,1.25,mg_exact,cuda,double,383,8,1.082188e-10,2.094065e-07,4.954761e-07,3.851680e+02,3.930930e+02,3.851680e-01,3.930930e-01,1.000000e-09,15,2,true
3,exp,V-exact,v_exact,v,exact,1.30,mg_exact,cuda,double,383,9,1.117688e-10,2.094104e-07,4.954866e-07,4.765810e+02,4.868890e+02,4.765810e-01,4.868890e-01,1.000000e-09,15,2,true
3,exp,V-exact,v_exact,v,exact,1.35,mg_exact,cuda,double,383,10,1.115594e-10,2.094103e-07,4.954864e-07,4.575390e+02,4.630860e+02,4.575390e-01,4.630860e-01,1.000000e-09,15,2,true
3,exp,V-exact,v_exact,v,exact,1.40,mg_exact,cuda,double,383,11,1.689300e-10,2.094103e-07,4.954862e-07,4.779570e+02,4.870420e+02,4.779570e-01,4.870420e-01,1.000000e-09,15,2,true
3,exp,V-exact,v_exact,v,exact,1.45,mg_exact,cuda,double,383,12,3.826741e-10,2.094102e-07,4.954863e-07,5.134440e+02,5.191710e+02,5.134440e-01,5.191710e-01,1.000000e-09,15,2,true
3,exp,V-exact,v_exact,v,exact,1.50,mg_exact,cuda,double,383,14,1.524498e-10,2.094102e-07,4.954863e-07,5.707390e+02,5.787340e+02,5.707390e-01,5.787340e-01,1.000000e-09,15,2,true
3,exp,V-SOR,v_sor,v,sor,1.00,mg_sor,cuda,double,383,12,4.078594e-10,2.093808e-07,4.954073e-07,5.136430e+02,5.289530e+02,5.136430e-01,5.289530e-01,1.000000e-09,15,2,true
3,exp,V-SOR,v_sor,v,sor,1.05,mg_sor,cuda,double,383,11,5.999988e-10,2.093594e-07,4.953499e-07,4.972550e+02,5.144040e+02,4.972550e-01,5.144040e-01,1.000000e-09,15,2,true
3,exp,V-SOR,v_sor,v,sor,1.10,mg_sor,cuda,double,383,10,9.599292e-10,2.093245e-07,4.952557e-07,4.560690e+02,4.605690e+02,4.560690e-01,4.605690e-01,1.000000e-09,15,2,true
3,exp,V-SOR,v_sor,v,sor,1.15,mg_sor,cuda,double,383,10,9.699181e-11,2.094010e-07,4.954611e-07,4.498020e+02,4.589680e+02,4.498020e-01,4.589680e-01,1.000000e-09,15,2,true
3,exp,V-SOR,v_sor,v,sor,1.20,mg_sor,cuda,double,383,9,9.860383e-11,2.094016e-07,4.954626e-07,4.217160e+02,4.267120e+02,4.217160e-01,4.267120e-01,1.000000e-09,15,2,true
3,exp,V-SOR,v_sor,v,sor,1.25,mg_sor,cuda,double,383,8,1.082387e-10,2.094065e-07,4.954761e-07,3.980450e+02,4.073490e+02,3.980450e-01,4.073490e-01,1.000000e-09,15,2,true
3,exp,V-SOR,v_sor,v,sor,1.30,mg_sor,cuda,double,383,9,1.117610e-10,2.094104e-07,4.954866e-07,4.183440e+02,4.231540e+02,4.183440e-01,4.231540e-01,1.000000e-09,15,2,true
3,exp,V-SOR,v_sor,v,sor,1.35,mg_sor,cuda,double,383,10,1.115678e-10,2.094103e-07,4.954864e-07,4.928030e+02,4.985070e+02,4.928030e-01,4.985070e-01,1.000000e-09,15,2,true
3,exp,V-SOR,v_sor,v,sor,1.40,mg_sor,cuda,double,383,11,1.689154e-10,2.094103e-07,4.954862e-07,4.795280e+02,5.091440e+02,4.795280e-01,5.091440e-01,1.000000e-09,15,2,true
3,exp,V-SOR,v_sor,v,sor,1.45,mg_sor,cuda,double,383,12,3.826543e-10,2.094102e-07,4.954863e-07,5.293760e+02,5.340520e+02,5.293760e-01,5.340520e-01,1.000000e-09,15,2,true
3,exp,V-SOR,v_sor,v,sor,1.50,mg_sor,cuda,double,383,14,1.524645e-10,2.094102e-07,4.954863e-07,5.754320e+02,5.811530e+02,5.754320e-01,5.811530e-01,1.000000e-09,15,2,true
3,exp,W-exact,w_exact,w,exact,1.00,mg_exact,cuda,double,383,11,7.967550e-11,2.094106e-07,4.954871e-07,5.767110e+02,5.847370e+02,5.767110e-01,5.847370e-01,1.000000e-09,15,2,true
3,exp,W-exact,w_exact,w,exact,1.05,mg_exact,cuda,double,383,10,1.647440e-10,2.094106e-07,4.954870e-07,5.477300e+02,5.570400e+02,5.477300e-01,5.570400e-01,1.000000e-09,15,2,true
3,exp,W-exact,w_exact,w,exact,1.10,mg_exact,cuda,double,383,9,4.312567e-10,2.094106e-07,4.954870e-07,5.023930e+02,5.110630e+02,5.023930e-01,5.110630e-01,1.000000e-09,15,2,true
3,exp,W-exact,w_exact,w,exact,1.15,mg_exact,cuda,double,383,9,6.594931e-11,2.094106e-07,4.954870e-07,5.136010e+02,5.327130e+02,5.136010e-01,5.327130e-01,1.000000e-09,15,2,true
3,exp,W-exact,w_exact,w,exact,1.20,mg_exact,cuda,double,383,8,9.553222e-11,2.094105e-07,4.954869e-07,4.690730e+02,4.787570e+02,4.690730e-01,4.787570e-01,1.000000e-09,15,2,true
3,exp,W-exact,w_exact,w,exact,1.25,mg_exact,cuda,double,383,8,7.783278e-11,2.094105e-07,4.954869e-07,4.776990e+02,5.016210e+02,4.776990e-01,5.016210e-01,1.000000e-09,15,2,true
3,exp,W-exact,w_exact,w,exact,1.30,mg_exact,cuda,double,383,9,8.704812e-11,2.094105e-07,4.954867e-07,5.405320e+02,5.493610e+02,5.405320e-01,5.493610e-01,1.000000e-09,15,2,true
3,exp,W-exact,w_exact,w,exact,1.35,mg_exact,cuda,double,383,10,8.505966e-11,2.094104e-07,4.954866e-07,5.364300e+02,5.710910e+02,5.364300e-01,5.710910e-01,1.000000e-09,15,2,true
3,exp,W-exact,w_exact,w,exact,1.40,mg_exact,cuda,double,383,11,9.206986e-11,2.094104e-07,4.954865e-07,5.972110e+02,6.049880e+02,5.972110e-01,6.049880e-01,1.000000e-09,15,2,true
3,exp,W-exact,w_exact,w,exact,1.45,mg_exact,cuda,double,383,12,1.167049e-10,2.094104e-07,4.954865e-07,6.222710e+02,6.306640e+02,6.222710e-01,6.306640e-01,1.000000e-09,15,2,true
3,exp,W-exact,w_exact,w,exact,1.50,mg_exact,cuda,double,383,13,2.190038e-10,2.094103e-07,4.954863e-07,6.674820e+02,6.746830e+02,6.674820e-01,6.746830e-01,1.000000e-09,15,2,true
3,exp,W-SOR,w_sor,w,sor,1.00,mg_sor,cuda,double,383,11,7.965785e-11,2.094106e-07,4.954871e-07,5.701580e+02,5.803900e+02,5.701580e-01,5.803900e-01,1.000000e-09,15,2,true
3,exp,W-SOR,w_sor,w,sor,1.05,mg_sor,cuda,double,383,10,1.647462e-10,2.094106e-07,4.954870e-07,5.372590e+02,5.488410e+02,5.372590e-01,5.488410e-01,1.000000e-09,15,2,true
3,exp,W-SOR,w_sor,w,sor,1.10,mg_sor,cuda,double,383,9,4.312546e-10,2.094106e-07,4.954870e-07,4.877190e+02,4.957110e+02,4.877190e-01,4.957110e-01,1.000000e-09,15,2,true
3,exp,W-SOR,w_sor,w,sor,1.15,mg_sor,cuda,double,383,9,6.591799e-11,2.094106e-07,4.954870e-07,5.012240e+02,5.091240e+02,5.012240e-01,5.091240e-01,1.000000e-09,15,2,true
3,exp,W-SOR,w_sor,w,sor,1.20,mg_sor,cuda,double,383,8,9.555722e-11,2.094105e-07,4.954869e-07,4.527430e+02,4.627240e+02,4.527430e-01,4.627240e-01,1.000000e-09,15,2,true
3,exp,W-SOR,w_sor,w,sor,1.25,mg_sor,cuda,double,383,8,7.781063e-11,2.094105e-07,4.954869e-07,4.796600e+02,4.895080e+02,4.796600e-01,4.895080e-01,1.000000e-09,15,2,true
3,exp,W-SOR,w_sor,w,sor,1.30,mg_sor,cuda,double,383,9,8.705140e-11,2.094105e-07,4.954867e-07,4.909310e+02,5.022660e+02,4.909310e-01,5.022660e-01,1.000000e-09,15,2,true
3,exp,W-SOR,w_sor,w,sor,1.35,mg_sor,cuda,double,383,10,8.507341e-11,2.094104e-07,4.954866e-07,5.233520e+02,5.310820e+02,5.233520e-01,5.310820e-01,1.000000e-09,15,2,true
3,exp,W-SOR,w_sor,w,sor,1.40,mg_sor,cuda,double,383,11,9.205636e-11,2.094104e-07,4.954865e-07,5.714880e+02,5.818970e+02,5.714880e-01,5.818970e-01,1.000000e-09,15,2,true
3,exp,W-SOR,w_sor,w,sor,1.45,mg_sor,cuda,double,383,12,1.167157e-10,2.094104e-07,4.954865e-07,6.045660e+02,6.141390e+02,6.045660e-01,6.141390e-01,1.000000e-09,15,2,true
3,exp,W-SOR,w_sor,w,sor,1.50,mg_sor,cuda,double,383,13,2.189816e-10,2.094103e-07,4.954863e-07,6.392490e+02,6.471620e+02,6.392490e-01,6.471620e-01,1.000000e-09,15,2,true
3,cosine,V-exact,v_exact,v,exact,1.00,mg_exact,cuda,double,383,11,7.276050e-10,3.237363e-07,8.839596e-07,4.788520e+02,4.859840e+02,4.788520e-01,4.859840e-01,1.000000e-09,15,2,true
3,cosine,V-exact,v_exact,v,exact,1.05,mg_exact,cuda,double,383,11,1.165990e-10,3.237496e-07,8.839978e-07,4.895470e+02,4.954850e+02,4.895470e-01,4.954850e-01,1.000000e-09,15,2,true
3,cosine,V-exact,v_exact,v,exact,1.10,mg_exact,cuda,double,383,10,1.925334e-10,3.237475e-07,8.839915e-07,4.506330e+02,4.637350e+02,4.506330e-01,4.637350e-01,1.000000e-09,15,2,true
3,cosine,V-exact,v_exact,v,exact,1.15,mg_exact,cuda,double,383,9,3.168050e-10,3.237445e-07,8.839822e-07,4.660680e+02,4.708330e+02,4.660680e-01,4.708330e-01,1.000000e-09,15,2,true
3,cosine,V-exact,v_exact,v,exact,1.20,mg_exact,cuda,double,383,8,4.583067e-10,3.237421e-07,8.839744e-07,3.875150e+02,3.927780e+02,3.875150e-01,3.927780e-01,1.000000e-09,15,2,true
3,cosine,V-exact,v_exact,v,exact,1.25,mg_exact,cuda,double,383,7,7.197637e-10,3.237451e-07,8.839836e-07,3.566450e+02,3.631750e+02,3.566450e-01,3.631750e-01,1.000000e-09,15,2,true
3,cosine,V-exact,v_exact,v,exact,1.30,mg_exact,cuda,double,383,8,4.078135e-10,3.237528e-07,8.840071e-07,3.970290e+02,4.069370e+02,3.970290e-01,4.069370e-01,1.000000e-09,15,2,true
3,cosine,V-exact,v_exact,v,exact,1.35,mg_exact,cuda,double,383,9,2.678101e-10,3.237528e-07,8.840071e-07,4.238260e+02,4.297990e+02,4.238260e-01,4.297990e-01,1.000000e-09,15,2,true
3,cosine,V-exact,v_exact,v,exact,1.40,mg_exact,cuda,double,383,10,2.690442e-10,3.237528e-07,8.840070e-07,4.485930e+02,4.578400e+02,4.485930e-01,4.578400e-01,1.000000e-09,15,2,true
3,cosine,V-exact,v_exact,v,exact,1.45,mg_exact,cuda,double,383,11,4.583903e-10,3.237528e-07,8.840073e-07,4.838710e+02,4.899990e+02,4.838710e-01,4.899990e-01,1.000000e-09,15,2,true
3,cosine,V-exact,v_exact,v,exact,1.50,mg_exact,cuda,double,383,13,1.232062e-10,3.237528e-07,8.840072e-07,5.449160e+02,5.527980e+02,5.449160e-01,5.527980e-01,1.000000e-09,15,2,true
3,cosine,V-SOR,v_sor,v,sor,1.00,mg_sor,cuda,double,383,11,7.276034e-10,3.237363e-07,8.839596e-07,4.911990e+02,4.971040e+02,4.911990e-01,4.971040e-01,1.000000e-09,15,2,true
3,cosine,V-SOR,v_sor,v,sor,1.05,mg_sor,cuda,double,383,11,1.165978e-10,3.237496e-07,8.839978e-07,4.888740e+02,4.932120e+02,4.888740e-01,4.932120e-01,1.000000e-09,15,2,true
3,cosine,V-SOR,v_sor,v,sor,1.10,mg_sor,cuda,double,383,10,1.925334e-10,3.237475e-07,8.839915e-07,4.687550e+02,4.753200e+02,4.687550e-01,4.753200e-01,1.000000e-09,15,2,true
3,cosine,V-SOR,v_sor,v,sor,1.15,mg_sor,cuda,double,383,9,3.168023e-10,3.237445e-07,8.839822e-07,4.227100e+02,4.277250e+02,4.227100e-01,4.277250e-01,1.000000e-09,15,2,true
3,cosine,V-SOR,v_sor,v,sor,1.20,mg_sor,cuda,double,383,8,4.583045e-10,3.237421e-07,8.839744e-07,3.987200e+02,4.049920e+02,3.987200e-01,4.049920e-01,1.000000e-09,15,2,true
3,cosine,V-SOR,v_sor,v,sor,1.25,mg_sor,cuda,double,383,7,7.197638e-10,3.237451e-07,8.839836e-07,4.167940e+02,4.216350e+02,4.167940e-01,4.216350e-01,1.000000e-09,15,2,true
3,cosine,V-SOR,v_sor,v,sor,1.30,mg_sor,cuda,double,383,8,4.078122e-10,3.237528e-07,8.840071e-07,4.021840e+02,4.076620e+02,4.021840e-01,4.076620e-01,1.000000e-09,15,2,true
3,cosine,V-SOR,v_sor,v,sor,1.35,mg_sor,cuda,double,383,9,2.678128e-10,3.237528e-07,8.840071e-07,4.196230e+02,4.245580e+02,4.196230e-01,4.245580e-01,1.000000e-09,15,2,true
3,cosine,V-SOR,v_sor,v,sor,1.40,mg_sor,cuda,double,383,10,2.690424e-10,3.237528e-07,8.840070e-07,4.475760e+02,4.580870e+02,4.475760e-01,4.580870e-01,1.000000e-09,15,2,true
3,cosine,V-SOR,v_sor,v,sor,1.45,mg_sor,cuda,double,383,11,4.583896e-10,3.237528e-07,8.840073e-07,4.971440e+02,5.012860e+02,4.971440e-01,5.012860e-01,1.000000e-09,15,2,true
3,cosine,V-SOR,v_sor,v,sor,1.50,mg_sor,cuda,double,383,13,1.232027e-10,3.237528e-07,8.840072e-07,5.497600e+02,5.552300e+02,5.497600e-01,5.552300e-01,1.000000e-09,15,2,true
3,cosine,W-exact,w_exact,w,exact,1.00,mg_exact,cuda,double,383,10,1.639838e-10,3.237528e-07,8.840071e-07,5.546390e+02,5.625990e+02,5.546390e-01,5.625990e-01,1.000000e-09,15,2,true
3,cosine,W-exact,w_exact,w,exact,1.05,mg_exact,cuda,double,383,9,4.462842e-10,3.237528e-07,8.840071e-07,5.066690e+02,5.143840e+02,5.066690e-01,5.143840e-01,1.000000e-09,15,2,true
3,cosine,W-exact,w_exact,w,exact,1.10,mg_exact,cuda,double,383,9,6.858205e-11,3.237528e-07,8.840071e-07,4.944560e+02,5.095680e+02,4.944560e-01,5.095680e-01,1.000000e-09,15,2,true
3,cosine,W-exact,w_exact,w,exact,1.15,mg_exact,cuda,double,383,8,1.977528e-10,3.237528e-07,8.840071e-07,4.753400e+02,4.834810e+02,4.753400e-01,4.834810e-01,1.000000e-09,15,2,true
3,cosine,W-exact,w_exact,w,exact,1.20,mg_exact,cuda,double,383,7,5.172996e-10,3.237528e-07,8.840071e-07,4.343340e+02,4.432250e+02,4.343340e-01,4.432250e-01,1.000000e-09,15,2,true
3,cosine,W-exact,w_exact,w,exact,1.25,mg_exact,cuda,double,383,7,4.018427e-10,3.237528e-07,8.840071e-07,4.342790e+02,4.449770e+02,4.342790e-01,4.449770e-01,1.000000e-09,15,2,true
3,cosine,W-exact,w_exact,w,exact,1.30,mg_exact,cuda,double,383,8,2.787852e-10,3.237528e-07,8.840071e-07,4.676150e+02,4.765710e+02,4.676150e-01,4.765710e-01,1.000000e-09,15,2,true
3,cosine,W-exact,w_exact,w,exact,1.35,mg_exact,cuda,double,383,9,1.806610e-10,3.237528e-07,8.840071e-07,4.989130e+02,5.101680e+02,4.989130e-01,5.101680e-01,1.000000e-09,15,2,true
3,cosine,W-exact,w_exact,w,exact,1.40,mg_exact,cuda,double,383,10,1.438380e-10,3.237528e-07,8.840071e-07,5.539840e+02,5.617050e+02,5.539840e-01,5.617050e-01,1.000000e-09,15,2,true
3,cosine,W-exact,w_exact,w,exact,1.45,mg_exact,cuda,double,383,11,1.607976e-10,3.237528e-07,8.840071e-07,5.854550e+02,5.962210e+02,5.854550e-01,5.962210e-01,1.000000e-09,15,2,true
3,cosine,W-exact,w_exact,w,exact,1.50,mg_exact,cuda,double,383,12,2.708336e-10,3.237528e-07,8.840071e-07,6.268490e+02,6.434870e+02,6.268490e-01,6.434870e-01,1.000000e-09,15,2,true
3,cosine,W-SOR,w_sor,w,sor,1.00,mg_sor,cuda,double,383,10,1.639819e-10,3.237528e-07,8.840071e-07,5.386460e+02,5.465500e+02,5.386460e-01,5.465500e-01,1.000000e-09,15,2,true
3,cosine,W-SOR,w_sor,w,sor,1.05,mg_sor,cuda,double,383,9,4.462867e-10,3.237528e-07,8.840071e-07,5.059250e+02,5.143960e+02,5.059250e-01,5.143960e-01,1.000000e-09,15,2,true
3,cosine,W-SOR,w_sor,w,sor,1.10,mg_sor,cuda,double,383,9,6.858277e-11,3.237528e-07,8.840071e-07,5.187810e+02,5.273840e+02,5.187810e-01,5.273840e-01,1.000000e-09,15,2,true
3,cosine,W-SOR,w_sor,w,sor,1.15,mg_sor,cuda,double,383,8,1.977501e-10,3.237528e-07,8.840071e-07,4.525140e+02,4.603820e+02,4.525140e-01,4.603820e-01,1.000000e-09,15,2,true
3,cosine,W-SOR,w_sor,w,sor,1.20,mg_sor,cuda,double,383,7,5.173000e-10,3.237528e-07,8.840071e-07,4.076600e+02,4.189250e+02,4.076600e-01,4.189250e-01,1.000000e-09,15,2,true
3,cosine,W-SOR,w_sor,w,sor,1.25,mg_sor,cuda,double,383,7,4.018422e-10,3.237528e-07,8.840071e-07,4.107050e+02,4.231880e+02,4.107050e-01,4.231880e-01,1.000000e-09,15,2,true
3,cosine,W-SOR,w_sor,w,sor,1.30,mg_sor,cuda,double,383,8,2.787831e-10,3.237528e-07,8.840071e-07,4.661430e+02,4.749820e+02,4.661430e-01,4.749820e-01,1.000000e-09,15,2,true
3,cosine,W-SOR,w_sor,w,sor,1.35,mg_sor,cuda,double,383,9,1.806614e-10,3.237528e-07,8.840071e-07,5.255640e+02,5.351320e+02,5.255640e-01,5.351320e-01,1.000000e-09,15,2,true
3,cosine,W-SOR,w_sor,w,sor,1.40,mg_sor,cuda,double,383,10,1.438411e-10,3.237528e-07,8.840071e-07,5.389380e+02,5.480660e+02,5.389380e-01,5.480660e-01,1.000000e-09,15,2,true
3,cosine,W-SOR,w_sor,w,sor,1.45,mg_sor,cuda,double,383,11,1.607960e-10,3.237528e-07,8.840071e-07,5.972750e+02,6.070030e+02,5.972750e-01,6.070030e-01,1.000000e-09,15,2,true
3,cosine,W-SOR,w_sor,w,sor,1.50,mg_sor,cuda,double,383,12,2.708310e-10,3.237528e-07,8.840071e-07,6.092010e+02,6.224200e+02,6.092010e-01,6.224200e-01,1.000000e-09,15,2,true
3,sine,V-exact,v_exact,v,exact,1.00,mg_exact,cuda,double,383,9,2.608454e-10,1.971960e-06,5.577545e-06,5.216510e+02,5.263060e+02,5.216510e-01,5.263060e-01,1.000000e-09,15,3,true
3,sine,V-exact,v_exact,v,exact,1.05,mg_exact,cuda,double,383,8,9.512079e-10,1.971800e-06,5.577091e-06,4.774480e+02,4.825770e+02,4.774480e-01,4.825770e-01,1.000000e-09,15,3,true
3,sine,V-exact,v_exact,v,exact,1.10,mg_exact,cuda,double,383,8,2.337355e-10,1.971973e-06,5.577581e-06,4.758700e+02,4.860920e+02,4.758700e-01,4.860920e-01,1.000000e-09,15,3,true
3,sine,V-exact,v_exact,v,exact,1.15,mg_exact,cuda,double,383,7,9.105563e-10,1.971834e-06,5.577188e-06,4.642530e+02,4.697490e+02,4.642530e-01,4.697490e-01,1.000000e-09,15,3,true
3,sine,V-exact,v_exact,v,exact,1.20,mg_exact,cuda,double,383,7,1.352476e-10,1.971999e-06,5.577655e-06,4.468460e+02,4.570500e+02,4.468460e-01,4.570500e-01,1.000000e-09,15,3,true
3,sine,V-exact,v_exact,v,exact,1.25,mg_exact,cuda,double,383,6,3.900877e-10,1.971958e-06,5.577539e-06,4.108890e+02,4.168840e+02,4.108890e-01,4.168840e-01,1.000000e-09,15,3,true
3,sine,V-exact,v_exact,v,exact,1.30,mg_exact,cuda,double,383,5,7.043174e-10,1.971946e-06,5.577506e-06,3.450790e+02,3.499590e+02,3.450790e-01,3.499590e-01,1.000000e-09,15,3,true
3,sine,V-exact,v_exact,v,exact,1.35,mg_exact,cuda,double,383,5,6.365253e-10,1.972025e-06,5.577725e-06,3.482470e+02,3.556110e+02,3.482470e-01,3.556110e-01,1.000000e-09,15,3,true
3,sine,V-exact,v_exact,v,exact,1.40,mg_exact,cuda,double,383,6,2.936787e-10,1.972020e-06,5.577717e-06,3.926820e+02,3.994100e+02,3.926820e-01,3.994100e-01,1.000000e-09,15,3,true
3,sine,V-exact,v_exact,v,exact,1.45,mg_exact,cuda,double,383,7,1.874237e-10,1.972039e-06,5.577766e-06,4.289560e+02,4.344180e+02,4.289560e-01,4.344180e-01,1.000000e-09,15,3,true
3,sine,V-exact,v_exact,v,exact,1.50,mg_exact,cuda,double,383,8,1.851205e-10,1.972007e-06,5.577678e-06,4.806030e+02,4.853380e+02,4.806030e-01,4.853380e-01,1.000000e-09,15,3,true
3,sine,V-SOR,v_sor,v,sor,1.00,mg_sor,cuda,double,383,9,2.608446e-10,1.971960e-06,5.577545e-06,5.246360e+02,5.324130e+02,5.246360e-01,5.324130e-01,1.000000e-09,15,3,true
3,sine,V-SOR,v_sor,v,sor,1.05,mg_sor,cuda,double,383,8,9.512087e-10,1.971800e-06,5.577091e-06,4.740070e+02,4.792090e+02,4.740070e-01,4.792090e-01,1.000000e-09,15,3,true
3,sine,V-SOR,v_sor,v,sor,1.10,mg_sor,cuda,double,383,8,2.337381e-10,1.971973e-06,5.577581e-06,4.674020e+02,4.720150e+02,4.674020e-01,4.720150e-01,1.000000e-09,15,3,true
3,sine,V-SOR,v_sor,v,sor,1.15,mg_sor,cuda,double,383,7,9.105580e-10,1.971834e-06,5.577188e-06,4.365430e+02,4.429240e+02,4.365430e-01,4.429240e-01,1.000000e-09,15,3,true
3,sine,V-SOR,v_sor,v,sor,1.20,mg_sor,cuda,double,383,7,1.352456e-10,1.971999e-06,5.577655e-06,4.478880e+02,4.528230e+02,4.478880e-01,4.528230e-01,1.000000e-09,15,3,true
3,sine,V-SOR,v_sor,v,sor,1.25,mg_sor,cuda,double,383,6,3.900915e-10,1.971958e-06,5.577539e-06,4.401970e+02,4.451830e+02,4.401970e-01,4.451830e-01,1.000000e-09,15,3,true
3,sine,V-SOR,v_sor,v,sor,1.30,mg_sor,cuda,double,383,5,7.043114e-10,1.971946e-06,5.577506e-06,3.597360e+02,3.677180e+02,3.597360e-01,3.677180e-01,1.000000e-09,15,3,true
3,sine,V-SOR,v_sor,v,sor,1.35,mg_sor,cuda,double,383,5,6.365229e-10,1.972025e-06,5.577725e-06,4.437550e+02,4.479030e+02,4.437550e-01,4.479030e-01,1.000000e-09,15,3,true
3,sine,V-SOR,v_sor,v,sor,1.40,mg_sor,cuda,double,383,6,2.936797e-10,1.972020e-06,5.577717e-06,4.115940e+02,4.163140e+02,4.115940e-01,4.163140e-01,1.000000e-09,15,3,true
3,sine,V-SOR,v_sor,v,sor,1.45,mg_sor,cuda,double,383,7,1.874263e-10,1.972039e-06,5.577766e-06,4.782410e+02,4.829170e+02,4.782410e-01,4.829170e-01,1.000000e-09,15,3,true
3,sine,V-SOR,v_sor,v,sor,1.50,mg_sor,cuda,double,383,8,1.851205e-10,1.972007e-06,5.577678e-06,4.821780e+02,4.862960e+02,4.821780e-01,4.862960e-01,1.000000e-09,15,3,true
3,sine,W-exact,w_exact,w,exact,1.00,mg_exact,cuda,double,383,3,1.116244e-11,1.972025e-06,5.577730e-06,3.098460e+02,3.224080e+02,3.098460e-01,3.224080e-01,1.000000e-09,15,3,true
3,sine,W-exact,w_exact,w,exact,1.05,mg_exact,cuda,double,383,3,4.374799e-12,1.972025e-06,5.577730e-06,3.115150e+02,3.203880e+02,3.115150e-01,3.203880e-01,1.000000e-09,15,3,true
3,sine,W-exact,w_exact,w,exact,1.10,mg_exact,cuda,double,383,3,5.542025e-12,1.972025e-06,5.577730e-06,3.234270e+02,3.332380e+02,3.234270e-01,3.332380e-01,1.000000e-09,15,3,true
3,sine,W-exact,w_exact,w,exact,1.15,mg_exact,cuda,double,383,3,9.139002e-12,1.972025e-06,5.577730e-06,3.085570e+02,3.204100e+02,3.085570e-01,3.204100e-01,1.000000e-09,15,3,true
3,sine,W-exact,w_exact,w,exact,1.20,mg_exact,cuda,double,383,3,9.073589e-11,1.972025e-06,5.577730e-06,3.023860e+02,3.114140e+02,3.023860e-01,3.114140e-01,1.000000e-09,15,3,true
3,sine,W-exact,w_exact,w,exact,1.25,mg_exact,cuda,double,383,3,5.715319e-10,1.972025e-06,5.577730e-06,3.002490e+02,3.127130e+02,3.002490e-01,3.127130e-01,1.000000e-09,15,3,true
3,sine,W-exact,w_exact,w,exact,1.30,mg_exact,cuda,double,383,4,1.222875e-11,1.972025e-06,5.577730e-06,3.631740e+02,3.739790e+02,3.631740e-01,3.739790e-01,1.000000e-09,15,3,true
3,sine,W-exact,w_exact,w,exact,1.35,mg_exact,cuda,double,383,4,1.713319e-10,1.972025e-06,5.577730e-06,3.606700e+02,3.781300e+02,3.606700e-01,3.781300e-01,1.000000e-09,15,3,true
3,sine,W-exact,w_exact,w,exact,1.40,mg_exact,cuda,double,383,5,1.838183e-11,1.972025e-06,5.577730e-06,4.070500e+02,4.187870e+02,4.070500e-01,4.187870e-01,1.000000e-09,15,3,true
3,sine,W-exact,w_exact,w,exact,1.45,mg_exact,cuda,double,383,5,3.361643e-10,1.972025e-06,5.577730e-06,4.128790e+02,4.223910e+02,4.128790e-01,4.223910e-01,1.000000e-09,15,3,true
3,sine,W-exact,w_exact,w,exact,1.50,mg_exact,cuda,double,383,6,1.068613e-10,1.972025e-06,5.577730e-06,4.662950e+02,4.790110e+02,4.662950e-01,4.790110e-01,1.000000e-09,15,3,true
3,sine,W-SOR,w_sor,w,sor,1.00,mg_sor,cuda,double,383,3,1.116132e-11,1.972025e-06,5.577730e-06,2.936700e+02,3.055590e+02,2.936700e-01,3.055590e-01,1.000000e-09,15,3,true
3,sine,W-SOR,w_sor,w,sor,1.05,mg_sor,cuda,double,383,3,4.375485e-12,1.972025e-06,5.577730e-06,3.234660e+02,3.322900e+02,3.234660e-01,3.322900e-01,1.000000e-09,15,3,true
3,sine,W-SOR,w_sor,w,sor,1.10,mg_sor,cuda,double,383,3,5.543008e-12,1.972025e-06,5.577730e-06,2.951960e+02,3.041510e+02,2.951960e-01,3.041510e-01,1.000000e-09,15,3,true
3,sine,W-SOR,w_sor,w,sor,1.15,mg_sor,cuda,double,383,3,9.138296e-12,1.972025e-06,5.577730e-06,3.040770e+02,3.135010e+02,3.040770e-01,3.135010e-01,1.000000e-09,15,3,true
3,sine,W-SOR,w_sor,w,sor,1.20,mg_sor,cuda,double,383,3,9.073446e-11,1.972025e-06,5.577730e-06,3.076320e+02,3.164970e+02,3.076320e-01,3.164970e-01,1.000000e-09,15,3,true
3,sine,W-SOR,w_sor,w,sor,1.25,mg_sor,cuda,double,383,3,5.715304e-10,1.972025e-06,5.577730e-06,2.999400e+02,3.089830e+02,2.999400e-01,3.089830e-01,1.000000e-09,15,3,true
3,sine,W-SOR,w_sor,w,sor,1.30,mg_sor,cuda,double,383,4,1.222562e-11,1.972025e-06,5.577730e-06,3.522350e+02,3.620010e+02,3.522350e-01,3.620010e-01,1.000000e-09,15,3,true
3,sine,W-SOR,w_sor,w,sor,1.35,mg_sor,cuda,double,383,4,1.713336e-10,1.972025e-06,5.577730e-06,3.572350e+02,3.662500e+02,3.572350e-01,3.662500e-01,1.000000e-09,15,3,true
3,sine,W-SOR,w_sor,w,sor,1.40,mg_sor,cuda,double,383,5,1.837980e-11,1.972025e-06,5.577730e-06,4.410300e+02,4.496260e+02,4.410300e-01,4.496260e-01,1.000000e-09,15,3,true
3,sine,W-SOR,w_sor,w,sor,1.45,mg_sor,cuda,double,383,5,3.361642e-10,1.972025e-06,5.577730e-06,4.554530e+02,4.645240e+02,4.554530e-01,4.645240e-01,1.000000e-09,15,3,true
3,sine,W-SOR,w_sor,w,sor,1.50,mg_sor,cuda,double,383,6,1.068633e-10,1.972025e-06,5.577730e-06,4.651440e+02,4.801880e+02,4.651440e-01,4.801880e-01,1.000000e-09,15,3,true
3,mixed_sine,V-exact,v_exact,v,exact,1.00,mg_exact,cuda,double,383,9,1.519988e-10,2.400508e-05,6.789662e-05,5.392680e+02,5.449020e+02,5.392680e-01,5.449020e-01,1.000000e-09,15,3,true
3,mixed_sine,V-exact,v_exact,v,exact,1.05,mg_exact,cuda,double,383,8,6.046834e-10,2.400497e-05,6.789632e-05,4.853510e+02,4.900900e+02,4.853510e-01,4.900900e-01,1.000000e-09,15,3,true
3,mixed_sine,V-exact,v_exact,v,exact,1.10,mg_exact,cuda,double,383,8,1.533778e-10,2.400508e-05,6.789663e-05,5.291420e+02,5.333600e+02,5.291420e-01,5.333600e-01,1.000000e-09,15,3,true
3,mixed_sine,V-exact,v_exact,v,exact,1.15,mg_exact,cuda,double,383,7,6.256022e-10,2.400499e-05,6.789635e-05,4.586690e+02,4.638540e+02,4.586690e-01,4.638540e-01,1.000000e-09,15,3,true
3,mixed_sine,V-exact,v_exact,v,exact,1.20,mg_exact,cuda,double,383,7,8.713475e-11,2.400510e-05,6.789668e-05,4.622990e+02,4.675550e+02,4.622990e-01,4.675550e-01,1.000000e-09,15,3,true
3,mixed_sine,V-exact,v_exact,v,exact,1.25,mg_exact,cuda,double,383,6,2.135122e-10,2.400508e-05,6.789662e-05,4.217290e+02,4.371550e+02,4.217290e-01,4.371550e-01,1.000000e-09,15,3,true
3,mixed_sine,V-exact,v_exact,v,exact,1.30,mg_exact,cuda,double,383,5,2.203325e-10,2.400510e-05,6.789667e-05,3.794920e+02,3.844780e+02,3.794920e-01,3.844780e-01,1.000000e-09,15,3,true
3,mixed_sine,V-exact,v_exact,v,exact,1.35,mg_exact,cuda,double,383,5,4.328992e-10,2.400512e-05,6.789673e-05,3.852030e+02,3.906210e+02,3.852030e-01,3.906210e-01,1.000000e-09,15,3,true
3,mixed_sine,V-exact,v_exact,v,exact,1.40,mg_exact,cuda,double,383,6,3.512627e-10,2.400509e-05,6.789665e-05,3.888130e+02,3.938880e+02,3.888130e-01,3.938880e-01,1.000000e-09,15,3,true
3,mixed_sine,V-exact,v_exact,v,exact,1.45,mg_exact,cuda,double,383,7,3.889312e-10,2.400516e-05,6.789683e-05,4.844690e+02,4.895910e+02,4.844690e-01,4.895910e-01,1.000000e-09,15,3,true
3,mixed_sine,V-exact,v_exact,v,exact,1.50,mg_exact,cuda,double,383,8,4.182697e-10,2.400507e-05,6.789660e-05,4.739670e+02,4.788480e+02,4.739670e-01,4.788480e-01,1.000000e-09,15,3,true
3,mixed_sine,V-SOR,v_sor,v,sor,1.00,mg_sor,cuda,double,383,9,1.519988e-10,2.400508e-05,6.789662e-05,5.318430e+02,5.405650e+02,5.318430e-01,5.405650e-01,1.000000e-09,15,3,true
3,mixed_sine,V-SOR,v_sor,v,sor,1.05,mg_sor,cuda,double,383,8,6.046834e-10,2.400497e-05,6.789632e-05,4.723520e+02,4.771830e+02,4.723520e-01,4.771830e-01,1.000000e-09,15,3,true
3,mixed_sine,V-SOR,v_sor,v,sor,1.10,mg_sor,cuda,double,383,8,1.533778e-10,2.400508e-05,6.789663e-05,4.764960e+02,4.931470e+02,4.764960e-01,4.931470e-01,1.000000e-09,15,3,true
3,mixed_sine,V-SOR,v_sor,v,sor,1.15,mg_sor,cuda,double,383,7,6.256022e-10,2.400499e-05,6.789635e-05,4.392940e+02,4.442770e+02,4.392940e-01,4.442770e-01,1.000000e-09,15,3,true
3,mixed_sine,V-SOR,v_sor,v,sor,1.20,mg_sor,cuda,double,383,7,8.713475e-11,2.400510e-05,6.789668e-05,4.303440e+02,4.366780e+02,4.303440e-01,4.366780e-01,1.000000e-09,15,3,true
3,mixed_sine,V-SOR,v_sor,v,sor,1.25,mg_sor,cuda,double,383,6,2.135122e-10,2.400508e-05,6.789662e-05,3.937550e+02,3.987660e+02,3.937550e-01,3.987660e-01,1.000000e-09,15,3,true
3,mixed_sine,V-SOR,v_sor,v,sor,1.30,mg_sor,cuda,double,383,5,2.203325e-10,2.400510e-05,6.789667e-05,3.517590e+02,3.604230e+02,3.517590e-01,3.604230e-01,1.000000e-09,15,3,true
3,mixed_sine,V-SOR,v_sor,v,sor,1.35,mg_sor,cuda,double,383,5,4.328992e-10,2.400512e-05,6.789673e-05,3.540840e+02,3.657130e+02,3.540840e-01,3.657130e-01,1.000000e-09,15,3,true
3,mixed_sine,V-SOR,v_sor,v,sor,1.40,mg_sor,cuda,double,383,6,3.512629e-10,2.400509e-05,6.789665e-05,3.835160e+02,3.881580e+02,3.835160e-01,3.881580e-01,1.000000e-09,15,3,true
3,mixed_sine,V-SOR,v_sor,v,sor,1.45,mg_sor,cuda,double,383,7,3.889308e-10,2.400516e-05,6.789683e-05,4.337710e+02,4.429090e+02,4.337710e-01,4.429090e-01,1.000000e-09,15,3,true
3,mixed_sine,V-SOR,v_sor,v,sor,1.50,mg_sor,cuda,double,383,8,4.182700e-10,2.400507e-05,6.789660e-05,4.805580e+02,4.851240e+02,4.805580e-01,4.851240e-01,1.000000e-09,15,3,true
3,mixed_sine,W-exact,w_exact,w,exact,1.00,mg_exact,cuda,double,383,3,9.872190e-10,2.400504e-05,6.789650e-05,2.976320e+02,3.062530e+02,2.976320e-01,3.062530e-01,1.000000e-09,15,3,true
3,mixed_sine,W-exact,w_exact,w,exact,1.05,mg_exact,cuda,double,383,3,3.097767e-10,2.400505e-05,6.789654e-05,2.950590e+02,3.119930e+02,2.950590e-01,3.119930e-01,1.000000e-09,15,3,true
3,mixed_sine,W-exact,w_exact,w,exact,1.10,mg_exact,cuda,double,383,3,3.602529e-10,2.400507e-05,6.789658e-05,3.094310e+02,3.196070e+02,3.094310e-01,3.196070e-01,1.000000e-09,15,3,true
3,mixed_sine,W-exact,w_exact,w,exact,1.15,mg_exact,cuda,double,383,3,5.583720e-10,2.400508e-05,6.789662e-05,3.193170e+02,3.331810e+02,3.193170e-01,3.331810e-01,1.000000e-09,15,3,true
3,mixed_sine,W-exact,w_exact,w,exact,1.20,mg_exact,cuda,double,383,4,9.011221e-13,2.400512e-05,6.789672e-05,4.089850e+02,4.179350e+02,4.089850e-01,4.179350e-01,1.000000e-09,15,3,true
3,mixed_sine,W-exact,w_exact,w,exact,1.25,mg_exact,cuda,double,383,4,1.640370e-12,2.400512e-05,6.789672e-05,4.210110e+02,4.388600e+02,4.210110e-01,4.388600e-01,1.000000e-09,15,3,true
3,mixed_sine,W-exact,w_exact,w,exact,1.30,mg_exact,cuda,double,383,4,1.127326e-11,2.400512e-05,6.789672e-05,4.138040e+02,4.262190e+02,4.138040e-01,4.262190e-01,1.000000e-09,15,3,true
3,mixed_sine,W-exact,w_exact,w,exact,1.35,mg_exact,cuda,double,383,4,1.992101e-10,2.400512e-05,6.789673e-05,3.602860e+02,3.699020e+02,3.602860e-01,3.699020e-01,1.000000e-09,15,3,true
3,mixed_sine,W-exact,w_exact,w,exact,1.40,mg_exact,cuda,double,383,5,1.875974e-11,2.400512e-05,6.789672e-05,4.061890e+02,4.149530e+02,4.061890e-01,4.149530e-01,1.000000e-09,15,3,true
3,mixed_sine,W-exact,w_exact,w,exact,1.45,mg_exact,cuda,double,383,5,3.713067e-10,2.400512e-05,6.789672e-05,4.246600e+02,4.362760e+02,4.246600e-01,4.362760e-01,1.000000e-09,15,3,true
3,mixed_sine,W-exact,w_exact,w,exact,1.50,mg_exact,cuda,double,383,6,1.191568e-10,2.400512e-05,6.789672e-05,5.078380e+02,5.185730e+02,5.078380e-01,5.185730e-01,1.000000e-09,15,3,true
3,mixed_sine,W-SOR,w_sor,w,sor,1.00,mg_sor,cuda,double,383,3,9.872190e-10,2.400504e-05,6.789650e-05,2.960500e+02,3.049180e+02,2.960500e-01,3.049180e-01,1.000000e-09,15,3,true
3,mixed_sine,W-SOR,w_sor,w,sor,1.05,mg_sor,cuda,double,383,3,3.097767e-10,2.400505e-05,6.789654e-05,3.193540e+02,3.301530e+02,3.193540e-01,3.301530e-01,1.000000e-09,15,3,true
3,mixed_sine,W-SOR,w_sor,w,sor,1.10,mg_sor,cuda,double,383,3,3.602529e-10,2.400507e-05,6.789658e-05,3.327410e+02,3.418660e+02,3.327410e-01,3.418660e-01,1.000000e-09,15,3,true
3,mixed_sine,W-SOR,w_sor,w,sor,1.15,mg_sor,cuda,double,383,3,5.583720e-10,2.400508e-05,6.789662e-05,2.927530e+02,3.074040e+02,2.927530e-01,3.074040e-01,1.000000e-09,15,3,true
3,mixed_sine,W-SOR,w_sor,w,sor,1.20,mg_sor,cuda,double,383,4,9.011221e-13,2.400512e-05,6.789672e-05,3.889720e+02,3.994880e+02,3.889720e-01,3.994880e-01,1.000000e-09,15,3,true
3,mixed_sine,W-SOR,w_sor,w,sor,1.25,mg_sor,cuda,double,383,4,1.640370e-12,2.400512e-05,6.789672e-05,3.609410e+02,3.694160e+02,3.609410e-01,3.694160e-01,1.000000e-09,15,3,true
3,mixed_sine,W-SOR,w_sor,w,sor,1.30,mg_sor,cuda,double,383,4,1.127326e-11,2.400512e-05,6.789672e-05,3.448530e+02,3.558840e+02,3.448530e-01,3.558840e-01,1.000000e-09,15,3,true
3,mixed_sine,W-SOR,w_sor,w,sor,1.35,mg_sor,cuda,double,383,4,1.992101e-10,2.400512e-05,6.789673e-05,3.635300e+02,3.875000e+02,3.635300e-01,3.875000e-01,1.000000e-09,15,3,true
3,mixed_sine,W-SOR,w_sor,w,sor,1.40,mg_sor,cuda,double,383,5,1.875974e-11,2.400512e-05,6.789672e-05,3.984980e+02,4.068240e+02,3.984980e-01,4.068240e-01,1.000000e-09,15,3,true
3,mixed_sine,W-SOR,w_sor,w,sor,1.45,mg_sor,cuda,double,383,5,3.713070e-10,2.400512e-05,6.789672e-05,3.974800e+02,4.104350e+02,3.974800e-01,4.104350e-01,1.000000e-09,15,3,true
3,mixed_sine,W-SOR,w_sor,w,sor,1.50,mg_sor,cuda,double,383,6,1.191567e-10,2.400512e-05,6.789672e-05,4.584880e+02,4.678480e+02,4.584880e-01,4.678480e-01,1.000000e-09,15,3,true
3,bubble,V-exact,v_exact,v,exact,1.00,mg_exact,cuda,double,383,9,2.489202e-10,1.125903e-12,3.152638e-12,5.184730e+02,5.231830e+02,5.184730e-01,5.231830e-01,1.000000e-09,15,3,true
3,bubble,V-exact,v_exact,v,exact,1.05,mg_exact,cuda,double,383,8,9.077935e-10,3.880374e-12,1.086205e-11,4.684020e+02,4.736100e+02,4.684020e-01,4.736100e-01,1.000000e-09,15,3,true
3,bubble,V-exact,v_exact,v,exact,1.10,mg_exact,cuda,double,383,8,2.230739e-10,9.048586e-13,2.540641e-12,4.755370e+02,4.803200e+02,4.755370e-01,4.803200e-01,1.000000e-09,15,3,true
3,bubble,V-exact,v_exact,v,exact,1.15,mg_exact,cuda,double,383,7,8.688600e-10,3.291133e-12,9.250701e-12,4.647960e+02,4.699200e+02,4.647960e-01,4.699200e-01,1.000000e-09,15,3,true
3,bubble,V-exact,v_exact,v,exact,1.20,mg_exact,cuda,double,383,7,1.291125e-10,4.593236e-13,1.296685e-12,4.430330e+02,4.492780e+02,4.430330e-01,4.492780e-01,1.000000e-09,15,3,true
3,bubble,V-exact,v_exact,v,exact,1.25,mg_exact,cuda,double,383,6,3.722074e-10,1.163033e-12,3.291870e-12,3.988710e+02,4.065620e+02,3.988710e-01,4.065620e-01,1.000000e-09,15,3,true
3,bubble,V-exact,v_exact,v,exact,1.30,mg_exact,cuda,double,383,5,6.795832e-10,1.360539e-12,3.855609e-12,3.439810e+02,3.490230e+02,3.439810e-01,3.490230e-01,1.000000e-09,15,3,true
3,bubble,V-exact,v_exact,v,exact,1.35,mg_exact,cuda,double,383,6,8.007521e-11,5.764992e-15,1.595338e-14,4.014460e+02,4.077740e+02,4.014460e-01,4.077740e-01,1.000000e-09,15,3,true
3,bubble,V-exact,v_exact,v,exact,1.40,mg_exact,cuda,double,383,7,5.179806e-11,6.220032e-15,1.437652e-14,4.365410e+02,4.460580e+02,4.365410e-01,4.460580e-01,1.000000e-09,15,3,true
3,bubble,V-exact,v_exact,v,exact,1.45,mg_exact,cuda,double,383,7,7.338990e-10,2.572730e-13,4.178134e-13,4.531490e+02,4.574590e+02,4.531490e-01,4.574590e-01,1.000000e-09,15,3,true
3,bubble,V-exact,v_exact,v,exact,1.50,mg_exact,cuda,double,383,8,5.026654e-10,3.350605e-13,7.130269e-13,4.615350e+02,4.740290e+02,4.615350e-01,4.740290e-01,1.000000e-09,15,3,true
3,bubble,V-SOR,v_sor,v,sor,1.00,mg_sor,cuda,double,383,9,2.489197e-10,1.125907e-12,3.152629e-12,5.061050e+02,5.140050e+02,5.061050e-01,5.140050e-01,1.000000e-09,15,3,true
3,bubble,V-SOR,v_sor,v,sor,1.05,mg_sor,cuda,double,383,8,9.077977e-10,3.880389e-12,1.086208e-11,4.633690e+02,4.695590e+02,4.633690e-01,4.695590e-01,1.000000e-09,15,3,true
3,bubble,V-SOR,v_sor,v,sor,1.10,mg_sor,cuda,double,383,8,2.230743e-10,9.048628e-13,2.540657e-12,4.751560e+02,4.875940e+02,4.751560e-01,4.875940e-01,1.000000e-09,15,3,true
3,bubble,V-SOR,v_sor,v,sor,1.15,mg_sor,cuda,double,383,7,8.688624e-10,3.291137e-12,9.250725e-12,4.188080e+02,4.235650e+02,4.188080e-01,4.235650e-01,1.000000e-09,15,3,true
3,bubble,V-SOR,v_sor,v,sor,1.20,mg_sor,cuda,double,383,7,1.291116e-10,4.593228e-13,1.296655e-12,4.177990e+02,4.310440e+02,4.177990e-01,4.310440e-01,1.000000e-09,15,3,true
3,bubble,V-SOR,v_sor,v,sor,1.25,mg_sor,cuda,double,383,6,3.722078e-10,1.163037e-12,3.291886e-12,3.791870e+02,3.884950e+02,3.791870e-01,3.884950e-01,1.000000e-09,15,3,true
3,bubble,V-SOR,v_sor,v,sor,1.30,mg_sor,cuda,double,383,5,6.795836e-10,1.360546e-12,3.855636e-12,3.706550e+02,3.750210e+02,3.706550e-01,3.750210e-01,1.000000e-09,15,3,true
3,bubble,V-SOR,v_sor,v,sor,1.35,mg_sor,cuda,double,383,6,8.007634e-11,5.765660e-15,1.595685e-14,4.011780e+02,4.069220e+02,4.011780e-01,4.069220e-01,1.000000e-09,15,3,true
3,bubble,V-SOR,v_sor,v,sor,1.40,mg_sor,cuda,double,383,7,5.179791e-11,6.219152e-15,1.437305e-14,4.774080e+02,4.910340e+02,4.774080e-01,4.910340e-01,1.000000e-09,15,3,true
3,bubble,V-SOR,v_sor,v,sor,1.45,mg_sor,cuda,double,383,7,7.338996e-10,2.572664e-13,4.178099e-13,4.262990e+02,4.436090e+02,4.262990e-01,4.436090e-01,1.000000e-09,15,3,true
3,bubble,V-SOR,v_sor,v,sor,1.50,mg_sor,cuda,double,383,8,5.026648e-10,3.350573e-13,7.130269e-13,4.637550e+02,4.712400e+02,4.637550e-01,4.712400e-01,1.000000e-09,15,3,true
3,bubble,W-exact,w_exact,w,exact,1.00,mg_exact,cuda,double,383,5,9.873521e-10,2.451657e-15,1.932536e-14,3.946850e+02,4.051930e+02,3.946850e-01,4.051930e-01,1.000000e-09,15,3,true
3,bubble,W-exact,w_exact,w,exact,1.05,mg_exact,cuda,double,383,5,3.264748e-10,1.022970e-15,6.722108e-15,3.942700e+02,4.047230e+02,3.942700e-01,4.047230e-01,1.000000e-09,15,3,true
3,bubble,W-exact,w_exact,w,exact,1.10,mg_exact,cuda,double,383,5,8.156847e-11,6.067724e-16,1.809317e-15,3.930590e+02,4.089980e+02,3.930590e-01,4.089980e-01,1.000000e-09,15,3,true
3,bubble,W-exact,w_exact,w,exact,1.15,mg_exact,cuda,double,383,5,1.222212e-11,5.433640e-16,1.719111e-15,4.017220e+02,4.136620e+02,4.017220e-01,4.136620e-01,1.000000e-09,15,3,true
3,bubble,W-exact,w_exact,w,exact,1.20,mg_exact,cuda,double,383,4,9.724477e-11,5.747749e-16,2.405031e-15,3.470830e+02,3.590970e+02,3.470830e-01,3.590970e-01,1.000000e-09,15,3,true
3,bubble,W-exact,w_exact,w,exact,1.25,mg_exact,cuda,double,383,4,2.261571e-11,5.904649e-16,1.856154e-15,3.516660e+02,3.736290e+02,3.516660e-01,3.736290e-01,1.000000e-09,15,3,true
3,bubble,W-exact,w_exact,w,exact,1.30,mg_exact,cuda,double,383,5,1.270981e-11,3.600644e-16,1.080733e-15,3.912920e+02,4.051470e+02,3.912920e-01,4.051470e-01,1.000000e-09,15,3,true
3,bubble,W-exact,w_exact,w,exact,1.35,mg_exact,cuda,double,383,5,1.952724e-10,3.452368e-16,2.515403e-15,3.916330e+02,4.003320e+02,3.916330e-01,4.003320e-01,1.000000e-09,15,3,true
3,bubble,W-exact,w_exact,w,exact,1.40,mg_exact,cuda,double,383,6,4.172034e-11,1.593724e-16,5.074066e-16,4.613560e+02,4.738110e+02,4.613560e-01,4.738110e-01,1.000000e-09,15,3,true
3,bubble,W-exact,w_exact,w,exact,1.45,mg_exact,cuda,double,383,6,3.122819e-10,5.944210e-16,4.174287e-15,4.564470e+02,4.672180e+02,4.564470e-01,4.672180e-01,1.000000e-09,15,3,true
3,bubble,W-exact,w_exact,w,exact,1.50,mg_exact,cuda,double,383,7,9.499346e-11,4.950769e-16,1.557782e-15,5.014980e+02,5.157800e+02,5.014980e-01,5.157800e-01,1.000000e-09,15,3,true
3,bubble,W-SOR,w_sor,w,sor,1.00,mg_sor,cuda,double,383,5,9.873522e-10,2.450332e-15,1.932650e-14,3.827540e+02,3.949420e+02,3.827540e-01,3.949420e-01,1.000000e-09,15,3,true
3,bubble,W-SOR,w_sor,w,sor,1.05,mg_sor,cuda,double,383,5,3.264749e-10,1.027238e-15,6.721620e-15,3.964080e+02,4.072540e+02,3.964080e-01,4.072540e-01,1.000000e-09,15,3,true
3,bubble,W-SOR,w_sor,w,sor,1.10,mg_sor,cuda,double,383,5,8.156864e-11,6.087859e-16,1.816255e-15,3.964130e+02,4.168640e+02,3.964130e-01,4.168640e-01,1.000000e-09,15,3,true
3,bubble,W-SOR,w_sor,w,sor,1.15,mg_sor,cuda,double,383,5,1.222279e-11,5.455534e-16,1.736458e-15,3.883590e+02,4.009430e+02,3.883590e-01,4.009430e-01,1.000000e-09,15,3,true
3,bubble,W-SOR,w_sor,w,sor,1.20,mg_sor,cuda,double,383,4,9.724464e-11,5.760781e-16,2.405736e-15,3.429440e+02,3.517400e+02,3.429440e-01,3.517400e-01,1.000000e-09,15,3,true
3,bubble,W-SOR,w_sor,w,sor,1.25,mg_sor,cuda,double,383,4,2.261606e-11,6.027307e-16,1.899522e-15,3.789480e+02,3.880440e+02,3.789480e-01,3.880440e-01,1.000000e-09,15,3,true
3,bubble,W-SOR,w_sor,w,sor,1.30,mg_sor,cuda,double,383,5,1.271030e-11,3.669803e-16,1.210837e-15,3.927990e+02,4.040140e+02,3.927990e-01,4.040140e-01,1.000000e-09,15,3,true
3,bubble,W-SOR,w_sor,w,sor,1.35,mg_sor,cuda,double,383,5,1.952724e-10,3.402050e-16,2.516596e-15,4.030090e+02,4.321650e+02,4.030090e-01,4.321650e-01,1.000000e-09,15,3,true
3,bubble,W-SOR,w_sor,w,sor,1.40,mg_sor,cuda,double,383,6,4.172029e-11,1.595990e-16,5.080571e-16,4.468030e+02,4.555760e+02,4.468030e-01,4.555760e-01,1.000000e-09,15,3,true
3,bubble,W-SOR,w_sor,w,sor,1.45,mg_sor,cuda,double,383,6,3.122821e-10,5.959777e-16,4.176672e-15,4.507490e+02,4.591870e+02,4.507490e-01,4.591870e-01,1.000000e-09,15,3,true
3,bubble,W-SOR,w_sor,w,sor,1.50,mg_sor,cuda,double,383,7,9.499365e-11,4.886914e-16,1.533496e-15,5.305920e+02,5.391960e+02,5.305920e-01,5.391960e-01,1.000000e-09,15,3,true
3,exp,V-exact,v_exact,v,exact,1.00,mg_exact,cuda,double,383,10,7.002087e-10,2.093562e-07,4.953376e-07,5.606240e+02,5.684030e+02,5.606240e-01,5.684030e-01,1.000000e-09,15,3,true
3,exp,V-exact,v_exact,v,exact,1.05,mg_exact,cuda,double,383,10,1.386941e-10,2.093990e-07,4.954544e-07,6.248680e+02,6.324140e+02,6.248680e-01,6.324140e-01,1.000000e-09,15,3,true
3,exp,V-exact,v_exact,v,exact,1.10,mg_exact,cuda,double,383,9,4.045749e-10,2.093792e-07,4.953971e-07,5.295750e+02,5.367930e+02,5.295750e-01,5.367930e-01,1.000000e-09,15,3,true
3,exp,V-exact,v_exact,v,exact,1.15,mg_exact,cuda,double,383,9,6.513908e-11,2.094060e-07,4.954738e-07,5.217120e+02,5.430420e+02,5.217120e-01,5.430420e-01,1.000000e-09,15,3,true
3,exp,V-exact,v_exact,v,exact,1.20,mg_exact,cuda,double,383,8,1.160741e-10,2.094008e-07,4.954583e-07,4.982070e+02,5.035560e+02,4.982070e-01,5.035560e-01,1.000000e-09,15,3,true
3,exp,V-exact,v_exact,v,exact,1.25,mg_exact,cuda,double,383,7,1.731046e-10,2.093944e-07,4.954404e-07,4.309780e+02,4.364190e+02,4.309780e-01,4.364190e-01,1.000000e-09,15,3,true
3,exp,V-exact,v_exact,v,exact,1.30,mg_exact,cuda,double,383,7,1.707982e-10,2.094102e-07,4.954861e-07,4.777800e+02,4.828190e+02,4.777800e-01,4.828190e-01,1.000000e-09,15,3,true
3,exp,V-exact,v_exact,v,exact,1.35,mg_exact,cuda,double,383,8,2.235113e-10,2.094103e-07,4.954862e-07,5.325170e+02,5.369240e+02,5.325170e-01,5.369240e-01,1.000000e-09,15,3,true
3,exp,V-exact,v_exact,v,exact,1.40,mg_exact,cuda,double,383,9,2.379586e-10,2.094103e-07,4.954863e-07,5.426740e+02,5.472720e+02,5.426740e-01,5.472720e-01,1.000000e-09,15,3,true
3,exp,V-exact,v_exact,v,exact,1.45,mg_exact,cuda,double,383,10,2.439028e-10,2.094103e-07,4.954864e-07,5.915910e+02,5.965440e+02,5.915910e-01,5.965440e-01,1.000000e-09,15,3,true
3,exp,V-exact,v_exact,v,exact,1.50,mg_exact,cuda,double,383,11,3.441042e-10,2.094104e-07,4.954859e-07,6.047470e+02,6.095980e+02,6.047470e-01,6.095980e-01,1.000000e-09,15,3,true
3,exp,V-SOR,v_sor,v,sor,1.00,mg_sor,cuda,double,383,10,7.002164e-10,2.093562e-07,4.953376e-07,5.887840e+02,5.944780e+02,5.887840e-01,5.944780e-01,1.000000e-09,15,3,true
3,exp,V-SOR,v_sor,v,sor,1.05,mg_sor,cuda,double,383,10,1.386879e-10,2.093990e-07,4.954544e-07,6.001540e+02,6.055000e+02,6.001540e-01,6.055000e-01,1.000000e-09,15,3,true
3,exp,V-SOR,v_sor,v,sor,1.10,mg_sor,cuda,double,383,9,4.045300e-10,2.093792e-07,4.953971e-07,5.327480e+02,5.396610e+02,5.327480e-01,5.396610e-01,1.000000e-09,15,3,true
3,exp,V-SOR,v_sor,v,sor,1.15,mg_sor,cuda,double,383,9,6.513154e-11,2.094060e-07,4.954738e-07,5.418090e+02,5.538380e+02,5.418090e-01,5.538380e-01,1.000000e-09,15,3,true
3,exp,V-SOR,v_sor,v,sor,1.20,mg_sor,cuda,double,383,8,1.160307e-10,2.094008e-07,4.954583e-07,4.759270e+02,4.811800e+02,4.759270e-01,4.811800e-01,1.000000e-09,15,3,true
3,exp,V-SOR,v_sor,v,sor,1.25,mg_sor,cuda,double,383,7,1.731169e-10,2.093944e-07,4.954404e-07,4.861950e+02,4.914130e+02,4.861950e-01,4.914130e-01,1.000000e-09,15,3,true
3,exp,V-SOR,v_sor,v,sor,1.30,mg_sor,cuda,double,383,7,1.708004e-10,2.094102e-07,4.954861e-07,4.787200e+02,4.835600e+02,4.787200e-01,4.835600e-01,1.000000e-09,15,3,true
3,exp,V-SOR,v_sor,v,sor,1.35,mg_sor,cuda,double,383,8,2.235090e-10,2.094103e-07,4.954862e-07,5.032600e+02,5.077520e+02,5.032600e-01,5.077520e-01,1.000000e-09,15,3,true
3,exp,V-SOR,v_sor,v,sor,1.40,mg_sor,cuda,double,383,9,2.380063e-10,2.094103e-07,4.954863e-07,5.540150e+02,5.581550e+02,5.540150e-01,5.581550e-01,1.000000e-09,15,3,true
3,exp,V-SOR,v_sor,v,sor,1.45,mg_sor,cuda,double,383,10,2.438896e-10,2.094103e-07,4.954864e-07,5.895980e+02,5.942170e+02,5.895980e-01,5.942170e-01,1.000000e-09,15,3,true
3,exp,V-SOR,v_sor,v,sor,1.50,mg_sor,cuda,double,383,11,3.441225e-10,2.094104e-07,4.954859e-07,6.195430e+02,6.252940e+02,6.195430e-01,6.252940e-01,1.000000e-09,15,3,true
3,exp,W-exact,w_exact,w,exact,1.00,mg_exact,cuda,double,383,9,4.266033e-10,2.094106e-07,4.954871e-07,6.576580e+02,6.722170e+02,6.576580e-01,6.722170e-01,1.000000e-09,15,3,true
3,exp,W-exact,w_exact,w,exact,1.05,mg_exact,cuda,double,383,9,9.791638e-11,2.094106e-07,4.954870e-07,6.361920e+02,6.448490e+02,6.361920e-01,6.448490e-01,1.000000e-09,15,3,true
3,exp,W-exact,w_exact,w,exact,1.10,mg_exact,cuda,double,383,8,4.495829e-10,2.094106e-07,4.954870e-07,5.569000e+02,5.720820e+02,5.569000e-01,5.720820e-01,1.000000e-09,15,3,true
3,exp,W-exact,w_exact,w,exact,1.15,mg_exact,cuda,double,383,8,7.901157e-11,2.094106e-07,4.954870e-07,5.616140e+02,5.866450e+02,5.616140e-01,5.866450e-01,1.000000e-09,15,3,true
3,exp,W-exact,w_exact,w,exact,1.20,mg_exact,cuda,double,383,7,2.651536e-10,2.094105e-07,4.954868e-07,5.335030e+02,5.419890e+02,5.335030e-01,5.419890e-01,1.000000e-09,15,3,true
3,exp,W-exact,w_exact,w,exact,1.25,mg_exact,cuda,double,383,6,9.966240e-10,2.094105e-07,4.954869e-07,4.724710e+02,4.861850e+02,4.724710e-01,4.861850e-01,1.000000e-09,15,3,true
3,exp,W-exact,w_exact,w,exact,1.30,mg_exact,cuda,double,383,7,9.019016e-11,2.094105e-07,4.954867e-07,5.007310e+02,5.125990e+02,5.007310e-01,5.125990e-01,1.000000e-09,15,3,true
3,exp,W-exact,w_exact,w,exact,1.35,mg_exact,cuda,double,383,8,8.138552e-11,2.094104e-07,4.954867e-07,5.914850e+02,6.007110e+02,5.914850e-01,6.007110e-01,1.000000e-09,15,3,true
3,exp,W-exact,w_exact,w,exact,1.40,mg_exact,cuda,double,383,9,7.579516e-11,2.094104e-07,4.954865e-07,6.092470e+02,6.177890e+02,6.092470e-01,6.177890e-01,1.000000e-09,15,3,true
3,exp,W-exact,w_exact,w,exact,1.45,mg_exact,cuda,double,383,9,6.001206e-10,2.094104e-07,4.954865e-07,6.176550e+02,6.289410e+02,6.176550e-01,6.289410e-01,1.000000e-09,15,3,true
3,exp,W-exact,w_exact,w,exact,1.50,mg_exact,cuda,double,383,10,4.080972e-10,2.094103e-07,4.954863e-07,6.667240e+02,7.001530e+02,6.667240e-01,7.001530e-01,1.000000e-09,15,3,true
3,exp,W-SOR,w_sor,w,sor,1.00,mg_sor,cuda,double,383,9,4.266095e-10,2.094106e-07,4.954871e-07,6.017670e+02,6.113350e+02,6.017670e-01,6.113350e-01,1.000000e-09,15,3,true
3,exp,W-SOR,w_sor,w,sor,1.05,mg_sor,cuda,double,383,9,9.793714e-11,2.094106e-07,4.954870e-07,5.980000e+02,6.076430e+02,5.980000e-01,6.076430e-01,1.000000e-09,15,3,true
3,exp,W-SOR,w_sor,w,sor,1.10,mg_sor,cuda,double,383,8,4.495950e-10,2.094106e-07,4.954870e-07,5.586720e+02,5.678630e+02,5.586720e-01,5.678630e-01,1.000000e-09,15,3,true
3,exp,W-SOR,w_sor,w,sor,1.15,mg_sor,cuda,double,383,8,7.904556e-11,2.094106e-07,4.954870e-07,5.451540e+02,5.541820e+02,5.451540e-01,5.541820e-01,1.000000e-09,15,3,true
3,exp,W-SOR,w_sor,w,sor,1.20,mg_sor,cuda,double,383,7,2.651642e-10,2.094105e-07,4.954868e-07,4.957540e+02,5.051110e+02,4.957540e-01,5.051110e-01,1.000000e-09,15,3,true
3,exp,W-SOR,w_sor,w,sor,1.25,mg_sor,cuda,double,383,6,9.966005e-10,2.094105e-07,4.954869e-07,4.535330e+02,4.637030e+02,4.535330e-01,4.637030e-01,1.000000e-09,15,3,true
3,exp,W-SOR,w_sor,w,sor,1.30,mg_sor,cuda,double,383,7,9.018267e-11,2.094105e-07,4.954867e-07,4.878680e+02,4.983110e+02,4.878680e-01,4.983110e-01,1.000000e-09,15,3,true
3,exp,W-SOR,w_sor,w,sor,1.35,mg_sor,cuda,double,383,8,8.138241e-11,2.094104e-07,4.954866e-07,5.441020e+02,5.526960e+02,5.441020e-01,5.526960e-01,1.000000e-09,15,3,true
3,exp,W-SOR,w_sor,w,sor,1.40,mg_sor,cuda,double,383,9,7.579012e-11,2.094104e-07,4.954865e-07,5.938610e+02,6.114020e+02,5.938610e-01,6.114020e-01,1.000000e-09,15,3,true
3,exp,W-SOR,w_sor,w,sor,1.45,mg_sor,cuda,double,383,9,6.001402e-10,2.094104e-07,4.954865e-07,5.992040e+02,6.183010e+02,5.992040e-01,6.183010e-01,1.000000e-09,15,3,true
3,exp,W-SOR,w_sor,w,sor,1.50,mg_sor,cuda,double,383,10,4.081019e-10,2.094103e-07,4.954863e-07,6.503460e+02,6.591140e+02,6.503460e-01,6.591140e-01,1.000000e-09,15,3,true
3,cosine,V-exact,v_exact,v,exact,1.00,mg_exact,cuda,double,383,10,1.322405e-10,3.237494e-07,8.839965e-07,5.604690e+02,5.669940e+02,5.604690e-01,5.669940e-01,1.000000e-09,15,3,true
3,cosine,V-exact,v_exact,v,exact,1.05,mg_exact,cuda,double,383,9,4.262520e-10,3.237427e-07,8.839750e-07,5.244440e+02,5.317180e+02,5.244440e-01,5.317180e-01,1.000000e-09,15,3,true
3,cosine,V-exact,v_exact,v,exact,1.10,mg_exact,cuda,double,383,9,7.904486e-11,3.237508e-07,8.840008e-07,5.465720e+02,5.523490e+02,5.465720e-01,5.523490e-01,1.000000e-09,15,3,true
3,cosine,V-exact,v_exact,v,exact,1.15,mg_exact,cuda,double,383,8,2.467530e-10,3.237471e-07,8.839884e-07,4.707430e+02,4.756470e+02,4.707430e-01,4.756470e-01,1.000000e-09,15,3,true
3,cosine,V-exact,v_exact,v,exact,1.20,mg_exact,cuda,double,383,7,7.426168e-10,3.237361e-07,8.839526e-07,4.326820e+02,4.449710e+02,4.326820e-01,4.449710e-01,1.000000e-09,15,3,true
3,cosine,V-exact,v_exact,v,exact,1.25,mg_exact,cuda,double,383,7,3.822261e-11,3.237518e-07,8.840041e-07,4.292870e+02,4.349420e+02,4.292870e-01,4.349420e-01,1.000000e-09,15,3,true
3,cosine,V-exact,v_exact,v,exact,1.30,mg_exact,cuda,double,383,7,1.857012e-11,3.237528e-07,8.840071e-07,4.374060e+02,4.671940e+02,4.374060e-01,4.671940e-01,1.000000e-09,15,3,true
3,cosine,V-exact,v_exact,v,exact,1.35,mg_exact,cuda,double,383,8,2.437846e-11,3.237528e-07,8.840071e-07,4.738850e+02,4.790550e+02,4.738850e-01,4.790550e-01,1.000000e-09,15,3,true
3,cosine,V-exact,v_exact,v,exact,1.40,mg_exact,cuda,double,383,8,7.111660e-10,3.237528e-07,8.840073e-07,4.690300e+02,4.769890e+02,4.690300e-01,4.769890e-01,1.000000e-09,15,3,true
3,cosine,V-exact,v_exact,v,exact,1.45,mg_exact,cuda,double,383,9,5.424326e-10,3.237528e-07,8.840067e-07,5.273200e+02,5.321600e+02,5.273200e-01,5.321600e-01,1.000000e-09,15,3,true
3,cosine,V-exact,v_exact,v,exact,1.50,mg_exact,cuda,double,383,10,5.432044e-10,3.237527e-07,8.840076e-07,5.628870e+02,5.813920e+02,5.628870e-01,5.813920e-01,1.000000e-09,15,3,true
3,cosine,V-SOR,v_sor,v,sor,1.00,mg_sor,cuda,double,383,10,1.322437e-10,3.237494e-07,8.839965e-07,5.876750e+02,5.918850e+02,5.876750e-01,5.918850e-01,1.000000e-09,15,3,true
3,cosine,V-SOR,v_sor,v,sor,1.05,mg_sor,cuda,double,383,9,4.262554e-10,3.237427e-07,8.839750e-07,5.506670e+02,5.552960e+02,5.506670e-01,5.552960e-01,1.000000e-09,15,3,true
3,cosine,V-SOR,v_sor,v,sor,1.10,mg_sor,cuda,double,383,9,7.904486e-11,3.237508e-07,8.840008e-07,5.297830e+02,5.338860e+02,5.297830e-01,5.338860e-01,1.000000e-09,15,3,true
3,cosine,V-SOR,v_sor,v,sor,1.15,mg_sor,cuda,double,383,8,2.467530e-10,3.237471e-07,8.839884e-07,5.119400e+02,5.187760e+02,5.119400e-01,5.187760e-01,1.000000e-09,15,3,true
3,cosine,V-SOR,v_sor,v,sor,1.20,mg_sor,cuda,double,383,7,7.426169e-10,3.237361e-07,8.839526e-07,4.506970e+02,4.558460e+02,4.506970e-01,4.558460e-01,1.000000e-09,15,3,true
3,cosine,V-SOR,v_sor,v,sor,1.25,mg_sor,cuda,double,383,7,3.822265e-11,3.237518e-07,8.840041e-07,4.688580e+02,4.826580e+02,4.688580e-01,4.826580e-01,1.000000e-09,15,3,true
3,cosine,V-SOR,v_sor,v,sor,1.30,mg_sor,cuda,double,383,7,1.857193e-11,3.237528e-07,8.840071e-07,4.392660e+02,4.583550e+02,4.392660e-01,4.583550e-01,1.000000e-09,15,3,true
3,cosine,V-SOR,v_sor,v,sor,1.35,mg_sor,cuda,double,383,8,2.437796e-11,3.237528e-07,8.840071e-07,4.979120e+02,5.037630e+02,4.979120e-01,5.037630e-01,1.000000e-09,15,3,true
3,cosine,V-SOR,v_sor,v,sor,1.40,mg_sor,cuda,double,383,8,7.111660e-10,3.237528e-07,8.840073e-07,4.812470e+02,4.925830e+02,4.812470e-01,4.925830e-01,1.000000e-09,15,3,true
3,cosine,V-SOR,v_sor,v,sor,1.45,mg_sor,cuda,double,383,9,5.424341e-10,3.237528e-07,8.840067e-07,5.291450e+02,5.352070e+02,5.291450e-01,5.352070e-01,1.000000e-09,15,3,true
3,cosine,V-SOR,v_sor,v,sor,1.50,mg_sor,cuda,double,383,10,5.432075e-10,3.237527e-07,8.840076e-07,5.832250e+02,5.891030e+02,5.832250e-01,5.891030e-01,1.000000e-09,15,3,true
3,cosine,W-exact,w_exact,w,exact,1.00,mg_exact,cuda,double,383,9,6.726635e-11,3.237528e-07,8.840071e-07,6.729380e+02,7.141630e+02,6.729380e-01,7.141630e-01,1.000000e-09,15,3,true
3,cosine,W-exact,w_exact,w,exact,1.05,mg_exact,cuda,double,383,8,3.594925e-10,3.237528e-07,8.840071e-07,5.898330e+02,5.984660e+02,5.898330e-01,5.984660e-01,1.000000e-09,15,3,true
3,cosine,W-exact,w_exact,w,exact,1.10,mg_exact,cuda,double,383,8,7.155607e-11,3.237528e-07,8.840071e-07,5.761090e+02,5.848990e+02,5.761090e-01,5.848990e-01,1.000000e-09,15,3,true
3,cosine,W-exact,w_exact,w,exact,1.15,mg_exact,cuda,double,383,7,3.946800e-10,3.237528e-07,8.840071e-07,5.146920e+02,5.291470e+02,5.146920e-01,5.291470e-01,1.000000e-09,15,3,true
3,cosine,W-exact,w_exact,w,exact,1.20,mg_exact,cuda,double,383,7,4.277011e-11,3.237528e-07,8.840071e-07,5.122380e+02,5.204180e+02,5.122380e-01,5.204180e-01,1.000000e-09,15,3,true
3,cosine,W-exact,w_exact,w,exact,1.25,mg_exact,cuda,double,383,6,1.654450e-10,3.237528e-07,8.840071e-07,4.990090e+02,5.082700e+02,4.990090e-01,5.082700e-01,1.000000e-09,15,3,true
3,cosine,W-exact,w_exact,w,exact,1.30,mg_exact,cuda,double,383,6,7.379105e-10,3.237528e-07,8.840071e-07,4.589910e+02,4.679560e+02,4.589910e-01,4.679560e-01,1.000000e-09,15,3,true
3,cosine,W-exact,w_exact,w,exact,1.35,mg_exact,cuda,double,383,7,3.437516e-10,3.237528e-07,8.840071e-07,5.594670e+02,5.690300e+02,5.594670e-01,5.690300e-01,1.000000e-09,15,3,true
3,cosine,W-exact,w_exact,w,exact,1.40,mg_exact,cuda,double,383,8,1.445632e-10,3.237528e-07,8.840071e-07,5.769920e+02,5.895220e+02,5.769920e-01,5.895220e-01,1.000000e-09,15,3,true
3,cosine,W-exact,w_exact,w,exact,1.45,mg_exact,cuda,double,383,9,7.238456e-11,3.237528e-07,8.840071e-07,6.151820e+02,6.263790e+02,6.151820e-01,6.263790e-01,1.000000e-09,15,3,true
3,cosine,W-exact,w_exact,w,exact,1.50,mg_exact,cuda,double,383,9,9.742639e-10,3.237528e-07,8.840071e-07,6.333840e+02,6.437710e+02,6.333840e-01,6.437710e-01,1.000000e-09,15,3,true
3,cosine,W-SOR,w_sor,w,sor,1.00,mg_sor,cuda,double,383,9,6.726714e-11,3.237528e-07,8.840071e-07,6.502710e+02,6.621170e+02,6.502710e-01,6.621170e-01,1.000000e-09,15,3,true
3,cosine,W-SOR,w_sor,w,sor,1.05,mg_sor,cuda,double,383,8,3.594926e-10,3.237528e-07,8.840071e-07,5.587390e+02,5.680430e+02,5.587390e-01,5.680430e-01,1.000000e-09,15,3,true
3,cosine,W-SOR,w_sor,w,sor,1.10,mg_sor,cuda,double,383,8,7.155607e-11,3.237528e-07,8.840071e-07,5.692310e+02,5.774450e+02,5.692310e-01,5.774450e-01,1.000000e-09,15,3,true
3,cosine,W-SOR,w_sor,w,sor,1.15,mg_sor,cuda,double,383,7,3.946808e-10,3.237528e-07,8.840071e-07,5.318260e+02,5.413180e+02,5.318260e-01,5.413180e-01,1.000000e-09,15,3,true
3,cosine,W-SOR,w_sor,w,sor,1.20,mg_sor,cuda,double,383,7,4.276978e-11,3.237528e-07,8.840071e-07,5.422800e+02,5.526210e+02,5.422800e-01,5.526210e-01,1.000000e-09,15,3,true
3,cosine,W-SOR,w_sor,w,sor,1.25,mg_sor,cuda,double,383,6,1.654452e-10,3.237528e-07,8.840071e-07,4.545650e+02,4.660530e+02,4.545650e-01,4.660530e-01,1.000000e-09,15,3,true
3,cosine,W-SOR,w_sor,w,sor,1.30,mg_sor,cuda,double,383,6,7.379099e-10,3.237528e-07,8.840071e-07,4.711720e+02,4.808560e+02,4.711720e-01,4.808560e-01,1.000000e-09,15,3,true
3,cosine,W-SOR,w_sor,w,sor,1.35,mg_sor,cuda,double,383,7,3.437487e-10,3.237528e-07,8.840071e-07,5.040040e+02,5.128180e+02,5.040040e-01,5.128180e-01,1.000000e-09,15,3,true
3,cosine,W-SOR,w_sor,w,sor,1.40,mg_sor,cuda,double,383,8,1.445635e-10,3.237528e-07,8.840071e-07,5.754120e+02,5.841950e+02,5.754120e-01,5.841950e-01,1.000000e-09,15,3,true
3,cosine,W-SOR,w_sor,w,sor,1.45,mg_sor,cuda,double,383,9,7.238255e-11,3.237528e-07,8.840071e-07,6.341020e+02,6.467990e+02,6.341020e-01,6.467990e-01,1.000000e-09,15,3,true
3,cosine,W-SOR,w_sor,w,sor,1.50,mg_sor,cuda,double,383,9,9.742686e-10,3.237528e-07,8.840071e-07,6.046070e+02,6.133880e+02,6.046070e-01,6.133880e-01,1.000000e-09,15,3,true
3,sine,V-exact,v_exact,v,exact,1.00,mg_exact,cuda,double,383,8,3.381609e-10,1.971941e-06,5.577490e-06,5.599360e+02,5.647660e+02,5.599360e-01,5.647660e-01,1.000000e-09,15,4,true
3,sine,V-exact,v_exact,v,exact,1.05,mg_exact,cuda,double,383,8,1.008233e-10,1.972001e-06,5.577662e-06,5.634390e+02,5.683850e+02,5.634390e-01,5.683850e-01,1.000000e-09,15,4,true
3,sine,V-exact,v_exact,v,exact,1.10,mg_exact,cuda,double,383,7,5.771745e-10,1.971896e-06,5.577364e-06,6.013500e+02,6.061660e+02,6.013500e-01,6.061660e-01,1.000000e-09,15,4,true
3,sine,V-exact,v_exact,v,exact,1.15,mg_exact,cuda,double,383,7,1.410191e-10,1.971995e-06,5.577645e-06,5.608260e+02,5.652110e+02,5.608260e-01,5.652110e-01,1.000000e-09,15,4,true
3,sine,V-exact,v_exact,v,exact,1.20,mg_exact,cuda,double,383,6,8.763742e-10,1.971853e-06,5.577243e-06,5.192110e+02,5.238700e+02,5.192110e-01,5.238700e-01,1.000000e-09,15,4,true
3,sine,V-exact,v_exact,v,exact,1.25,mg_exact,cuda,double,383,6,1.084548e-10,1.972005e-06,5.577673e-06,4.572730e+02,4.628480e+02,4.572730e-01,4.628480e-01,1.000000e-09,15,4,true
3,sine,V-exact,v_exact,v,exact,1.30,mg_exact,cuda,double,383,5,3.159286e-10,1.971973e-06,5.577583e-06,4.315570e+02,4.382550e+02,4.315570e-01,4.382550e-01,1.000000e-09,15,4,true
3,sine,V-exact,v_exact,v,exact,1.35,mg_exact,cuda,double,383,4,7.123561e-11,1.972024e-06,5.577727e-06,3.702930e+02,3.753280e+02,3.702930e-01,3.753280e-01,1.000000e-09,15,4,true
3,sine,V-exact,v_exact,v,exact,1.40,mg_exact,cuda,double,383,5,1.980256e-10,1.972049e-06,5.577797e-06,4.134470e+02,4.197380e+02,4.134470e-01,4.197380e-01,1.000000e-09,15,4,true
3,sine,V-exact,v_exact,v,exact,1.45,mg_exact,cuda,double,383,6,2.753484e-10,1.971991e-06,5.577633e-06,4.826170e+02,5.088350e+02,4.826170e-01,5.088350e-01,1.000000e-09,15,4,true
3,sine,V-exact,v_exact,v,exact,1.50,mg_exact,cuda,double,383,7,2.410790e-10,1.972053e-06,5.577809e-06,5.151390e+02,5.202430e+02,5.151390e-01,5.202430e-01,1.000000e-09,15,4,true
3,sine,V-SOR,v_sor,v,sor,1.00,mg_sor,cuda,double,383,8,3.381632e-10,1.971941e-06,5.577490e-06,5.719800e+02,5.803380e+02,5.719800e-01,5.803380e-01,1.000000e-09,15,4,true
3,sine,V-SOR,v_sor,v,sor,1.05,mg_sor,cuda,double,383,8,1.008186e-10,1.972001e-06,5.577662e-06,5.756610e+02,5.810270e+02,5.756610e-01,5.810270e-01,1.000000e-09,15,4,true
3,sine,V-SOR,v_sor,v,sor,1.10,mg_sor,cuda,double,383,7,5.771754e-10,1.971896e-06,5.577364e-06,5.181490e+02,5.235540e+02,5.181490e-01,5.235540e-01,1.000000e-09,15,4,true
3,sine,V-SOR,v_sor,v,sor,1.15,mg_sor,cuda,double,383,7,1.410256e-10,1.971995e-06,5.577645e-06,5.100930e+02,5.160350e+02,5.100930e-01,5.160350e-01,1.000000e-09,15,4,true
3,sine,V-SOR,v_sor,v,sor,1.20,mg_sor,cuda,double,383,6,8.763716e-10,1.971853e-06,5.577243e-06,4.808480e+02,4.850680e+02,4.808480e-01,4.850680e-01,1.000000e-09,15,4,true
3,sine,V-SOR,v_sor,v,sor,1.25,mg_sor,cuda,double,383,6,1.084560e-10,1.972005e-06,5.577673e-06,4.642570e+02,4.690060e+02,4.642570e-01,4.690060e-01,1.000000e-09,15,4,true
3,sine,V-SOR,v_sor,v,sor,1.30,mg_sor,cuda,double,383,5,3.159290e-10,1.971973e-06,5.577583e-06,4.050660e+02,4.140370e+02,4.050660e-01,4.140370e-01,1.000000e-09,15,4,true
3,sine,V-SOR,v_sor,v,sor,1.35,mg_sor,cuda,double,383,4,7.123494e-11,1.972024e-06,5.577727e-06,3.501850e+02,3.543670e+02,3.501850e-01,3.543670e-01,1.000000e-09,15,4,true
3,sine,V-SOR,v_sor,v,sor,1.40,mg_sor,cuda,double,383,5,1.980206e-10,1.972049e-06,5.577797e-06,4.402140e+02,4.455870e+02,4.402140e-01,4.455870e-01,1.000000e-09,15,4,true
3,sine,V-SOR,v_sor,v,sor,1.45,mg_sor,cuda,double,383,6,2.753554e-10,1.971991e-06,5.577633e-06,4.495360e+02,4.630670e+02,4.495360e-01,4.630670e-01,1.000000e-09,15,4,true
3,sine,V-SOR,v_sor,v,sor,1.50,mg_sor,cuda,double,383,7,2.410809e-10,1.972053e-06,5.577809e-06,5.175260e+02,5.218400e+02,5.175260e-01,5.218400e-01,1.000000e-09,15,4,true
3,sine,W-exact,w_exact,w,exact,1.00,mg_exact,cuda,double,383,3,3.979648e-12,1.972025e-06,5.577730e-06,3.433210e+02,3.590910e+02,3.433210e-01,3.590910e-01,1.000000e-09,15,4,true
3,sine,W-exact,w_exact,w,exact,1.05,mg_exact,cuda,double,383,3,3.977155e-12,1.972025e-06,5.577730e-06,3.390120e+02,3.509120e+02,3.390120e-01,3.509120e-01,1.000000e-09,15,4,true
3,sine,W-exact,w_exact,w,exact,1.10,mg_exact,cuda,double,383,3,4.414118e-12,1.972025e-06,5.577730e-06,3.401780e+02,3.500020e+02,3.401780e-01,3.500020e-01,1.000000e-09,15,4,true
3,sine,W-exact,w_exact,w,exact,1.15,mg_exact,cuda,double,383,3,5.068551e-12,1.972025e-06,5.577730e-06,3.451120e+02,3.546830e+02,3.451120e-01,3.546830e-01,1.000000e-09,15,4,true
3,sine,W-exact,w_exact,w,exact,1.20,mg_exact,cuda,double,383,3,5.525469e-12,1.972025e-06,5.577730e-06,3.814210e+02,3.909670e+02,3.814210e-01,3.909670e-01,1.000000e-09,15,4,true
3,sine,W-exact,w_exact,w,exact,1.25,mg_exact,cuda,double,383,3,7.327955e-12,1.972025e-06,5.577730e-06,3.516510e+02,3.614350e+02,3.516510e-01,3.614350e-01,1.000000e-09,15,4,true
3,sine,W-exact,w_exact,w,exact,1.30,mg_exact,cuda,double,383,3,3.329842e-11,1.972025e-06,5.577730e-06,3.459640e+02,3.553820e+02,3.459640e-01,3.553820e-01,1.000000e-09,15,4,true
3,sine,W-exact,w_exact,w,exact,1.35,mg_exact,cuda,double,383,3,5.274002e-10,1.972025e-06,5.577729e-06,3.365700e+02,3.462790e+02,3.365700e-01,3.462790e-01,1.000000e-09,15,4,true
3,sine,W-exact,w_exact,w,exact,1.40,mg_exact,cuda,double,383,4,9.124785e-12,1.972025e-06,5.577730e-06,4.610030e+02,4.744110e+02,4.610030e-01,4.744110e-01,1.000000e-09,15,4,true
3,sine,W-exact,w_exact,w,exact,1.45,mg_exact,cuda,double,383,4,1.835971e-10,1.972025e-06,5.577730e-06,4.013480e+02,4.110550e+02,4.013480e-01,4.110550e-01,1.000000e-09,15,4,true
3,sine,W-exact,w_exact,w,exact,1.50,mg_exact,cuda,double,383,5,1.240324e-11,1.972025e-06,5.577730e-06,5.232850e+02,5.340840e+02,5.232850e-01,5.340840e-01,1.000000e-09,15,4,true
3,sine,W-SOR,w_sor,w,sor,1.00,mg_sor,cuda,double,383,3,3.979081e-12,1.972025e-06,5.577730e-06,3.529630e+02,3.657670e+02,3.529630e-01,3.657670e-01,1.000000e-09,15,4,true
3,sine,W-SOR,w_sor,w,sor,1.05,mg_sor,cuda,double,383,3,3.976904e-12,1.972025e-06,5.577730e-06,3.390590e+02,3.494650e+02,3.390590e-01,3.494650e-01,1.000000e-09,15,4,true
3,sine,W-SOR,w_sor,w,sor,1.10,mg_sor,cuda,double,383,3,4.413092e-12,1.972025e-06,5.577730e-06,3.533720e+02,3.640660e+02,3.533720e-01,3.640660e-01,1.000000e-09,15,4,true
3,sine,W-SOR,w_sor,w,sor,1.15,mg_sor,cuda,double,383,3,5.068844e-12,1.972025e-06,5.577730e-06,3.338070e+02,3.447940e+02,3.338070e-01,3.447940e-01,1.000000e-09,15,4,true
3,sine,W-SOR,w_sor,w,sor,1.20,mg_sor,cuda,double,383,3,5.526929e-12,1.972025e-06,5.577730e-06,3.434550e+02,3.535260e+02,3.434550e-01,3.535260e-01,1.000000e-09,15,4,true
3,sine,W-SOR,w_sor,w,sor,1.25,mg_sor,cuda,double,383,3,7.325932e-12,1.972025e-06,5.577730e-06,3.712780e+02,4.113570e+02,3.712780e-01,4.113570e-01,1.000000e-09,15,4,true
3,sine,W-SOR,w_sor,w,sor,1.30,mg_sor,cuda,double,383,3,3.329951e-11,1.972025e-06,5.577730e-06,3.590590e+02,3.686600e+02,3.590590e-01,3.686600e-01,1.000000e-09,15,4,true
3,sine,W-SOR,w_sor,w,sor,1.35,mg_sor,cuda,double,383,3,5.274008e-10,1.972025e-06,5.577729e-06,3.523330e+02,3.617560e+02,3.523330e-01,3.617560e-01,1.000000e-09,15,4,true
3,sine,W-SOR,w_sor,w,sor,1.40,mg_sor,cuda,double,383,4,9.121969e-12,1.972025e-06,5.577730e-06,4.319700e+02,4.461380e+02,4.319700e-01,4.461380e-01,1.000000e-09,15,4,true
3,sine,W-SOR,w_sor,w,sor,1.45,mg_sor,cuda,double,383,4,1.835938e-10,1.972025e-06,5.577730e-06,3.976690e+02,4.073920e+02,3.976690e-01,4.073920e-01,1.000000e-09,15,4,true
3,sine,W-SOR,w_sor,w,sor,1.50,mg_sor,cuda,double,383,5,1.240395e-11,1.972025e-06,5.577730e-06,4.789590e+02,4.886020e+02,4.789590e-01,4.886020e-01,1.000000e-09,15,4,true
3,mixed_sine,V-exact,v_exact,v,exact,1.00,mg_exact,cuda,double,383,8,2.409247e-10,2.400506e-05,6.789655e-05,5.940670e+02,5.982030e+02,5.940670e-01,5.982030e-01,1.000000e-09,15,4,true
3,mixed_sine,V-exact,v_exact,v,exact,1.05,mg_exact,cuda,double,383,8,7.155652e-11,2.400510e-05,6.789668e-05,5.843360e+02,5.886650e+02,5.843360e-01,5.886650e-01,1.000000e-09,15,4,true
3,mixed_sine,V-exact,v_exact,v,exact,1.10,mg_exact,cuda,double,383,7,4.066915e-10,2.400503e-05,6.789647e-05,5.276720e+02,5.326050e+02,5.276720e-01,5.326050e-01,1.000000e-09,15,4,true
3,mixed_sine,V-exact,v_exact,v,exact,1.15,mg_exact,cuda,double,383,7,9.002451e-11,2.400510e-05,6.789667e-05,5.185250e+02,5.229690e+02,5.185250e-01,5.229690e-01,1.000000e-09,15,4,true
3,mixed_sine,V-exact,v_exact,v,exact,1.20,mg_exact,cuda,double,383,6,4.984720e-10,2.400502e-05,6.789645e-05,4.697330e+02,4.758420e+02,4.697330e-01,4.758420e-01,1.000000e-09,15,4,true
3,mixed_sine,V-exact,v_exact,v,exact,1.25,mg_exact,cuda,double,383,6,4.447589e-11,2.400511e-05,6.789670e-05,4.838400e+02,4.891040e+02,4.838400e-01,4.891040e-01,1.000000e-09,15,4,true
3,mixed_sine,V-exact,v_exact,v,exact,1.30,mg_exact,cuda,double,383,5,7.043624e-11,2.400511e-05,6.789669e-05,4.127830e+02,4.194390e+02,4.127830e-01,4.194390e-01,1.000000e-09,15,4,true
3,mixed_sine,V-exact,v_exact,v,exact,1.35,mg_exact,cuda,double,383,4,6.804400e-11,2.400512e-05,6.789672e-05,3.467060e+02,3.528300e+02,3.467060e-01,3.528300e-01,1.000000e-09,15,4,true
3,mixed_sine,V-exact,v_exact,v,exact,1.40,mg_exact,cuda,double,383,5,5.541420e-10,2.400519e-05,6.789692e-05,4.046250e+02,4.094500e+02,4.046250e-01,4.094500e-01,1.000000e-09,15,4,true
3,mixed_sine,V-exact,v_exact,v,exact,1.45,mg_exact,cuda,double,383,6,4.008224e-10,2.400507e-05,6.789659e-05,4.613050e+02,4.698040e+02,4.613050e-01,4.698040e-01,1.000000e-09,15,4,true
3,mixed_sine,V-exact,v_exact,v,exact,1.50,mg_exact,cuda,double,383,7,2.410218e-10,2.400514e-05,6.789680e-05,5.149490e+02,5.210130e+02,5.149490e-01,5.210130e-01,1.000000e-09,15,4,true
3,mixed_sine,V-SOR,v_sor,v,sor,1.00,mg_sor,cuda,double,383,8,2.409247e-10,2.400506e-05,6.789655e-05,5.717880e+02,5.787120e+02,5.717880e-01,5.787120e-01,1.000000e-09,15,4,true
3,mixed_sine,V-SOR,v_sor,v,sor,1.05,mg_sor,cuda,double,383,8,7.155652e-11,2.400510e-05,6.789668e-05,5.915020e+02,5.963100e+02,5.915020e-01,5.963100e-01,1.000000e-09,15,4,true
3,mixed_sine,V-SOR,v_sor,v,sor,1.10,mg_sor,cuda,double,383,7,4.066915e-10,2.400503e-05,6.789647e-05,5.122290e+02,5.169430e+02,5.122290e-01,5.169430e-01,1.000000e-09,15,4,true
3,mixed_sine,V-SOR,v_sor,v,sor,1.15,mg_sor,cuda,double,383,7,9.002451e-11,2.400510e-05,6.789667e-05,5.102700e+02,5.153080e+02,5.102700e-01,5.153080e-01,1.000000e-09,15,4,true
3,mixed_sine,V-SOR,v_sor,v,sor,1.20,mg_sor,cuda,double,383,6,4.984720e-10,2.400502e-05,6.789645e-05,4.772410e+02,4.832180e+02,4.772410e-01,4.832180e-01,1.000000e-09,15,4,true
3,mixed_sine,V-SOR,v_sor,v,sor,1.25,mg_sor,cuda,double,383,6,4.447589e-11,2.400511e-05,6.789670e-05,4.667000e+02,4.731560e+02,4.667000e-01,4.731560e-01,1.000000e-09,15,4,true
3,mixed_sine,V-SOR,v_sor,v,sor,1.30,mg_sor,cuda,double,383,5,7.043624e-11,2.400511e-05,6.789669e-05,4.307320e+02,4.362770e+02,4.307320e-01,4.362770e-01,1.000000e-09,15,4,true
3,mixed_sine,V-SOR,v_sor,v,sor,1.35,mg_sor,cuda,double,383,4,6.804400e-11,2.400512e-05,6.789672e-05,4.136840e+02,4.176460e+02,4.136840e-01,4.176460e-01,1.000000e-09,15,4,true
3,mixed_sine,V-SOR,v_sor,v,sor,1.40,mg_sor,cuda,double,383,5,5.541420e-10,2.400519e-05,6.789692e-05,4.037060e+02,4.079090e+02,4.037060e-01,4.079090e-01,1.000000e-09,15,4,true
3,mixed_sine,V-SOR,v_sor,v,sor,1.45,mg_sor,cuda,double,383,6,4.008225e-10,2.400507e-05,6.789659e-05,4.977560e+02,5.080610e+02,4.977560e-01,5.080610e-01,1.000000e-09,15,4,true
3,mixed_sine,V-SOR,v_sor,v,sor,1.50,mg_sor,cuda,double,383,7,2.410216e-10,2.400514e-05,6.789680e-05,5.528850e+02,5.599670e+02,5.528850e-01,5.599670e-01,1.000000e-09,15,4,true
3,mixed_sine,W-exact,w_exact,w,exact,1.00,mg_exact,cuda,double,383,3,3.336794e-10,2.400504e-05,6.789650e-05,3.508820e+02,3.619040e+02,3.508820e-01,3.619040e-01,1.000000e-09,15,4,true
3,mixed_sine,W-exact,w_exact,w,exact,1.05,mg_exact,cuda,double,383,3,2.775821e-10,2.400505e-05,6.789654e-05,3.744470e+02,3.856430e+02,3.744470e-01,3.856430e-01,1.000000e-09,15,4,true
3,mixed_sine,W-exact,w_exact,w,exact,1.10,mg_exact,cuda,double,383,3,2.376719e-10,2.400507e-05,6.789658e-05,3.576560e+02,3.681920e+02,3.576560e-01,3.681920e-01,1.000000e-09,15,4,true
3,mixed_sine,W-exact,w_exact,w,exact,1.15,mg_exact,cuda,double,383,3,2.267682e-10,2.400508e-05,6.789662e-05,3.423010e+02,3.524720e+02,3.423010e-01,3.524720e-01,1.000000e-09,15,4,true
3,mixed_sine,W-exact,w_exact,w,exact,1.20,mg_exact,cuda,double,383,3,2.214147e-10,2.400509e-05,6.789666e-05,3.412520e+02,3.518310e+02,3.412520e-01,3.518310e-01,1.000000e-09,15,4,true
3,mixed_sine,W-exact,w_exact,w,exact,1.25,mg_exact,cuda,double,383,3,2.469419e-10,2.400511e-05,6.789669e-05,3.419210e+02,3.534770e+02,3.419210e-01,3.534770e-01,1.000000e-09,15,4,true
3,mixed_sine,W-exact,w_exact,w,exact,1.30,mg_exact,cuda,double,383,3,3.403105e-10,2.400511e-05,6.789671e-05,3.522490e+02,3.652020e+02,3.522490e-01,3.652020e-01,1.000000e-09,15,4,true
3,mixed_sine,W-exact,w_exact,w,exact,1.35,mg_exact,cuda,double,383,4,7.710546e-13,2.400512e-05,6.789672e-05,4.390430e+02,4.507340e+02,4.390430e-01,4.507340e-01,1.000000e-09,15,4,true
3,mixed_sine,W-exact,w_exact,w,exact,1.40,mg_exact,cuda,double,383,4,9.115411e-12,2.400512e-05,6.789672e-05,4.028970e+02,4.118750e+02,4.028970e-01,4.118750e-01,1.000000e-09,15,4,true
3,mixed_sine,W-exact,w_exact,w,exact,1.45,mg_exact,cuda,double,383,4,1.972635e-10,2.400512e-05,6.789672e-05,4.000790e+02,4.136290e+02,4.000790e-01,4.136290e-01,1.000000e-09,15,4,true
3,mixed_sine,W-exact,w_exact,w,exact,1.50,mg_exact,cuda,double,383,5,1.028768e-11,2.400512e-05,6.789672e-05,4.871780e+02,4.999270e+02,4.871780e-01,4.999270e-01,1.000000e-09,15,4,true
3,mixed_sine,W-SOR,w_sor,w,sor,1.00,mg_sor,cuda,double,383,3,3.336794e-10,2.400504e-05,6.789650e-05,3.311820e+02,3.423790e+02,3.311820e-01,3.423790e-01,1.000000e-09,15,4,true
3,mixed_sine,W-SOR,w_sor,w,sor,1.05,mg_sor,cuda,double,383,3,2.775821e-10,2.400505e-05,6.789654e-05,3.355620e+02,3.481850e+02,3.355620e-01,3.481850e-01,1.000000e-09,15,4,true
3,mixed_sine,W-SOR,w_sor,w,sor,1.10,mg_sor,cuda,double,383,3,2.376719e-10,2.400507e-05,6.789658e-05,3.361830e+02,3.485580e+02,3.361830e-01,3.485580e-01,1.000000e-09,15,4,true
3,mixed_sine,W-SOR,w_sor,w,sor,1.15,mg_sor,cuda,double,383,3,2.267682e-10,2.400508e-05,6.789662e-05,3.442810e+02,3.553400e+02,3.442810e-01,3.553400e-01,1.000000e-09,15,4,true
3,mixed_sine,W-SOR,w_sor,w,sor,1.20,mg_sor,cuda,double,383,3,2.214147e-10,2.400509e-05,6.789666e-05,3.417820e+02,3.524450e+02,3.417820e-01,3.524450e-01,1.000000e-09,15,4,true
3,mixed_sine,W-SOR,w_sor,w,sor,1.25,mg_sor,cuda,double,383,3,2.469419e-10,2.400511e-05,6.789669e-05,3.452950e+02,3.550390e+02,3.452950e-01,3.550390e-01,1.000000e-09,15,4,true
3,mixed_sine,W-SOR,w_sor,w,sor,1.30,mg_sor,cuda,double,383,3,3.403105e-10,2.400511e-05,6.789671e-05,3.345510e+02,3.470040e+02,3.345510e-01,3.470040e-01,1.000000e-09,15,4,true
3,mixed_sine,W-SOR,w_sor,w,sor,1.35,mg_sor,cuda,double,383,4,7.710546e-13,2.400512e-05,6.789672e-05,4.231580e+02,4.330360e+02,4.231580e-01,4.330360e-01,1.000000e-09,15,4,true
3,mixed_sine,W-SOR,w_sor,w,sor,1.40,mg_sor,cuda,double,383,4,9.115411e-12,2.400512e-05,6.789672e-05,3.973550e+02,4.084460e+02,3.973550e-01,4.084460e-01,1.000000e-09,15,4,true
3,mixed_sine,W-SOR,w_sor,w,sor,1.45,mg_sor,cuda,double,383,4,1.972635e-10,2.400512e-05,6.789672e-05,4.088470e+02,4.443550e+02,4.088470e-01,4.443550e-01,1.000000e-09,15,4,true
3,mixed_sine,W-SOR,w_sor,w,sor,1.50,mg_sor,cuda,double,383,5,1.028768e-11,2.400512e-05,6.789672e-05,4.647370e+02,4.736380e+02,4.647370e-01,4.736380e-01,1.000000e-09,15,4,true
3,bubble,V-exact,v_exact,v,exact,1.00,mg_exact,cuda,double,383,8,3.227440e-10,1.458105e-12,4.076571e-12,5.684960e+02,5.741120e+02,5.684960e-01,5.741120e-01,1.000000e-09,15,4,true
3,bubble,V-exact,v_exact,v,exact,1.05,mg_exact,cuda,double,383,8,9.625742e-11,4.144798e-13,1.161951e-12,5.527500e+02,5.575480e+02,5.527500e-01,5.575480e-01,1.000000e-09,15,4,true
3,bubble,V-exact,v_exact,v,exact,1.10,mg_exact,cuda,double,383,7,5.508173e-10,2.224977e-12,6.237099e-12,5.082250e+02,5.149360e+02,5.082250e-01,5.149360e-01,1.000000e-09,15,4,true
3,bubble,V-exact,v_exact,v,exact,1.15,mg_exact,cuda,double,383,7,1.345650e-10,5.146965e-13,1.447993e-12,5.220290e+02,5.272390e+02,5.220290e-01,5.272390e-01,1.000000e-09,15,4,true
3,bubble,V-exact,v_exact,v,exact,1.20,mg_exact,cuda,double,383,6,8.362032e-10,2.957712e-12,8.333124e-12,4.489980e+02,4.555070e+02,4.489980e-01,4.555070e-01,1.000000e-09,15,4,true
3,bubble,V-exact,v_exact,v,exact,1.25,mg_exact,cuda,double,383,6,1.034997e-10,3.447114e-13,9.749181e-13,4.501130e+02,4.562240e+02,4.501130e-01,4.562240e-01,1.000000e-09,15,4,true
3,bubble,V-exact,v_exact,v,exact,1.30,mg_exact,cuda,double,383,5,3.014419e-10,8.965759e-13,2.537399e-12,3.943480e+02,4.079990e+02,3.943480e-01,4.079990e-01,1.000000e-09,15,4,true
3,bubble,V-exact,v_exact,v,exact,1.35,mg_exact,cuda,double,383,5,2.370734e-10,2.820663e-14,8.080689e-14,4.121300e+02,4.174140e+02,4.121300e-01,4.174140e-01,1.000000e-09,15,4,true
3,bubble,V-exact,v_exact,v,exact,1.40,mg_exact,cuda,double,383,6,7.340362e-11,1.367934e-14,3.087027e-14,4.659070e+02,4.741640e+02,4.659070e-01,4.741640e-01,1.000000e-09,15,4,true
3,bubble,V-exact,v_exact,v,exact,1.45,mg_exact,cuda,double,383,6,8.745946e-10,6.318920e-13,9.857323e-13,4.534720e+02,4.626920e+02,4.534720e-01,4.626920e-01,1.000000e-09,15,4,true
3,bubble,V-exact,v_exact,v,exact,1.50,mg_exact,cuda,double,383,7,3.868279e-10,4.856644e-13,9.947581e-13,5.101150e+02,5.145030e+02,5.101150e-01,5.145030e-01,1.000000e-09,15,4,true
3,bubble,V-SOR,v_sor,v,sor,1.00,mg_sor,cuda,double,383,8,3.227427e-10,1.458105e-12,4.076539e-12,5.554900e+02,5.617180e+02,5.554900e-01,5.617180e-01,1.000000e-09,15,4,true
3,bubble,V-SOR,v_sor,v,sor,1.05,mg_sor,cuda,double,383,8,9.625921e-11,4.144728e-13,1.161892e-12,5.665300e+02,5.727120e+02,5.665300e-01,5.727120e-01,1.000000e-09,15,4,true
3,bubble,V-SOR,v_sor,v,sor,1.10,mg_sor,cuda,double,383,7,5.508192e-10,2.224983e-12,6.237132e-12,5.102050e+02,5.154570e+02,5.102050e-01,5.154570e-01,1.000000e-09,15,4,true
3,bubble,V-SOR,v_sor,v,sor,1.15,mg_sor,cuda,double,383,7,1.345666e-10,5.146964e-13,1.447962e-12,4.981730e+02,5.034440e+02,4.981730e-01,5.034440e-01,1.000000e-09,15,4,true
3,bubble,V-SOR,v_sor,v,sor,1.20,mg_sor,cuda,double,383,6,8.362024e-10,2.957714e-12,8.333100e-12,4.597500e+02,4.649810e+02,4.597500e-01,4.649810e-01,1.000000e-09,15,4,true
3,bubble,V-SOR,v_sor,v,sor,1.25,mg_sor,cuda,double,383,6,1.035024e-10,3.447189e-13,9.749580e-13,4.503990e+02,4.553410e+02,4.503990e-01,4.553410e-01,1.000000e-09,15,4,true
3,bubble,V-SOR,v_sor,v,sor,1.30,mg_sor,cuda,double,383,5,3.014405e-10,8.965766e-13,2.537392e-12,4.080510e+02,4.132840e+02,4.080510e-01,4.132840e-01,1.000000e-09,15,4,true
3,bubble,V-SOR,v_sor,v,sor,1.35,mg_sor,cuda,double,383,5,2.370732e-10,2.820700e-14,8.080515e-14,4.097410e+02,4.189590e+02,4.097410e-01,4.189590e-01,1.000000e-09,15,4,true
3,bubble,V-SOR,v_sor,v,sor,1.40,mg_sor,cuda,double,383,6,7.340360e-11,1.368140e-14,3.087634e-14,4.507050e+02,4.552910e+02,4.507050e-01,4.552910e-01,1.000000e-09,15,4,true
3,bubble,V-SOR,v_sor,v,sor,1.45,mg_sor,cuda,double,383,6,8.745954e-10,6.318851e-13,9.856699e-13,4.525110e+02,4.581950e+02,4.525110e-01,4.581950e-01,1.000000e-09,15,4,true
3,bubble,V-SOR,v_sor,v,sor,1.50,mg_sor,cuda,double,383,7,3.868291e-10,4.856727e-13,9.947893e-13,5.270470e+02,5.324760e+02,5.270470e-01,5.324760e-01,1.000000e-09,15,4,true
3,bubble,W-exact,w_exact,w,exact,1.00,mg_exact,cuda,double,383,5,2.505931e-10,1.026638e-15,6.233078e-15,4.601810e+02,4.954630e+02,4.601810e-01,4.954630e-01,1.000000e-09,15,4,true
3,bubble,W-exact,w_exact,w,exact,1.05,mg_exact,cuda,double,383,5,8.659040e-11,6.667226e-16,2.187432e-15,4.576090e+02,4.675450e+02,4.576090e-01,4.675450e-01,1.000000e-09,15,4,true
3,bubble,W-exact,w_exact,w,exact,1.10,mg_exact,cuda,double,383,5,2.279920e-11,5.688121e-16,1.788500e-15,4.786250e+02,4.927870e+02,4.786250e-01,4.927870e-01,1.000000e-09,15,4,true
3,bubble,W-exact,w_exact,w,exact,1.15,mg_exact,cuda,double,383,4,3.955512e-10,1.727731e-15,1.162151e-14,4.176630e+02,4.286720e+02,4.176630e-01,4.286720e-01,1.000000e-09,15,4,true
3,bubble,W-exact,w_exact,w,exact,1.20,mg_exact,cuda,double,383,4,3.178078e-11,4.751285e-16,1.419004e-15,4.187980e+02,4.277620e+02,4.187980e-01,4.277620e-01,1.000000e-09,15,4,true
3,bubble,W-exact,w_exact,w,exact,1.25,mg_exact,cuda,double,383,3,3.412564e-10,8.615838e-16,6.472091e-15,3.284280e+02,3.537510e+02,3.284280e-01,3.537510e-01,1.000000e-09,15,4,true
3,bubble,W-exact,w_exact,w,exact,1.30,mg_exact,cuda,double,383,4,8.481155e-11,4.059929e-16,1.422311e-15,4.109810e+02,4.289260e+02,4.109810e-01,4.289260e-01,1.000000e-09,15,4,true
3,bubble,W-exact,w_exact,w,exact,1.35,mg_exact,cuda,double,383,5,1.528314e-11,3.190465e-16,9.870577e-16,4.593230e+02,4.698730e+02,4.593230e-01,4.698730e-01,1.000000e-09,15,4,true
3,bubble,W-exact,w_exact,w,exact,1.40,mg_exact,cuda,double,383,5,1.457907e-10,4.474493e-16,2.702591e-15,4.717290e+02,4.808450e+02,4.717290e-01,4.808450e-01,1.000000e-09,15,4,true
3,bubble,W-exact,w_exact,w,exact,1.45,mg_exact,cuda,double,383,5,9.518711e-10,2.780228e-15,1.738627e-14,4.654950e+02,5.087760e+02,4.654950e-01,5.087760e-01,1.000000e-09,15,4,true
3,bubble,W-exact,w_exact,w,exact,1.50,mg_exact,cuda,double,383,6,1.543652e-10,4.477623e-16,2.667137e-15,5.314200e+02,5.406120e+02,5.314200e-01,5.406120e-01,1.000000e-09,15,4,true
3,bubble,W-SOR,w_sor,w,sor,1.00,mg_sor,cuda,double,383,5,2.505930e-10,1.031381e-15,6.232374e-15,4.542690e+02,4.685290e+02,4.542690e-01,4.685290e-01,1.000000e-09,15,4,true
3,bubble,W-SOR,w_sor,w,sor,1.05,mg_sor,cuda,double,383,5,8.659054e-11,6.671705e-16,2.187812e-15,4.865170e+02,4.966640e+02,4.865170e-01,4.966640e-01,1.000000e-09,15,4,true
3,bubble,W-SOR,w_sor,w,sor,1.10,mg_sor,cuda,double,383,5,2.279926e-11,5.695059e-16,1.795439e-15,4.565060e+02,4.661350e+02,4.565060e-01,4.661350e-01,1.000000e-09,15,4,true
3,bubble,W-SOR,w_sor,w,sor,1.15,mg_sor,cuda,double,383,4,3.955511e-10,1.728868e-15,1.162097e-14,3.951790e+02,4.057370e+02,3.951790e-01,4.057370e-01,1.000000e-09,15,4,true
3,bubble,W-SOR,w_sor,w,sor,1.20,mg_sor,cuda,double,383,4,3.178063e-11,4.705094e-16,1.398187e-15,4.123920e+02,4.240590e+02,4.123920e-01,4.240590e-01,1.000000e-09,15,4,true
3,bubble,W-SOR,w_sor,w,sor,1.25,mg_sor,cuda,double,383,3,3.412565e-10,8.651992e-16,6.472199e-15,3.544870e+02,3.660820e+02,3.544870e-01,3.660820e-01,1.000000e-09,15,4,true
3,bubble,W-SOR,w_sor,w,sor,1.30,mg_sor,cuda,double,383,4,8.481185e-11,4.253436e-16,1.420847e-15,3.934840e+02,4.037550e+02,3.934840e-01,4.037550e-01,1.000000e-09,15,4,true
3,bubble,W-SOR,w_sor,w,sor,1.35,mg_sor,cuda,double,383,5,1.528348e-11,3.122040e-16,9.471590e-16,4.634600e+02,4.789750e+02,4.634600e-01,4.789750e-01,1.000000e-09,15,4,true
3,bubble,W-SOR,w_sor,w,sor,1.40,mg_sor,cuda,double,383,5,1.457904e-10,4.439356e-16,2.700477e-15,4.643110e+02,4.737180e+02,4.643110e-01,4.737180e-01,1.000000e-09,15,4,true
3,bubble,W-SOR,w_sor,w,sor,1.45,mg_sor,cuda,double,383,5,9.518713e-10,2.789993e-15,1.739136e-14,4.617770e+02,4.710580e+02,4.617770e-01,4.710580e-01,1.000000e-09,15,4,true
3,bubble,W-SOR,w_sor,w,sor,1.50,mg_sor,cuda,double,383,6,1.543653e-10,4.477514e-16,2.666704e-15,5.185810e+02,5.403350e+02,5.185810e-01,5.403350e-01,1.000000e-09,15,4,true
3,exp,V-exact,v_exact,v,exact,1.00,mg_exact,cuda,double,383,9,7.660136e-10,2.093567e-07,4.953323e-07,6.104490e+02,6.184480e+02,6.104490e-01,6.184480e-01,1.000000e-09,15,4,true
3,exp,V-exact,v_exact,v,exact,1.05,mg_exact,cuda,double,383,9,1.765703e-10,2.093973e-07,4.954483e-07,6.240940e+02,6.298370e+02,6.240940e-01,6.298370e-01,1.000000e-09,15,4,true
3,exp,V-exact,v_exact,v,exact,1.10,mg_exact,cuda,double,383,8,8.441490e-10,2.093516e-07,4.953140e-07,5.590000e+02,5.636200e+02,5.590000e-01,5.636200e-01,1.000000e-09,15,4,true
3,exp,V-exact,v_exact,v,exact,1.15,mg_exact,cuda,double,383,8,1.398686e-10,2.093994e-07,4.954543e-07,5.760530e+02,5.811540e+02,5.760530e-01,5.811540e-01,1.000000e-09,15,4,true
3,exp,V-exact,v_exact,v,exact,1.20,mg_exact,cuda,double,383,7,5.675884e-10,2.093624e-07,4.953478e-07,5.019340e+02,5.133250e+02,5.019340e-01,5.133250e-01,1.000000e-09,15,4,true
3,exp,V-exact,v_exact,v,exact,1.25,mg_exact,cuda,double,383,7,5.545829e-11,2.094064e-07,4.954757e-07,5.117890e+02,5.195840e+02,5.117890e-01,5.195840e-01,1.000000e-09,15,4,true
3,exp,V-exact,v_exact,v,exact,1.30,mg_exact,cuda,double,383,6,2.413752e-10,2.094049e-07,4.954723e-07,4.676520e+02,4.746730e+02,4.676520e-01,4.746730e-01,1.000000e-09,15,4,true
3,exp,V-exact,v_exact,v,exact,1.35,mg_exact,cuda,double,383,7,2.278294e-10,2.094103e-07,4.954862e-07,5.154800e+02,5.208490e+02,5.154800e-01,5.208490e-01,1.000000e-09,15,4,true
3,exp,V-exact,v_exact,v,exact,1.40,mg_exact,cuda,double,383,8,1.289709e-10,2.094103e-07,4.954864e-07,5.642740e+02,5.736840e+02,5.642740e-01,5.736840e-01,1.000000e-09,15,4,true
3,exp,V-exact,v_exact,v,exact,1.45,mg_exact,cuda,double,383,9,1.067975e-10,2.094103e-07,4.954862e-07,6.072200e+02,6.127990e+02,6.072200e-01,6.127990e-01,1.000000e-09,15,4,true
3,exp,V-exact,v_exact,v,exact,1.50,mg_exact,cuda,double,383,10,8.354057e-11,2.094103e-07,4.954864e-07,6.731010e+02,6.785120e+02,6.731010e-01,6.785120e-01,1.000000e-09,15,4,true
3,exp,V-SOR,v_sor,v,sor,1.00,mg_sor,cuda,double,383,9,7.660130e-10,2.093567e-07,4.953324e-07,6.114550e+02,6.173110e+02,6.114550e-01,6.173110e-01,1.000000e-09,15,4,true
3,exp,V-SOR,v_sor,v,sor,1.05,mg_sor,cuda,double,383,9,1.766281e-10,2.093973e-07,4.954483e-07,6.397810e+02,6.450490e+02,6.397810e-01,6.450490e-01,1.000000e-09,15,4,true
3,exp,V-SOR,v_sor,v,sor,1.10,mg_sor,cuda,double,383,8,8.441221e-10,2.093516e-07,4.953140e-07,5.653340e+02,5.703100e+02,5.653340e-01,5.703100e-01,1.000000e-09,15,4,true
3,exp,V-SOR,v_sor,v,sor,1.15,mg_sor,cuda,double,383,8,1.398674e-10,2.093994e-07,4.954543e-07,5.557030e+02,5.608470e+02,5.557030e-01,5.608470e-01,1.000000e-09,15,4,true
3,exp,V-SOR,v_sor,v,sor,1.20,mg_sor,cuda,double,383,7,5.675678e-10,2.093624e-07,4.953478e-07,5.400250e+02,5.450350e+02,5.400250e-01,5.450350e-01,1.000000e-09,15,4,true
3,exp,V-SOR,v_sor,v,sor,1.25,mg_sor,cuda,double,383,7,5.544688e-11,2.094064e-07,4.954757e-07,5.088910e+02,5.139520e+02,5.088910e-01,5.139520e-01,1.000000e-09,15,4,true
3,exp,V-SOR,v_sor,v,sor,1.30,mg_sor,cuda,double,383,6,2.413823e-10,2.094049e-07,4.954723e-07,4.492150e+02,4.576510e+02,4.492150e-01,4.576510e-01,1.000000e-09,15,4,true
3,exp,V-SOR,v_sor,v,sor,1.35,mg_sor,cuda,double,383,7,2.278405e-10,2.094103e-07,4.954862e-07,5.067880e+02,5.158610e+02,5.067880e-01,5.158610e-01,1.000000e-09,15,4,true
3,exp,V-SOR,v_sor,v,sor,1.40,mg_sor,cuda,double,383,8,1.289483e-10,2.094103e-07,4.954863e-07,5.643180e+02,5.701330e+02,5.643180e-01,5.701330e-01,1.000000e-09,15,4,true
3,exp,V-SOR,v_sor,v,sor,1.45,mg_sor,cuda,double,383,9,1.068065e-10,2.094103e-07,4.954862e-07,6.250740e+02,6.313880e+02,6.250740e-01,6.313880e-01,1.000000e-09,15,4,true
3,exp,V-SOR,v_sor,v,sor,1.50,mg_sor,cuda,double,383,10,8.356342e-11,2.094103e-07,4.954864e-07,6.940990e+02,6.985240e+02,6.940990e-01,6.985240e-01,1.000000e-09,15,4,true
3,exp,W-exact,w_exact,w,exact,1.00,mg_exact,cuda,double,383,8,9.469815e-10,2.094106e-07,4.954871e-07,6.630310e+02,6.776130e+02,6.630310e-01,6.776130e-01,1.000000e-09,15,4,true
3,exp,W-exact,w_exact,w,exact,1.05,mg_exact,cuda,double,383,8,2.410535e-10,2.094106e-07,4.954870e-07,6.710330e+02,6.804080e+02,6.710330e-01,6.804080e-01,1.000000e-09,15,4,true
3,exp,W-exact,w_exact,w,exact,1.10,mg_exact,cuda,double,383,8,6.606197e-11,2.094106e-07,4.954870e-07,6.820730e+02,7.031970e+02,6.820730e-01,7.031970e-01,1.000000e-09,15,4,true
3,exp,W-exact,w_exact,w,exact,1.15,mg_exact,cuda,double,383,7,3.647081e-10,2.094105e-07,4.954869e-07,6.109530e+02,6.204120e+02,6.109530e-01,6.204120e-01,1.000000e-09,15,4,true
3,exp,W-exact,w_exact,w,exact,1.20,mg_exact,cuda,double,383,7,6.635071e-11,2.094105e-07,4.954869e-07,6.060580e+02,6.159380e+02,6.060580e-01,6.159380e-01,1.000000e-09,15,4,true
3,exp,W-exact,w_exact,w,exact,1.25,mg_exact,cuda,double,383,6,1.936273e-10,2.094106e-07,4.954869e-07,5.511240e+02,5.626850e+02,5.511240e-01,5.626850e-01,1.000000e-09,15,4,true
3,exp,W-exact,w_exact,w,exact,1.30,mg_exact,cuda,double,383,6,1.278206e-10,2.094104e-07,4.954867e-07,5.520840e+02,5.609580e+02,5.520840e-01,5.609580e-01,1.000000e-09,15,4,true
3,exp,W-exact,w_exact,w,exact,1.35,mg_exact,cuda,double,383,7,8.562842e-11,2.094104e-07,4.954866e-07,6.147710e+02,6.247920e+02,6.147710e-01,6.247920e-01,1.000000e-09,15,4,true
3,exp,W-exact,w_exact,w,exact,1.40,mg_exact,cuda,double,383,8,7.005659e-11,2.094104e-07,4.954865e-07,6.647150e+02,6.740170e+02,6.647150e-01,6.740170e-01,1.000000e-09,15,4,true
3,exp,W-exact,w_exact,w,exact,1.45,mg_exact,cuda,double,383,8,3.374348e-10,2.094104e-07,4.954865e-07,6.727760e+02,6.955310e+02,6.727760e-01,6.955310e-01,1.000000e-09,15,4,true
3,exp,W-exact,w_exact,w,exact,1.50,mg_exact,cuda,double,383,9,1.450884e-10,2.094103e-07,4.954863e-07,7.336520e+02,7.432520e+02,7.336520e-01,7.432520e-01,1.000000e-09,15,4,true
3,exp,W-SOR,w_sor,w,sor,1.00,mg_sor,cuda,double,383,8,9.469838e-10,2.094106e-07,4.954871e-07,6.471780e+02,6.563150e+02,6.471780e-01,6.563150e-01,1.000000e-09,15,4,true
3,exp,W-SOR,w_sor,w,sor,1.05,mg_sor,cuda,double,383,8,2.410620e-10,2.094106e-07,4.954870e-07,6.621490e+02,6.752600e+02,6.621490e-01,6.752600e-01,1.000000e-09,15,4,true
3,exp,W-SOR,w_sor,w,sor,1.10,mg_sor,cuda,double,383,8,6.607221e-11,2.094106e-07,4.954870e-07,6.753450e+02,6.853420e+02,6.753450e-01,6.853420e-01,1.000000e-09,15,4,true
3,exp,W-SOR,w_sor,w,sor,1.15,mg_sor,cuda,double,383,7,3.647039e-10,2.094105e-07,4.954869e-07,5.928970e+02,6.025730e+02,5.928970e-01,6.025730e-01,1.000000e-09,15,4,true
3,exp,W-SOR,w_sor,w,sor,1.20,mg_sor,cuda,double,383,7,6.637349e-11,2.094105e-07,4.954869e-07,5.852760e+02,5.961360e+02,5.852760e-01,5.961360e-01,1.000000e-09,15,4,true
3,exp,W-SOR,w_sor,w,sor,1.25,mg_sor,cuda,double,383,6,1.936785e-10,2.094106e-07,4.954869e-07,5.246240e+02,5.337390e+02,5.246240e-01,5.337390e-01,1.000000e-09,15,4,true
3,exp,W-SOR,w_sor,w,sor,1.30,mg_sor,cuda,double,383,6,1.278214e-10,2.094105e-07,4.954867e-07,5.227270e+02,5.322850e+02,5.227270e-01,5.322850e-01,1.000000e-09,15,4,true
3,exp,W-SOR,w_sor,w,sor,1.35,mg_sor,cuda,double,383,7,8.559972e-11,2.094104e-07,4.954866e-07,5.846400e+02,6.003110e+02,5.846400e-01,6.003110e-01,1.000000e-09,15,4,true
3,exp,W-SOR,w_sor,w,sor,1.40,mg_sor,cuda,double,383,8,7.004283e-11,2.094104e-07,4.954865e-07,6.512560e+02,6.732520e+02,6.512560e-01,6.732520e-01,1.000000e-09,15,4,true
3,exp,W-SOR,w_sor,w,sor,1.45,mg_sor,cuda,double,383,8,3.374459e-10,2.094104e-07,4.954865e-07,6.462110e+02,6.609020e+02,6.462110e-01,6.609020e-01,1.000000e-09,15,4,true
3,exp,W-SOR,w_sor,w,sor,1.50,mg_sor,cuda,double,383,9,1.450904e-10,2.094103e-07,4.954863e-07,7.171150e+02,7.289670e+02,7.171150e-01,7.289670e-01,1.000000e-09,15,4,true
3,cosine,V-exact,v_exact,v,exact,1.00,mg_exact,cuda,double,383,9,1.429997e-10,3.237494e-07,8.839960e-07,6.111480e+02,6.159660e+02,6.111480e-01,6.159660e-01,1.000000e-09,15,4,true
3,cosine,V-exact,v_exact,v,exact,1.05,mg_exact,cuda,double,383,8,7.167202e-10,3.237372e-07,8.839561e-07,5.706690e+02,5.762690e+02,5.706690e-01,5.762690e-01,1.000000e-09,15,4,true
3,cosine,V-exact,v_exact,v,exact,1.10,mg_exact,cuda,double,383,8,1.617305e-10,3.237491e-07,8.839950e-07,5.716460e+02,5.911710e+02,5.716460e-01,5.911710e-01,1.000000e-09,15,4,true
3,cosine,V-exact,v_exact,v,exact,1.15,mg_exact,cuda,double,383,7,8.683391e-10,3.237337e-07,8.839460e-07,5.518770e+02,5.568280e+02,5.518770e-01,5.568280e-01,1.000000e-09,15,4,true
3,cosine,V-exact,v_exact,v,exact,1.20,mg_exact,cuda,double,383,7,1.180616e-10,3.237498e-07,8.839979e-07,5.033400e+02,5.079830e+02,5.033400e-01,5.079830e-01,1.000000e-09,15,4,true
3,cosine,V-exact,v_exact,v,exact,1.25,mg_exact,cuda,double,383,6,4.448331e-10,3.237407e-07,8.839715e-07,4.550020e+02,4.625710e+02,4.550020e-01,4.625710e-01,1.000000e-09,15,4,true
3,cosine,V-exact,v_exact,v,exact,1.30,mg_exact,cuda,double,383,6,2.635577e-11,3.237525e-07,8.840063e-07,4.549330e+02,4.609590e+02,4.549330e-01,4.609590e-01,1.000000e-09,15,4,true
3,cosine,V-exact,v_exact,v,exact,1.35,mg_exact,cuda,double,383,7,2.373231e-11,3.237528e-07,8.840071e-07,5.331720e+02,5.391040e+02,5.331720e-01,5.391040e-01,1.000000e-09,15,4,true
3,cosine,V-exact,v_exact,v,exact,1.40,mg_exact,cuda,double,383,7,5.847247e-10,3.237528e-07,8.840067e-07,5.088860e+02,5.286070e+02,5.088860e-01,5.286070e-01,1.000000e-09,15,4,true
3,cosine,V-exact,v_exact,v,exact,1.45,mg_exact,cuda,double,383,8,2.349489e-10,3.237527e-07,8.840073e-07,5.641500e+02,5.695810e+02,5.641500e-01,5.695810e-01,1.000000e-09,15,4,true
3,cosine,V-exact,v_exact,v,exact,1.50,mg_exact,cuda,double,383,9,1.298512e-10,3.237528e-07,8.840070e-07,6.285810e+02,6.457240e+02,6.285810e-01,6.457240e-01,1.000000e-09,15,4,true
3,cosine,V-SOR,v_sor,v,sor,1.00,mg_sor,cuda,double,383,9,1.430027e-10,3.237494e-07,8.839960e-07,6.135530e+02,6.199990e+02,6.135530e-01,6.199990e-01,1.000000e-09,15,4,true
3,cosine,V-SOR,v_sor,v,sor,1.05,mg_sor,cuda,double,383,8,7.167193e-10,3.237372e-07,8.839561e-07,5.577250e+02,5.640450e+02,5.577250e-01,5.640450e-01,1.000000e-09,15,4,true
3,cosine,V-SOR,v_sor,v,sor,1.10,mg_sor,cuda,double,383,8,1.617305e-10,3.237491e-07,8.839950e-07,5.835180e+02,5.890760e+02,5.835180e-01,5.890760e-01,1.000000e-09,15,4,true
3,cosine,V-SOR,v_sor,v,sor,1.15,mg_sor,cuda,double,383,7,8.683362e-10,3.237337e-07,8.839460e-07,5.188820e+02,5.229590e+02,5.188820e-01,5.229590e-01,1.000000e-09,15,4,true
3,cosine,V-SOR,v_sor,v,sor,1.20,mg_sor,cuda,double,383,7,1.180576e-10,3.237498e-07,8.839979e-07,5.079560e+02,5.126120e+02,5.079560e-01,5.126120e-01,1.000000e-09,15,4,true
3,cosine,V-SOR,v_sor,v,sor,1.25,mg_sor,cuda,double,383,6,4.448324e-10,3.237407e-07,8.839715e-07,4.569570e+02,4.621540e+02,4.569570e-01,4.621540e-01,1.000000e-09,15,4,true
3,cosine,V-SOR,v_sor,v,sor,1.30,mg_sor,cuda,double,383,6,2.635381e-11,3.237525e-07,8.840063e-07,4.601830e+02,4.647940e+02,4.601830e-01,4.647940e-01,1.000000e-09,15,4,true
3,cosine,V-SOR,v_sor,v,sor,1.35,mg_sor,cuda,double,383,7,2.373138e-11,3.237528e-07,8.840071e-07,5.378580e+02,5.425370e+02,5.378580e-01,5.425370e-01,1.000000e-09,15,4,true
3,cosine,V-SOR,v_sor,v,sor,1.40,mg_sor,cuda,double,383,7,5.847237e-10,3.237528e-07,8.840067e-07,5.248520e+02,5.302830e+02,5.248520e-01,5.302830e-01,1.000000e-09,15,4,true
3,cosine,V-SOR,v_sor,v,sor,1.45,mg_sor,cuda,double,383,8,2.349462e-10,3.237527e-07,8.840073e-07,5.928600e+02,5.978420e+02,5.928600e-01,5.978420e-01,1.000000e-09,15,4,true
3,cosine,V-SOR,v_sor,v,sor,1.50,mg_sor,cuda,double,383,9,1.298539e-10,3.237528e-07,8.840070e-07,6.287660e+02,6.339860e+02,6.287660e-01,6.339860e-01,1.000000e-09,15,4,true
3,cosine,W-exact,w_exact,w,exact,1.00,mg_exact,cuda,double,383,8,1.494303e-10,3.237528e-07,8.840071e-07,6.967180e+02,7.062350e+02,6.967180e-01,7.062350e-01,1.000000e-09,15,4,true
3,cosine,W-exact,w_exact,w,exact,1.05,mg_exact,cuda,double,383,8,3.799515e-11,3.237528e-07,8.840071e-07,6.640310e+02,6.778710e+02,6.640310e-01,6.778710e-01,1.000000e-09,15,4,true
3,cosine,W-exact,w_exact,w,exact,1.10,mg_exact,cuda,double,383,7,3.139738e-10,3.237528e-07,8.840071e-07,6.015110e+02,6.162860e+02,6.015110e-01,6.162860e-01,1.000000e-09,15,4,true
3,cosine,W-exact,w_exact,w,exact,1.15,mg_exact,cuda,double,383,7,5.841855e-11,3.237528e-07,8.840071e-07,6.331090e+02,6.430330e+02,6.331090e-01,6.430330e-01,1.000000e-09,15,4,true
3,cosine,W-exact,w_exact,w,exact,1.20,mg_exact,cuda,double,383,6,4.572438e-10,3.237528e-07,8.840071e-07,5.731740e+02,5.830040e+02,5.731740e-01,5.830040e-01,1.000000e-09,15,4,true
3,cosine,W-exact,w_exact,w,exact,1.25,mg_exact,cuda,double,383,6,3.190742e-11,3.237528e-07,8.840071e-07,5.635130e+02,5.736870e+02,5.635130e-01,5.736870e-01,1.000000e-09,15,4,true
3,cosine,W-exact,w_exact,w,exact,1.30,mg_exact,cuda,double,383,6,1.437643e-11,3.237528e-07,8.840071e-07,5.460680e+02,5.578730e+02,5.460680e-01,5.578730e-01,1.000000e-09,15,4,true
3,cosine,W-exact,w_exact,w,exact,1.35,mg_exact,cuda,double,383,6,6.217456e-10,3.237528e-07,8.840071e-07,5.734290e+02,5.839260e+02,5.734290e-01,5.839260e-01,1.000000e-09,15,4,true
3,cosine,W-exact,w_exact,w,exact,1.40,mg_exact,cuda,double,383,7,1.449960e-10,3.237528e-07,8.840071e-07,5.981470e+02,6.082070e+02,5.981470e-01,6.082070e-01,1.000000e-09,15,4,true
3,cosine,W-exact,w_exact,w,exact,1.45,mg_exact,cuda,double,383,8,4.018893e-11,3.237528e-07,8.840071e-07,6.785860e+02,6.924310e+02,6.785860e-01,6.924310e-01,1.000000e-09,15,4,true
3,cosine,W-exact,w_exact,w,exact,1.50,mg_exact,cuda,double,383,8,4.611968e-10,3.237528e-07,8.840071e-07,7.463810e+02,7.583150e+02,7.463810e-01,7.583150e-01,1.000000e-09,15,4,true
3,cosine,W-SOR,w_sor,w,sor,1.00,mg_sor,cuda,double,383,8,1.494303e-10,3.237528e-07,8.840071e-07,6.931380e+02,7.074690e+02,6.931380e-01,7.074690e-01,1.000000e-09,15,4,true
3,cosine,W-SOR,w_sor,w,sor,1.05,mg_sor,cuda,double,383,8,3.799515e-11,3.237528e-07,8.840071e-07,6.789250e+02,6.885200e+02,6.789250e-01,6.885200e-01,1.000000e-09,15,4,true
3,cosine,W-SOR,w_sor,w,sor,1.10,mg_sor,cuda,double,383,7,3.139738e-10,3.237528e-07,8.840071e-07,6.300530e+02,6.396400e+02,6.300530e-01,6.396400e-01,1.000000e-09,15,4,true
3,cosine,W-SOR,w_sor,w,sor,1.15,mg_sor,cuda,double,383,7,5.841855e-11,3.237528e-07,8.840071e-07,6.050120e+02,6.141660e+02,6.050120e-01,6.141660e-01,1.000000e-09,15,4,true
3,cosine,W-SOR,w_sor,w,sor,1.20,mg_sor,cuda,double,383,6,4.572438e-10,3.237528e-07,8.840071e-07,6.247760e+02,6.392760e+02,6.247760e-01,6.392760e-01,1.000000e-09,15,4,true
3,cosine,W-SOR,w_sor,w,sor,1.25,mg_sor,cuda,double,383,6,3.190742e-11,3.237528e-07,8.840071e-07,5.337480e+02,5.468260e+02,5.337480e-01,5.468260e-01,1.000000e-09,15,4,true
3,cosine,W-SOR,w_sor,w,sor,1.30,mg_sor,cuda,double,383,6,1.437747e-11,3.237528e-07,8.840071e-07,5.566020e+02,5.676370e+02,5.566020e-01,5.676370e-01,1.000000e-09,15,4,true
3,cosine,W-SOR,w_sor,w,sor,1.35,mg_sor,cuda,double,383,6,6.217466e-10,3.237528e-07,8.840071e-07,5.467290e+02,5.568370e+02,5.467290e-01,5.568370e-01,1.000000e-09,15,4,true
3,cosine,W-SOR,w_sor,w,sor,1.40,mg_sor,cuda,double,383,7,1.449927e-10,3.237528e-07,8.840071e-07,6.184590e+02,6.293490e+02,6.184590e-01,6.293490e-01,1.000000e-09,15,4,true
3,cosine,W-SOR,w_sor,w,sor,1.45,mg_sor,cuda,double,383,8,4.019042e-11,3.237528e-07,8.840071e-07,7.003010e+02,7.097110e+02,7.003010e-01,7.097110e-01,1.000000e-09,15,4,true
3,cosine,W-SOR,w_sor,w,sor,1.50,mg_sor,cuda,double,383,8,4.611866e-10,3.237528e-07,8.840071e-07,6.886430e+02,7.021610e+02,6.886430e-01,7.021610e-01,1.000000e-09,15,4,true
3,sine,V-exact,v_exact,v,exact,1.00,mg_exact,cuda,double,383,8,5.954608e-11,1.972010e-06,5.577687e-06,6.856180e+02,6.909690e+02,6.856180e-01,6.909690e-01,1.000000e-09,15,5,true
3,sine,V-exact,v_exact,v,exact,1.05,mg_exact,cuda,double,383,7,4.315748e-10,1.971923e-06,5.577440e-06,6.086130e+02,6.134630e+02,6.086130e-01,6.134630e-01,1.000000e-09,15,5,true
3,sine,V-exact,v_exact,v,exact,1.10,mg_exact,cuda,double,383,7,1.352935e-10,1.971995e-06,5.577644e-06,6.202930e+02,6.260040e+02,6.202930e-01,6.260040e-01,1.000000e-09,15,5,true
3,sine,V-exact,v_exact,v,exact,1.15,mg_exact,cuda,double,383,7,3.426657e-11,1.972018e-06,5.577709e-06,6.151040e+02,6.197990e+02,6.151040e-01,6.197990e-01,1.000000e-09,15,5,true
3,sine,V-exact,v_exact,v,exact,1.20,mg_exact,cuda,double,383,6,2.768229e-10,1.971971e-06,5.577576e-06,5.439640e+02,5.581560e+02,5.439640e-01,5.581560e-01,1.000000e-09,15,5,true
3,sine,V-exact,v_exact,v,exact,1.25,mg_exact,cuda,double,383,6,3.595381e-11,1.972019e-06,5.577711e-06,5.413940e+02,5.461050e+02,5.413940e-01,5.461050e-01,1.000000e-09,15,5,true
3,sine,V-exact,v_exact,v,exact,1.30,mg_exact,cuda,double,383,5,1.457358e-10,1.972001e-06,5.577660e-06,4.854530e+02,4.909830e+02,4.854530e-01,4.909830e-01,1.000000e-09,15,5,true
3,sine,V-exact,v_exact,v,exact,1.35,mg_exact,cuda,double,383,4,2.718581e-11,1.972022e-06,5.577721e-06,4.181310e+02,4.228270e+02,4.181310e-01,4.228270e-01,1.000000e-09,15,5,true
3,sine,V-exact,v_exact,v,exact,1.40,mg_exact,cuda,double,383,5,3.571165e-11,1.972030e-06,5.577742e-06,4.889880e+02,4.946780e+02,4.889880e-01,4.946780e-01,1.000000e-09,15,5,true
3,sine,V-exact,v_exact,v,exact,1.45,mg_exact,cuda,double,383,6,4.136511e-11,1.972020e-06,5.577715e-06,5.575150e+02,5.621360e+02,5.575150e-01,5.621360e-01,1.000000e-09,15,5,true
3,sine,V-exact,v_exact,v,exact,1.50,mg_exact,cuda,double,383,7,3.248237e-11,1.972029e-06,5.577739e-06,6.062680e+02,6.281220e+02,6.062680e-01,6.281220e-01,1.000000e-09,15,5,true
3,sine,V-SOR,v_sor,v,sor,1.00,mg_sor,cuda,double,383,8,5.954857e-11,1.972010e-06,5.577687e-06,6.848670e+02,6.893910e+02,6.848670e-01,6.893910e-01,1.000000e-09,15,5,true
3,sine,V-SOR,v_sor,v,sor,1.05,mg_sor,cuda,double,383,7,4.315761e-10,1.971923e-06,5.577440e-06,6.033250e+02,6.211930e+02,6.033250e-01,6.211930e-01,1.000000e-09,15,5,true
3,sine,V-SOR,v_sor,v,sor,1.10,mg_sor,cuda,double,383,7,1.352951e-10,1.971995e-06,5.577644e-06,6.067320e+02,6.149640e+02,6.067320e-01,6.149640e-01,1.000000e-09,15,5,true
3,sine,V-SOR,v_sor,v,sor,1.15,mg_sor,cuda,double,383,7,3.426835e-11,1.972018e-06,5.577709e-06,6.343100e+02,6.413370e+02,6.343100e-01,6.413370e-01,1.000000e-09,15,5,true
3,sine,V-SOR,v_sor,v,sor,1.20,mg_sor,cuda,double,383,6,2.768186e-10,1.971971e-06,5.577576e-06,5.413400e+02,5.484740e+02,5.413400e-01,5.484740e-01,1.000000e-09,15,5,true
3,sine,V-SOR,v_sor,v,sor,1.25,mg_sor,cuda,double,383,6,3.595339e-11,1.972019e-06,5.577711e-06,5.425000e+02,5.515220e+02,5.425000e-01,5.515220e-01,1.000000e-09,15,5,true
3,sine,V-SOR,v_sor,v,sor,1.30,mg_sor,cuda,double,383,5,1.457368e-10,1.972001e-06,5.577660e-06,4.894210e+02,5.028500e+02,4.894210e-01,5.028500e-01,1.000000e-09,15,5,true
3,sine,V-SOR,v_sor,v,sor,1.35,mg_sor,cuda,double,383,4,2.718495e-11,1.972022e-06,5.577721e-06,4.229470e+02,4.285010e+02,4.229470e-01,4.285010e-01,1.000000e-09,15,5,true
3,sine,V-SOR,v_sor,v,sor,1.40,mg_sor,cuda,double,383,5,3.571238e-11,1.972030e-06,5.577742e-06,4.873290e+02,4.931790e+02,4.873290e-01,4.931790e-01,1.000000e-09,15,5,true
3,sine,V-SOR,v_sor,v,sor,1.45,mg_sor,cuda,double,383,6,4.137495e-11,1.972020e-06,5.577715e-06,5.569290e+02,5.620520e+02,5.569290e-01,5.620520e-01,1.000000e-09,15,5,true
3,sine,V-SOR,v_sor,v,sor,1.50,mg_sor,cuda,double,383,7,3.247889e-11,1.972029e-06,5.577739e-06,6.131250e+02,6.197560e+02,6.131250e-01,6.197560e-01,1.000000e-09,15,5,true
3,sine,W-exact,w_exact,w,exact,1.00,mg_exact,cuda,double,383,3,3.748468e-12,1.972025e-06,5.577730e-06,4.020630e+02,4.149610e+02,4.020630e-01,4.149610e-01,1.000000e-09,15,5,true
3,sine,W-exact,w_exact,w,exact,1.05,mg_exact,cuda,double,383,3,3.935749e-12,1.972025e-06,5.577730e-06,3.975480e+02,4.092230e+02,3.975480e-01,4.092230e-01,1.000000e-09,15,5,true
3,sine,W-exact,w_exact,w,exact,1.10,mg_exact,cuda,double,383,3,4.293864e-12,1.972025e-06,5.577730e-06,4.075670e+02,4.240140e+02,4.075670e-01,4.240140e-01,1.000000e-09,15,5,true
3,sine,W-exact,w_exact,w,exact,1.15,mg_exact,cuda,double,383,3,4.749338e-12,1.972025e-06,5.577730e-06,4.049030e+02,4.163910e+02,4.049030e-01,4.163910e-01,1.000000e-09,15,5,true
3,sine,W-exact,w_exact,w,exact,1.20,mg_exact,cuda,double,383,3,5.150210e-12,1.972025e-06,5.577730e-06,3.920290e+02,4.025580e+02,3.920290e-01,4.025580e-01,1.000000e-09,15,5,true
3,sine,W-exact,w_exact,w,exact,1.25,mg_exact,cuda,double,383,3,5.350417e-12,1.972025e-06,5.577730e-06,4.157670e+02,4.318060e+02,4.157670e-01,4.318060e-01,1.000000e-09,15,5,true
3,sine,W-exact,w_exact,w,exact,1.30,mg_exact,cuda,double,383,3,6.048788e-12,1.972025e-06,5.577730e-06,3.895490e+02,3.994180e+02,3.895490e-01,3.994180e-01,1.000000e-09,15,5,true
3,sine,W-exact,w_exact,w,exact,1.35,mg_exact,cuda,double,383,3,6.575436e-12,1.972025e-06,5.577730e-06,3.906390e+02,4.011680e+02,3.906390e-01,4.011680e-01,1.000000e-09,15,5,true
3,sine,W-exact,w_exact,w,exact,1.40,mg_exact,cuda,double,383,3,6.231941e-11,1.972025e-06,5.577730e-06,3.809610e+02,3.991690e+02,3.809610e-01,3.991690e-01,1.000000e-09,15,5,true
3,sine,W-exact,w_exact,w,exact,1.45,mg_exact,cuda,double,383,4,7.383805e-12,1.972025e-06,5.577730e-06,4.764170e+02,4.864810e+02,4.764170e-01,4.864810e-01,1.000000e-09,15,5,true
3,sine,W-exact,w_exact,w,exact,1.50,mg_exact,cuda,double,383,4,1.701488e-11,1.972025e-06,5.577730e-06,4.703470e+02,4.819230e+02,4.703470e-01,4.819230e-01,1.000000e-09,15,5,true
3,sine,W-SOR,w_sor,w,sor,1.00,mg_sor,cuda,double,383,3,3.748473e-12,1.972025e-06,5.577730e-06,3.927750e+02,4.045750e+02,3.927750e-01,4.045750e-01,1.000000e-09,15,5,true
3,sine,W-SOR,w_sor,w,sor,1.05,mg_sor,cuda,double,383,3,3.934719e-12,1.972025e-06,5.577730e-06,3.930740e+02,4.037860e+02,3.930740e-01,4.037860e-01,1.000000e-09,15,5,true
3,sine,W-SOR,w_sor,w,sor,1.10,mg_sor,cuda,double,383,3,4.295781e-12,1.972025e-06,5.577730e-06,3.989730e+02,4.253420e+02,3.989730e-01,4.253420e-01,1.000000e-09,15,5,true
3,sine,W-SOR,w_sor,w,sor,1.15,mg_sor,cuda,double,383,3,4.752898e-12,1.972025e-06,5.577730e-06,3.916430e+02,4.017280e+02,3.916430e-01,4.017280e-01,1.000000e-09,15,5,true
3,sine,W-SOR,w_sor,w,sor,1.20,mg_sor,cuda,double,383,3,5.149119e-12,1.972025e-06,5.577730e-06,3.839900e+02,3.932060e+02,3.839900e-01,3.932060e-01,1.000000e-09,15,5,true
3,sine,W-SOR,w_sor,w,sor,1.25,mg_sor,cuda,double,383,3,5.349051e-12,1.972025e-06,5.577730e-06,3.989040e+02,4.085630e+02,3.989040e-01,4.085630e-01,1.000000e-09,15,5,true
3,sine,W-SOR,w_sor,w,sor,1.30,mg_sor,cuda,double,383,3,6.048344e-12,1.972025e-06,5.577730e-06,4.001490e+02,4.113760e+02,4.001490e-01,4.113760e-01,1.000000e-09,15,5,true
3,sine,W-SOR,w_sor,w,sor,1.35,mg_sor,cuda,double,383,3,6.574568e-12,1.972025e-06,5.577730e-06,3.941810e+02,4.055080e+02,3.941810e-01,4.055080e-01,1.000000e-09,15,5,true
3,sine,W-SOR,w_sor,w,sor,1.40,mg_sor,cuda,double,383,3,6.231882e-11,1.972025e-06,5.577730e-06,4.057620e+02,4.158300e+02,4.057620e-01,4.158300e-01,1.000000e-09,15,5,true
3,sine,W-SOR,w_sor,w,sor,1.45,mg_sor,cuda,double,383,4,7.380644e-12,1.972025e-06,5.577730e-06,4.688440e+02,4.800690e+02,4.688440e-01,4.800690e-01,1.000000e-09,15,5,true
3,sine,W-SOR,w_sor,w,sor,1.50,mg_sor,cuda,double,383,4,1.701380e-11,1.972025e-06,5.577730e-06,4.635490e+02,4.755500e+02,4.635490e-01,4.755500e-01,1.000000e-09,15,5,true
3,mixed_sine,V-exact,v_exact,v,exact,1.00,mg_exact,cuda,double,383,7,8.894192e-10,2.400489e-05,6.789610e-05,6.017320e+02,6.064060e+02,6.017320e-01,6.064060e-01,1.000000e-09,15,5,true
3,mixed_sine,V-exact,v_exact,v,exact,1.05,mg_exact,cuda,double,383,7,2.998938e-10,2.400505e-05,6.789652e-05,6.194260e+02,6.238170e+02,6.194260e-01,6.238170e-01,1.000000e-09,15,5,true
3,mixed_sine,V-exact,v_exact,v,exact,1.10,mg_exact,cuda,double,383,7,8.556966e-11,2.400510e-05,6.789667e-05,6.158010e+02,6.233370e+02,6.158010e-01,6.233370e-01,1.000000e-09,15,5,true
3,mixed_sine,V-exact,v_exact,v,exact,1.15,mg_exact,cuda,double,383,6,7.000278e-10,2.400497e-05,6.789631e-05,5.676390e+02,5.754630e+02,5.676390e-01,5.754630e-01,1.000000e-09,15,5,true
3,mixed_sine,V-exact,v_exact,v,exact,1.20,mg_exact,cuda,double,383,6,1.382885e-10,2.400509e-05,6.789665e-05,5.440570e+02,5.511020e+02,5.440570e-01,5.511020e-01,1.000000e-09,15,5,true
3,mixed_sine,V-exact,v_exact,v,exact,1.25,mg_exact,cuda,double,383,6,1.409344e-11,2.400511e-05,6.789672e-05,5.447100e+02,5.503100e+02,5.447100e-01,5.503100e-01,1.000000e-09,15,5,true
3,mixed_sine,V-exact,v_exact,v,exact,1.30,mg_exact,cuda,double,383,5,3.994092e-11,2.400511e-05,6.789671e-05,4.653300e+02,4.765350e+02,4.653300e-01,4.765350e-01,1.000000e-09,15,5,true
3,mixed_sine,V-exact,v_exact,v,exact,1.35,mg_exact,cuda,double,383,3,6.565492e-11,2.400512e-05,6.789673e-05,3.353240e+02,3.418820e+02,3.353240e-01,3.418820e-01,1.000000e-09,15,5,true
3,mixed_sine,V-exact,v_exact,v,exact,1.40,mg_exact,cuda,double,383,5,6.868648e-11,2.400513e-05,6.789675e-05,4.696820e+02,4.757030e+02,4.696820e-01,4.757030e-01,1.000000e-09,15,5,true
3,mixed_sine,V-exact,v_exact,v,exact,1.45,mg_exact,cuda,double,383,6,5.347106e-11,2.400511e-05,6.789671e-05,5.474840e+02,5.546630e+02,5.474840e-01,5.546630e-01,1.000000e-09,15,5,true
3,mixed_sine,V-exact,v_exact,v,exact,1.50,mg_exact,cuda,double,383,7,2.985588e-11,2.400512e-05,6.789673e-05,5.984680e+02,6.092440e+02,5.984680e-01,6.092440e-01,1.000000e-09,15,5,true
3,mixed_sine,V-SOR,v_sor,v,sor,1.00,mg_sor,cuda,double,383,7,8.894192e-10,2.400489e-05,6.789610e-05,6.042760e+02,6.156080e+02,6.042760e-01,6.156080e-01,1.000000e-09,15,5,true
3,mixed_sine,V-SOR,v_sor,v,sor,1.05,mg_sor,cuda,double,383,7,2.998938e-10,2.400505e-05,6.789652e-05,6.405350e+02,6.452700e+02,6.405350e-01,6.452700e-01,1.000000e-09,15,5,true
3,mixed_sine,V-SOR,v_sor,v,sor,1.10,mg_sor,cuda,double,383,7,8.556966e-11,2.400510e-05,6.789667e-05,6.212190e+02,6.256550e+02,6.212190e-01,6.256550e-01,1.000000e-09,15,5,true
3,mixed_sine,V-SOR,v_sor,v,sor,1.15,mg_sor,cuda,double,383,6,7.000278e-10,2.400497e-05,6.789631e-05,5.804390e+02,5.858240e+02,5.804390e-01,5.858240e-01,1.000000e-09,15,5,true
3,mixed_sine,V-SOR,v_sor,v,sor,1.20,mg_sor,cuda,double,383,6,1.382885e-10,2.400509e-05,6.789665e-05,5.622290e+02,5.711330e+02,5.622290e-01,5.711330e-01,1.000000e-09,15,5,true
3,mixed_sine,V-SOR,v_sor,v,sor,1.25,mg_sor,cuda,double,383,6,1.409344e-11,2.400511e-05,6.789672e-05,5.461640e+02,5.514950e+02,5.461640e-01,5.514950e-01,1.000000e-09,15,5,true
3,mixed_sine,V-SOR,v_sor,v,sor,1.30,mg_sor,cuda,double,383,5,3.994092e-11,2.400511e-05,6.789671e-05,4.869890e+02,4.969470e+02,4.869890e-01,4.969470e-01,1.000000e-09,15,5,true
3,mixed_sine,V-SOR,v_sor,v,sor,1.35,mg_sor,cuda,double,383,3,6.565492e-11,2.400512e-05,6.789673e-05,3.580820e+02,3.640220e+02,3.580820e-01,3.640220e-01,1.000000e-09,15,5,true
3,mixed_sine,V-SOR,v_sor,v,sor,1.40,mg_sor,cuda,double,383,5,6.868655e-11,2.400513e-05,6.789675e-05,4.882740e+02,4.954730e+02,4.882740e-01,4.954730e-01,1.000000e-09,15,5,true
3,mixed_sine,V-SOR,v_sor,v,sor,1.45,mg_sor,cuda,double,383,6,5.347127e-11,2.400511e-05,6.789671e-05,5.360360e+02,5.409240e+02,5.360360e-01,5.409240e-01,1.000000e-09,15,5,true
3,mixed_sine,V-SOR,v_sor,v,sor,1.50,mg_sor,cuda,double,383,7,2.985591e-11,2.400512e-05,6.789673e-05,6.117580e+02,6.170980e+02,6.117580e-01,6.170980e-01,1.000000e-09,15,5,true
3,mixed_sine,W-exact,w_exact,w,exact,1.00,mg_exact,cuda,double,383,3,3.162482e-10,2.400504e-05,6.789650e-05,3.929450e+02,4.055130e+02,3.929450e-01,4.055130e-01,1.000000e-09,15,5,true
3,mixed_sine,W-exact,w_exact,w,exact,1.05,mg_exact,cuda,double,383,3,2.762068e-10,2.400505e-05,6.789654e-05,3.929610e+02,4.082400e+02,3.929610e-01,4.082400e-01,1.000000e-09,15,5,true
3,mixed_sine,W-exact,w_exact,w,exact,1.10,mg_exact,cuda,double,383,3,2.287132e-10,2.400507e-05,6.789658e-05,3.901310e+02,3.997980e+02,3.901310e-01,3.997980e-01,1.000000e-09,15,5,true
3,mixed_sine,W-exact,w_exact,w,exact,1.15,mg_exact,cuda,double,383,3,1.766133e-10,2.400508e-05,6.789662e-05,3.998720e+02,4.128670e+02,3.998720e-01,4.128670e-01,1.000000e-09,15,5,true
3,mixed_sine,W-exact,w_exact,w,exact,1.20,mg_exact,cuda,double,383,3,1.372062e-10,2.400509e-05,6.789666e-05,3.854660e+02,3.997120e+02,3.854660e-01,3.997120e-01,1.000000e-09,15,5,true
3,mixed_sine,W-exact,w_exact,w,exact,1.25,mg_exact,cuda,double,383,3,1.227826e-10,2.400511e-05,6.789669e-05,3.865350e+02,3.966110e+02,3.865350e-01,3.966110e-01,1.000000e-09,15,5,true
3,mixed_sine,W-exact,w_exact,w,exact,1.30,mg_exact,cuda,double,383,3,9.217783e-11,2.400511e-05,6.789672e-05,4.053120e+02,4.167430e+02,4.053120e-01,4.167430e-01,1.000000e-09,15,5,true
3,mixed_sine,W-exact,w_exact,w,exact,1.35,mg_exact,cuda,double,383,3,1.281388e-11,2.400512e-05,6.789672e-05,3.887070e+02,3.987370e+02,3.887070e-01,3.987370e-01,1.000000e-09,15,5,true
3,mixed_sine,W-exact,w_exact,w,exact,1.40,mg_exact,cuda,double,383,3,7.139220e-11,2.400512e-05,6.789673e-05,4.017540e+02,4.122120e+02,4.017540e-01,4.122120e-01,1.000000e-09,15,5,true
3,mixed_sine,W-exact,w_exact,w,exact,1.45,mg_exact,cuda,double,383,3,2.172133e-10,2.400514e-05,6.789679e-05,3.899180e+02,4.001470e+02,3.899180e-01,4.001470e-01,1.000000e-09,15,5,true
3,mixed_sine,W-exact,w_exact,w,exact,1.50,mg_exact,cuda,double,383,4,1.765539e-11,2.400512e-05,6.789672e-05,4.715440e+02,4.922070e+02,4.715440e-01,4.922070e-01,1.000000e-09,15,5,true
3,mixed_sine,W-SOR,w_sor,w,sor,1.00,mg_sor,cuda,double,383,3,3.162482e-10,2.400504e-05,6.789650e-05,4.080830e+02,4.174800e+02,4.080830e-01,4.174800e-01,1.000000e-09,15,5,true
3,mixed_sine,W-SOR,w_sor,w,sor,1.05,mg_sor,cuda,double,383,3,2.762068e-10,2.400505e-05,6.789654e-05,3.894920e+02,4.005560e+02,3.894920e-01,4.005560e-01,1.000000e-09,15,5,true
3,mixed_sine,W-SOR,w_sor,w,sor,1.10,mg_sor,cuda,double,383,3,2.287132e-10,2.400507e-05,6.789658e-05,3.935890e+02,4.046920e+02,3.935890e-01,4.046920e-01,1.000000e-09,15,5,true
3,mixed_sine,W-SOR,w_sor,w,sor,1.15,mg_sor,cuda,double,383,3,1.766133e-10,2.400508e-05,6.789662e-05,3.897900e+02,3.992570e+02,3.897900e-01,3.992570e-01,1.000000e-09,15,5,true
3,mixed_sine,W-SOR,w_sor,w,sor,1.20,mg_sor,cuda,double,383,3,1.372062e-10,2.400509e-05,6.789666e-05,4.016130e+02,4.138440e+02,4.016130e-01,4.138440e-01,1.000000e-09,15,5,true
3,mixed_sine,W-SOR,w_sor,w,sor,1.25,mg_sor,cuda,double,383,3,1.227826e-10,2.400511e-05,6.789669e-05,3.859460e+02,3.968820e+02,3.859460e-01,3.968820e-01,1.000000e-09,15,5,true
3,mixed_sine,W-SOR,w_sor,w,sor,1.30,mg_sor,cuda,double,383,3,9.217783e-11,2.400511e-05,6.789672e-05,3.899510e+02,4.018490e+02,3.899510e-01,4.018490e-01,1.000000e-09,15,5,true
3,mixed_sine,W-SOR,w_sor,w,sor,1.35,mg_sor,cuda,double,383,3,1.281388e-11,2.400512e-05,6.789672e-05,3.966660e+02,4.073480e+02,3.966660e-01,4.073480e-01,1.000000e-09,15,5,true
3,mixed_sine,W-SOR,w_sor,w,sor,1.40,mg_sor,cuda,double,383,3,7.139220e-11,2.400512e-05,6.789673e-05,3.804740e+02,3.908010e+02,3.804740e-01,3.908010e-01,1.000000e-09,15,5,true
3,mixed_sine,W-SOR,w_sor,w,sor,1.45,mg_sor,cuda,double,383,3,2.172133e-10,2.400514e-05,6.789679e-05,4.070580e+02,4.274030e+02,4.070580e-01,4.274030e-01,1.000000e-09,15,5,true
3,mixed_sine,W-SOR,w_sor,w,sor,1.50,mg_sor,cuda,double,383,4,1.765540e-11,2.400512e-05,6.789672e-05,4.630050e+02,4.733730e+02,4.630050e-01,4.733730e-01,1.000000e-09,15,5,true
3,bubble,V-exact,v_exact,v,exact,1.00,mg_exact,cuda,double,383,8,5.679858e-11,2.612333e-13,7.311079e-13,6.707580e+02,6.755830e+02,6.707580e-01,6.755830e-01,1.000000e-09,15,5,true
3,bubble,V-exact,v_exact,v,exact,1.05,mg_exact,cuda,double,383,7,4.119495e-10,1.763464e-12,4.933486e-12,5.941150e+02,5.983310e+02,5.941150e-01,5.983310e-01,1.000000e-09,15,5,true
3,bubble,V-exact,v_exact,v,exact,1.10,mg_exact,cuda,double,383,7,1.291479e-10,5.262718e-13,1.476515e-12,6.898550e+02,6.942400e+02,6.898550e-01,6.942400e-01,1.000000e-09,15,5,true
3,bubble,V-exact,v_exact,v,exact,1.15,mg_exact,cuda,double,383,7,3.275339e-11,1.274715e-13,3.587027e-13,6.086190e+02,6.156110e+02,6.086190e-01,6.156110e-01,1.000000e-09,15,5,true
3,bubble,V-exact,v_exact,v,exact,1.20,mg_exact,cuda,double,383,6,2.641544e-10,9.388412e-13,2.644463e-12,5.446520e+02,5.499720e+02,5.446520e-01,5.499720e-01,1.000000e-09,15,5,true
3,bubble,V-exact,v_exact,v,exact,1.25,mg_exact,cuda,double,383,6,3.434111e-11,1.175863e-13,3.324060e-13,5.522730e+02,5.598620e+02,5.522730e-01,5.598620e-01,1.000000e-09,15,5,true
3,bubble,V-exact,v_exact,v,exact,1.30,mg_exact,cuda,double,383,5,1.390177e-10,4.247804e-13,1.202195e-12,4.753030e+02,4.797660e+02,4.753030e-01,4.797660e-01,1.000000e-09,15,5,true
3,bubble,V-exact,v_exact,v,exact,1.35,mg_exact,cuda,double,383,5,4.572430e-11,5.293553e-15,1.524822e-14,4.868280e+02,4.936650e+02,4.868280e-01,4.936650e-01,1.000000e-09,15,5,true
3,bubble,V-exact,v_exact,v,exact,1.40,mg_exact,cuda,double,383,5,6.586296e-10,1.701685e-13,3.197408e-13,4.709700e+02,4.772220e+02,4.709700e-01,4.772220e-01,1.000000e-09,15,5,true
3,bubble,V-exact,v_exact,v,exact,1.45,mg_exact,cuda,double,383,6,1.349871e-10,1.031724e-13,1.553011e-13,5.354620e+02,5.413610e+02,5.354620e-01,5.413610e-01,1.000000e-09,15,5,true
3,bubble,V-exact,v_exact,v,exact,1.50,mg_exact,cuda,double,383,7,4.825091e-11,5.681516e-14,1.084532e-13,6.019150e+02,6.075080e+02,6.019150e-01,6.075080e-01,1.000000e-09,15,5,true
3,bubble,V-SOR,v_sor,v,sor,1.00,mg_sor,cuda,double,383,8,5.680022e-11,2.612404e-13,7.311651e-13,6.676580e+02,6.766430e+02,6.676580e-01,6.766430e-01,1.000000e-09,15,5,true
3,bubble,V-SOR,v_sor,v,sor,1.05,mg_sor,cuda,double,383,7,4.119484e-10,1.763464e-12,4.933453e-12,6.129890e+02,6.295140e+02,6.129890e-01,6.295140e-01,1.000000e-09,15,5,true
3,bubble,V-SOR,v_sor,v,sor,1.10,mg_sor,cuda,double,383,7,1.291473e-10,5.262659e-13,1.476489e-12,6.009270e+02,6.135490e+02,6.009270e-01,6.135490e-01,1.000000e-09,15,5,true
3,bubble,V-SOR,v_sor,v,sor,1.15,mg_sor,cuda,double,383,7,3.275423e-11,1.274692e-13,3.586905e-13,6.012060e+02,6.093760e+02,6.012060e-01,6.093760e-01,1.000000e-09,15,5,true
3,bubble,V-SOR,v_sor,v,sor,1.20,mg_sor,cuda,double,383,6,2.641549e-10,9.388339e-13,2.644473e-12,5.318340e+02,5.364900e+02,5.318340e-01,5.364900e-01,1.000000e-09,15,5,true
3,bubble,V-SOR,v_sor,v,sor,1.25,mg_sor,cuda,double,383,6,3.434484e-11,1.175916e-13,3.324407e-13,5.379310e+02,5.430920e+02,5.379310e-01,5.430920e-01,1.000000e-09,15,5,true
3,bubble,V-SOR,v_sor,v,sor,1.30,mg_sor,cuda,double,383,5,1.390155e-10,4.247784e-13,1.202170e-12,4.743950e+02,4.790230e+02,4.743950e-01,4.790230e-01,1.000000e-09,15,5,true
3,bubble,V-SOR,v_sor,v,sor,1.35,mg_sor,cuda,double,383,5,4.572551e-11,5.292888e-15,1.524085e-14,4.701480e+02,4.945750e+02,4.701480e-01,4.945750e-01,1.000000e-09,15,5,true
3,bubble,V-SOR,v_sor,v,sor,1.40,mg_sor,cuda,double,383,5,6.586292e-10,1.701695e-13,3.197408e-13,4.770380e+02,4.857540e+02,4.770380e-01,4.857540e-01,1.000000e-09,15,5,true
3,bubble,V-SOR,v_sor,v,sor,1.45,mg_sor,cuda,double,383,6,1.349875e-10,1.031669e-13,1.552751e-13,5.514210e+02,5.591500e+02,5.514210e-01,5.591500e-01,1.000000e-09,15,5,true
3,bubble,V-SOR,v_sor,v,sor,1.50,mg_sor,cuda,double,383,7,4.825157e-11,5.681227e-14,1.084306e-13,6.063000e+02,6.150250e+02,6.063000e-01,6.150250e-01,1.000000e-09,15,5,true
3,bubble,W-exact,w_exact,w,exact,1.00,mg_exact,cuda,double,383,5,8.798173e-11,7.328380e-16,2.522505e-15,5.576010e+02,5.786770e+02,5.576010e-01,5.786770e-01,1.000000e-09,15,5,true
3,bubble,W-exact,w_exact,w,exact,1.05,mg_exact,cuda,double,383,5,3.097768e-11,6.060491e-16,1.837072e-15,5.535230e+02,5.646180e+02,5.535230e-01,5.646180e-01,1.000000e-09,15,5,true
3,bubble,W-exact,w_exact,w,exact,1.10,mg_exact,cuda,double,383,4,7.930866e-10,3.784876e-15,2.633375e-14,4.599330e+02,4.729790e+02,4.599330e-01,4.729790e-01,1.000000e-09,15,5,true
3,bubble,W-exact,w_exact,w,exact,1.15,mg_exact,cuda,double,383,4,1.840815e-10,1.073937e-15,6.379446e-15,4.566910e+02,4.684030e+02,4.566910e-01,4.684030e-01,1.000000e-09,15,5,true
3,bubble,W-exact,w_exact,w,exact,1.20,mg_exact,cuda,double,383,4,1.668953e-11,4.627551e-16,1.458902e-15,4.792130e+02,4.905050e+02,4.792130e-01,4.905050e-01,1.000000e-09,15,5,true
3,bubble,W-exact,w_exact,w,exact,1.25,mg_exact,cuda,double,383,3,6.910828e-11,7.068186e-16,5.149391e-15,4.003590e+02,4.099340e+02,4.003590e-01,4.099340e-01,1.000000e-09,15,5,true
3,bubble,W-exact,w_exact,w,exact,1.30,mg_exact,cuda,double,383,4,2.132169e-11,3.729671e-16,1.273287e-15,4.676180e+02,4.794590e+02,4.676180e-01,4.794590e-01,1.000000e-09,15,5,true
3,bubble,W-exact,w_exact,w,exact,1.35,mg_exact,cuda,double,383,4,3.792040e-10,1.402267e-15,9.131259e-15,4.676330e+02,4.781670e+02,4.676330e-01,4.781670e-01,1.000000e-09,15,5,true
3,bubble,W-exact,w_exact,w,exact,1.40,mg_exact,cuda,double,383,5,3.102197e-11,2.381317e-16,7.035388e-16,5.521550e+02,5.656450e+02,5.521550e-01,5.656450e-01,1.000000e-09,15,5,true
3,bubble,W-exact,w_exact,w,exact,1.45,mg_exact,cuda,double,383,5,1.961992e-10,7.646742e-16,4.413679e-15,5.459610e+02,5.568100e+02,5.459610e-01,5.568100e-01,1.000000e-09,15,5,true
3,bubble,W-exact,w_exact,w,exact,1.50,mg_exact,cuda,double,383,6,2.353053e-11,1.109450e-16,4.598101e-16,6.216660e+02,6.344360e+02,6.216660e-01,6.344360e-01,1.000000e-09,15,5,true
3,bubble,W-SOR,w_sor,w,sor,1.00,mg_sor,cuda,double,383,5,8.798173e-11,7.328380e-16,2.522505e-15,5.337590e+02,5.617920e+02,5.337590e-01,5.617920e-01,1.000000e-09,15,5,true
3,bubble,W-SOR,w_sor,w,sor,1.05,mg_sor,cuda,double,383,5,3.097754e-11,6.040307e-16,1.883910e-15,5.471640e+02,5.635710e+02,5.471640e-01,5.635710e-01,1.000000e-09,15,5,true
3,bubble,W-SOR,w_sor,w,sor,1.10,mg_sor,cuda,double,383,4,7.930864e-10,3.795940e-15,2.632942e-14,4.596010e+02,4.696400e+02,4.596010e-01,4.696400e-01,1.000000e-09,15,5,true
3,bubble,W-SOR,w_sor,w,sor,1.15,mg_sor,cuda,double,383,4,1.840814e-10,1.074105e-15,6.378578e-15,4.589080e+02,4.701530e+02,4.589080e-01,4.701530e-01,1.000000e-09,15,5,true
3,bubble,W-SOR,w_sor,w,sor,1.20,mg_sor,cuda,double,383,4,1.668922e-11,4.617196e-16,1.448494e-15,4.581980e+02,4.673790e+02,4.581980e-01,4.673790e-01,1.000000e-09,15,5,true
3,bubble,W-SOR,w_sor,w,sor,1.25,mg_sor,cuda,double,383,3,6.910842e-11,7.067624e-16,5.149323e-15,3.774530e+02,3.897560e+02,3.774530e-01,3.897560e-01,1.000000e-09,15,5,true
3,bubble,W-SOR,w_sor,w,sor,1.30,mg_sor,cuda,double,383,4,2.132087e-11,3.704695e-16,1.222980e-15,4.588740e+02,4.748480e+02,4.588740e-01,4.748480e-01,1.000000e-09,15,5,true
3,bubble,W-SOR,w_sor,w,sor,1.35,mg_sor,cuda,double,383,4,3.792038e-10,1.402377e-15,9.132669e-15,4.590200e+02,4.994310e+02,4.590200e-01,4.994310e-01,1.000000e-09,15,5,true
3,bubble,W-SOR,w_sor,w,sor,1.40,mg_sor,cuda,double,383,5,3.102121e-11,2.268207e-16,7.032135e-16,5.401380e+02,5.500140e+02,5.401380e-01,5.500140e-01,1.000000e-09,15,5,true
3,bubble,W-SOR,w_sor,w,sor,1.45,mg_sor,cuda,double,383,5,1.961995e-10,7.679956e-16,4.415413e-15,5.351610e+02,5.450720e+02,5.351610e-01,5.450720e-01,1.000000e-09,15,5,true
3,bubble,W-SOR,w_sor,w,sor,1.50,mg_sor,cuda,double,383,6,2.352742e-11,9.807866e-17,4.643638e-16,6.203510e+02,6.313080e+02,6.203510e-01,6.313080e-01,1.000000e-09,15,5,true
3,exp,V-exact,v_exact,v,exact,1.00,mg_exact,cuda,double,383,9,1.053014e-10,2.094028e-07,4.954643e-07,7.339780e+02,7.410640e+02,7.339780e-01,7.410640e-01,1.000000e-09,15,5,true
3,exp,V-exact,v_exact,v,exact,1.05,mg_exact,cuda,double,383,8,6.412978e-10,2.093651e-07,4.953552e-07,6.703770e+02,7.031950e+02,6.703770e-01,7.031950e-01,1.000000e-09,15,5,true
3,exp,V-exact,v_exact,v,exact,1.10,mg_exact,cuda,double,383,8,1.447830e-10,2.093990e-07,4.954538e-07,6.464910e+02,6.563250e+02,6.464910e-01,6.563250e-01,1.000000e-09,15,5,true
3,exp,V-exact,v_exact,v,exact,1.15,mg_exact,cuda,double,383,7,9.579405e-10,2.093360e-07,4.952748e-07,6.108860e+02,6.163260e+02,6.108860e-01,6.163260e-01,1.000000e-09,15,5,true
3,exp,V-exact,v_exact,v,exact,1.20,mg_exact,cuda,double,383,7,1.325407e-10,2.093978e-07,4.954512e-07,6.063670e+02,6.106200e+02,6.063670e-01,6.106200e-01,1.000000e-09,15,5,true
3,exp,V-exact,v_exact,v,exact,1.25,mg_exact,cuda,double,383,6,6.040604e-10,2.093433e-07,4.953011e-07,5.415950e+02,5.531830e+02,5.415950e-01,5.531830e-01,1.000000e-09,15,5,true
3,exp,V-exact,v_exact,v,exact,1.30,mg_exact,cuda,double,383,6,6.011262e-11,2.094081e-07,4.954805e-07,5.321470e+02,5.382220e+02,5.321470e-01,5.382220e-01,1.000000e-09,15,5,true
3,exp,V-exact,v_exact,v,exact,1.35,mg_exact,cuda,double,383,7,6.819119e-11,2.094104e-07,4.954865e-07,6.104250e+02,6.177460e+02,6.104250e-01,6.177460e-01,1.000000e-09,15,5,true
3,exp,V-exact,v_exact,v,exact,1.40,mg_exact,cuda,double,383,7,4.633229e-10,2.094103e-07,4.954861e-07,5.991530e+02,6.042110e+02,5.991530e-01,6.042110e-01,1.000000e-09,15,5,true
3,exp,V-exact,v_exact,v,exact,1.45,mg_exact,cuda,double,383,8,1.383471e-10,2.094102e-07,4.954863e-07,7.822830e+02,7.864720e+02,7.822830e-01,7.864720e-01,1.000000e-09,15,5,true
3,exp,V-exact,v_exact,v,exact,1.50,mg_exact,cuda,double,383,9,9.682626e-11,2.094103e-07,4.954863e-07,7.371760e+02,7.496090e+02,7.371760e-01,7.496090e-01,1.000000e-09,15,5,true
3,exp,V-SOR,v_sor,v,sor,1.00,mg_sor,cuda,double,383,9,1.053121e-10,2.094028e-07,4.954643e-07,7.378320e+02,7.443280e+02,7.378320e-01,7.443280e-01,1.000000e-09,15,5,true
3,exp,V-SOR,v_sor,v,sor,1.05,mg_sor,cuda,double,383,8,6.413124e-10,2.093651e-07,4.953552e-07,6.725720e+02,6.804000e+02,6.725720e-01,6.804000e-01,1.000000e-09,15,5,true
3,exp,V-SOR,v_sor,v,sor,1.10,mg_sor,cuda,double,383,8,1.447432e-10,2.093990e-07,4.954538e-07,6.877940e+02,7.031230e+02,6.877940e-01,7.031230e-01,1.000000e-09,15,5,true
3,exp,V-SOR,v_sor,v,sor,1.15,mg_sor,cuda,double,383,7,9.579782e-10,2.093360e-07,4.952748e-07,6.078250e+02,6.129980e+02,6.078250e-01,6.129980e-01,1.000000e-09,15,5,true
3,exp,V-SOR,v_sor,v,sor,1.20,mg_sor,cuda,double,383,7,1.325794e-10,2.093978e-07,4.954512e-07,6.197580e+02,6.268990e+02,6.197580e-01,6.268990e-01,1.000000e-09,15,5,true
3,exp,V-SOR,v_sor,v,sor,1.25,mg_sor,cuda,double,383,6,6.040944e-10,2.093433e-07,4.953011e-07,5.439970e+02,5.499080e+02,5.439970e-01,5.499080e-01,1.000000e-09,15,5,true
3,exp,V-SOR,v_sor,v,sor,1.30,mg_sor,cuda,double,383,6,6.013292e-11,2.094081e-07,4.954805e-07,5.466940e+02,5.510580e+02,5.466940e-01,5.510580e-01,1.000000e-09,15,5,true
3,exp,V-SOR,v_sor,v,sor,1.35,mg_sor,cuda,double,383,7,6.818003e-11,2.094104e-07,4.954865e-07,5.980680e+02,6.024120e+02,5.980680e-01,6.024120e-01,1.000000e-09,15,5,true
3,exp,V-SOR,v_sor,v,sor,1.40,mg_sor,cuda,double,383,7,4.633123e-10,2.094103e-07,4.954861e-07,6.183630e+02,6.233730e+02,6.183630e-01,6.233730e-01,1.000000e-09,15,5,true
3,exp,V-SOR,v_sor,v,sor,1.45,mg_sor,cuda,double,383,8,1.383385e-10,2.094102e-07,4.954863e-07,6.656110e+02,6.708880e+02,6.656110e-01,6.708880e-01,1.000000e-09,15,5,true
3,exp,V-SOR,v_sor,v,sor,1.50,mg_sor,cuda,double,383,9,9.684044e-11,2.094103e-07,4.954863e-07,7.391360e+02,7.440440e+02,7.391360e-01,7.440440e-01,1.000000e-09,15,5,true
3,exp,W-exact,w_exact,w,exact,1.00,mg_exact,cuda,double,383,8,1.623550e-10,2.094106e-07,4.954871e-07,7.625240e+02,7.860110e+02,7.625240e-01,7.860110e-01,1.000000e-09,15,5,true
3,exp,W-exact,w_exact,w,exact,1.05,mg_exact,cuda,double,383,8,5.752080e-11,2.094106e-07,4.954870e-07,7.575100e+02,7.686770e+02,7.575100e-01,7.686770e-01,1.000000e-09,15,5,true
3,exp,W-exact,w_exact,w,exact,1.10,mg_exact,cuda,double,383,7,4.185909e-10,2.094105e-07,4.954870e-07,6.835190e+02,6.939280e+02,6.835190e-01,6.939280e-01,1.000000e-09,15,5,true
3,exp,W-exact,w_exact,w,exact,1.15,mg_exact,cuda,double,383,7,9.247997e-11,2.094105e-07,4.954869e-07,6.805980e+02,7.035420e+02,6.805980e-01,7.035420e-01,1.000000e-09,15,5,true
3,exp,W-exact,w_exact,w,exact,1.20,mg_exact,cuda,double,383,6,7.937145e-10,2.094105e-07,4.954868e-07,6.260890e+02,6.380630e+02,6.260890e-01,6.380630e-01,1.000000e-09,15,5,true
3,exp,W-exact,w_exact,w,exact,1.25,mg_exact,cuda,double,383,6,7.807237e-11,2.094106e-07,4.954870e-07,6.093440e+02,6.237890e+02,6.093440e-01,6.237890e-01,1.000000e-09,15,5,true
3,exp,W-exact,w_exact,w,exact,1.30,mg_exact,cuda,double,383,6,6.196515e-11,2.094105e-07,4.954867e-07,6.040190e+02,6.158570e+02,6.040190e-01,6.158570e-01,1.000000e-09,15,5,true
3,exp,W-exact,w_exact,w,exact,1.35,mg_exact,cuda,double,383,6,5.785785e-10,2.094104e-07,4.954866e-07,6.327580e+02,6.435140e+02,6.327580e-01,6.435140e-01,1.000000e-09,15,5,true
3,exp,W-exact,w_exact,w,exact,1.40,mg_exact,cuda,double,383,7,1.198173e-10,2.094104e-07,4.954865e-07,6.898190e+02,7.114970e+02,6.898190e-01,7.114970e-01,1.000000e-09,15,5,true
3,exp,W-exact,w_exact,w,exact,1.45,mg_exact,cuda,double,383,8,7.457129e-11,2.094104e-07,4.954865e-07,7.787000e+02,7.894510e+02,7.787000e-01,7.894510e-01,1.000000e-09,15,5,true
3,exp,W-exact,w_exact,w,exact,1.50,mg_exact,cuda,double,383,8,2.142224e-10,2.094103e-07,4.954863e-07,7.549190e+02,7.670900e+02,7.549190e-01,7.670900e-01,1.000000e-09,15,5,true
3,exp,W-SOR,w_sor,w,sor,1.00,mg_sor,cuda,double,383,8,1.623550e-10,2.094106e-07,4.954871e-07,7.626690e+02,7.727290e+02,7.626690e-01,7.727290e-01,1.000000e-09,15,5,true
3,exp,W-SOR,w_sor,w,sor,1.05,mg_sor,cuda,double,383,8,5.751630e-11,2.094106e-07,4.954870e-07,7.638220e+02,7.830590e+02,7.638220e-01,7.830590e-01,1.000000e-09,15,5,true
3,exp,W-SOR,w_sor,w,sor,1.10,mg_sor,cuda,double,383,7,4.186109e-10,2.094105e-07,4.954869e-07,6.996940e+02,7.183400e+02,6.996940e-01,7.183400e-01,1.000000e-09,15,5,true
3,exp,W-SOR,w_sor,w,sor,1.15,mg_sor,cuda,double,383,7,9.252870e-11,2.094105e-07,4.954869e-07,6.818010e+02,6.913730e+02,6.818010e-01,6.913730e-01,1.000000e-09,15,5,true
3,exp,W-SOR,w_sor,w,sor,1.20,mg_sor,cuda,double,383,6,7.936938e-10,2.094105e-07,4.954868e-07,6.065440e+02,6.167990e+02,6.065440e-01,6.167990e-01,1.000000e-09,15,5,true
3,exp,W-SOR,w_sor,w,sor,1.25,mg_sor,cuda,double,383,6,7.804764e-11,2.094106e-07,4.954870e-07,6.057280e+02,6.166350e+02,6.057280e-01,6.166350e-01,1.000000e-09,15,5,true
3,exp,W-SOR,w_sor,w,sor,1.30,mg_sor,cuda,double,383,6,6.196115e-11,2.094104e-07,4.954867e-07,6.080860e+02,6.219630e+02,6.080860e-01,6.219630e-01,1.000000e-09,15,5,true
3,exp,W-SOR,w_sor,w,sor,1.35,mg_sor,cuda,double,383,6,5.786153e-10,2.094104e-07,4.954866e-07,6.012500e+02,6.118130e+02,6.012500e-01,6.118130e-01,1.000000e-09,15,5,true
3,exp,W-SOR,w_sor,w,sor,1.40,mg_sor,cuda,double,383,7,1.197968e-10,2.094104e-07,4.954865e-07,6.784850e+02,6.911590e+02,6.784850e-01,6.911590e-01,1.000000e-09,15,5,true
3,exp,W-SOR,w_sor,w,sor,1.45,mg_sor,cuda,double,383,8,7.456487e-11,2.094104e-07,4.954865e-07,7.540000e+02,7.666130e+02,7.540000e-01,7.666130e-01,1.000000e-09,15,5,true
3,exp,W-SOR,w_sor,w,sor,1.50,mg_sor,cuda,double,383,8,2.142558e-10,2.094103e-07,4.954863e-07,7.776640e+02,7.887870e+02,7.776640e-01,7.887870e-01,1.000000e-09,15,5,true
3,cosine,V-exact,v_exact,v,exact,1.00,mg_exact,cuda,double,383,8,4.416654e-10,3.237429e-07,8.839750e-07,6.742040e+02,6.816940e+02,6.742040e-01,6.816940e-01,1.000000e-09,15,5,true
3,cosine,V-exact,v_exact,v,exact,1.05,mg_exact,cuda,double,383,8,1.212417e-10,3.237499e-07,8.839979e-07,6.482590e+02,6.772540e+02,6.482590e-01,6.772540e-01,1.000000e-09,15,5,true
3,cosine,V-exact,v_exact,v,exact,1.10,mg_exact,cuda,double,383,7,8.861166e-10,3.237331e-07,8.839452e-07,5.811240e+02,5.858510e+02,5.811240e-01,5.858510e-01,1.000000e-09,15,5,true
3,cosine,V-exact,v_exact,v,exact,1.15,mg_exact,cuda,double,383,7,1.899079e-10,3.237481e-07,8.839927e-07,6.345440e+02,6.397590e+02,6.345440e-01,6.397590e-01,1.000000e-09,15,5,true
3,cosine,V-exact,v_exact,v,exact,1.20,mg_exact,cuda,double,383,7,2.741374e-11,3.237520e-07,8.840048e-07,5.870520e+02,5.939910e+02,5.870520e-01,5.939910e-01,1.000000e-09,15,5,true
3,cosine,V-exact,v_exact,v,exact,1.25,mg_exact,cuda,double,383,6,1.418087e-10,3.237487e-07,8.839951e-07,5.357460e+02,5.419760e+02,5.357460e-01,5.419760e-01,1.000000e-09,15,5,true
3,cosine,V-exact,v_exact,v,exact,1.30,mg_exact,cuda,double,383,5,6.665847e-10,3.237384e-07,8.839675e-07,4.662990e+02,4.755850e+02,4.662990e-01,4.755850e-01,1.000000e-09,15,5,true
3,cosine,V-exact,v_exact,v,exact,1.35,mg_exact,cuda,double,383,6,1.775241e-10,3.237528e-07,8.840071e-07,5.357480e+02,5.422290e+02,5.357480e-01,5.422290e-01,1.000000e-09,15,5,true
3,cosine,V-exact,v_exact,v,exact,1.40,mg_exact,cuda,double,383,7,4.815239e-11,3.237528e-07,8.840071e-07,5.848530e+02,5.916980e+02,5.848530e-01,5.916980e-01,1.000000e-09,15,5,true
3,cosine,V-exact,v_exact,v,exact,1.45,mg_exact,cuda,double,383,7,6.105309e-10,3.237529e-07,8.840071e-07,5.787560e+02,5.840260e+02,5.787560e-01,5.840260e-01,1.000000e-09,15,5,true
3,cosine,V-exact,v_exact,v,exact,1.50,mg_exact,cuda,double,383,8,1.711422e-10,3.237527e-07,8.840069e-07,6.459100e+02,6.517960e+02,6.459100e-01,6.517960e-01,1.000000e-09,15,5,true
3,cosine,V-SOR,v_sor,v,sor,1.00,mg_sor,cuda,double,383,8,4.416655e-10,3.237429e-07,8.839750e-07,6.429050e+02,6.483720e+02,6.429050e-01,6.483720e-01,1.000000e-09,15,5,true
3,cosine,V-SOR,v_sor,v,sor,1.05,mg_sor,cuda,double,383,8,1.212423e-10,3.237499e-07,8.839979e-07,6.683660e+02,6.737330e+02,6.683660e-01,6.737330e-01,1.000000e-09,15,5,true
3,cosine,V-SOR,v_sor,v,sor,1.10,mg_sor,cuda,double,383,7,8.861166e-10,3.237331e-07,8.839452e-07,5.905380e+02,5.974180e+02,5.905380e-01,5.974180e-01,1.000000e-09,15,5,true
3,cosine,V-SOR,v_sor,v,sor,1.15,mg_sor,cuda,double,383,7,1.899044e-10,3.237481e-07,8.839927e-07,5.799320e+02,5.848680e+02,5.799320e-01,5.848680e-01,1.000000e-09,15,5,true
3,cosine,V-SOR,v_sor,v,sor,1.20,mg_sor,cuda,double,383,7,2.741329e-11,3.237520e-07,8.840048e-07,5.776500e+02,5.841520e+02,5.776500e-01,5.841520e-01,1.000000e-09,15,5,true
3,cosine,V-SOR,v_sor,v,sor,1.25,mg_sor,cuda,double,383,6,1.418051e-10,3.237487e-07,8.839951e-07,5.321280e+02,5.374060e+02,5.321280e-01,5.374060e-01,1.000000e-09,15,5,true
3,cosine,V-SOR,v_sor,v,sor,1.30,mg_sor,cuda,double,383,5,6.665835e-10,3.237384e-07,8.839675e-07,4.633320e+02,4.763640e+02,4.633320e-01,4.763640e-01,1.000000e-09,15,5,true
3,cosine,V-SOR,v_sor,v,sor,1.35,mg_sor,cuda,double,383,6,1.775234e-10,3.237528e-07,8.840071e-07,5.264550e+02,5.337210e+02,5.264550e-01,5.337210e-01,1.000000e-09,15,5,true
3,cosine,V-SOR,v_sor,v,sor,1.40,mg_sor,cuda,double,383,7,4.815724e-11,3.237528e-07,8.840071e-07,5.781320e+02,5.833870e+02,5.781320e-01,5.833870e-01,1.000000e-09,15,5,true
3,cosine,V-SOR,v_sor,v,sor,1.45,mg_sor,cuda,double,383,7,6.105304e-10,3.237529e-07,8.840071e-07,5.835230e+02,5.903620e+02,5.835230e-01,5.903620e-01,1.000000e-09,15,5,true
3,cosine,V-SOR,v_sor,v,sor,1.50,mg_sor,cuda,double,383,8,1.711422e-10,3.237527e-07,8.840069e-07,6.688630e+02,6.738530e+02,6.688630e-01,6.738530e-01,1.000000e-09,15,5,true
3,cosine,W-exact,w_exact,w,exact,1.00,mg_exact,cuda,double,383,7,8.824847e-10,3.237528e-07,8.840071e-07,7.208160e+02,7.330030e+02,7.208160e-01,7.330030e-01,1.000000e-09,15,5,true
3,cosine,W-exact,w_exact,w,exact,1.05,mg_exact,cuda,double,383,7,2.645194e-10,3.237528e-07,8.840071e-07,7.074700e+02,7.179900e+02,7.074700e-01,7.179900e-01,1.000000e-09,15,5,true
3,cosine,W-exact,w_exact,w,exact,1.10,mg_exact,cuda,double,383,7,6.670295e-11,3.237528e-07,8.840071e-07,6.821500e+02,6.920860e+02,6.821500e-01,6.920860e-01,1.000000e-09,15,5,true
3,cosine,W-exact,w_exact,w,exact,1.15,mg_exact,cuda,double,383,6,8.049141e-10,3.237528e-07,8.840071e-07,6.264920e+02,6.376890e+02,6.264920e-01,6.376890e-01,1.000000e-09,15,5,true
3,cosine,W-exact,w_exact,w,exact,1.20,mg_exact,cuda,double,383,6,1.291268e-10,3.237528e-07,8.840071e-07,6.131800e+02,6.241970e+02,6.131800e-01,6.241970e-01,1.000000e-09,15,5,true
3,cosine,W-exact,w_exact,w,exact,1.25,mg_exact,cuda,double,383,6,1.109976e-11,3.237528e-07,8.840071e-07,6.301150e+02,6.411150e+02,6.301150e-01,6.411150e-01,1.000000e-09,15,5,true
3,cosine,W-exact,w_exact,w,exact,1.30,mg_exact,cuda,double,383,5,3.079523e-10,3.237528e-07,8.840071e-07,5.274100e+02,5.450480e+02,5.274100e-01,5.450480e-01,1.000000e-09,15,5,true
3,cosine,W-exact,w_exact,w,exact,1.35,mg_exact,cuda,double,383,6,6.713804e-11,3.237528e-07,8.840071e-07,6.256800e+02,6.365100e+02,6.256800e-01,6.365100e-01,1.000000e-09,15,5,true
3,cosine,W-exact,w_exact,w,exact,1.40,mg_exact,cuda,double,383,6,9.727736e-10,3.237528e-07,8.840071e-07,6.147700e+02,6.284670e+02,6.147700e-01,6.284670e-01,1.000000e-09,15,5,true
3,cosine,W-exact,w_exact,w,exact,1.45,mg_exact,cuda,double,383,7,1.315215e-10,3.237528e-07,8.840071e-07,6.874190e+02,6.974320e+02,6.874190e-01,6.974320e-01,1.000000e-09,15,5,true
3,cosine,W-exact,w_exact,w,exact,1.50,mg_exact,cuda,double,383,8,2.526580e-11,3.237528e-07,8.840071e-07,7.710610e+02,7.853200e+02,7.710610e-01,7.853200e-01,1.000000e-09,15,5,true
3,cosine,W-SOR,w_sor,w,sor,1.00,mg_sor,cuda,double,383,7,8.824847e-10,3.237528e-07,8.840071e-07,6.738060e+02,6.845730e+02,6.738060e-01,6.845730e-01,1.000000e-09,15,5,true
3,cosine,W-SOR,w_sor,w,sor,1.05,mg_sor,cuda,double,383,7,2.645194e-10,3.237528e-07,8.840071e-07,6.902630e+02,7.003940e+02,6.902630e-01,7.003940e-01,1.000000e-09,15,5,true
3,cosine,W-SOR,w_sor,w,sor,1.10,mg_sor,cuda,double,383,7,6.670295e-11,3.237528e-07,8.840071e-07,7.004360e+02,7.120170e+02,7.004360e-01,7.120170e-01,1.000000e-09,15,5,true
3,cosine,W-SOR,w_sor,w,sor,1.15,mg_sor,cuda,double,383,6,8.049141e-10,3.237528e-07,8.840071e-07,6.210160e+02,6.314540e+02,6.210160e-01,6.314540e-01,1.000000e-09,15,5,true
3,cosine,W-SOR,w_sor,w,sor,1.20,mg_sor,cuda,double,383,6,1.291268e-10,3.237528e-07,8.840071e-07,6.043730e+02,6.187370e+02,6.043730e-01,6.187370e-01,1.000000e-09,15,5,true
3,cosine,W-SOR,w_sor,w,sor,1.25,mg_sor,cuda,double,383,6,1.109976e-11,3.237528e-07,8.840071e-07,6.166870e+02,6.285320e+02,6.166870e-01,6.285320e-01,1.000000e-09,15,5,true
3,cosine,W-SOR,w_sor,w,sor,1.30,mg_sor,cuda,double,383,5,3.079523e-10,3.237528e-07,8.840071e-07,5.340470e+02,5.444230e+02,5.340470e-01,5.444230e-01,1.000000e-09,15,5,true
3,cosine,W-SOR,w_sor,w,sor,1.35,mg_sor,cuda,double,383,6,6.713602e-11,3.237528e-07,8.840071e-07,5.975670e+02,6.158810e+02,5.975670e-01,6.158810e-01,1.000000e-09,15,5,true
3,cosine,W-SOR,w_sor,w,sor,1.40,mg_sor,cuda,double,383,6,9.727752e-10,3.237528e-07,8.840071e-07,5.906300e+02,6.011660e+02,5.906300e-01,6.011660e-01,1.000000e-09,15,5,true
3,cosine,W-SOR,w_sor,w,sor,1.45,mg_sor,cuda,double,383,7,1.315207e-10,3.237528e-07,8.840071e-07,7.030630e+02,7.149280e+02,7.030630e-01,7.149280e-01,1.000000e-09,15,5,true
3,cosine,W-SOR,w_sor,w,sor,1.50,mg_sor,cuda,double,383,8,2.526768e-11,3.237528e-07,8.840071e-07,7.585760e+02,7.829330e+02,7.585760e-01,7.829330e-01,1.000000e-09,15,5,true
3,sine,V-exact,v_exact,v,exact,1.00,mg_exact,cuda,double,511,15,3.957654e-10,1.109263e-06,3.137469e-06,1.311917e+03,1.319040e+03,1.311917e+00,1.319040e+00,1.000000e-09,15,1,true
3,sine,V-exact,v_exact,v,exact,1.05,mg_exact,cuda,double,511,13,6.219954e-10,1.109261e-06,3.137467e-06,1.061051e+03,1.070877e+03,1.061051e+00,1.070877e+00,1.000000e-09,15,1,true
3,sine,V-exact,v_exact,v,exact,1.10,mg_exact,cuda,double,511,12,2.275947e-10,1.109260e-06,3.137463e-06,1.045748e+03,1.053138e+03,1.045748e+00,1.053138e+00,1.000000e-09,15,1,true
3,sine,V-exact,v_exact,v,exact,1.15,mg_exact,cuda,double,511,11,1.193544e-10,1.109258e-06,3.137456e-06,9.316840e+02,9.419940e+02,9.316840e-01,9.419940e-01,1.000000e-09,15,1,true
3,sine,V-exact,v_exact,v,exact,1.20,mg_exact,cuda,double,511,10,1.495340e-10,1.109253e-06,3.137442e-06,9.275260e+02,9.355180e+02,9.275260e-01,9.355180e-01,1.000000e-09,15,1,true
3,sine,V-exact,v_exact,v,exact,1.25,mg_exact,cuda,double,511,9,3.037071e-10,1.109246e-06,3.137421e-06,8.454870e+02,8.545990e+02,8.454870e-01,8.545990e-01,1.000000e-09,15,1,true
3,sine,V-exact,v_exact,v,exact,1.30,mg_exact,cuda,double,511,10,3.561106e-10,1.109263e-06,3.137469e-06,8.802310e+02,8.890330e+02,8.802310e-01,8.890330e-01,1.000000e-09,15,1,true
3,sine,V-exact,v_exact,v,exact,1.35,mg_exact,cuda,double,511,11,3.823037e-10,1.109263e-06,3.137468e-06,9.255130e+02,9.326880e+02,9.255130e-01,9.326880e-01,1.000000e-09,15,1,true
3,sine,V-exact,v_exact,v,exact,1.40,mg_exact,cuda,double,511,13,1.639974e-10,1.109263e-06,3.137468e-06,1.059522e+03,1.067668e+03,1.059522e+00,1.067668e+00,1.000000e-09,15,1,true
3,sine,V-exact,v_exact,v,exact,1.45,mg_exact,cuda,double,511,14,7.121756e-10,1.109263e-06,3.137470e-06,1.117795e+03,1.126039e+03,1.117795e+00,1.126039e+00,1.000000e-09,15,1,true
3,sine,V-exact,v_exact,v,exact,1.50,mg_exact,cuda,double,511,15,3.037212e-09,1.109263e-06,3.137463e-06,1.220749e+03,1.233123e+03,1.220749e+00,1.233123e+00,1.000000e-09,15,1,false
3,sine,V-SOR,v_sor,v,sor,1.00,mg_sor,cuda,double,511,15,3.957994e-10,1.109263e-06,3.137469e-06,1.216873e+03,1.232735e+03,1.216873e+00,1.232735e+00,1.000000e-09,15,1,true
3,sine,V-SOR,v_sor,v,sor,1.05,mg_sor,cuda,double,511,13,6.220065e-10,1.109261e-06,3.137467e-06,1.058717e+03,1.069601e+03,1.058717e+00,1.069601e+00,1.000000e-09,15,1,true
3,sine,V-SOR,v_sor,v,sor,1.10,mg_sor,cuda,double,511,12,2.275961e-10,1.109260e-06,3.137463e-06,1.024133e+03,1.034256e+03,1.024133e+00,1.034256e+00,1.000000e-09,15,1,true
3,sine,V-SOR,v_sor,v,sor,1.15,mg_sor,cuda,double,511,11,1.193534e-10,1.109258e-06,3.137456e-06,9.338560e+02,9.421750e+02,9.338560e-01,9.421750e-01,1.000000e-09,15,1,true
3,sine,V-SOR,v_sor,v,sor,1.20,mg_sor,cuda,double,511,10,1.495324e-10,1.109253e-06,3.137442e-06,8.486950e+02,8.570960e+02,8.486950e-01,8.570960e-01,1.000000e-09,15,1,true
3,sine,V-SOR,v_sor,v,sor,1.25,mg_sor,cuda,double,511,9,3.037079e-10,1.109246e-06,3.137421e-06,8.612580e+02,8.692530e+02,8.612580e-01,8.692530e-01,1.000000e-09,15,1,true
3,sine,V-SOR,v_sor,v,sor,1.30,mg_sor,cuda,double,511,10,3.561143e-10,1.109263e-06,3.137469e-06,8.999910e+02,9.230100e+02,8.999910e-01,9.230100e-01,1.000000e-09,15,1,true
3,sine,V-SOR,v_sor,v,sor,1.35,mg_sor,cuda,double,511,11,3.823004e-10,1.109263e-06,3.137468e-06,9.235860e+02,9.348620e+02,9.235860e-01,9.348620e-01,1.000000e-09,15,1,true
3,sine,V-SOR,v_sor,v,sor,1.40,mg_sor,cuda,double,511,13,1.639982e-10,1.109263e-06,3.137468e-06,1.009966e+03,1.017613e+03,1.009966e+00,1.017613e+00,1.000000e-09,15,1,true
3,sine,V-SOR,v_sor,v,sor,1.45,mg_sor,cuda,double,511,14,7.121790e-10,1.109263e-06,3.137470e-06,1.075928e+03,1.107086e+03,1.075928e+00,1.107086e+00,1.000000e-09,15,1,true
3,sine,V-SOR,v_sor,v,sor,1.50,mg_sor,cuda,double,511,15,3.037274e-09,1.109263e-06,3.137463e-06,1.157297e+03,1.165169e+03,1.157297e+00,1.165169e+00,1.000000e-09,15,1,false
3,sine,W-exact,w_exact,w,exact,1.00,mg_exact,cuda,double,511,8,2.168926e-10,1.109263e-06,3.137469e-06,1.258741e+03,1.272918e+03,1.258741e+00,1.272918e+00,1.000000e-09,15,1,true
3,sine,W-exact,w_exact,w,exact,1.05,mg_exact,cuda,double,511,6,2.588906e-10,1.109263e-06,3.137469e-06,1.066216e+03,1.079117e+03,1.066216e+00,1.079117e+00,1.000000e-09,15,1,true
3,sine,W-exact,w_exact,w,exact,1.10,mg_exact,cuda,double,511,6,5.703694e-11,1.109263e-06,3.137469e-06,1.074212e+03,1.087662e+03,1.074212e+00,1.087662e+00,1.000000e-09,15,1,true
3,sine,W-exact,w_exact,w,exact,1.15,mg_exact,cuda,double,511,7,3.346940e-10,1.109263e-06,3.137469e-06,1.140008e+03,1.153278e+03,1.140008e+00,1.153278e+00,1.000000e-09,15,1,true
3,sine,W-exact,w_exact,w,exact,1.20,mg_exact,cuda,double,511,8,1.966746e-10,1.109263e-06,3.137469e-06,1.270342e+03,1.304531e+03,1.270342e+00,1.304531e+00,1.000000e-09,15,1,true
3,sine,W-exact,w_exact,w,exact,1.25,mg_exact,cuda,double,511,9,1.249769e-10,1.109263e-06,3.137469e-06,1.384511e+03,1.397543e+03,1.384511e+00,1.397543e+00,1.000000e-09,15,1,true
3,sine,W-exact,w_exact,w,exact,1.30,mg_exact,cuda,double,511,10,1.053685e-10,1.109263e-06,3.137469e-06,1.484582e+03,1.499660e+03,1.484582e+00,1.499660e+00,1.000000e-09,15,1,true
3,sine,W-exact,w_exact,w,exact,1.35,mg_exact,cuda,double,511,11,1.777782e-10,1.109263e-06,3.137469e-06,1.564253e+03,1.576459e+03,1.564253e+00,1.576459e+00,1.000000e-09,15,1,true
3,sine,W-exact,w_exact,w,exact,1.40,mg_exact,cuda,double,511,12,6.893383e-10,1.109263e-06,3.137469e-06,1.804274e+03,1.820428e+03,1.804274e+00,1.820428e+00,1.000000e-09,15,1,true
3,sine,W-exact,w_exact,w,exact,1.45,mg_exact,cuda,double,511,14,3.369794e-10,1.109263e-06,3.137469e-06,1.896981e+03,1.910083e+03,1.896981e+00,1.910083e+00,1.000000e-09,15,1,true
3,sine,W-exact,w_exact,w,exact,1.50,mg_exact,cuda,double,511,15,1.661246e-09,1.109263e-06,3.137469e-06,2.030414e+03,2.042998e+03,2.030414e+00,2.042998e+00,1.000000e-09,15,1,false
3,sine,W-SOR,w_sor,w,sor,1.00,mg_sor,cuda,double,511,8,2.168919e-10,1.109263e-06,3.137469e-06,8.743770e+02,8.877640e+02,8.743770e-01,8.877640e-01,1.000000e-09,15,1,true
3,sine,W-SOR,w_sor,w,sor,1.05,mg_sor,cuda,double,511,6,2.588919e-10,1.109263e-06,3.137469e-06,7.483560e+02,7.623400e+02,7.483560e-01,7.623400e-01,1.000000e-09,15,1,true
3,sine,W-SOR,w_sor,w,sor,1.10,mg_sor,cuda,double,511,6,5.703888e-11,1.109263e-06,3.137469e-06,7.451440e+02,7.573100e+02,7.451440e-01,7.573100e-01,1.000000e-09,15,1,true
3,sine,W-SOR,w_sor,w,sor,1.15,mg_sor,cuda,double,511,7,3.346947e-10,1.109263e-06,3.137469e-06,8.789460e+02,8.918610e+02,8.789460e-01,8.918610e-01,1.000000e-09,15,1,true
3,sine,W-SOR,w_sor,w,sor,1.20,mg_sor,cuda,double,511,8,1.966757e-10,1.109263e-06,3.137469e-06,9.128780e+02,9.323160e+02,9.128780e-01,9.323160e-01,1.000000e-09,15,1,true
3,sine,W-SOR,w_sor,w,sor,1.25,mg_sor,cuda,double,511,9,1.249763e-10,1.109263e-06,3.137469e-06,9.459310e+02,9.746350e+02,9.459310e-01,9.746350e-01,1.000000e-09,15,1,true
3,sine,W-SOR,w_sor,w,sor,1.30,mg_sor,cuda,double,511,10,1.053698e-10,1.109263e-06,3.137469e-06,1.012495e+03,1.024407e+03,1.012495e+00,1.024407e+00,1.000000e-09,15,1,true
3,sine,W-SOR,w_sor,w,sor,1.35,mg_sor,cuda,double,511,11,1.777786e-10,1.109263e-06,3.137469e-06,1.107894e+03,1.119550e+03,1.107894e+00,1.119550e+00,1.000000e-09,15,1,true
3,sine,W-SOR,w_sor,w,sor,1.40,mg_sor,cuda,double,511,12,6.893385e-10,1.109263e-06,3.137469e-06,1.227075e+03,1.239890e+03,1.227075e+00,1.239890e+00,1.000000e-09,15,1,true
3,sine,W-SOR,w_sor,w,sor,1.45,mg_sor,cuda,double,511,14,3.369824e-10,1.109263e-06,3.137469e-06,1.270956e+03,1.283827e+03,1.270956e+00,1.283827e+00,1.000000e-09,15,1,true
3,sine,W-SOR,w_sor,w,sor,1.50,mg_sor,cuda,double,511,15,1.661247e-09,1.109263e-06,3.137469e-06,1.297859e+03,1.309654e+03,1.297859e+00,1.309654e+00,1.000000e-09,15,1,false
3,mixed_sine,V-exact,v_exact,v,exact,1.00,mg_exact,cuda,double,511,15,8.500801e-10,1.350263e-05,3.819123e-05,1.227333e+03,1.235919e+03,1.227333e+00,1.235919e+00,1.000000e-09,15,1,true
3,mixed_sine,V-exact,v_exact,v,exact,1.05,mg_exact,cuda,double,511,14,2.905986e-10,1.350265e-05,3.819126e-05,1.139669e+03,1.147701e+03,1.139669e+00,1.147701e+00,1.000000e-09,15,1,true
3,mixed_sine,V-exact,v_exact,v,exact,1.10,mg_exact,cuda,double,511,12,5.765190e-10,1.350262e-05,3.819118e-05,1.033956e+03,1.042353e+03,1.033956e+00,1.042353e+00,1.000000e-09,15,1,true
3,mixed_sine,V-exact,v_exact,v,exact,1.15,mg_exact,cuda,double,511,11,2.391948e-10,1.350264e-05,3.819123e-05,1.023397e+03,1.031395e+03,1.023397e+00,1.031395e+00,1.000000e-09,15,1,true
3,mixed_sine,V-exact,v_exact,v,exact,1.20,mg_exact,cuda,double,511,10,1.010797e-10,1.350265e-05,3.819127e-05,8.945770e+02,9.023690e+02,8.945770e-01,9.023690e-01,1.000000e-09,15,1,true
3,mixed_sine,V-exact,v_exact,v,exact,1.25,mg_exact,cuda,double,511,9,9.205141e-11,1.350266e-05,3.819129e-05,9.119890e+02,9.203210e+02,9.119890e-01,9.203210e-01,1.000000e-09,15,1,true
3,mixed_sine,V-exact,v_exact,v,exact,1.30,mg_exact,cuda,double,511,10,4.279307e-10,1.350266e-05,3.819129e-05,9.481640e+02,9.562000e+02,9.481640e-01,9.562000e-01,1.000000e-09,15,1,true
3,mixed_sine,V-exact,v_exact,v,exact,1.35,mg_exact,cuda,double,511,11,4.689253e-10,1.350266e-05,3.819129e-05,1.012592e+03,1.024224e+03,1.012592e+00,1.024224e+00,1.000000e-09,15,1,true
3,mixed_sine,V-exact,v_exact,v,exact,1.40,mg_exact,cuda,double,511,13,1.783401e-10,1.350266e-05,3.819129e-05,1.115903e+03,1.122742e+03,1.115903e+00,1.122742e+00,1.000000e-09,15,1,true
3,mixed_sine,V-exact,v_exact,v,exact,1.45,mg_exact,cuda,double,511,14,7.731063e-10,1.350266e-05,3.819129e-05,1.144254e+03,1.153035e+03,1.144254e+00,1.153035e+00,1.000000e-09,15,1,true
3,mixed_sine,V-exact,v_exact,v,exact,1.50,mg_exact,cuda,double,511,15,3.255469e-09,1.350266e-05,3.819127e-05,1.229177e+03,1.237135e+03,1.229177e+00,1.237135e+00,1.000000e-09,15,1,false
3,mixed_sine,V-SOR,v_sor,v,sor,1.00,mg_sor,cuda,double,511,15,8.500801e-10,1.350263e-05,3.819123e-05,1.191675e+03,1.200008e+03,1.191675e+00,1.200008e+00,1.000000e-09,15,1,true
3,mixed_sine,V-SOR,v_sor,v,sor,1.05,mg_sor,cuda,double,511,14,2.905986e-10,1.350265e-05,3.819126e-05,1.109525e+03,1.117922e+03,1.109525e+00,1.117922e+00,1.000000e-09,15,1,true
3,mixed_sine,V-SOR,v_sor,v,sor,1.10,mg_sor,cuda,double,511,12,5.765188e-10,1.350262e-05,3.819118e-05,1.069221e+03,1.076815e+03,1.069221e+00,1.076815e+00,1.000000e-09,15,1,true
3,mixed_sine,V-SOR,v_sor,v,sor,1.15,mg_sor,cuda,double,511,11,2.391948e-10,1.350264e-05,3.819123e-05,9.867240e+02,9.943710e+02,9.867240e-01,9.943710e-01,1.000000e-09,15,1,true
3,mixed_sine,V-SOR,v_sor,v,sor,1.20,mg_sor,cuda,double,511,10,1.010797e-10,1.350265e-05,3.819127e-05,9.329380e+02,9.415650e+02,9.329380e-01,9.415650e-01,1.000000e-09,15,1,true
3,mixed_sine,V-SOR,v_sor,v,sor,1.25,mg_sor,cuda,double,511,9,9.205141e-11,1.350266e-05,3.819129e-05,8.646890e+02,8.717110e+02,8.646890e-01,8.717110e-01,1.000000e-09,15,1,true
3,mixed_sine,V-SOR,v_sor,v,sor,1.30,mg_sor,cuda,double,511,10,4.279307e-10,1.350266e-05,3.819129e-05,8.953610e+02,9.032910e+02,8.953610e-01,9.032910e-01,1.000000e-09,15,1,true
3,mixed_sine,V-SOR,v_sor,v,sor,1.35,mg_sor,cuda,double,511,11,4.689253e-10,1.350266e-05,3.819129e-05,1.048441e+03,1.055925e+03,1.048441e+00,1.055925e+00,1.000000e-09,15,1,true
3,mixed_sine,V-SOR,v_sor,v,sor,1.40,mg_sor,cuda,double,511,13,1.783402e-10,1.350266e-05,3.819129e-05,1.108770e+03,1.117518e+03,1.108770e+00,1.117518e+00,1.000000e-09,15,1,true
3,mixed_sine,V-SOR,v_sor,v,sor,1.45,mg_sor,cuda,double,511,14,7.731065e-10,1.350266e-05,3.819129e-05,1.147524e+03,1.155859e+03,1.147524e+00,1.155859e+00,1.000000e-09,15,1,true
3,mixed_sine,V-SOR,v_sor,v,sor,1.50,mg_sor,cuda,double,511,15,3.255469e-09,1.350266e-05,3.819127e-05,1.196044e+03,1.203731e+03,1.196044e+00,1.203731e+00,1.000000e-09,15,1,false
3,mixed_sine,W-exact,w_exact,w,exact,1.00,mg_exact,cuda,double,511,8,9.573221e-10,1.350266e-05,3.819129e-05,1.262537e+03,1.279516e+03,1.262537e+00,1.279516e+00,1.000000e-09,15,1,true
3,mixed_sine,W-exact,w_exact,w,exact,1.05,mg_exact,cuda,double,511,6,7.160809e-10,1.350266e-05,3.819129e-05,1.197625e+03,1.244139e+03,1.197625e+00,1.244139e+00,1.000000e-09,15,1,true
3,mixed_sine,W-exact,w_exact,w,exact,1.10,mg_exact,cuda,double,511,6,6.374865e-11,1.350266e-05,3.819129e-05,1.087188e+03,1.097223e+03,1.087188e+00,1.097223e+00,1.000000e-09,15,1,true
3,mixed_sine,W-exact,w_exact,w,exact,1.15,mg_exact,cuda,double,511,7,3.763333e-10,1.350266e-05,3.819129e-05,1.276255e+03,1.289474e+03,1.276255e+00,1.289474e+00,1.000000e-09,15,1,true
3,mixed_sine,W-exact,w_exact,w,exact,1.20,mg_exact,cuda,double,511,8,2.165740e-10,1.350266e-05,3.819129e-05,1.340706e+03,1.352978e+03,1.340706e+00,1.352978e+00,1.000000e-09,15,1,true
3,mixed_sine,W-exact,w_exact,w,exact,1.25,mg_exact,cuda,double,511,9,1.373965e-10,1.350266e-05,3.819129e-05,1.469024e+03,1.481821e+03,1.469024e+00,1.481821e+00,1.000000e-09,15,1,true
3,mixed_sine,W-exact,w_exact,w,exact,1.30,mg_exact,cuda,double,511,10,1.163886e-10,1.350266e-05,3.819129e-05,1.543216e+03,1.553818e+03,1.543216e+00,1.553818e+00,1.000000e-09,15,1,true
3,mixed_sine,W-exact,w_exact,w,exact,1.35,mg_exact,cuda,double,511,11,1.981358e-10,1.350266e-05,3.819129e-05,1.681090e+03,1.694776e+03,1.681090e+00,1.694776e+00,1.000000e-09,15,1,true
3,mixed_sine,W-exact,w_exact,w,exact,1.40,mg_exact,cuda,double,511,12,7.741725e-10,1.350266e-05,3.819129e-05,1.796722e+03,1.806293e+03,1.796722e+00,1.806293e+00,1.000000e-09,15,1,true
3,mixed_sine,W-exact,w_exact,w,exact,1.45,mg_exact,cuda,double,511,14,3.778839e-10,1.350266e-05,3.819129e-05,1.886347e+03,1.899967e+03,1.886347e+00,1.899967e+00,1.000000e-09,15,1,true
3,mixed_sine,W-exact,w_exact,w,exact,1.50,mg_exact,cuda,double,511,15,1.866020e-09,1.350266e-05,3.819129e-05,2.048549e+03,2.060296e+03,2.048549e+00,2.060296e+00,1.000000e-09,15,1,false
3,mixed_sine,W-SOR,w_sor,w,sor,1.00,mg_sor,cuda,double,511,8,9.573221e-10,1.350266e-05,3.819129e-05,9.320740e+02,9.451290e+02,9.320740e-01,9.451290e-01,1.000000e-09,15,1,true
3,mixed_sine,W-SOR,w_sor,w,sor,1.05,mg_sor,cuda,double,511,6,7.160809e-10,1.350266e-05,3.819129e-05,7.533490e+02,7.649480e+02,7.533490e-01,7.649480e-01,1.000000e-09,15,1,true
3,mixed_sine,W-SOR,w_sor,w,sor,1.10,mg_sor,cuda,double,511,6,6.374865e-11,1.350266e-05,3.819129e-05,7.817810e+02,7.946160e+02,7.817810e-01,7.946160e-01,1.000000e-09,15,1,true
3,mixed_sine,W-SOR,w_sor,w,sor,1.15,mg_sor,cuda,double,511,7,3.763333e-10,1.350266e-05,3.819129e-05,8.085780e+02,8.217990e+02,8.085780e-01,8.217990e-01,1.000000e-09,15,1,true
3,mixed_sine,W-SOR,w_sor,w,sor,1.20,mg_sor,cuda,double,511,8,2.165740e-10,1.350266e-05,3.819129e-05,8.754310e+02,8.881450e+02,8.754310e-01,8.881450e-01,1.000000e-09,15,1,true
3,mixed_sine,W-SOR,w_sor,w,sor,1.25,mg_sor,cuda,double,511,9,1.373963e-10,1.350266e-05,3.819129e-05,9.390050e+02,9.517290e+02,9.390050e-01,9.517290e-01,1.000000e-09,15,1,true
3,mixed_sine,W-SOR,w_sor,w,sor,1.30,mg_sor,cuda,double,511,10,1.163883e-10,1.350266e-05,3.819129e-05,9.928230e+02,1.006080e+03,9.928230e-01,1.006080e+00,1.000000e-09,15,1,true
3,mixed_sine,W-SOR,w_sor,w,sor,1.35,mg_sor,cuda,double,511,11,1.981356e-10,1.350266e-05,3.819129e-05,1.036296e+03,1.048794e+03,1.036296e+00,1.048794e+00,1.000000e-09,15,1,true
3,mixed_sine,W-SOR,w_sor,w,sor,1.40,mg_sor,cuda,double,511,12,7.741728e-10,1.350266e-05,3.819129e-05,1.154121e+03,1.168089e+03,1.154121e+00,1.168089e+00,1.000000e-09,15,1,true
3,mixed_sine,W-SOR,w_sor,w,sor,1.45,mg_sor,cuda,double,511,14,3.778840e-10,1.350266e-05,3.819129e-05,1.213624e+03,1.226802e+03,1.213624e+00,1.226802e+00,1.000000e-09,15,1,true
3,mixed_sine,W-SOR,w_sor,w,sor,1.50,mg_sor,cuda,double,511,15,1.866020e-09,1.350266e-05,3.819129e-05,1.283914e+03,1.318494e+03,1.283914e+00,1.318494e+00,1.000000e-09,15,1,false
3,bubble,V-exact,v_exact,v,exact,1.00,mg_exact,cuda,double,511,15,9.197822e-10,5.260717e-14,1.179174e-13,1.094401e+03,1.102054e+03,1.094401e+00,1.102054e+00,1.000000e-09,15,1,true
3,bubble,V-exact,v_exact,v,exact,1.05,mg_exact,cuda,double,511,14,2.812178e-10,1.832652e-14,3.991685e-14,1.069930e+03,1.076754e+03,1.069930e+00,1.076754e+00,1.000000e-09,15,1,true
3,bubble,V-exact,v_exact,v,exact,1.10,mg_exact,cuda,double,511,12,4.409807e-10,5.506604e-14,9.273138e-14,9.407510e+02,9.485250e+02,9.407510e-01,9.485250e-01,1.000000e-09,15,1,true
3,bubble,V-exact,v_exact,v,exact,1.15,mg_exact,cuda,double,511,11,1.447514e-10,8.727868e-14,2.225026e-13,8.889950e+02,8.976970e+02,8.889950e-01,8.976970e-01,1.000000e-09,15,1,true
3,bubble,V-exact,v_exact,v,exact,1.20,mg_exact,cuda,double,511,10,1.432312e-10,1.691025e-13,4.620332e-13,8.640710e+02,8.721560e+02,8.640710e-01,8.721560e-01,1.000000e-09,15,1,true
3,bubble,V-exact,v_exact,v,exact,1.25,mg_exact,cuda,double,511,9,2.961591e-10,2.891627e-13,8.134951e-13,8.614470e+02,8.701530e+02,8.614470e-01,8.701530e-01,1.000000e-09,15,1,true
3,bubble,V-exact,v_exact,v,exact,1.30,mg_exact,cuda,double,511,10,3.845091e-10,1.166442e-15,4.586609e-15,8.525890e+02,8.596690e+02,8.525890e-01,8.596690e-01,1.000000e-09,15,1,true
3,bubble,V-exact,v_exact,v,exact,1.35,mg_exact,cuda,double,511,11,4.576592e-10,1.562919e-15,1.236337e-14,9.167880e+02,9.305860e+02,9.167880e-01,9.305860e-01,1.000000e-09,15,1,true
3,bubble,V-exact,v_exact,v,exact,1.40,mg_exact,cuda,double,511,13,1.941322e-10,9.541568e-16,6.815729e-15,1.045923e+03,1.053662e+03,1.045923e+00,1.053662e+00,1.000000e-09,15,1,true
3,bubble,V-exact,v_exact,v,exact,1.45,mg_exact,cuda,double,511,14,8.833918e-10,4.824032e-15,2.755955e-14,1.047340e+03,1.055194e+03,1.047340e+00,1.055194e+00,1.000000e-09,15,1,true
3,bubble,V-exact,v_exact,v,exact,1.50,mg_exact,cuda,double,511,15,4.066415e-09,2.615332e-14,1.216527e-13,1.126584e+03,1.135059e+03,1.126584e+00,1.135059e+00,1.000000e-09,15,1,false
3,bubble,V-SOR,v_sor,v,sor,1.00,mg_sor,cuda,double,511,15,9.198011e-10,5.260608e-14,1.179187e-13,1.094301e+03,1.103402e+03,1.094301e+00,1.103402e+00,1.000000e-09,15,1,true
3,bubble,V-SOR,v_sor,v,sor,1.05,mg_sor,cuda,double,511,14,2.812200e-10,1.832778e-14,3.991599e-14,1.123829e+03,1.131651e+03,1.123829e+00,1.131651e+00,1.000000e-09,15,1,true
3,bubble,V-SOR,v_sor,v,sor,1.10,mg_sor,cuda,double,511,12,4.409811e-10,5.506849e-14,9.274439e-14,9.557350e+02,9.650940e+02,9.557350e-01,9.650940e-01,1.000000e-09,15,1,true
3,bubble,V-SOR,v_sor,v,sor,1.15,mg_sor,cuda,double,511,11,1.447499e-10,8.728487e-14,2.225269e-13,9.750690e+02,9.824220e+02,9.750690e-01,9.824220e-01,1.000000e-09,15,1,true
3,bubble,V-SOR,v_sor,v,sor,1.20,mg_sor,cuda,double,511,10,1.432318e-10,1.691021e-13,4.620453e-13,8.452000e+02,8.523880e+02,8.452000e-01,8.523880e-01,1.000000e-09,15,1,true
3,bubble,V-SOR,v_sor,v,sor,1.25,mg_sor,cuda,double,511,9,2.961580e-10,2.891512e-13,8.134726e-13,8.061720e+02,8.132360e+02,8.061720e-01,8.132360e-01,1.000000e-09,15,1,true
3,bubble,V-SOR,v_sor,v,sor,1.30,mg_sor,cuda,double,511,10,3.845107e-10,1.165606e-15,4.570996e-15,9.256060e+02,9.342570e+02,9.256060e-01,9.342570e-01,1.000000e-09,15,1,true
3,bubble,V-SOR,v_sor,v,sor,1.35,mg_sor,cuda,double,511,11,4.576612e-10,1.564074e-15,1.241021e-14,9.571390e+02,9.646440e+02,9.571390e-01,9.646440e-01,1.000000e-09,15,1,true
3,bubble,V-SOR,v_sor,v,sor,1.40,mg_sor,cuda,double,511,13,1.941305e-10,9.551527e-16,6.739401e-15,1.026637e+03,1.034351e+03,1.026637e+00,1.034351e+00,1.000000e-09,15,1,true
3,bubble,V-SOR,v_sor,v,sor,1.45,mg_sor,cuda,double,511,14,8.833954e-10,4.825747e-15,2.753700e-14,1.109302e+03,1.116296e+03,1.109302e+00,1.116296e+00,1.000000e-09,15,1,true
3,bubble,V-SOR,v_sor,v,sor,1.50,mg_sor,cuda,double,511,15,4.066469e-09,2.615337e-14,1.216926e-13,1.154546e+03,1.161896e+03,1.154546e+00,1.161896e+00,1.000000e-09,15,1,false
3,bubble,W-exact,w_exact,w,exact,1.00,mg_exact,cuda,double,511,11,3.686239e-10,7.614202e-16,2.553513e-15,1.610423e+03,1.624284e+03,1.610423e+00,1.624284e+00,1.000000e-09,15,1,true
3,bubble,W-exact,w_exact,w,exact,1.05,mg_exact,cuda,double,511,9,8.030091e-10,9.223944e-16,3.385652e-15,1.438218e+03,1.450314e+03,1.438218e+00,1.450314e+00,1.000000e-09,15,1,true
3,bubble,W-exact,w_exact,w,exact,1.10,mg_exact,cuda,double,511,8,1.826319e-10,8.576932e-16,2.969847e-15,1.260271e+03,1.276742e+03,1.260271e+00,1.276742e+00,1.000000e-09,15,1,true
3,bubble,W-exact,w_exact,w,exact,1.15,mg_exact,cuda,double,511,7,3.563039e-10,9.337806e-17,5.689893e-16,1.157085e+03,1.167653e+03,1.157085e+00,1.167653e+00,1.000000e-09,15,1,true
3,bubble,W-exact,w_exact,w,exact,1.20,mg_exact,cuda,double,511,8,2.140167e-10,6.325763e-17,4.336809e-16,1.333171e+03,1.345014e+03,1.333171e+00,1.345014e+00,1.000000e-09,15,1,true
3,bubble,W-exact,w_exact,w,exact,1.25,mg_exact,cuda,double,511,9,1.392057e-10,6.569100e-17,5.689893e-16,1.385457e+03,1.397321e+03,1.385457e+00,1.397321e+00,1.000000e-09,15,1,true
3,bubble,W-exact,w_exact,w,exact,1.30,mg_exact,cuda,double,511,10,1.201262e-10,1.284406e-16,7.598089e-16,1.501749e+03,1.514116e+03,1.501749e+00,1.514116e+00,1.000000e-09,15,1,true
3,bubble,W-exact,w_exact,w,exact,1.35,mg_exact,cuda,double,511,11,1.983812e-10,6.815207e-17,3.001072e-16,1.571554e+03,1.586723e+03,1.571554e+00,1.586723e+00,1.000000e-09,15,1,true
3,bubble,W-exact,w_exact,w,exact,1.40,mg_exact,cuda,double,511,12,7.370081e-10,8.910882e-17,5.499073e-16,1.737138e+03,1.750310e+03,1.737138e+00,1.750310e+00,1.000000e-09,15,1,true
3,bubble,W-exact,w_exact,w,exact,1.45,mg_exact,cuda,double,511,14,3.608795e-10,7.277033e-17,7.389922e-16,1.916765e+03,1.930224e+03,1.916765e+00,1.930224e+00,1.000000e-09,15,1,true
3,bubble,W-exact,w_exact,w,exact,1.50,mg_exact,cuda,double,511,15,1.761391e-09,2.305738e-16,1.287165e-15,2.073352e+03,2.085438e+03,2.073352e+00,2.085438e+00,1.000000e-09,15,1,false
3,bubble,W-SOR,w_sor,w,sor,1.00,mg_sor,cuda,double,511,11,3.686240e-10,7.669562e-16,2.577799e-15,1.030054e+03,1.042484e+03,1.030054e+00,1.042484e+00,1.000000e-09,15,1,true
3,bubble,W-SOR,w_sor,w,sor,1.05,mg_sor,cuda,double,511,9,8.030096e-10,9.540378e-16,3.384906e-15,8.897970e+02,9.020740e+02,8.897970e-01,9.020740e-01,1.000000e-09,15,1,true
3,bubble,W-SOR,w_sor,w,sor,1.10,mg_sor,cuda,double,511,8,1.826328e-10,1.078108e-15,3.465978e-15,8.515830e+02,8.649400e+02,8.515830e-01,8.649400e-01,1.000000e-09,15,1,true
3,bubble,W-SOR,w_sor,w,sor,1.15,mg_sor,cuda,double,511,7,3.563058e-10,8.454149e-17,4.354156e-16,8.010120e+02,8.138010e+02,8.010120e-01,8.138010e-01,1.000000e-09,15,1,true
3,bubble,W-SOR,w_sor,w,sor,1.20,mg_sor,cuda,double,511,8,2.140038e-10,7.375951e-17,4.857226e-16,8.735480e+02,8.865270e+02,8.735480e-01,8.865270e-01,1.000000e-09,15,1,true
3,bubble,W-SOR,w_sor,w,sor,1.25,mg_sor,cuda,double,511,9,1.392066e-10,5.909362e-17,4.666406e-16,9.339640e+02,9.444780e+02,9.339640e-01,9.444780e-01,1.000000e-09,15,1,true
3,bubble,W-SOR,w_sor,w,sor,1.30,mg_sor,cuda,double,511,10,1.201086e-10,2.002963e-16,1.105019e-15,9.781040e+02,9.914780e+02,9.781040e-01,9.914780e-01,1.000000e-09,15,1,true
3,bubble,W-SOR,w_sor,w,sor,1.35,mg_sor,cuda,double,511,11,1.983785e-10,6.664216e-17,2.792905e-16,1.015620e+03,1.027921e+03,1.015620e+00,1.027921e+00,1.000000e-09,15,1,true
3,bubble,W-SOR,w_sor,w,sor,1.40,mg_sor,cuda,double,511,12,7.370058e-10,1.132456e-16,1.023487e-15,1.171474e+03,1.182681e+03,1.171474e+00,1.182681e+00,1.000000e-09,15,1,true
3,bubble,W-SOR,w_sor,w,sor,1.45,mg_sor,cuda,double,511,14,3.608781e-10,1.409610e-16,1.101549e-15,1.216338e+03,1.228242e+03,1.216338e+00,1.228242e+00,1.000000e-09,15,1,true
3,bubble,W-SOR,w_sor,w,sor,1.50,mg_sor,cuda,double,511,15,1.761387e-09,2.398106e-16,1.804112e-15,1.263912e+03,1.275002e+03,1.263912e+00,1.275002e+00,1.000000e-09,15,1,false
3,exp,V-exact,v_exact,v,exact,1.00,mg_exact,cuda,double,511,15,3.199629e-06,1.172930e-07,2.811781e-07,1.152808e+03,1.161306e+03,1.152808e+00,1.161306e+00,1.000000e-09,15,1,false
3,exp,V-exact,v_exact,v,exact,1.05,mg_exact,cuda,double,511,15,1.396792e-07,1.177602e-07,2.788501e-07,1.118929e+03,1.127398e+03,1.118929e+00,1.127398e+00,1.000000e-09,15,1,false
3,exp,V-exact,v_exact,v,exact,1.10,mg_exact,cuda,double,511,15,2.570281e-09,1.177930e-07,2.787162e-07,1.064520e+03,1.072608e+03,1.064520e+00,1.072608e+00,1.000000e-09,15,1,false
3,exp,V-exact,v_exact,v,exact,1.15,mg_exact,cuda,double,511,14,1.387377e-10,1.177942e-07,2.787136e-07,1.104616e+03,1.112649e+03,1.104616e+00,1.112649e+00,1.000000e-09,15,1,true
3,exp,V-exact,v_exact,v,exact,1.20,mg_exact,cuda,double,511,12,6.797081e-10,1.177934e-07,2.787103e-07,9.654900e+02,9.743900e+02,9.654900e-01,9.743900e-01,1.000000e-09,15,1,true
3,exp,V-exact,v_exact,v,exact,1.25,mg_exact,cuda,double,511,14,1.598044e-10,1.177944e-07,2.787142e-07,1.044912e+03,1.053078e+03,1.044912e+00,1.053078e+00,1.000000e-09,15,1,true
3,exp,V-exact,v_exact,v,exact,1.30,mg_exact,cuda,double,511,15,4.168411e-10,1.177943e-07,2.787139e-07,1.103597e+03,1.113070e+03,1.103597e+00,1.113070e+00,1.000000e-09,15,1,true
3,exp,V-exact,v_exact,v,exact,1.35,mg_exact,cuda,double,511,15,6.457538e-09,1.177942e-07,2.787138e-07,1.137253e+03,1.148760e+03,1.137253e+00,1.148760e+00,1.000000e-09,15,1,false
3,exp,V-exact,v_exact,v,exact,1.40,mg_exact,cuda,double,511,15,7.774923e-08,1.177940e-07,2.787128e-07,1.095800e+03,1.104756e+03,1.095800e+00,1.104756e+00,1.000000e-09,15,1,false
3,exp,V-exact,v_exact,v,exact,1.45,mg_exact,cuda,double,511,15,8.689387e-07,1.177980e-07,2.786883e-07,1.151593e+03,1.161033e+03,1.151593e+00,1.161033e+00,1.000000e-09,15,1,false
3,exp,V-exact,v_exact,v,exact,1.50,mg_exact,cuda,double,511,15,1.508877e-05,1.180403e-07,2.774824e-07,1.189221e+03,1.202223e+03,1.189221e+00,1.202223e+00,1.000000e-09,15,1,false
3,exp,V-SOR,v_sor,v,sor,1.00,mg_sor,cuda,double,511,15,3.199629e-06,1.172930e-07,2.811781e-07,1.170527e+03,1.177942e+03,1.170527e+00,1.177942e+00,1.000000e-09,15,1,false
3,exp,V-SOR,v_sor,v,sor,1.05,mg_sor,cuda,double,511,15,1.396792e-07,1.177602e-07,2.788501e-07,1.133197e+03,1.140675e+03,1.133197e+00,1.140675e+00,1.000000e-09,15,1,false
3,exp,V-SOR,v_sor,v,sor,1.10,mg_sor,cuda,double,511,15,2.570279e-09,1.177930e-07,2.787162e-07,1.076438e+03,1.084275e+03,1.076438e+00,1.084275e+00,1.000000e-09,15,1,false
3,exp,V-SOR,v_sor,v,sor,1.15,mg_sor,cuda,double,511,14,1.387123e-10,1.177942e-07,2.787136e-07,1.097204e+03,1.104073e+03,1.097204e+00,1.104073e+00,1.000000e-09,15,1,true
3,exp,V-SOR,v_sor,v,sor,1.20,mg_sor,cuda,double,511,12,6.796812e-10,1.177934e-07,2.787103e-07,9.222370e+02,9.308160e+02,9.222370e-01,9.308160e-01,1.000000e-09,15,1,true
3,exp,V-SOR,v_sor,v,sor,1.25,mg_sor,cuda,double,511,14,1.598046e-10,1.177944e-07,2.787142e-07,1.124631e+03,1.132915e+03,1.124631e+00,1.132915e+00,1.000000e-09,15,1,true
3,exp,V-SOR,v_sor,v,sor,1.30,mg_sor,cuda,double,511,15,4.168360e-10,1.177943e-07,2.787139e-07,1.102944e+03,1.111514e+03,1.102944e+00,1.111514e+00,1.000000e-09,15,1,true
3,exp,V-SOR,v_sor,v,sor,1.35,mg_sor,cuda,double,511,15,6.457512e-09,1.177942e-07,2.787138e-07,1.135969e+03,1.145050e+03,1.135969e+00,1.145050e+00,1.000000e-09,15,1,false
3,exp,V-SOR,v_sor,v,sor,1.40,mg_sor,cuda,double,511,15,7.774923e-08,1.177940e-07,2.787128e-07,1.146820e+03,1.155030e+03,1.146820e+00,1.155030e+00,1.000000e-09,15,1,false
3,exp,V-SOR,v_sor,v,sor,1.45,mg_sor,cuda,double,511,15,8.689387e-07,1.177980e-07,2.786883e-07,1.124374e+03,1.132026e+03,1.124374e+00,1.132026e+00,1.000000e-09,15,1,false
3,exp,V-SOR,v_sor,v,sor,1.50,mg_sor,cuda,double,511,15,1.508877e-05,1.180404e-07,2.774824e-07,1.180041e+03,1.188502e+03,1.180041e+00,1.188502e+00,1.000000e-09,15,1,false
3,exp,W-exact,w_exact,w,exact,1.00,mg_exact,cuda,double,511,15,2.513637e-07,1.177945e-07,2.787145e-07,2.029222e+03,2.041645e+03,2.029222e+00,2.041645e+00,1.000000e-09,15,1,false
3,exp,W-exact,w_exact,w,exact,1.05,mg_exact,cuda,double,511,15,3.517767e-09,1.177945e-07,2.787144e-07,2.022655e+03,2.035756e+03,2.022655e+00,2.035756e+00,1.000000e-09,15,1,false
3,exp,W-exact,w_exact,w,exact,1.10,mg_exact,cuda,double,511,13,5.740932e-10,1.177945e-07,2.787143e-07,1.784013e+03,1.797464e+03,1.784013e+00,1.797464e+00,1.000000e-09,15,1,true
3,exp,W-exact,w_exact,w,exact,1.15,mg_exact,cuda,double,511,11,2.742171e-10,1.177944e-07,2.787142e-07,1.598039e+03,1.611303e+03,1.598039e+00,1.611303e+00,1.000000e-09,15,1,true
3,exp,W-exact,w_exact,w,exact,1.20,mg_exact,cuda,double,511,12,3.075555e-10,1.177944e-07,2.787141e-07,1.652808e+03,1.695337e+03,1.652808e+00,1.695337e+00,1.000000e-09,15,1,true
3,exp,W-exact,w_exact,w,exact,1.25,mg_exact,cuda,double,511,13,6.267399e-10,1.177944e-07,2.787142e-07,1.734146e+03,1.746679e+03,1.734146e+00,1.746679e+00,1.000000e-09,15,1,true
3,exp,W-exact,w_exact,w,exact,1.30,mg_exact,cuda,double,511,15,2.034667e-10,1.177943e-07,2.787139e-07,1.910634e+03,1.925254e+03,1.910634e+00,1.925254e+00,1.000000e-09,15,1,true
3,exp,W-exact,w_exact,w,exact,1.35,mg_exact,cuda,double,511,15,3.835449e-09,1.177942e-07,2.787138e-07,2.006625e+03,2.018246e+03,2.006625e+00,2.018246e+00,1.000000e-09,15,1,false
3,exp,W-exact,w_exact,w,exact,1.40,mg_exact,cuda,double,511,15,6.241962e-08,1.177942e-07,2.787136e-07,1.957320e+03,1.974249e+03,1.957320e+00,1.974249e+00,1.000000e-09,15,1,false
3,exp,W-exact,w_exact,w,exact,1.45,mg_exact,cuda,double,511,15,8.078682e-07,1.177942e-07,2.787136e-07,1.925619e+03,1.936039e+03,1.925619e+00,1.936039e+00,1.000000e-09,15,1,false
3,exp,W-exact,w_exact,w,exact,1.50,mg_exact,cuda,double,511,15,9.983433e-06,1.177937e-07,2.787128e-07,1.954398e+03,1.964615e+03,1.954398e+00,1.964615e+00,1.000000e-09,15,1,false
3,exp,W-SOR,w_sor,w,sor,1.00,mg_sor,cuda,double,511,15,2.513637e-07,1.177945e-07,2.787145e-07,1.248093e+03,1.259281e+03,1.248093e+00,1.259281e+00,1.000000e-09,15,1,false
3,exp,W-SOR,w_sor,w,sor,1.05,mg_sor,cuda,double,511,15,3.517733e-09,1.177945e-07,2.787144e-07,1.217662e+03,1.231437e+03,1.217662e+00,1.231437e+00,1.000000e-09,15,1,false
3,exp,W-SOR,w_sor,w,sor,1.10,mg_sor,cuda,double,511,13,5.740735e-10,1.177944e-07,2.787143e-07,1.061249e+03,1.074501e+03,1.061249e+00,1.074501e+00,1.000000e-09,15,1,true
3,exp,W-SOR,w_sor,w,sor,1.15,mg_sor,cuda,double,511,11,2.742246e-10,1.177944e-07,2.787142e-07,9.730710e+02,9.842170e+02,9.730710e-01,9.842170e-01,1.000000e-09,15,1,true
3,exp,W-SOR,w_sor,w,sor,1.20,mg_sor,cuda,double,511,12,3.075539e-10,1.177944e-07,2.787141e-07,1.028733e+03,1.039622e+03,1.028733e+00,1.039622e+00,1.000000e-09,15,1,true
3,exp,W-SOR,w_sor,w,sor,1.25,mg_sor,cuda,double,511,13,6.267190e-10,1.177944e-07,2.787142e-07,1.153799e+03,1.165662e+03,1.153799e+00,1.165662e+00,1.000000e-09,15,1,true
3,exp,W-SOR,w_sor,w,sor,1.30,mg_sor,cuda,double,511,15,2.034857e-10,1.177943e-07,2.787139e-07,1.292580e+03,1.303686e+03,1.292580e+00,1.303686e+00,1.000000e-09,15,1,true
3,exp,W-SOR,w_sor,w,sor,1.35,mg_sor,cuda,double,511,15,3.835433e-09,1.177942e-07,2.787138e-07,1.270136e+03,1.282219e+03,1.270136e+00,1.282219e+00,1.000000e-09,15,1,false
3,exp,W-SOR,w_sor,w,sor,1.40,mg_sor,cuda,double,511,15,6.241963e-08,1.177942e-07,2.787136e-07,1.244879e+03,1.255502e+03,1.244879e+00,1.255502e+00,1.000000e-09,15,1,false
3,exp,W-SOR,w_sor,w,sor,1.45,mg_sor,cuda,double,511,15,8.078682e-07,1.177942e-07,2.787137e-07,1.234657e+03,1.245246e+03,1.234657e+00,1.245246e+00,1.000000e-09,15,1,false
3,exp,W-SOR,w_sor,w,sor,1.50,mg_sor,cuda,double,511,15,9.983433e-06,1.177937e-07,2.787128e-07,1.327500e+03,1.340386e+03,1.327500e+00,1.340386e+00,1.000000e-09,15,1,false
3,cosine,V-exact,v_exact,v,exact,1.00,mg_exact,cuda,double,511,15,3.809665e-07,1.820328e-07,4.971717e-07,1.141492e+03,1.151414e+03,1.141492e+00,1.151414e+00,1.000000e-09,15,1,false
3,cosine,V-exact,v_exact,v,exact,1.05,mg_exact,cuda,double,511,15,1.640610e-08,1.821072e-07,4.972399e-07,1.266935e+03,1.274743e+03,1.266935e+00,1.274743e+00,1.000000e-09,15,1,false
3,cosine,V-exact,v_exact,v,exact,1.10,mg_exact,cuda,double,511,15,2.957390e-10,1.821134e-07,4.972495e-07,1.134696e+03,1.142647e+03,1.134696e+00,1.142647e+00,1.000000e-09,15,1,true
3,cosine,V-exact,v_exact,v,exact,1.15,mg_exact,cuda,double,511,13,1.248207e-10,1.821132e-07,4.972489e-07,1.011023e+03,1.020780e+03,1.011023e+00,1.020780e+00,1.000000e-09,15,1,true
3,cosine,V-exact,v_exact,v,exact,1.20,mg_exact,cuda,double,511,11,6.617445e-10,1.821128e-07,4.972477e-07,9.657360e+02,9.736230e+02,9.657360e-01,9.736230e-01,1.000000e-09,15,1,true
3,cosine,V-exact,v_exact,v,exact,1.25,mg_exact,cuda,double,511,13,1.790027e-10,1.821137e-07,4.972503e-07,1.042171e+03,1.049680e+03,1.042171e+00,1.049680e+00,1.000000e-09,15,1,true
3,cosine,V-exact,v_exact,v,exact,1.30,mg_exact,cuda,double,511,14,3.669095e-10,1.821137e-07,4.972503e-07,1.099304e+03,1.106190e+03,1.099304e+00,1.106190e+00,1.000000e-09,15,1,true
3,cosine,V-exact,v_exact,v,exact,1.35,mg_exact,cuda,double,511,15,7.955292e-10,1.821137e-07,4.972503e-07,1.163309e+03,1.171493e+03,1.163309e+00,1.171493e+00,1.000000e-09,15,1,true
3,cosine,V-exact,v_exact,v,exact,1.40,mg_exact,cuda,double,511,15,9.588977e-09,1.821137e-07,4.972503e-07,1.111731e+03,1.119588e+03,1.111731e+00,1.119588e+00,1.000000e-09,15,1,false
3,cosine,V-exact,v_exact,v,exact,1.45,mg_exact,cuda,double,511,15,1.072081e-07,1.821141e-07,4.972494e-07,1.176592e+03,1.184076e+03,1.176592e+00,1.184076e+00,1.000000e-09,15,1,false
3,cosine,V-exact,v_exact,v,exact,1.50,mg_exact,cuda,double,511,15,1.854724e-06,1.821367e-07,4.972168e-07,1.138016e+03,1.145382e+03,1.138016e+00,1.145382e+00,1.000000e-09,15,1,false
3,cosine,V-SOR,v_sor,v,sor,1.00,mg_sor,cuda,double,511,15,3.809665e-07,1.820328e-07,4.971717e-07,1.128974e+03,1.137115e+03,1.128974e+00,1.137115e+00,1.000000e-09,15,1,false
3,cosine,V-SOR,v_sor,v,sor,1.05,mg_sor,cuda,double,511,15,1.640610e-08,1.821072e-07,4.972399e-07,1.106933e+03,1.115064e+03,1.106933e+00,1.115064e+00,1.000000e-09,15,1,false
3,cosine,V-SOR,v_sor,v,sor,1.10,mg_sor,cuda,double,511,15,2.957399e-10,1.821134e-07,4.972495e-07,1.153009e+03,1.177602e+03,1.153009e+00,1.177602e+00,1.000000e-09,15,1,true
3,cosine,V-SOR,v_sor,v,sor,1.15,mg_sor,cuda,double,511,13,1.248197e-10,1.821132e-07,4.972489e-07,1.033690e+03,1.040672e+03,1.033690e+00,1.040672e+00,1.000000e-09,15,1,true
3,cosine,V-SOR,v_sor,v,sor,1.20,mg_sor,cuda,double,511,11,6.617469e-10,1.821128e-07,4.972477e-07,9.750080e+02,9.817010e+02,9.750080e-01,9.817010e-01,1.000000e-09,15,1,true
3,cosine,V-SOR,v_sor,v,sor,1.25,mg_sor,cuda,double,511,13,1.790011e-10,1.821137e-07,4.972503e-07,1.085417e+03,1.095998e+03,1.085417e+00,1.095998e+00,1.000000e-09,15,1,true
3,cosine,V-SOR,v_sor,v,sor,1.30,mg_sor,cuda,double,511,14,3.669105e-10,1.821137e-07,4.972503e-07,1.110651e+03,1.118208e+03,1.110651e+00,1.118208e+00,1.000000e-09,15,1,true
3,cosine,V-SOR,v_sor,v,sor,1.35,mg_sor,cuda,double,511,15,7.955288e-10,1.821137e-07,4.972503e-07,1.153349e+03,1.161015e+03,1.153349e+00,1.161015e+00,1.000000e-09,15,1,true
3,cosine,V-SOR,v_sor,v,sor,1.40,mg_sor,cuda,double,511,15,9.588980e-09,1.821137e-07,4.972503e-07,1.172427e+03,1.180012e+03,1.172427e+00,1.180012e+00,1.000000e-09,15,1,false
3,cosine,V-SOR,v_sor,v,sor,1.45,mg_sor,cuda,double,511,15,1.072081e-07,1.821141e-07,4.972494e-07,1.159447e+03,1.167279e+03,1.159447e+00,1.167279e+00,1.000000e-09,15,1,false
3,cosine,V-SOR,v_sor,v,sor,1.50,mg_sor,cuda,double,511,15,1.854724e-06,1.821367e-07,4.972168e-07,1.165703e+03,1.182043e+03,1.165703e+00,1.182043e+00,1.000000e-09,15,1,false
3,cosine,W-exact,w_exact,w,exact,1.00,mg_exact,cuda,double,511,15,3.093885e-08,1.821137e-07,4.972503e-07,2.047817e+03,2.061228e+03,2.047817e+00,2.061228e+00,1.000000e-09,15,1,false
3,cosine,W-exact,w_exact,w,exact,1.05,mg_exact,cuda,double,511,15,4.317342e-10,1.821137e-07,4.972503e-07,2.048299e+03,2.058679e+03,2.048299e+00,2.058679e+00,1.000000e-09,15,1,true
3,cosine,W-exact,w_exact,w,exact,1.10,mg_exact,cuda,double,511,12,7.644822e-10,1.821137e-07,4.972503e-07,1.798498e+03,1.811899e+03,1.798498e+00,1.811899e+00,1.000000e-09,15,1,true
3,cosine,W-exact,w_exact,w,exact,1.15,mg_exact,cuda,double,511,10,4.755032e-10,1.821137e-07,4.972503e-07,1.498406e+03,1.509288e+03,1.498406e+00,1.509288e+00,1.000000e-09,15,1,true
3,cosine,W-exact,w_exact,w,exact,1.20,mg_exact,cuda,double,511,11,3.727098e-10,1.821137e-07,4.972503e-07,1.653368e+03,1.665666e+03,1.653368e+00,1.665666e+00,1.000000e-09,15,1,true
3,cosine,W-exact,w_exact,w,exact,1.25,mg_exact,cuda,double,511,12,7.767449e-10,1.821137e-07,4.972503e-07,1.735239e+03,1.745373e+03,1.735239e+00,1.745373e+00,1.000000e-09,15,1,true
3,cosine,W-exact,w_exact,w,exact,1.30,mg_exact,cuda,double,511,14,1.783681e-10,1.821137e-07,4.972503e-07,1.945902e+03,1.961307e+03,1.945902e+00,1.961307e+00,1.000000e-09,15,1,true
3,cosine,W-exact,w_exact,w,exact,1.35,mg_exact,cuda,double,511,15,4.738184e-10,1.821137e-07,4.972503e-07,2.067382e+03,2.080084e+03,2.067382e+00,2.080084e+00,1.000000e-09,15,1,true
3,cosine,W-exact,w_exact,w,exact,1.40,mg_exact,cuda,double,511,15,7.717490e-09,1.821137e-07,4.972503e-07,2.075160e+03,2.093991e+03,2.075160e+00,2.093991e+00,1.000000e-09,15,1,false
3,cosine,W-exact,w_exact,w,exact,1.45,mg_exact,cuda,double,511,15,1.000691e-07,1.821137e-07,4.972503e-07,2.056866e+03,2.067897e+03,2.056866e+00,2.067897e+00,1.000000e-09,15,1,false
3,cosine,W-exact,w_exact,w,exact,1.50,mg_exact,cuda,double,511,15,1.250304e-06,1.821136e-07,4.972503e-07,2.098752e+03,2.135631e+03,2.098752e+00,2.135631e+00,1.000000e-09,15,1,false
3,cosine,W-SOR,w_sor,w,sor,1.00,mg_sor,cuda,double,511,15,3.093885e-08,1.821137e-07,4.972503e-07,1.326342e+03,1.336334e+03,1.326342e+00,1.336334e+00,1.000000e-09,15,1,false
3,cosine,W-SOR,w_sor,w,sor,1.05,mg_sor,cuda,double,511,15,4.317338e-10,1.821137e-07,4.972503e-07,1.329426e+03,1.345053e+03,1.329426e+00,1.345053e+00,1.000000e-09,15,1,true
3,cosine,W-SOR,w_sor,w,sor,1.10,mg_sor,cuda,double,511,12,7.644831e-10,1.821137e-07,4.972503e-07,1.148289e+03,1.158065e+03,1.148289e+00,1.158065e+00,1.000000e-09,15,1,true
3,cosine,W-SOR,w_sor,w,sor,1.15,mg_sor,cuda,double,511,10,4.755041e-10,1.821137e-07,4.972503e-07,1.019506e+03,1.031974e+03,1.019506e+00,1.031974e+00,1.000000e-09,15,1,true
3,cosine,W-SOR,w_sor,w,sor,1.20,mg_sor,cuda,double,511,11,3.727090e-10,1.821137e-07,4.972503e-07,1.072447e+03,1.083573e+03,1.072447e+00,1.083573e+00,1.000000e-09,15,1,true
3,cosine,W-SOR,w_sor,w,sor,1.25,mg_sor,cuda,double,511,12,7.767441e-10,1.821137e-07,4.972503e-07,1.135938e+03,1.146839e+03,1.135938e+00,1.146839e+00,1.000000e-09,15,1,true
3,cosine,W-SOR,w_sor,w,sor,1.30,mg_sor,cuda,double,511,14,1.783690e-10,1.821137e-07,4.972503e-07,1.210457e+03,1.222804e+03,1.210457e+00,1.222804e+00,1.000000e-09,15,1,true
3,cosine,W-SOR,w_sor,w,sor,1.35,mg_sor,cuda,double,511,15,4.738185e-10,1.821137e-07,4.972503e-07,1.330948e+03,1.344289e+03,1.330948e+00,1.344289e+00,1.000000e-09,15,1,true
3,cosine,W-SOR,w_sor,w,sor,1.40,mg_sor,cuda,double,511,15,7.717489e-09,1.821137e-07,4.972503e-07,1.313860e+03,1.323667e+03,1.313860e+00,1.323667e+00,1.000000e-09,15,1,false
3,cosine,W-SOR,w_sor,w,sor,1.45,mg_sor,cuda,double,511,15,1.000691e-07,1.821137e-07,4.972503e-07,1.341199e+03,1.350729e+03,1.341199e+00,1.350729e+00,1.000000e-09,15,1,false
3,cosine,W-SOR,w_sor,w,sor,1.50,mg_sor,cuda,double,511,15,1.250304e-06,1.821136e-07,4.972503e-07,1.332744e+03,1.355304e+03,1.332744e+00,1.355304e+00,1.000000e-09,15,1,false
3,sine,V-exact,v_exact,v,exact,1.00,mg_exact,cuda,double,511,10,2.230279e-10,1.109207e-06,3.137313e-06,1.209093e+03,1.216783e+03,1.209093e+00,1.216783e+00,1.000000e-09,15,2,true
3,sine,V-exact,v_exact,v,exact,1.05,mg_exact,cuda,double,511,9,8.066362e-10,1.109071e-06,3.136926e-06,1.069696e+03,1.078079e+03,1.069696e+00,1.078079e+00,1.000000e-09,15,2,true
3,sine,V-exact,v_exact,v,exact,1.10,mg_exact,cuda,double,511,9,2.415726e-10,1.109208e-06,3.137315e-06,1.083681e+03,1.093621e+03,1.083681e+00,1.093621e+00,1.000000e-09,15,2,true
3,sine,V-exact,v_exact,v,exact,1.15,mg_exact,cuda,double,511,8,7.730575e-10,1.109107e-06,3.137026e-06,9.960910e+02,1.004092e+03,9.960910e-01,1.004092e+00,1.000000e-09,15,2,true
3,sine,V-exact,v_exact,v,exact,1.20,mg_exact,cuda,double,511,8,1.205279e-10,1.109242e-06,3.137409e-06,9.642760e+02,9.709520e+02,9.642760e-01,9.709520e-01,1.000000e-09,15,2,true
3,sine,V-exact,v_exact,v,exact,1.25,mg_exact,cuda,double,511,7,2.111841e-10,1.109236e-06,3.137392e-06,9.082340e+02,9.176700e+02,9.082340e-01,9.176700e-01,1.000000e-09,15,2,true
3,sine,V-exact,v_exact,v,exact,1.30,mg_exact,cuda,double,511,6,1.319962e-10,1.109254e-06,3.137445e-06,8.827030e+02,8.912710e+02,8.827030e-01,8.912710e-01,1.000000e-09,15,2,true
3,sine,V-exact,v_exact,v,exact,1.35,mg_exact,cuda,double,511,7,1.215793e-10,1.109263e-06,3.137469e-06,9.347870e+02,9.420860e+02,9.347870e-01,9.420860e-01,1.000000e-09,15,2,true
3,sine,V-exact,v_exact,v,exact,1.40,mg_exact,cuda,double,511,8,2.125644e-10,1.109262e-06,3.137467e-06,1.067115e+03,1.075105e+03,1.067115e+00,1.075105e+00,1.000000e-09,15,2,true
3,sine,V-exact,v_exact,v,exact,1.45,mg_exact,cuda,double,511,9,3.575848e-10,1.109265e-06,3.137478e-06,1.139180e+03,1.147202e+03,1.139180e+00,1.147202e+00,1.000000e-09,15,2,true
3,sine,V-exact,v_exact,v,exact,1.50,mg_exact,cuda,double,511,10,6.590510e-10,1.109249e-06,3.137426e-06,1.221317e+03,1.229319e+03,1.221317e+00,1.229319e+00,1.000000e-09,15,2,true
3,sine,V-SOR,v_sor,v,sor,1.00,mg_sor,cuda,double,511,10,2.231737e-10,1.109207e-06,3.137313e-06,1.213669e+03,1.221591e+03,1.213669e+00,1.221591e+00,1.000000e-09,15,2,true
3,sine,V-SOR,v_sor,v,sor,1.05,mg_sor,cuda,double,511,9,8.067251e-10,1.109071e-06,3.136926e-06,1.091329e+03,1.098517e+03,1.091329e+00,1.098517e+00,1.000000e-09,15,2,true
3,sine,V-SOR,v_sor,v,sor,1.10,mg_sor,cuda,double,511,9,2.415726e-10,1.109208e-06,3.137315e-06,1.137637e+03,1.146238e+03,1.137637e+00,1.146238e+00,1.000000e-09,15,2,true
3,sine,V-SOR,v_sor,v,sor,1.15,mg_sor,cuda,double,511,8,7.730603e-10,1.109107e-06,3.137026e-06,1.002323e+03,1.010913e+03,1.002323e+00,1.010913e+00,1.000000e-09,15,2,true
3,sine,V-SOR,v_sor,v,sor,1.20,mg_sor,cuda,double,511,8,1.205280e-10,1.109242e-06,3.137409e-06,9.935670e+02,1.001511e+03,9.935670e-01,1.001511e+00,1.000000e-09,15,2,true
3,sine,V-SOR,v_sor,v,sor,1.25,mg_sor,cuda,double,511,7,2.111870e-10,1.109236e-06,3.137392e-06,9.415950e+02,9.510730e+02,9.415950e-01,9.510730e-01,1.000000e-09,15,2,true
3,sine,V-SOR,v_sor,v,sor,1.30,mg_sor,cuda,double,511,6,1.319964e-10,1.109254e-06,3.137445e-06,8.424760e+02,8.503920e+02,8.424760e-01,8.503920e-01,1.000000e-09,15,2,true
3,sine,V-SOR,v_sor,v,sor,1.35,mg_sor,cuda,double,511,7,1.215768e-10,1.109263e-06,3.137469e-06,9.237260e+02,9.314790e+02,9.237260e-01,9.314790e-01,1.000000e-09,15,2,true
3,sine,V-SOR,v_sor,v,sor,1.40,mg_sor,cuda,double,511,8,2.125676e-10,1.109262e-06,3.137467e-06,1.037379e+03,1.044445e+03,1.037379e+00,1.044445e+00,1.000000e-09,15,2,true
3,sine,V-SOR,v_sor,v,sor,1.45,mg_sor,cuda,double,511,9,3.575898e-10,1.109265e-06,3.137478e-06,1.108133e+03,1.116256e+03,1.108133e+00,1.116256e+00,1.000000e-09,15,2,true
3,sine,V-SOR,v_sor,v,sor,1.50,mg_sor,cuda,double,511,10,6.590946e-10,1.109249e-06,3.137426e-06,1.144093e+03,1.152684e+03,1.144093e+00,1.152684e+00,1.000000e-09,15,2,true
3,sine,W-exact,w_exact,w,exact,1.00,mg_exact,cuda,double,511,3,7.087227e-10,1.109262e-06,3.137468e-06,8.749700e+02,8.875780e+02,8.749700e-01,8.875780e-01,1.000000e-09,15,2,true
3,sine,W-exact,w_exact,w,exact,1.05,mg_exact,cuda,double,511,3,1.090269e-11,1.109263e-06,3.137469e-06,8.175480e+02,8.348100e+02,8.175480e-01,8.348100e-01,1.000000e-09,15,2,true
3,sine,W-exact,w_exact,w,exact,1.10,mg_exact,cuda,double,511,3,6.089821e-11,1.109263e-06,3.137469e-06,8.048640e+02,8.181730e+02,8.048640e-01,8.181730e-01,1.000000e-09,15,2,true
3,sine,W-exact,w_exact,w,exact,1.15,mg_exact,cuda,double,511,4,9.445212e-12,1.109263e-06,3.137469e-06,9.958140e+02,1.010288e+03,9.958140e-01,1.010288e+00,1.000000e-09,15,2,true
3,sine,W-exact,w_exact,w,exact,1.20,mg_exact,cuda,double,511,4,9.014073e-11,1.109263e-06,3.137469e-06,9.689950e+02,9.836900e+02,9.689950e-01,9.836900e-01,1.000000e-09,15,2,true
3,sine,W-exact,w_exact,w,exact,1.25,mg_exact,cuda,double,511,5,1.443677e-11,1.109263e-06,3.137469e-06,1.092108e+03,1.106304e+03,1.092108e+00,1.106304e+00,1.000000e-09,15,2,true
3,sine,W-exact,w_exact,w,exact,1.30,mg_exact,cuda,double,511,5,4.147332e-10,1.109263e-06,3.137469e-06,1.097236e+03,1.110821e+03,1.097236e+00,1.110821e+00,1.000000e-09,15,2,true
3,sine,W-exact,w_exact,w,exact,1.35,mg_exact,cuda,double,511,6,9.200341e-11,1.109263e-06,3.137469e-06,1.235049e+03,1.247927e+03,1.235049e+00,1.247927e+00,1.000000e-09,15,2,true
3,sine,W-exact,w_exact,w,exact,1.40,mg_exact,cuda,double,511,7,3.285318e-11,1.109263e-06,3.137469e-06,1.385546e+03,1.399256e+03,1.385546e+00,1.399256e+00,1.000000e-09,15,2,true
3,sine,W-exact,w_exact,w,exact,1.45,mg_exact,cuda,double,511,7,5.249025e-10,1.109263e-06,3.137469e-06,1.398227e+03,1.411002e+03,1.398227e+00,1.411002e+00,1.000000e-09,15,2,true
3,sine,W-exact,w_exact,w,exact,1.50,mg_exact,cuda,double,511,8,6.254547e-10,1.109263e-06,3.137469e-06,1.544219e+03,1.558331e+03,1.544219e+00,1.558331e+00,1.000000e-09,15,2,true
3,sine,W-SOR,w_sor,w,sor,1.00,mg_sor,cuda,double,511,3,7.087227e-10,1.109262e-06,3.137468e-06,6.791240e+02,6.951370e+02,6.791240e-01,6.951370e-01,1.000000e-09,15,2,true
3,sine,W-SOR,w_sor,w,sor,1.05,mg_sor,cuda,double,511,3,1.090485e-11,1.109263e-06,3.137469e-06,6.908500e+02,7.046350e+02,6.908500e-01,7.046350e-01,1.000000e-09,15,2,true
3,sine,W-SOR,w_sor,w,sor,1.10,mg_sor,cuda,double,511,3,6.089791e-11,1.109263e-06,3.137469e-06,6.812050e+02,6.957040e+02,6.812050e-01,6.957040e-01,1.000000e-09,15,2,true
3,sine,W-SOR,w_sor,w,sor,1.15,mg_sor,cuda,double,511,4,9.446733e-12,1.109263e-06,3.137469e-06,7.503490e+02,7.677280e+02,7.503490e-01,7.677280e-01,1.000000e-09,15,2,true
3,sine,W-SOR,w_sor,w,sor,1.20,mg_sor,cuda,double,511,4,9.014218e-11,1.109263e-06,3.137469e-06,7.311360e+02,7.442090e+02,7.311360e-01,7.442090e-01,1.000000e-09,15,2,true
3,sine,W-SOR,w_sor,w,sor,1.25,mg_sor,cuda,double,511,5,1.443829e-11,1.109263e-06,3.137469e-06,8.425440e+02,8.558860e+02,8.425440e-01,8.558860e-01,1.000000e-09,15,2,true
3,sine,W-SOR,w_sor,w,sor,1.30,mg_sor,cuda,double,511,5,4.147342e-10,1.109263e-06,3.137469e-06,9.299490e+02,9.444270e+02,9.299490e-01,9.444270e-01,1.000000e-09,15,2,true
3,sine,W-SOR,w_sor,w,sor,1.35,mg_sor,cuda,double,511,6,9.200274e-11,1.109263e-06,3.137469e-06,9.729710e+02,9.876690e+02,9.729710e-01,9.876690e-01,1.000000e-09,15,2,true
3,sine,W-SOR,w_sor,w,sor,1.40,mg_sor,cuda,double,511,7,3.285067e-11,1.109263e-06,3.137469e-06,1.028895e+03,1.045358e+03,1.028895e+00,1.045358e+00,1.000000e-09,15,2,true
3,sine,W-SOR,w_sor,w,sor,1.45,mg_sor,cuda,double,511,7,5.248991e-10,1.109263e-06,3.137469e-06,1.068006e+03,1.081751e+03,1.068006e+00,1.081751e+00,1.000000e-09,15,2,true
3,sine,W-SOR,w_sor,w,sor,1.50,mg_sor,cuda,double,511,8,6.254546e-10,1.109263e-06,3.137469e-06,1.127627e+03,1.141866e+03,1.127627e+00,1.141866e+00,1.000000e-09,15,2,true
3,mixed_sine,V-exact,v_exact,v,exact,1.00,mg_exact,cuda,double,511,10,5.372242e-10,1.350253e-05,3.819092e-05,1.152880e+03,1.162078e+03,1.152880e+00,1.162078e+00,1.000000e-09,15,2,true
3,mixed_sine,V-exact,v_exact,v,exact,1.05,mg_exact,cuda,double,511,10,1.126395e-10,1.350263e-05,3.819121e-05,1.190658e+03,1.199306e+03,1.190658e+00,1.199306e+00,1.000000e-09,15,2,true
3,mixed_sine,V-exact,v_exact,v,exact,1.10,mg_exact,cuda,double,511,9,2.199651e-10,1.350261e-05,3.819115e-05,1.097835e+03,1.105407e+03,1.097835e+00,1.105407e+00,1.000000e-09,15,2,true
3,mixed_sine,V-exact,v_exact,v,exact,1.15,mg_exact,cuda,double,511,8,4.378103e-10,1.350257e-05,3.819104e-05,9.906820e+02,9.993200e+02,9.906820e-01,9.993200e-01,1.000000e-09,15,2,true
3,mixed_sine,V-exact,v_exact,v,exact,1.20,mg_exact,cuda,double,511,7,8.270732e-10,1.350253e-05,3.819091e-05,9.618210e+02,9.696530e+02,9.618210e-01,9.696530e-01,1.000000e-09,15,2,true
3,mixed_sine,V-exact,v_exact,v,exact,1.25,mg_exact,cuda,double,511,7,2.889751e-11,1.350266e-05,3.819128e-05,9.419770e+02,9.513550e+02,9.419770e-01,9.513550e-01,1.000000e-09,15,2,true
3,mixed_sine,V-exact,v_exact,v,exact,1.30,mg_exact,cuda,double,511,6,5.745281e-11,1.350266e-05,3.819129e-05,9.065510e+02,9.157870e+02,9.065510e-01,9.157870e-01,1.000000e-09,15,2,true
3,mixed_sine,V-exact,v_exact,v,exact,1.35,mg_exact,cuda,double,511,7,8.819965e-11,1.350266e-05,3.819129e-05,9.399200e+02,9.499930e+02,9.399200e-01,9.499930e-01,1.000000e-09,15,2,true
3,mixed_sine,V-exact,v_exact,v,exact,1.40,mg_exact,cuda,double,511,8,1.482780e-10,1.350266e-05,3.819128e-05,1.007591e+03,1.015943e+03,1.007591e+00,1.015943e+00,1.000000e-09,15,2,true
3,mixed_sine,V-exact,v_exact,v,exact,1.45,mg_exact,cuda,double,511,9,2.608162e-10,1.350267e-05,3.819131e-05,1.146919e+03,1.155664e+03,1.146919e+00,1.155664e+00,1.000000e-09,15,2,true
3,mixed_sine,V-exact,v_exact,v,exact,1.50,mg_exact,cuda,double,511,10,5.020517e-10,1.350264e-05,3.819122e-05,1.226283e+03,1.234014e+03,1.226283e+00,1.234014e+00,1.000000e-09,15,2,true
3,mixed_sine,V-SOR,v_sor,v,sor,1.00,mg_sor,cuda,double,511,10,5.372243e-10,1.350253e-05,3.819092e-05,1.250977e+03,1.258434e+03,1.250977e+00,1.258434e+00,1.000000e-09,15,2,true
3,mixed_sine,V-SOR,v_sor,v,sor,1.05,mg_sor,cuda,double,511,10,1.126390e-10,1.350263e-05,3.819121e-05,1.214541e+03,1.222384e+03,1.214541e+00,1.222384e+00,1.000000e-09,15,2,true
3,mixed_sine,V-SOR,v_sor,v,sor,1.10,mg_sor,cuda,double,511,9,2.199654e-10,1.350261e-05,3.819115e-05,1.113125e+03,1.121547e+03,1.113125e+00,1.121547e+00,1.000000e-09,15,2,true
3,mixed_sine,V-SOR,v_sor,v,sor,1.15,mg_sor,cuda,double,511,8,4.378104e-10,1.350257e-05,3.819104e-05,1.059989e+03,1.067567e+03,1.059989e+00,1.067567e+00,1.000000e-09,15,2,true
3,mixed_sine,V-SOR,v_sor,v,sor,1.20,mg_sor,cuda,double,511,7,8.270732e-10,1.350253e-05,3.819091e-05,9.746090e+02,9.826560e+02,9.746090e-01,9.826560e-01,1.000000e-09,15,2,true
3,mixed_sine,V-SOR,v_sor,v,sor,1.25,mg_sor,cuda,double,511,7,2.889751e-11,1.350266e-05,3.819128e-05,9.279740e+02,9.364620e+02,9.279740e-01,9.364620e-01,1.000000e-09,15,2,true
3,mixed_sine,V-SOR,v_sor,v,sor,1.30,mg_sor,cuda,double,511,6,5.745271e-11,1.350266e-05,3.819129e-05,8.617190e+02,8.672550e+02,8.617190e-01,8.672550e-01,1.000000e-09,15,2,true
3,mixed_sine,V-SOR,v_sor,v,sor,1.35,mg_sor,cuda,double,511,7,8.819995e-11,1.350266e-05,3.819129e-05,9.449530e+02,9.527240e+02,9.449530e-01,9.527240e-01,1.000000e-09,15,2,true
3,mixed_sine,V-SOR,v_sor,v,sor,1.40,mg_sor,cuda,double,511,8,1.482779e-10,1.350266e-05,3.819128e-05,1.019337e+03,1.027301e+03,1.019337e+00,1.027301e+00,1.000000e-09,15,2,true
3,mixed_sine,V-SOR,v_sor,v,sor,1.45,mg_sor,cuda,double,511,9,2.608164e-10,1.350267e-05,3.819131e-05,1.166473e+03,1.173921e+03,1.166473e+00,1.173921e+00,1.000000e-09,15,2,true
3,mixed_sine,V-SOR,v_sor,v,sor,1.50,mg_sor,cuda,double,511,10,5.020516e-10,1.350264e-05,3.819122e-05,1.233656e+03,1.240783e+03,1.233656e+00,1.240783e+00,1.000000e-09,15,2,true
3,mixed_sine,W-exact,w_exact,w,exact,1.00,mg_exact,cuda,double,511,4,6.775188e-11,1.350266e-05,3.819129e-05,9.686080e+02,9.868860e+02,9.686080e-01,9.868860e-01,1.000000e-09,15,2,true
3,mixed_sine,W-exact,w_exact,w,exact,1.05,mg_exact,cuda,double,511,3,4.000653e-10,1.350265e-05,3.819126e-05,8.285640e+02,8.410980e+02,8.285640e-01,8.410980e-01,1.000000e-09,15,2,true
3,mixed_sine,W-exact,w_exact,w,exact,1.10,mg_exact,cuda,double,511,4,2.150863e-12,1.350266e-05,3.819129e-05,9.721180e+02,9.867570e+02,9.721180e-01,9.867570e-01,1.000000e-09,15,2,true
3,mixed_sine,W-exact,w_exact,w,exact,1.15,mg_exact,cuda,double,511,4,2.471968e-12,1.350266e-05,3.819129e-05,9.864600e+02,1.002435e+03,9.864600e-01,1.002435e+00,1.000000e-09,15,2,true
3,mixed_sine,W-exact,w_exact,w,exact,1.20,mg_exact,cuda,double,511,4,9.261951e-11,1.350266e-05,3.819129e-05,9.534890e+02,9.679070e+02,9.534890e-01,9.679070e-01,1.000000e-09,15,2,true
3,mixed_sine,W-exact,w_exact,w,exact,1.25,mg_exact,cuda,double,511,5,1.068203e-11,1.350266e-05,3.819129e-05,1.087010e+03,1.101199e+03,1.087010e+00,1.101199e+00,1.000000e-09,15,2,true
3,mixed_sine,W-exact,w_exact,w,exact,1.30,mg_exact,cuda,double,511,5,4.440943e-10,1.350266e-05,3.819129e-05,1.103351e+03,1.119180e+03,1.103351e+00,1.119180e+00,1.000000e-09,15,2,true
3,mixed_sine,W-exact,w_exact,w,exact,1.35,mg_exact,cuda,double,511,6,9.910220e-11,1.350266e-05,3.819129e-05,1.308616e+03,1.322530e+03,1.308616e+00,1.322530e+00,1.000000e-09,15,2,true
3,mixed_sine,W-exact,w_exact,w,exact,1.40,mg_exact,cuda,double,511,7,3.360398e-11,1.350266e-05,3.819129e-05,1.385212e+03,1.398846e+03,1.385212e+00,1.398846e+00,1.000000e-09,15,2,true
3,mixed_sine,W-exact,w_exact,w,exact,1.45,mg_exact,cuda,double,511,7,5.839945e-10,1.350266e-05,3.819129e-05,1.429170e+03,1.443694e+03,1.429170e+00,1.443694e+00,1.000000e-09,15,2,true
3,mixed_sine,W-exact,w_exact,w,exact,1.50,mg_exact,cuda,double,511,8,7.030906e-10,1.350266e-05,3.819129e-05,1.552460e+03,1.567395e+03,1.552460e+00,1.567395e+00,1.000000e-09,15,2,true
3,mixed_sine,W-SOR,w_sor,w,sor,1.00,mg_sor,cuda,double,511,4,6.775188e-11,1.350266e-05,3.819129e-05,7.669930e+02,7.834080e+02,7.669930e-01,7.834080e-01,1.000000e-09,15,2,true
3,mixed_sine,W-SOR,w_sor,w,sor,1.05,mg_sor,cuda,double,511,3,4.000653e-10,1.350265e-05,3.819126e-05,6.903420e+02,7.045510e+02,6.903420e-01,7.045510e-01,1.000000e-09,15,2,true
3,mixed_sine,W-SOR,w_sor,w,sor,1.10,mg_sor,cuda,double,511,4,2.150863e-12,1.350266e-05,3.819129e-05,7.730710e+02,7.872690e+02,7.730710e-01,7.872690e-01,1.000000e-09,15,2,true
3,mixed_sine,W-SOR,w_sor,w,sor,1.15,mg_sor,cuda,double,511,4,2.471968e-12,1.350266e-05,3.819129e-05,7.911100e+02,8.058540e+02,7.911100e-01,8.058540e-01,1.000000e-09,15,2,true
3,mixed_sine,W-SOR,w_sor,w,sor,1.20,mg_sor,cuda,double,511,4,9.261951e-11,1.350266e-05,3.819129e-05,7.738330e+02,7.882070e+02,7.738330e-01,7.882070e-01,1.000000e-09,15,2,true
3,mixed_sine,W-SOR,w_sor,w,sor,1.25,mg_sor,cuda,double,511,5,1.068203e-11,1.350266e-05,3.819129e-05,8.384660e+02,8.541290e+02,8.384660e-01,8.541290e-01,1.000000e-09,15,2,true
3,mixed_sine,W-SOR,w_sor,w,sor,1.30,mg_sor,cuda,double,511,5,4.440943e-10,1.350266e-05,3.819129e-05,8.617910e+02,8.852170e+02,8.617910e-01,8.852170e-01,1.000000e-09,15,2,true
3,mixed_sine,W-SOR,w_sor,w,sor,1.35,mg_sor,cuda,double,511,6,9.910220e-11,1.350266e-05,3.819129e-05,9.632660e+02,9.767130e+02,9.632660e-01,9.767130e-01,1.000000e-09,15,2,true
3,mixed_sine,W-SOR,w_sor,w,sor,1.40,mg_sor,cuda,double,511,7,3.360414e-11,1.350266e-05,3.819129e-05,1.057391e+03,1.071239e+03,1.057391e+00,1.071239e+00,1.000000e-09,15,2,true
3,mixed_sine,W-SOR,w_sor,w,sor,1.45,mg_sor,cuda,double,511,7,5.839945e-10,1.350266e-05,3.819129e-05,1.082267e+03,1.102217e+03,1.082267e+00,1.102217e+00,1.000000e-09,15,2,true
3,mixed_sine,W-SOR,w_sor,w,sor,1.50,mg_sor,cuda,double,511,8,7.030905e-10,1.350266e-05,3.819129e-05,1.068558e+03,1.083735e+03,1.068558e+00,1.083735e+00,1.000000e-09,15,2,true
3,bubble,V-exact,v_exact,v,exact,1.00,mg_exact,cuda,double,511,10,2.136579e-10,9.534805e-13,2.601931e-12,1.086458e+03,1.094507e+03,1.086458e+00,1.094507e+00,1.000000e-09,15,2,true
3,bubble,V-exact,v_exact,v,exact,1.05,mg_exact,cuda,double,511,9,7.705187e-10,3.294359e-12,9.171204e-12,1.064824e+03,1.073708e+03,1.064824e+00,1.073708e+00,1.000000e-09,15,2,true
3,bubble,V-exact,v_exact,v,exact,1.10,mg_exact,cuda,double,511,9,2.304903e-10,9.307982e-13,2.624258e-12,9.858100e+02,9.937010e+02,9.858100e-01,9.937010e-01,1.000000e-09,15,2,true
3,bubble,V-exact,v_exact,v,exact,1.15,mg_exact,cuda,double,511,8,7.373981e-10,2.677284e-12,7.578774e-12,9.238320e+02,9.320910e+02,9.238320e-01,9.320910e-01,1.000000e-09,15,2,true
3,bubble,V-exact,v_exact,v,exact,1.20,mg_exact,cuda,double,511,8,1.150099e-10,3.607389e-13,1.023180e-12,9.165640e+02,9.234170e+02,9.165640e-01,9.234170e-01,1.000000e-09,15,2,true
3,bubble,V-exact,v_exact,v,exact,1.25,mg_exact,cuda,double,511,7,2.012284e-10,4.647057e-13,1.315791e-12,8.841500e+02,8.929910e+02,8.841500e-01,8.929910e-01,1.000000e-09,15,2,true
3,bubble,V-exact,v_exact,v,exact,1.30,mg_exact,cuda,double,511,6,4.772572e-10,1.410328e-13,4.057813e-13,8.547930e+02,8.623580e+02,8.547930e-01,8.623580e-01,1.000000e-09,15,2,true
3,bubble,V-exact,v_exact,v,exact,1.35,mg_exact,cuda,double,511,7,4.390793e-10,1.246347e-14,3.592352e-14,8.651660e+02,8.735490e+02,8.651660e-01,8.735490e-01,1.000000e-09,15,2,true
3,bubble,V-exact,v_exact,v,exact,1.40,mg_exact,cuda,double,511,8,4.607878e-10,2.125028e-14,5.613652e-14,9.698930e+02,9.784680e+02,9.698930e-01,9.784680e-01,1.000000e-09,15,2,true
3,bubble,V-exact,v_exact,v,exact,1.45,mg_exact,cuda,double,511,9,5.976760e-10,5.755783e-14,1.411284e-13,1.002102e+03,1.009330e+03,1.002102e+00,1.009330e+00,1.000000e-09,15,2,true
3,bubble,V-exact,v_exact,v,exact,1.50,mg_exact,cuda,double,511,10,9.710212e-10,2.482446e-13,6.196398e-13,1.069289e+03,1.077226e+03,1.069289e+00,1.077226e+00,1.000000e-09,15,2,true
3,bubble,V-SOR,v_sor,v,sor,1.00,mg_sor,cuda,double,511,10,2.137960e-10,9.541005e-13,2.603716e-12,1.138733e+03,1.158321e+03,1.138733e+00,1.158321e+00,1.000000e-09,15,2,true
3,bubble,V-SOR,v_sor,v,sor,1.05,mg_sor,cuda,double,511,9,7.706016e-10,3.294715e-12,9.172172e-12,9.983870e+02,1.006688e+03,9.983870e-01,1.006688e+00,1.000000e-09,15,2,true
3,bubble,V-SOR,v_sor,v,sor,1.10,mg_sor,cuda,double,511,9,2.304916e-10,9.307941e-13,2.624224e-12,1.012590e+03,1.021168e+03,1.012590e+00,1.021168e+00,1.000000e-09,15,2,true
3,bubble,V-SOR,v_sor,v,sor,1.15,mg_sor,cuda,double,511,8,7.374033e-10,2.677300e-12,7.578851e-12,9.415220e+02,9.484820e+02,9.415220e-01,9.484820e-01,1.000000e-09,15,2,true
3,bubble,V-SOR,v_sor,v,sor,1.20,mg_sor,cuda,double,511,8,1.150111e-10,3.607426e-13,1.023126e-12,9.329430e+02,9.397330e+02,9.329430e-01,9.397330e-01,1.000000e-09,15,2,true
3,bubble,V-SOR,v_sor,v,sor,1.25,mg_sor,cuda,double,511,7,2.012302e-10,4.647007e-13,1.315708e-12,8.644540e+02,8.727350e+02,8.644540e-01,8.727350e-01,1.000000e-09,15,2,true
3,bubble,V-SOR,v_sor,v,sor,1.30,mg_sor,cuda,double,511,6,4.772566e-10,1.410369e-13,4.058715e-13,8.529100e+02,8.604790e+02,8.529100e-01,8.604790e-01,1.000000e-09,15,2,true
3,bubble,V-SOR,v_sor,v,sor,1.35,mg_sor,cuda,double,511,7,4.390800e-10,1.246346e-14,3.592786e-14,9.136530e+02,9.223110e+02,9.136530e-01,9.223110e-01,1.000000e-09,15,2,true
3,bubble,V-SOR,v_sor,v,sor,1.40,mg_sor,cuda,double,511,8,4.607874e-10,2.125038e-14,5.613609e-14,9.409140e+02,9.489170e+02,9.409140e-01,9.489170e-01,1.000000e-09,15,2,true
3,bubble,V-SOR,v_sor,v,sor,1.45,mg_sor,cuda,double,511,9,5.976787e-10,5.756624e-14,1.411163e-13,1.023333e+03,1.034969e+03,1.023333e+00,1.034969e+00,1.000000e-09,15,2,true
3,bubble,V-SOR,v_sor,v,sor,1.50,mg_sor,cuda,double,511,10,9.710453e-10,2.482811e-13,6.197508e-13,1.095153e+03,1.107133e+03,1.095153e+00,1.107133e+00,1.000000e-09,15,2,true
3,bubble,W-exact,w_exact,w,exact,1.00,mg_exact,cuda,double,511,6,4.961815e-10,6.957004e-16,3.587815e-15,1.141298e+03,1.155571e+03,1.141298e+00,1.155571e+00,1.000000e-09,15,2,true
3,bubble,W-exact,w_exact,w,exact,1.05,mg_exact,cuda,double,511,6,7.364897e-11,8.069417e-16,2.806783e-15,1.209162e+03,1.222851e+03,1.209162e+00,1.222851e+00,1.000000e-09,15,2,true
3,bubble,W-exact,w_exact,w,exact,1.10,mg_exact,cuda,double,511,5,4.345395e-10,9.472402e-16,4.711292e-15,1.056103e+03,1.069567e+03,1.056103e+00,1.069567e+00,1.000000e-09,15,2,true
3,bubble,W-exact,w_exact,w,exact,1.15,mg_exact,cuda,double,511,5,1.162601e-10,8.559754e-16,2.759945e-15,1.055110e+03,1.068960e+03,1.055110e+00,1.068960e+00,1.000000e-09,15,2,true
3,bubble,W-exact,w_exact,w,exact,1.20,mg_exact,cuda,double,511,5,1.776590e-11,4.611377e-16,2.040035e-15,1.038886e+03,1.052062e+03,1.038886e+00,1.052062e+00,1.000000e-09,15,2,true
3,bubble,W-exact,w_exact,w,exact,1.25,mg_exact,cuda,double,511,5,7.449239e-11,3.696508e-16,2.647188e-15,1.016818e+03,1.030886e+03,1.016818e+00,1.030886e+00,1.000000e-09,15,2,true
3,bubble,W-exact,w_exact,w,exact,1.30,mg_exact,cuda,double,511,5,9.320191e-10,4.122123e-16,3.394949e-15,1.017318e+03,1.031444e+03,1.017318e+00,1.031444e+00,1.000000e-09,15,2,true
3,bubble,W-exact,w_exact,w,exact,1.35,mg_exact,cuda,double,511,6,2.214945e-10,3.134448e-16,2.303713e-15,1.203501e+03,1.218333e+03,1.203501e+00,1.218333e+00,1.000000e-09,15,2,true
3,bubble,W-exact,w_exact,w,exact,1.40,mg_exact,cuda,double,511,7,7.621676e-11,1.109750e-16,1.020017e-15,1.344957e+03,1.359808e+03,1.344957e+00,1.359808e+00,1.000000e-09,15,2,true
3,bubble,W-exact,w_exact,w,exact,1.45,mg_exact,cuda,double,511,7,7.621811e-10,3.879456e-16,1.931072e-15,1.330809e+03,1.344380e+03,1.330809e+00,1.344380e+00,1.000000e-09,15,2,true
3,bubble,W-exact,w_exact,w,exact,1.50,mg_exact,cuda,double,511,8,7.361407e-10,2.071130e-16,1.246832e-15,1.409909e+03,1.426570e+03,1.409909e+00,1.426570e+00,1.000000e-09,15,2,true
3,bubble,W-SOR,w_sor,w,sor,1.00,mg_sor,cuda,double,511,6,4.961817e-10,7.071065e-16,3.587571e-15,8.956940e+02,9.092410e+02,8.956940e-01,9.092410e-01,1.000000e-09,15,2,true
3,bubble,W-SOR,w_sor,w,sor,1.05,mg_sor,cuda,double,511,6,7.365235e-11,8.649218e-16,2.929948e-15,8.497570e+02,8.635460e+02,8.497570e-01,8.635460e-01,1.000000e-09,15,2,true
3,bubble,W-SOR,w_sor,w,sor,1.10,mg_sor,cuda,double,511,5,4.345393e-10,9.235767e-16,4.710994e-15,7.814240e+02,7.963620e+02,7.814240e-01,7.963620e-01,1.000000e-09,15,2,true
3,bubble,W-SOR,w_sor,w,sor,1.15,mg_sor,cuda,double,511,5,1.162617e-10,8.497068e-16,2.721781e-15,7.807580e+02,7.939250e+02,7.807580e-01,7.939250e-01,1.000000e-09,15,2,true
3,bubble,W-SOR,w_sor,w,sor,1.20,mg_sor,cuda,double,511,5,1.777811e-11,4.760310e-16,2.638514e-15,7.550310e+02,7.670290e+02,7.550310e-01,7.670290e-01,1.000000e-09,15,2,true
3,bubble,W-SOR,w_sor,w,sor,1.25,mg_sor,cuda,double,511,5,7.450243e-11,4.956657e-16,2.442491e-15,7.615130e+02,7.748280e+02,7.615130e-01,7.748280e-01,1.000000e-09,15,2,true
3,bubble,W-SOR,w_sor,w,sor,1.30,mg_sor,cuda,double,511,5,9.320221e-10,3.849274e-16,3.395694e-15,8.286400e+02,8.429950e+02,8.286400e-01,8.429950e-01,1.000000e-09,15,2,true
3,bubble,W-SOR,w_sor,w,sor,1.35,mg_sor,cuda,double,511,6,2.214945e-10,2.112444e-16,1.268083e-15,8.533980e+02,8.673500e+02,8.533980e-01,8.673500e-01,1.000000e-09,15,2,true
3,bubble,W-SOR,w_sor,w,sor,1.40,mg_sor,cuda,double,511,7,7.621524e-11,4.314112e-17,2.758210e-16,1.054921e+03,1.068299e+03,1.054921e+00,1.068299e+00,1.000000e-09,15,2,true
3,bubble,W-SOR,w_sor,w,sor,1.45,mg_sor,cuda,double,511,7,7.621810e-10,4.101086e-16,1.933241e-15,9.781420e+02,9.947070e+02,9.781420e-01,9.947070e-01,1.000000e-09,15,2,true
3,bubble,W-SOR,w_sor,w,sor,1.50,mg_sor,cuda,double,511,8,7.361403e-10,2.069410e-16,1.253988e-15,1.034295e+03,1.048075e+03,1.034295e+00,1.048075e+00,1.000000e-09,15,2,true
3,exp,V-exact,v_exact,v,exact,1.00,mg_exact,cuda,double,511,12,5.253736e-10,1.177872e-07,2.786855e-07,1.232120e+03,1.240797e+03,1.232120e+00,1.240797e+00,1.000000e-09,15,2,true
3,exp,V-exact,v_exact,v,exact,1.05,mg_exact,cuda,double,511,11,7.569020e-10,1.177761e-07,2.786498e-07,1.188965e+03,1.198516e+03,1.188965e+00,1.198516e+00,1.000000e-09,15,2,true
3,exp,V-exact,v_exact,v,exact,1.10,mg_exact,cuda,double,511,11,1.140670e-10,1.177907e-07,2.787023e-07,1.172991e+03,1.181010e+03,1.172991e+00,1.181010e+00,1.000000e-09,15,2,true
3,exp,V-exact,v_exact,v,exact,1.15,mg_exact,cuda,double,511,10,1.334295e-10,1.177870e-07,2.786930e-07,1.126278e+03,1.135533e+03,1.126278e+00,1.135533e+00,1.000000e-09,15,2,true
3,exp,V-exact,v_exact,v,exact,1.20,mg_exact,cuda,double,511,9,1.364044e-10,1.177834e-07,2.786846e-07,1.014273e+03,1.022690e+03,1.014273e+00,1.022690e+00,1.000000e-09,15,2,true
3,exp,V-exact,v_exact,v,exact,1.25,mg_exact,cuda,double,511,8,1.713628e-10,1.177847e-07,2.786896e-07,9.701470e+02,9.777780e+02,9.701470e-01,9.777780e-01,1.000000e-09,15,2,true
3,exp,V-exact,v_exact,v,exact,1.30,mg_exact,cuda,double,511,9,1.836019e-10,1.177942e-07,2.787138e-07,1.000480e+03,1.008918e+03,1.000480e+00,1.008918e+00,1.000000e-09,15,2,true
3,exp,V-exact,v_exact,v,exact,1.35,mg_exact,cuda,double,511,10,1.865052e-10,1.177940e-07,2.787133e-07,1.204126e+03,1.215085e+03,1.204126e+00,1.215085e+00,1.000000e-09,15,2,true
3,exp,V-exact,v_exact,v,exact,1.40,mg_exact,cuda,double,511,11,2.846588e-10,1.177940e-07,2.787129e-07,1.211732e+03,1.220841e+03,1.211732e+00,1.220841e+00,1.000000e-09,15,2,true
3,exp,V-exact,v_exact,v,exact,1.45,mg_exact,cuda,double,511,12,6.372929e-10,1.177939e-07,2.787137e-07,1.225400e+03,1.236370e+03,1.225400e+00,1.236370e+00,1.000000e-09,15,2,true
3,exp,V-exact,v_exact,v,exact,1.50,mg_exact,cuda,double,511,14,2.569660e-10,1.177940e-07,2.787136e-07,1.374892e+03,1.383612e+03,1.374892e+00,1.383612e+00,1.000000e-09,15,2,true
3,exp,V-SOR,v_sor,v,sor,1.00,mg_sor,cuda,double,511,12,5.253435e-10,1.177872e-07,2.786855e-07,1.230440e+03,1.240493e+03,1.230440e+00,1.240493e+00,1.000000e-09,15,2,true
3,exp,V-SOR,v_sor,v,sor,1.05,mg_sor,cuda,double,511,11,7.568970e-10,1.177761e-07,2.786498e-07,1.207449e+03,1.219038e+03,1.207449e+00,1.219038e+00,1.000000e-09,15,2,true
3,exp,V-SOR,v_sor,v,sor,1.10,mg_sor,cuda,double,511,11,1.140588e-10,1.177907e-07,2.787023e-07,1.159460e+03,1.181162e+03,1.159460e+00,1.181162e+00,1.000000e-09,15,2,true
3,exp,V-SOR,v_sor,v,sor,1.15,mg_sor,cuda,double,511,10,1.334951e-10,1.177870e-07,2.786930e-07,1.092616e+03,1.106673e+03,1.092616e+00,1.106673e+00,1.000000e-09,15,2,true
3,exp,V-SOR,v_sor,v,sor,1.20,mg_sor,cuda,double,511,9,1.363615e-10,1.177834e-07,2.786846e-07,1.002631e+03,1.011243e+03,1.002631e+00,1.011243e+00,1.000000e-09,15,2,true
3,exp,V-SOR,v_sor,v,sor,1.25,mg_sor,cuda,double,511,8,1.713916e-10,1.177847e-07,2.786895e-07,1.059693e+03,1.067023e+03,1.059693e+00,1.067023e+00,1.000000e-09,15,2,true
3,exp,V-SOR,v_sor,v,sor,1.30,mg_sor,cuda,double,511,9,1.836075e-10,1.177942e-07,2.787138e-07,1.058299e+03,1.066734e+03,1.058299e+00,1.066734e+00,1.000000e-09,15,2,true
3,exp,V-SOR,v_sor,v,sor,1.35,mg_sor,cuda,double,511,10,1.864724e-10,1.177940e-07,2.787133e-07,1.098795e+03,1.109003e+03,1.098795e+00,1.109003e+00,1.000000e-09,15,2,true
3,exp,V-SOR,v_sor,v,sor,1.40,mg_sor,cuda,double,511,11,2.846885e-10,1.177940e-07,2.787129e-07,1.169997e+03,1.179234e+03,1.169997e+00,1.179234e+00,1.000000e-09,15,2,true
3,exp,V-SOR,v_sor,v,sor,1.45,mg_sor,cuda,double,511,12,6.372908e-10,1.177939e-07,2.787137e-07,1.253393e+03,1.261515e+03,1.253393e+00,1.261515e+00,1.000000e-09,15,2,true
3,exp,V-SOR,v_sor,v,sor,1.50,mg_sor,cuda,double,511,14,2.570148e-10,1.177940e-07,2.787136e-07,1.410194e+03,1.419662e+03,1.410194e+00,1.419662e+00,1.000000e-09,15,2,true
3,exp,W-exact,w_exact,w,exact,1.00,mg_exact,cuda,double,511,11,1.156261e-10,1.177945e-07,2.787144e-07,1.858461e+03,1.879918e+03,1.858461e+00,1.879918e+00,1.000000e-09,15,2,true
3,exp,W-exact,w_exact,w,exact,1.05,mg_exact,cuda,double,511,10,2.225126e-10,1.177945e-07,2.787144e-07,1.739720e+03,1.756060e+03,1.739720e+00,1.756060e+00,1.000000e-09,15,2,true
3,exp,W-exact,w_exact,w,exact,1.10,mg_exact,cuda,double,511,9,5.689116e-10,1.177945e-07,2.787143e-07,1.595617e+03,1.610288e+03,1.595617e+00,1.610288e+00,1.000000e-09,15,2,true
3,exp,W-exact,w_exact,w,exact,1.15,mg_exact,cuda,double,511,9,1.042632e-10,1.177944e-07,2.787143e-07,1.749807e+03,1.763296e+03,1.749807e+00,1.763296e+00,1.000000e-09,15,2,true
3,exp,W-exact,w_exact,w,exact,1.20,mg_exact,cuda,double,511,8,1.390866e-10,1.177944e-07,2.787141e-07,1.537540e+03,1.551113e+03,1.537540e+00,1.551113e+00,1.000000e-09,15,2,true
3,exp,W-exact,w_exact,w,exact,1.25,mg_exact,cuda,double,511,8,1.297631e-10,1.177944e-07,2.787142e-07,1.520363e+03,1.535263e+03,1.520363e+00,1.535263e+00,1.000000e-09,15,2,true
3,exp,W-exact,w_exact,w,exact,1.30,mg_exact,cuda,double,511,9,1.456632e-10,1.177943e-07,2.787139e-07,1.719506e+03,1.732221e+03,1.719506e+00,1.732221e+00,1.000000e-09,15,2,true
3,exp,W-exact,w_exact,w,exact,1.35,mg_exact,cuda,double,511,10,1.437010e-10,1.177942e-07,2.787138e-07,1.797704e+03,1.810879e+03,1.797704e+00,1.810879e+00,1.000000e-09,15,2,true
3,exp,W-exact,w_exact,w,exact,1.40,mg_exact,cuda,double,511,11,1.552659e-10,1.177942e-07,2.787136e-07,1.923384e+03,1.937022e+03,1.923384e+00,1.937022e+00,1.000000e-09,15,2,true
3,exp,W-exact,w_exact,w,exact,1.45,mg_exact,cuda,double,511,12,1.924682e-10,1.177942e-07,2.787136e-07,2.108186e+03,2.122094e+03,2.108186e+00,2.122094e+00,1.000000e-09,15,2,true
3,exp,W-exact,w_exact,w,exact,1.50,mg_exact,cuda,double,511,13,3.463727e-10,1.177940e-07,2.787132e-07,2.233106e+03,2.246951e+03,2.233106e+00,2.246951e+00,1.000000e-09,15,2,true
3,exp,W-SOR,w_sor,w,sor,1.00,mg_sor,cuda,double,511,11,1.156302e-10,1.177945e-07,2.787145e-07,1.454434e+03,1.468093e+03,1.454434e+00,1.468093e+00,1.000000e-09,15,2,true
3,exp,W-SOR,w_sor,w,sor,1.05,mg_sor,cuda,double,511,10,2.225201e-10,1.177945e-07,2.787144e-07,1.307623e+03,1.335818e+03,1.307623e+00,1.335818e+00,1.000000e-09,15,2,true
3,exp,W-SOR,w_sor,w,sor,1.10,mg_sor,cuda,double,511,9,5.689035e-10,1.177945e-07,2.787143e-07,1.193324e+03,1.206173e+03,1.193324e+00,1.206173e+00,1.000000e-09,15,2,true
3,exp,W-SOR,w_sor,w,sor,1.15,mg_sor,cuda,double,511,9,1.042799e-10,1.177944e-07,2.787143e-07,1.143378e+03,1.165476e+03,1.143378e+00,1.165476e+00,1.000000e-09,15,2,true
3,exp,W-SOR,w_sor,w,sor,1.20,mg_sor,cuda,double,511,8,1.390744e-10,1.177944e-07,2.787141e-07,1.109110e+03,1.123995e+03,1.109110e+00,1.123995e+00,1.000000e-09,15,2,true
3,exp,W-SOR,w_sor,w,sor,1.25,mg_sor,cuda,double,511,8,1.297675e-10,1.177944e-07,2.787142e-07,1.072963e+03,1.086754e+03,1.072963e+00,1.086754e+00,1.000000e-09,15,2,true
3,exp,W-SOR,w_sor,w,sor,1.30,mg_sor,cuda,double,511,9,1.456838e-10,1.177943e-07,2.787139e-07,1.253397e+03,1.268567e+03,1.253397e+00,1.268567e+00,1.000000e-09,15,2,true
3,exp,W-SOR,w_sor,w,sor,1.35,mg_sor,cuda,double,511,10,1.436827e-10,1.177942e-07,2.787137e-07,1.298749e+03,1.313478e+03,1.298749e+00,1.313478e+00,1.000000e-09,15,2,true
3,exp,W-SOR,w_sor,w,sor,1.40,mg_sor,cuda,double,511,11,1.552432e-10,1.177942e-07,2.787135e-07,1.484917e+03,1.499551e+03,1.484917e+00,1.499551e+00,1.000000e-09,15,2,true
3,exp,W-SOR,w_sor,w,sor,1.45,mg_sor,cuda,double,511,12,1.924408e-10,1.177942e-07,2.787136e-07,1.456984e+03,1.469908e+03,1.456984e+00,1.469908e+00,1.000000e-09,15,2,true
3,exp,W-SOR,w_sor,w,sor,1.50,mg_sor,cuda,double,511,13,3.464064e-10,1.177940e-07,2.787132e-07,1.546310e+03,1.561780e+03,1.546310e+00,1.561780e+00,1.000000e-09,15,2,true
3,cosine,V-exact,v_exact,v,exact,1.00,mg_exact,cuda,double,511,11,8.937398e-10,1.821002e-07,4.972058e-07,1.249843e+03,1.257794e+03,1.249843e+00,1.257794e+00,1.000000e-09,15,2,true
3,cosine,V-exact,v_exact,v,exact,1.05,mg_exact,cuda,double,511,11,1.354141e-10,1.821112e-07,4.972423e-07,1.309071e+03,1.316081e+03,1.309071e+00,1.316081e+00,1.000000e-09,15,2,true
3,cosine,V-exact,v_exact,v,exact,1.10,mg_exact,cuda,double,511,10,2.189819e-10,1.821096e-07,4.972374e-07,1.136347e+03,1.145285e+03,1.136347e+00,1.145285e+00,1.000000e-09,15,2,true
3,cosine,V-exact,v_exact,v,exact,1.15,mg_exact,cuda,double,511,9,3.555306e-10,1.821069e-07,4.972297e-07,1.044763e+03,1.053085e+03,1.044763e+00,1.053085e+00,1.000000e-09,15,2,true
3,cosine,V-exact,v_exact,v,exact,1.20,mg_exact,cuda,double,511,8,5.138248e-10,1.821036e-07,4.972218e-07,1.027444e+03,1.041607e+03,1.027444e+00,1.041607e+00,1.000000e-09,15,2,true
3,cosine,V-exact,v_exact,v,exact,1.25,mg_exact,cuda,double,511,8,2.295893e-11,1.821133e-07,4.972494e-07,1.010734e+03,1.019168e+03,1.010734e+00,1.019168e+00,1.000000e-09,15,2,true
3,cosine,V-exact,v_exact,v,exact,1.30,mg_exact,cuda,double,511,8,6.549988e-10,1.821137e-07,4.972503e-07,1.019520e+03,1.029196e+03,1.019520e+00,1.029196e+00,1.000000e-09,15,2,true
3,cosine,V-exact,v_exact,v,exact,1.35,mg_exact,cuda,double,511,9,4.438159e-10,1.821137e-07,4.972502e-07,1.046659e+03,1.057867e+03,1.046659e+00,1.057867e+00,1.000000e-09,15,2,true
3,cosine,V-exact,v_exact,v,exact,1.40,mg_exact,cuda,double,511,10,4.681745e-10,1.821137e-07,4.972505e-07,1.117509e+03,1.126532e+03,1.117509e+00,1.126532e+00,1.000000e-09,15,2,true
3,cosine,V-exact,v_exact,v,exact,1.45,mg_exact,cuda,double,511,11,8.035763e-10,1.821137e-07,4.972495e-07,1.250844e+03,1.259906e+03,1.250844e+00,1.259906e+00,1.000000e-09,15,2,true
3,cosine,V-exact,v_exact,v,exact,1.50,mg_exact,cuda,double,511,13,2.144894e-10,1.821137e-07,4.972500e-07,1.366542e+03,1.374967e+03,1.366542e+00,1.374967e+00,1.000000e-09,15,2,true
3,cosine,V-SOR,v_sor,v,sor,1.00,mg_sor,cuda,double,511,11,8.937376e-10,1.821002e-07,4.972058e-07,1.218478e+03,1.231751e+03,1.218478e+00,1.231751e+00,1.000000e-09,15,2,true
3,cosine,V-SOR,v_sor,v,sor,1.05,mg_sor,cuda,double,511,11,1.354129e-10,1.821112e-07,4.972423e-07,1.193414e+03,1.203645e+03,1.193414e+00,1.203645e+00,1.000000e-09,15,2,true
3,cosine,V-SOR,v_sor,v,sor,1.10,mg_sor,cuda,double,511,10,2.189781e-10,1.821096e-07,4.972374e-07,1.136091e+03,1.144755e+03,1.136091e+00,1.144755e+00,1.000000e-09,15,2,true
3,cosine,V-SOR,v_sor,v,sor,1.15,mg_sor,cuda,double,511,9,3.555281e-10,1.821069e-07,4.972298e-07,1.115942e+03,1.124473e+03,1.115942e+00,1.124473e+00,1.000000e-09,15,2,true
3,cosine,V-SOR,v_sor,v,sor,1.20,mg_sor,cuda,double,511,8,5.138347e-10,1.821036e-07,4.972218e-07,1.015231e+03,1.023715e+03,1.015231e+00,1.023715e+00,1.000000e-09,15,2,true
3,cosine,V-SOR,v_sor,v,sor,1.25,mg_sor,cuda,double,511,8,2.296122e-11,1.821133e-07,4.972494e-07,9.695500e+02,9.796120e+02,9.695500e-01,9.796120e-01,1.000000e-09,15,2,true
3,cosine,V-SOR,v_sor,v,sor,1.30,mg_sor,cuda,double,511,8,6.549953e-10,1.821137e-07,4.972503e-07,9.897300e+02,9.981080e+02,9.897300e-01,9.981080e-01,1.000000e-09,15,2,true
3,cosine,V-SOR,v_sor,v,sor,1.35,mg_sor,cuda,double,511,9,4.438152e-10,1.821137e-07,4.972502e-07,1.092270e+03,1.104415e+03,1.092270e+00,1.104415e+00,1.000000e-09,15,2,true
3,cosine,V-SOR,v_sor,v,sor,1.40,mg_sor,cuda,double,511,10,4.681725e-10,1.821137e-07,4.972505e-07,1.156335e+03,1.169111e+03,1.156335e+00,1.169111e+00,1.000000e-09,15,2,true
3,cosine,V-SOR,v_sor,v,sor,1.45,mg_sor,cuda,double,511,11,8.035732e-10,1.821137e-07,4.972495e-07,1.314717e+03,1.325976e+03,1.314717e+00,1.325976e+00,1.000000e-09,15,2,true
3,cosine,V-SOR,v_sor,v,sor,1.50,mg_sor,cuda,double,511,13,2.144869e-10,1.821137e-07,4.972500e-07,1.450570e+03,1.466644e+03,1.450570e+00,1.466644e+00,1.000000e-09,15,2,true
3,cosine,W-exact,w_exact,w,exact,1.00,mg_exact,cuda,double,511,10,2.188140e-10,1.821137e-07,4.972503e-07,1.832460e+03,1.848939e+03,1.832460e+00,1.848939e+00,1.000000e-09,15,2,true
3,cosine,W-exact,w_exact,w,exact,1.05,mg_exact,cuda,double,511,9,5.857384e-10,1.821137e-07,4.972503e-07,1.779603e+03,1.793762e+03,1.779603e+00,1.793762e+00,1.000000e-09,15,2,true
3,cosine,W-exact,w_exact,w,exact,1.10,mg_exact,cuda,double,511,9,8.950217e-11,1.821137e-07,4.972503e-07,1.663303e+03,1.677378e+03,1.663303e+00,1.677378e+00,1.000000e-09,15,2,true
3,cosine,W-exact,w_exact,w,exact,1.15,mg_exact,cuda,double,511,8,2.569468e-10,1.821137e-07,4.972503e-07,1.542816e+03,1.556329e+03,1.542816e+00,1.556329e+00,1.000000e-09,15,2,true
3,cosine,W-exact,w_exact,w,exact,1.20,mg_exact,cuda,double,511,7,6.672071e-10,1.821137e-07,4.972503e-07,1.495019e+03,1.508032e+03,1.495019e+00,1.508032e+00,1.000000e-09,15,2,true
3,cosine,W-exact,w_exact,w,exact,1.25,mg_exact,cuda,double,511,7,6.321769e-10,1.821137e-07,4.972503e-07,1.414964e+03,1.429212e+03,1.414964e+00,1.429212e+00,1.000000e-09,15,2,true
3,cosine,W-exact,w_exact,w,exact,1.30,mg_exact,cuda,double,511,8,4.379627e-10,1.821137e-07,4.972503e-07,1.571771e+03,1.587464e+03,1.571771e+00,1.587464e+00,1.000000e-09,15,2,true
3,cosine,W-exact,w_exact,w,exact,1.35,mg_exact,cuda,double,511,9,2.833783e-10,1.821137e-07,4.972503e-07,1.690593e+03,1.721958e+03,1.690593e+00,1.721958e+00,1.000000e-09,15,2,true
3,cosine,W-exact,w_exact,w,exact,1.40,mg_exact,cuda,double,511,10,2.252808e-10,1.821137e-07,4.972503e-07,1.786174e+03,1.804197e+03,1.786174e+00,1.804197e+00,1.000000e-09,15,2,true
3,cosine,W-exact,w_exact,w,exact,1.45,mg_exact,cuda,double,511,11,2.513826e-10,1.821137e-07,4.972503e-07,1.989848e+03,2.003264e+03,1.989848e+00,2.003264e+00,1.000000e-09,15,2,true
3,cosine,W-exact,w_exact,w,exact,1.50,mg_exact,cuda,double,511,12,4.225730e-10,1.821137e-07,4.972503e-07,2.125214e+03,2.139304e+03,2.125214e+00,2.139304e+00,1.000000e-09,15,2,true
3,cosine,W-SOR,w_sor,w,sor,1.00,mg_sor,cuda,double,511,10,2.188146e-10,1.821137e-07,4.972503e-07,1.316337e+03,1.329924e+03,1.316337e+00,1.329924e+00,1.000000e-09,15,2,true
3,cosine,W-SOR,w_sor,w,sor,1.05,mg_sor,cuda,double,511,9,5.857396e-10,1.821137e-07,4.972503e-07,1.243980e+03,1.269594e+03,1.243980e+00,1.269594e+00,1.000000e-09,15,2,true
3,cosine,W-SOR,w_sor,w,sor,1.10,mg_sor,cuda,double,511,9,8.950325e-11,1.821137e-07,4.972503e-07,1.226102e+03,1.241070e+03,1.226102e+00,1.241070e+00,1.000000e-09,15,2,true
3,cosine,W-SOR,w_sor,w,sor,1.15,mg_sor,cuda,double,511,8,2.569451e-10,1.821137e-07,4.972503e-07,1.227866e+03,1.242469e+03,1.227866e+00,1.242469e+00,1.000000e-09,15,2,true
3,cosine,W-SOR,w_sor,w,sor,1.20,mg_sor,cuda,double,511,7,6.672060e-10,1.821137e-07,4.972503e-07,1.081969e+03,1.106256e+03,1.081969e+00,1.106256e+00,1.000000e-09,15,2,true
3,cosine,W-SOR,w_sor,w,sor,1.25,mg_sor,cuda,double,511,7,6.321757e-10,1.821137e-07,4.972503e-07,1.038779e+03,1.053194e+03,1.038779e+00,1.053194e+00,1.000000e-09,15,2,true
3,cosine,W-SOR,w_sor,w,sor,1.30,mg_sor,cuda,double,511,8,4.379639e-10,1.821137e-07,4.972503e-07,1.196321e+03,1.210902e+03,1.196321e+00,1.210902e+00,1.000000e-09,15,2,true
3,cosine,W-SOR,w_sor,w,sor,1.35,mg_sor,cuda,double,511,9,2.833753e-10,1.821137e-07,4.972503e-07,1.241268e+03,1.256201e+03,1.241268e+00,1.256201e+00,1.000000e-09,15,2,true
3,cosine,W-SOR,w_sor,w,sor,1.40,mg_sor,cuda,double,511,10,2.252777e-10,1.821137e-07,4.972503e-07,1.313088e+03,1.325978e+03,1.313088e+00,1.325978e+00,1.000000e-09,15,2,true
3,cosine,W-SOR,w_sor,w,sor,1.45,mg_sor,cuda,double,511,11,2.513836e-10,1.821137e-07,4.972503e-07,1.432052e+03,1.444454e+03,1.432052e+00,1.444454e+00,1.000000e-09,15,2,true
3,cosine,W-SOR,w_sor,w,sor,1.50,mg_sor,cuda,double,511,12,4.225783e-10,1.821137e-07,4.972503e-07,1.541612e+03,1.553881e+03,1.541612e+00,1.553881e+00,1.000000e-09,15,2,true
3,sine,V-exact,v_exact,v,exact,1.00,mg_exact,cuda,double,511,9,1.919946e-10,1.109214e-06,3.137331e-06,1.431978e+03,1.439980e+03,1.431978e+00,1.439980e+00,1.000000e-09,15,3,true
3,sine,V-exact,v_exact,v,exact,1.05,mg_exact,cuda,double,511,8,8.707248e-10,1.109056e-06,3.136883e-06,1.286074e+03,1.294516e+03,1.286074e+00,1.294516e+00,1.000000e-09,15,3,true
3,sine,V-exact,v_exact,v,exact,1.10,mg_exact,cuda,double,511,8,2.507876e-10,1.109206e-06,3.137308e-06,1.254961e+03,1.262489e+03,1.254961e+00,1.262489e+00,1.000000e-09,15,3,true
3,sine,V-exact,v_exact,v,exact,1.15,mg_exact,cuda,double,511,8,5.156880e-11,1.109251e-06,3.137437e-06,1.344947e+03,1.352643e+03,1.344947e+00,1.352643e+00,1.000000e-09,15,3,true
3,sine,V-exact,v_exact,v,exact,1.20,mg_exact,cuda,double,511,7,1.762954e-10,1.109228e-06,3.137370e-06,1.164966e+03,1.173769e+03,1.164966e+00,1.173769e+00,1.000000e-09,15,3,true
3,sine,V-exact,v_exact,v,exact,1.25,mg_exact,cuda,double,511,6,5.007683e-10,1.109175e-06,3.137221e-06,1.067019e+03,1.076161e+03,1.067019e+00,1.076161e+00,1.000000e-09,15,3,true
3,sine,V-exact,v_exact,v,exact,1.30,mg_exact,cuda,double,511,5,7.777797e-10,1.109174e-06,3.137218e-06,9.673020e+02,9.747010e+02,9.673020e-01,9.747010e-01,1.000000e-09,15,3,true
3,sine,V-exact,v_exact,v,exact,1.35,mg_exact,cuda,double,511,5,7.395676e-10,1.109263e-06,3.137462e-06,9.545630e+02,9.621170e+02,9.545630e-01,9.621170e-01,1.000000e-09,15,3,true
3,sine,V-exact,v_exact,v,exact,1.40,mg_exact,cuda,double,511,6,3.727402e-10,1.109251e-06,3.137440e-06,1.071271e+03,1.079509e+03,1.071271e+00,1.079509e+00,1.000000e-09,15,3,true
3,sine,V-exact,v_exact,v,exact,1.45,mg_exact,cuda,double,511,7,2.956814e-10,1.109288e-06,3.137538e-06,1.128936e+03,1.136719e+03,1.128936e+00,1.136719e+00,1.000000e-09,15,3,true
3,sine,V-exact,v_exact,v,exact,1.50,mg_exact,cuda,double,511,8,3.180618e-10,1.109229e-06,3.137373e-06,1.218319e+03,1.230092e+03,1.218319e+00,1.230092e+00,1.000000e-09,15,3,true
3,sine,V-SOR,v_sor,v,sor,1.00,mg_sor,cuda,double,511,9,1.920907e-10,1.109214e-06,3.137331e-06,1.391646e+03,1.399520e+03,1.391646e+00,1.399520e+00,1.000000e-09,15,3,true
3,sine,V-SOR,v_sor,v,sor,1.05,mg_sor,cuda,double,511,8,8.707904e-10,1.109056e-06,3.136883e-06,1.287494e+03,1.295539e+03,1.287494e+00,1.295539e+00,1.000000e-09,15,3,true
3,sine,V-SOR,v_sor,v,sor,1.10,mg_sor,cuda,double,511,8,2.507928e-10,1.109206e-06,3.137308e-06,1.267528e+03,1.274777e+03,1.267528e+00,1.274777e+00,1.000000e-09,15,3,true
3,sine,V-SOR,v_sor,v,sor,1.15,mg_sor,cuda,double,511,8,5.156695e-11,1.109251e-06,3.137437e-06,1.258168e+03,1.266320e+03,1.258168e+00,1.266320e+00,1.000000e-09,15,3,true
3,sine,V-SOR,v_sor,v,sor,1.20,mg_sor,cuda,double,511,7,1.762941e-10,1.109228e-06,3.137370e-06,1.152428e+03,1.159092e+03,1.152428e+00,1.159092e+00,1.000000e-09,15,3,true
3,sine,V-SOR,v_sor,v,sor,1.25,mg_sor,cuda,double,511,6,5.007724e-10,1.109175e-06,3.137221e-06,1.025139e+03,1.032556e+03,1.025139e+00,1.032556e+00,1.000000e-09,15,3,true
3,sine,V-SOR,v_sor,v,sor,1.30,mg_sor,cuda,double,511,5,7.777825e-10,1.109174e-06,3.137218e-06,9.987290e+02,1.007856e+03,9.987290e-01,1.007856e+00,1.000000e-09,15,3,true
3,sine,V-SOR,v_sor,v,sor,1.35,mg_sor,cuda,double,511,5,7.395666e-10,1.109263e-06,3.137462e-06,9.765830e+02,9.833450e+02,9.765830e-01,9.833450e-01,1.000000e-09,15,3,true
3,sine,V-SOR,v_sor,v,sor,1.40,mg_sor,cuda,double,511,6,3.727415e-10,1.109251e-06,3.137440e-06,1.023034e+03,1.030783e+03,1.023034e+00,1.030783e+00,1.000000e-09,15,3,true
3,sine,V-SOR,v_sor,v,sor,1.45,mg_sor,cuda,double,511,7,2.956871e-10,1.109288e-06,3.137538e-06,1.139303e+03,1.148211e+03,1.139303e+00,1.148211e+00,1.000000e-09,15,3,true
3,sine,V-SOR,v_sor,v,sor,1.50,mg_sor,cuda,double,511,8,3.180796e-10,1.109229e-06,3.137373e-06,1.257841e+03,1.266473e+03,1.257841e+00,1.266473e+00,1.000000e-09,15,3,true
3,sine,W-exact,w_exact,w,exact,1.00,mg_exact,cuda,double,511,3,7.878844e-12,1.109263e-06,3.137469e-06,9.213180e+02,9.336690e+02,9.213180e-01,9.336690e-01,1.000000e-09,15,3,true
3,sine,W-exact,w_exact,w,exact,1.05,mg_exact,cuda,double,511,3,7.438217e-12,1.109263e-06,3.137469e-06,8.860880e+02,8.994150e+02,8.860880e-01,8.994150e-01,1.000000e-09,15,3,true
3,sine,W-exact,w_exact,w,exact,1.10,mg_exact,cuda,double,511,3,8.290057e-12,1.109263e-06,3.137469e-06,9.330400e+02,9.457790e+02,9.330400e-01,9.457790e-01,1.000000e-09,15,3,true
3,sine,W-exact,w_exact,w,exact,1.15,mg_exact,cuda,double,511,3,9.689573e-12,1.109263e-06,3.137469e-06,9.346380e+02,9.466420e+02,9.346380e-01,9.466420e-01,1.000000e-09,15,3,true
3,sine,W-exact,w_exact,w,exact,1.20,mg_exact,cuda,double,511,3,6.531687e-11,1.109263e-06,3.137469e-06,9.555000e+02,9.675110e+02,9.555000e-01,9.675110e-01,1.000000e-09,15,3,true
3,sine,W-exact,w_exact,w,exact,1.25,mg_exact,cuda,double,511,3,5.215563e-10,1.109263e-06,3.137468e-06,9.188500e+02,9.322070e+02,9.188500e-01,9.322070e-01,1.000000e-09,15,3,true
3,sine,W-exact,w_exact,w,exact,1.30,mg_exact,cuda,double,511,4,1.466791e-11,1.109263e-06,3.137469e-06,1.119696e+03,1.131309e+03,1.119696e+00,1.131309e+00,1.000000e-09,15,3,true
3,sine,W-exact,w_exact,w,exact,1.35,mg_exact,cuda,double,511,4,1.712909e-10,1.109263e-06,3.137469e-06,1.110016e+03,1.123490e+03,1.110016e+00,1.123490e+00,1.000000e-09,15,3,true
3,sine,W-exact,w_exact,w,exact,1.40,mg_exact,cuda,double,511,5,2.080827e-11,1.109263e-06,3.137469e-06,1.286907e+03,1.302663e+03,1.286907e+00,1.302663e+00,1.000000e-09,15,3,true
3,sine,W-exact,w_exact,w,exact,1.45,mg_exact,cuda,double,511,5,3.365593e-10,1.109263e-06,3.137469e-06,1.278037e+03,1.292872e+03,1.278037e+00,1.292872e+00,1.000000e-09,15,3,true
3,sine,W-exact,w_exact,w,exact,1.50,mg_exact,cuda,double,511,6,1.075694e-10,1.109263e-06,3.137469e-06,1.456882e+03,1.469208e+03,1.456882e+00,1.469208e+00,1.000000e-09,15,3,true
3,sine,W-SOR,w_sor,w,sor,1.00,mg_sor,cuda,double,511,3,7.878008e-12,1.109263e-06,3.137469e-06,8.032910e+02,8.155480e+02,8.032910e-01,8.155480e-01,1.000000e-09,15,3,true
3,sine,W-SOR,w_sor,w,sor,1.05,mg_sor,cuda,double,511,3,7.439646e-12,1.109263e-06,3.137469e-06,8.481150e+02,8.642240e+02,8.481150e-01,8.642240e-01,1.000000e-09,15,3,true
3,sine,W-SOR,w_sor,w,sor,1.10,mg_sor,cuda,double,511,3,8.289913e-12,1.109263e-06,3.137469e-06,8.214460e+02,8.332250e+02,8.214460e-01,8.332250e-01,1.000000e-09,15,3,true
3,sine,W-SOR,w_sor,w,sor,1.15,mg_sor,cuda,double,511,3,9.690307e-12,1.109263e-06,3.137469e-06,7.508560e+02,7.689980e+02,7.508560e-01,7.689980e-01,1.000000e-09,15,3,true
3,sine,W-SOR,w_sor,w,sor,1.20,mg_sor,cuda,double,511,3,6.531659e-11,1.109263e-06,3.137469e-06,7.700550e+02,8.356870e+02,7.700550e-01,8.356870e-01,1.000000e-09,15,3,true
3,sine,W-SOR,w_sor,w,sor,1.25,mg_sor,cuda,double,511,3,5.215559e-10,1.109263e-06,3.137468e-06,7.421320e+02,7.619360e+02,7.421320e-01,7.619360e-01,1.000000e-09,15,3,true
3,sine,W-SOR,w_sor,w,sor,1.30,mg_sor,cuda,double,511,4,1.467057e-11,1.109263e-06,3.137469e-06,8.416580e+02,8.558690e+02,8.416580e-01,8.558690e-01,1.000000e-09,15,3,true
3,sine,W-SOR,w_sor,w,sor,1.35,mg_sor,cuda,double,511,4,1.712926e-10,1.109263e-06,3.137469e-06,9.043000e+02,9.222820e+02,9.043000e-01,9.222820e-01,1.000000e-09,15,3,true
3,sine,W-SOR,w_sor,w,sor,1.40,mg_sor,cuda,double,511,5,2.080573e-11,1.109263e-06,3.137469e-06,9.894900e+02,1.005497e+03,9.894900e-01,1.005497e+00,1.000000e-09,15,3,true
3,sine,W-SOR,w_sor,w,sor,1.45,mg_sor,cuda,double,511,5,3.365613e-10,1.109263e-06,3.137469e-06,9.857800e+02,1.001695e+03,9.857800e-01,1.001695e+00,1.000000e-09,15,3,true
3,sine,W-SOR,w_sor,w,sor,1.50,mg_sor,cuda,double,511,6,1.075683e-10,1.109263e-06,3.137469e-06,1.189057e+03,1.204958e+03,1.189057e+00,1.204958e+00,1.000000e-09,15,3,true
3,mixed_sine,V-exact,v_exact,v,exact,1.00,mg_exact,cuda,double,511,9,1.407733e-10,1.350262e-05,3.819119e-05,1.296463e+03,1.305147e+03,1.296463e+00,1.305147e+00,1.000000e-09,15,3,true
3,mixed_sine,V-exact,v_exact,v,exact,1.05,mg_exact,cuda,double,511,8,5.262337e-10,1.350254e-05,3.819094e-05,1.272069e+03,1.279868e+03,1.272069e+00,1.279868e+00,1.000000e-09,15,3,true
3,mixed_sine,V-exact,v_exact,v,exact,1.10,mg_exact,cuda,double,511,8,1.258683e-10,1.350263e-05,3.819121e-05,1.242392e+03,1.251972e+03,1.242392e+00,1.251972e+00,1.000000e-09,15,3,true
3,mixed_sine,V-exact,v_exact,v,exact,1.15,mg_exact,cuda,double,511,7,5.150058e-10,1.350255e-05,3.819098e-05,1.092138e+03,1.100923e+03,1.092138e+00,1.100923e+00,1.000000e-09,15,3,true
3,mixed_sine,V-exact,v_exact,v,exact,1.20,mg_exact,cuda,double,511,7,7.394761e-11,1.350265e-05,3.819125e-05,1.118139e+03,1.126123e+03,1.118139e+00,1.126123e+00,1.000000e-09,15,3,true
3,mixed_sine,V-exact,v_exact,v,exact,1.25,mg_exact,cuda,double,511,6,2.114601e-10,1.350262e-05,3.819119e-05,1.039583e+03,1.047668e+03,1.039583e+00,1.047668e+00,1.000000e-09,15,3,true
3,mixed_sine,V-exact,v_exact,v,exact,1.30,mg_exact,cuda,double,511,5,3.262225e-10,1.350263e-05,3.819120e-05,9.098820e+02,9.181880e+02,9.098820e-01,9.181880e-01,1.000000e-09,15,3,true
3,mixed_sine,V-exact,v_exact,v,exact,1.35,mg_exact,cuda,double,511,5,5.040274e-10,1.350266e-05,3.819128e-05,9.194100e+02,9.275260e+02,9.194100e-01,9.275260e-01,1.000000e-09,15,3,true
3,mixed_sine,V-exact,v_exact,v,exact,1.40,mg_exact,cuda,double,511,6,2.837179e-10,1.350265e-05,3.819126e-05,1.012610e+03,1.021746e+03,1.012610e+00,1.021746e+00,1.000000e-09,15,3,true
3,mixed_sine,V-exact,v_exact,v,exact,1.45,mg_exact,cuda,double,511,7,2.724089e-10,1.350268e-05,3.819136e-05,1.179299e+03,1.186873e+03,1.179299e+00,1.186873e+00,1.000000e-09,15,3,true
3,mixed_sine,V-exact,v_exact,v,exact,1.50,mg_exact,cuda,double,511,8,3.335375e-10,1.350263e-05,3.819119e-05,1.206060e+03,1.213414e+03,1.206060e+00,1.213414e+00,1.000000e-09,15,3,true
3,mixed_sine,V-SOR,v_sor,v,sor,1.00,mg_sor,cuda,double,511,9,1.407732e-10,1.350262e-05,3.819119e-05,1.332377e+03,1.340796e+03,1.332377e+00,1.340796e+00,1.000000e-09,15,3,true
3,mixed_sine,V-SOR,v_sor,v,sor,1.05,mg_sor,cuda,double,511,8,5.262337e-10,1.350254e-05,3.819094e-05,1.295662e+03,1.304331e+03,1.295662e+00,1.304331e+00,1.000000e-09,15,3,true
3,mixed_sine,V-SOR,v_sor,v,sor,1.10,mg_sor,cuda,double,511,8,1.258680e-10,1.350263e-05,3.819121e-05,1.169015e+03,1.179694e+03,1.169015e+00,1.179694e+00,1.000000e-09,15,3,true
3,mixed_sine,V-SOR,v_sor,v,sor,1.15,mg_sor,cuda,double,511,7,5.150058e-10,1.350255e-05,3.819098e-05,1.116910e+03,1.129021e+03,1.116910e+00,1.129021e+00,1.000000e-09,15,3,true
3,mixed_sine,V-SOR,v_sor,v,sor,1.20,mg_sor,cuda,double,511,7,7.394761e-11,1.350265e-05,3.819125e-05,1.098767e+03,1.106511e+03,1.098767e+00,1.106511e+00,1.000000e-09,15,3,true
3,mixed_sine,V-SOR,v_sor,v,sor,1.25,mg_sor,cuda,double,511,6,2.114601e-10,1.350262e-05,3.819119e-05,9.980390e+02,1.006745e+03,9.980390e-01,1.006745e+00,1.000000e-09,15,3,true
3,mixed_sine,V-SOR,v_sor,v,sor,1.30,mg_sor,cuda,double,511,5,3.262225e-10,1.350263e-05,3.819120e-05,8.971550e+02,9.054220e+02,8.971550e-01,9.054220e-01,1.000000e-09,15,3,true
3,mixed_sine,V-SOR,v_sor,v,sor,1.35,mg_sor,cuda,double,511,5,5.040271e-10,1.350266e-05,3.819128e-05,8.880730e+02,8.975750e+02,8.880730e-01,8.975750e-01,1.000000e-09,15,3,true
3,mixed_sine,V-SOR,v_sor,v,sor,1.40,mg_sor,cuda,double,511,6,2.837179e-10,1.350265e-05,3.819126e-05,1.018391e+03,1.026738e+03,1.018391e+00,1.026738e+00,1.000000e-09,15,3,true
3,mixed_sine,V-SOR,v_sor,v,sor,1.45,mg_sor,cuda,double,511,7,2.724082e-10,1.350268e-05,3.819136e-05,1.105938e+03,1.114116e+03,1.105938e+00,1.114116e+00,1.000000e-09,15,3,true
3,mixed_sine,V-SOR,v_sor,v,sor,1.50,mg_sor,cuda,double,511,8,3.335377e-10,1.350263e-05,3.819119e-05,1.169898e+03,1.180439e+03,1.169898e+00,1.180439e+00,1.000000e-09,15,3,true
3,mixed_sine,W-exact,w_exact,w,exact,1.00,mg_exact,cuda,double,511,3,3.007606e-10,1.350265e-05,3.819125e-05,8.819590e+02,8.972800e+02,8.819590e-01,8.972800e-01,1.000000e-09,15,3,true
3,mixed_sine,W-exact,w_exact,w,exact,1.05,mg_exact,cuda,double,511,3,6.498337e-11,1.350265e-05,3.819126e-05,9.199720e+02,9.439710e+02,9.199720e-01,9.439710e-01,1.000000e-09,15,3,true
3,mixed_sine,W-exact,w_exact,w,exact,1.10,mg_exact,cuda,double,511,3,9.649181e-11,1.350265e-05,3.819126e-05,9.121430e+02,9.274500e+02,9.121430e-01,9.274500e-01,1.000000e-09,15,3,true
3,mixed_sine,W-exact,w_exact,w,exact,1.15,mg_exact,cuda,double,511,3,1.749615e-10,1.350265e-05,3.819127e-05,8.972970e+02,9.141670e+02,8.972970e-01,9.141670e-01,1.000000e-09,15,3,true
3,mixed_sine,W-exact,w_exact,w,exact,1.20,mg_exact,cuda,double,511,3,6.627333e-10,1.350265e-05,3.819127e-05,9.069730e+02,9.253140e+02,9.069730e-01,9.253140e-01,1.000000e-09,15,3,true
3,mixed_sine,W-exact,w_exact,w,exact,1.25,mg_exact,cuda,double,511,4,1.027442e-12,1.350266e-05,3.819129e-05,1.104325e+03,1.120837e+03,1.104325e+00,1.120837e+00,1.000000e-09,15,3,true
3,mixed_sine,W-exact,w_exact,w,exact,1.30,mg_exact,cuda,double,511,4,1.214111e-11,1.350266e-05,3.819129e-05,1.065355e+03,1.080838e+03,1.065355e+00,1.080838e+00,1.000000e-09,15,3,true
3,mixed_sine,W-exact,w_exact,w,exact,1.35,mg_exact,cuda,double,511,4,1.952366e-10,1.350266e-05,3.819129e-05,1.084494e+03,1.117865e+03,1.084494e+00,1.117865e+00,1.000000e-09,15,3,true
3,mixed_sine,W-exact,w_exact,w,exact,1.40,mg_exact,cuda,double,511,5,1.905173e-11,1.350266e-05,3.819129e-05,1.210349e+03,1.227868e+03,1.210349e+00,1.227868e+00,1.000000e-09,15,3,true
3,mixed_sine,W-exact,w_exact,w,exact,1.45,mg_exact,cuda,double,511,5,3.741602e-10,1.350266e-05,3.819129e-05,1.199916e+03,1.214772e+03,1.199916e+00,1.214772e+00,1.000000e-09,15,3,true
3,mixed_sine,W-exact,w_exact,w,exact,1.50,mg_exact,cuda,double,511,6,1.194160e-10,1.350266e-05,3.819129e-05,1.382428e+03,1.398209e+03,1.382428e+00,1.398209e+00,1.000000e-09,15,3,true
3,mixed_sine,W-SOR,w_sor,w,sor,1.00,mg_sor,cuda,double,511,3,3.007606e-10,1.350265e-05,3.819125e-05,7.492670e+02,7.649410e+02,7.492670e-01,7.649410e-01,1.000000e-09,15,3,true
3,mixed_sine,W-SOR,w_sor,w,sor,1.05,mg_sor,cuda,double,511,3,6.498337e-11,1.350265e-05,3.819126e-05,7.878140e+02,8.035230e+02,7.878140e-01,8.035230e-01,1.000000e-09,15,3,true
3,mixed_sine,W-SOR,w_sor,w,sor,1.10,mg_sor,cuda,double,511,3,9.649181e-11,1.350265e-05,3.819126e-05,7.461100e+02,7.630740e+02,7.461100e-01,7.630740e-01,1.000000e-09,15,3,true
3,mixed_sine,W-SOR,w_sor,w,sor,1.15,mg_sor,cuda,double,511,3,1.749615e-10,1.350265e-05,3.819127e-05,7.341380e+02,7.496910e+02,7.341380e-01,7.496910e-01,1.000000e-09,15,3,true
3,mixed_sine,W-SOR,w_sor,w,sor,1.20,mg_sor,cuda,double,511,3,6.627333e-10,1.350265e-05,3.819127e-05,8.087430e+02,8.259940e+02,8.087430e-01,8.259940e-01,1.000000e-09,15,3,true
3,mixed_sine,W-SOR,w_sor,w,sor,1.25,mg_sor,cuda,double,511,4,1.027442e-12,1.350266e-05,3.819129e-05,8.757820e+02,8.919170e+02,8.757820e-01,8.919170e-01,1.000000e-09,15,3,true
3,mixed_sine,W-SOR,w_sor,w,sor,1.30,mg_sor,cuda,double,511,4,1.214111e-11,1.350266e-05,3.819129e-05,8.616500e+02,8.802190e+02,8.616500e-01,8.802190e-01,1.000000e-09,15,3,true
3,mixed_sine,W-SOR,w_sor,w,sor,1.35,mg_sor,cuda,double,511,4,1.952366e-10,1.350266e-05,3.819129e-05,8.638880e+02,8.800290e+02,8.638880e-01,8.800290e-01,1.000000e-09,15,3,true
3,mixed_sine,W-SOR,w_sor,w,sor,1.40,mg_sor,cuda,double,511,5,1.905173e-11,1.350266e-05,3.819129e-05,9.675050e+02,9.833890e+02,9.675050e-01,9.833890e-01,1.000000e-09,15,3,true
3,mixed_sine,W-SOR,w_sor,w,sor,1.45,mg_sor,cuda,double,511,5,3.741601e-10,1.350266e-05,3.819129e-05,1.005436e+03,1.022171e+03,1.005436e+00,1.022171e+00,1.000000e-09,15,3,true
3,mixed_sine,W-SOR,w_sor,w,sor,1.50,mg_sor,cuda,double,511,6,1.194160e-10,1.350266e-05,3.819129e-05,1.108759e+03,1.123465e+03,1.108759e+00,1.123465e+00,1.000000e-09,15,3,true
3,bubble,V-exact,v_exact,v,exact,1.00,mg_exact,cuda,double,511,9,1.830086e-10,8.347923e-13,2.335588e-12,1.241626e+03,1.250668e+03,1.241626e+00,1.250668e+00,1.000000e-09,15,3,true
3,bubble,V-exact,v_exact,v,exact,1.05,mg_exact,cuda,double,511,8,8.309833e-10,3.557381e-12,9.965105e-12,1.217624e+03,1.224058e+03,1.217624e+00,1.224058e+00,1.000000e-09,15,3,true
3,bubble,V-exact,v_exact,v,exact,1.10,mg_exact,cuda,double,511,8,2.394056e-10,9.742851e-13,2.737768e-12,1.172748e+03,1.187128e+03,1.172748e+00,1.187128e+00,1.000000e-09,15,3,true
3,bubble,V-exact,v_exact,v,exact,1.15,mg_exact,cuda,double,511,8,4.934981e-11,1.925850e-13,5.425747e-13,1.202292e+03,1.210493e+03,1.202292e+00,1.210493e+00,1.000000e-09,15,3,true
3,bubble,V-exact,v_exact,v,exact,1.20,mg_exact,cuda,double,511,7,1.683405e-10,6.012366e-13,1.696164e-12,1.051494e+03,1.058345e+03,1.051494e+00,1.058345e+00,1.000000e-09,15,3,true
3,bubble,V-exact,v_exact,v,exact,1.25,mg_exact,cuda,double,511,6,4.773824e-10,1.501699e-12,4.246409e-12,9.862640e+02,9.942950e+02,9.862640e-01,9.942950e-01,1.000000e-09,15,3,true
3,bubble,V-exact,v_exact,v,exact,1.30,mg_exact,cuda,double,511,5,7.492338e-10,1.523521e-12,4.315534e-12,8.725670e+02,8.807440e+02,8.725670e-01,8.807440e-01,1.000000e-09,15,3,true
3,bubble,V-exact,v_exact,v,exact,1.35,mg_exact,cuda,double,511,6,8.438924e-11,5.271295e-15,1.410807e-14,1.025945e+03,1.038564e+03,1.025945e+00,1.038564e+00,1.000000e-09,15,3,true
3,bubble,V-exact,v_exact,v,exact,1.40,mg_exact,cuda,double,511,7,5.583414e-11,7.436145e-15,1.382488e-14,1.074393e+03,1.082168e+03,1.074393e+00,1.082168e+00,1.000000e-09,15,3,true
3,bubble,V-exact,v_exact,v,exact,1.45,mg_exact,cuda,double,511,7,8.194088e-10,4.630913e-13,7.581765e-13,1.058299e+03,1.066988e+03,1.058299e+00,1.066988e+00,1.000000e-09,15,3,true
3,bubble,V-exact,v_exact,v,exact,1.50,mg_exact,cuda,double,511,8,6.108010e-10,6.016492e-13,1.125752e-12,1.156946e+03,1.165380e+03,1.156946e+00,1.165380e+00,1.000000e-09,15,3,true
3,bubble,V-SOR,v_sor,v,sor,1.00,mg_sor,cuda,double,511,9,1.830992e-10,8.352110e-13,2.336732e-12,1.250149e+03,1.258648e+03,1.250149e+00,1.258648e+00,1.000000e-09,15,3,true
3,bubble,V-SOR,v_sor,v,sor,1.05,mg_sor,cuda,double,511,8,8.310468e-10,3.557651e-12,9.965860e-12,1.117815e+03,1.131792e+03,1.117815e+00,1.131792e+00,1.000000e-09,15,3,true
3,bubble,V-SOR,v_sor,v,sor,1.10,mg_sor,cuda,double,511,8,2.394073e-10,9.742896e-13,2.737770e-12,1.129590e+03,1.137802e+03,1.129590e+00,1.137802e+00,1.000000e-09,15,3,true
3,bubble,V-SOR,v_sor,v,sor,1.15,mg_sor,cuda,double,511,8,4.934959e-11,1.925868e-13,5.426024e-13,1.200585e+03,1.208933e+03,1.200585e+00,1.208933e+00,1.000000e-09,15,3,true
3,bubble,V-SOR,v_sor,v,sor,1.20,mg_sor,cuda,double,511,7,1.683394e-10,6.012420e-13,1.696216e-12,1.054061e+03,1.070482e+03,1.054061e+00,1.070482e+00,1.000000e-09,15,3,true
3,bubble,V-SOR,v_sor,v,sor,1.25,mg_sor,cuda,double,511,6,4.773833e-10,1.501697e-12,4.246362e-12,9.667240e+02,9.745800e+02,9.667240e-01,9.745800e-01,1.000000e-09,15,3,true
3,bubble,V-SOR,v_sor,v,sor,1.30,mg_sor,cuda,double,511,5,7.492376e-10,1.523530e-12,4.315508e-12,8.588110e+02,8.673890e+02,8.588110e-01,8.673890e-01,1.000000e-09,15,3,true
3,bubble,V-SOR,v_sor,v,sor,1.35,mg_sor,cuda,double,511,6,8.438984e-11,5.272307e-15,1.410460e-14,9.545520e+02,9.653600e+02,9.545520e-01,9.653600e-01,1.000000e-09,15,3,true
3,bubble,V-SOR,v_sor,v,sor,1.40,mg_sor,cuda,double,511,7,5.583375e-11,7.435865e-15,1.382488e-14,1.065553e+03,1.074980e+03,1.065553e+00,1.074980e+00,1.000000e-09,15,3,true
3,bubble,V-SOR,v_sor,v,sor,1.45,mg_sor,cuda,double,511,7,8.194099e-10,4.631005e-13,7.582129e-13,1.044567e+03,1.052018e+03,1.044567e+00,1.052018e+00,1.000000e-09,15,3,true
3,bubble,V-SOR,v_sor,v,sor,1.50,mg_sor,cuda,double,511,8,6.108080e-10,6.016667e-13,1.125797e-12,1.210346e+03,1.219646e+03,1.210346e+00,1.219646e+00,1.000000e-09,15,3,true
3,bubble,W-exact,w_exact,w,exact,1.00,mg_exact,cuda,double,511,5,8.530322e-10,1.295941e-15,1.083698e-14,1.187526e+03,1.201086e+03,1.187526e+00,1.201086e+00,1.000000e-09,15,3,true
3,bubble,W-exact,w_exact,w,exact,1.05,mg_exact,cuda,double,511,5,2.819083e-10,9.915523e-16,3.748358e-15,1.183492e+03,1.200242e+03,1.183492e+00,1.200242e+00,1.000000e-09,15,3,true
3,bubble,W-exact,w_exact,w,exact,1.10,mg_exact,cuda,double,511,5,7.057301e-11,6.127315e-16,2.026157e-15,1.173597e+03,1.186863e+03,1.173597e+00,1.186863e+00,1.000000e-09,15,3,true
3,bubble,W-exact,w_exact,w,exact,1.15,mg_exact,cuda,double,511,4,8.909972e-10,1.833338e-15,1.441273e-14,1.027574e+03,1.045918e+03,1.027574e+00,1.045918e+00,1.000000e-09,15,3,true
3,bubble,W-exact,w_exact,w,exact,1.20,mg_exact,cuda,double,511,4,8.354881e-11,1.625468e-15,6.687359e-15,1.114097e+03,1.128102e+03,1.114097e+00,1.128102e+00,1.000000e-09,15,3,true
3,bubble,W-exact,w_exact,w,exact,1.25,mg_exact,cuda,double,511,4,2.086921e-11,1.217843e-15,3.830269e-15,1.001004e+03,1.015096e+03,1.001004e+00,1.015096e+00,1.000000e-09,15,3,true
3,bubble,W-exact,w_exact,w,exact,1.30,mg_exact,cuda,double,511,4,9.472402e-10,8.622207e-16,8.415225e-15,1.071197e+03,1.085364e+03,1.071197e+00,1.085364e+00,1.000000e-09,15,3,true
3,bubble,W-exact,w_exact,w,exact,1.35,mg_exact,cuda,double,511,5,1.696623e-10,3.142560e-16,1.833603e-15,1.176761e+03,1.198506e+03,1.176761e+00,1.198506e+00,1.000000e-09,15,3,true
3,bubble,W-exact,w_exact,w,exact,1.40,mg_exact,cuda,double,511,6,3.734912e-11,3.221204e-16,9.506285e-16,1.354047e+03,1.367808e+03,1.354047e+00,1.367808e+00,1.000000e-09,15,3,true
3,bubble,W-exact,w_exact,w,exact,1.45,mg_exact,cuda,double,511,6,2.709243e-10,8.966131e-16,2.938622e-15,1.360568e+03,1.375872e+03,1.360568e+00,1.375872e+00,1.000000e-09,15,3,true
3,bubble,W-exact,w_exact,w,exact,1.50,mg_exact,cuda,double,511,7,8.287093e-11,1.106989e-15,3.341077e-15,1.522385e+03,1.539828e+03,1.522385e+00,1.539828e+00,1.000000e-09,15,3,true
3,bubble,W-SOR,w_sor,w,sor,1.00,mg_sor,cuda,double,511,5,8.530322e-10,1.309760e-15,1.083611e-14,9.523260e+02,9.667590e+02,9.523260e-01,9.667590e-01,1.000000e-09,15,3,true
3,bubble,W-SOR,w_sor,w,sor,1.05,mg_sor,cuda,double,511,5,2.819087e-10,1.025270e-15,3.749334e-15,9.424620e+02,9.637690e+02,9.424620e-01,9.637690e-01,1.000000e-09,15,3,true
3,bubble,W-SOR,w_sor,w,sor,1.10,mg_sor,cuda,double,511,5,7.057361e-11,6.350680e-16,2.395653e-15,9.520750e+02,9.677810e+02,9.520750e-01,9.677810e-01,1.000000e-09,15,3,true
3,bubble,W-SOR,w_sor,w,sor,1.15,mg_sor,cuda,double,511,4,8.909974e-10,1.820086e-15,1.442206e-14,8.995000e+02,9.149740e+02,8.995000e-01,9.149740e-01,1.000000e-09,15,3,true
3,bubble,W-SOR,w_sor,w,sor,1.20,mg_sor,cuda,double,511,4,8.353656e-11,9.224431e-16,4.440892e-15,8.155530e+02,8.294950e+02,8.155530e-01,8.294950e-01,1.000000e-09,15,3,true
3,bubble,W-SOR,w_sor,w,sor,1.25,mg_sor,cuda,double,511,4,2.086845e-11,1.264565e-15,4.024558e-15,8.131250e+02,8.703400e+02,8.131250e-01,8.703400e-01,1.000000e-09,15,3,true
3,bubble,W-SOR,w_sor,w,sor,1.30,mg_sor,cuda,double,511,4,9.472402e-10,8.671349e-16,8.414791e-15,8.868320e+02,9.030870e+02,8.868320e-01,9.030870e-01,1.000000e-09,15,3,true
3,bubble,W-SOR,w_sor,w,sor,1.35,mg_sor,cuda,double,511,5,1.696634e-10,4.016004e-16,2.024422e-15,9.273150e+02,9.506190e+02,9.273150e-01,9.506190e-01,1.000000e-09,15,3,true
3,bubble,W-SOR,w_sor,w,sor,1.40,mg_sor,cuda,double,511,6,3.733268e-11,3.343157e-16,9.332812e-16,1.058089e+03,1.073771e+03,1.058089e+00,1.073771e+00,1.000000e-09,15,3,true
3,bubble,W-SOR,w_sor,w,sor,1.45,mg_sor,cuda,double,511,6,2.709257e-10,1.174465e-15,3.509346e-15,1.080880e+03,1.096119e+03,1.080880e+00,1.096119e+00,1.000000e-09,15,3,true
3,bubble,W-SOR,w_sor,w,sor,1.50,mg_sor,cuda,double,511,7,8.288216e-11,1.135263e-15,3.280362e-15,1.147501e+03,1.168403e+03,1.147501e+00,1.168403e+00,1.000000e-09,15,3,true
3,exp,V-exact,v_exact,v,exact,1.00,mg_exact,cuda,double,511,10,8.959910e-10,1.177547e-07,2.785990e-07,1.377216e+03,1.386193e+03,1.377216e+00,1.386193e+00,1.000000e-09,15,3,true
3,exp,V-exact,v_exact,v,exact,1.05,mg_exact,cuda,double,511,10,1.824309e-10,1.177840e-07,2.786849e-07,1.436375e+03,1.445198e+03,1.436375e+00,1.445198e+00,1.000000e-09,15,3,true
3,exp,V-exact,v_exact,v,exact,1.10,mg_exact,cuda,double,511,9,5.169136e-10,1.177604e-07,2.786208e-07,1.264386e+03,1.272259e+03,1.264386e+00,1.272259e+00,1.000000e-09,15,3,true
3,exp,V-exact,v_exact,v,exact,1.15,mg_exact,cuda,double,511,9,9.994278e-11,1.177886e-07,2.786983e-07,1.263839e+03,1.275397e+03,1.263839e+00,1.275397e+00,1.000000e-09,15,3,true
3,exp,V-exact,v_exact,v,exact,1.20,mg_exact,cuda,double,511,8,1.557259e-10,1.177813e-07,2.786787e-07,1.201443e+03,1.210538e+03,1.201443e+00,1.210538e+00,1.000000e-09,15,3,true
3,exp,V-exact,v_exact,v,exact,1.25,mg_exact,cuda,double,511,7,2.186992e-10,1.177728e-07,2.786557e-07,1.118735e+03,1.130446e+03,1.118735e+00,1.130446e+00,1.000000e-09,15,3,true
3,exp,V-exact,v_exact,v,exact,1.30,mg_exact,cuda,double,511,7,2.778790e-10,1.177940e-07,2.787133e-07,1.061972e+03,1.069974e+03,1.061972e+00,1.069974e+00,1.000000e-09,15,3,true
3,exp,V-exact,v_exact,v,exact,1.35,mg_exact,cuda,double,511,8,3.615722e-10,1.177940e-07,2.787131e-07,1.140499e+03,1.151167e+03,1.140499e+00,1.151167e+00,1.000000e-09,15,3,true
3,exp,V-exact,v_exact,v,exact,1.40,mg_exact,cuda,double,511,9,3.858642e-10,1.177940e-07,2.787131e-07,1.248573e+03,1.259587e+03,1.248573e+00,1.259587e+00,1.000000e-09,15,3,true
3,exp,V-exact,v_exact,v,exact,1.45,mg_exact,cuda,double,511,10,3.948038e-10,1.177939e-07,2.787130e-07,1.391584e+03,1.399349e+03,1.391584e+00,1.399349e+00,1.000000e-09,15,3,true
3,exp,V-exact,v_exact,v,exact,1.50,mg_exact,cuda,double,511,11,5.546314e-10,1.177941e-07,2.787132e-07,1.482811e+03,1.492649e+03,1.482811e+00,1.492649e+00,1.000000e-09,15,3,true
3,exp,V-SOR,v_sor,v,sor,1.00,mg_sor,cuda,double,511,10,8.959583e-10,1.177547e-07,2.785989e-07,1.372293e+03,1.380258e+03,1.372293e+00,1.380258e+00,1.000000e-09,15,3,true
3,exp,V-SOR,v_sor,v,sor,1.05,mg_sor,cuda,double,511,10,1.823952e-10,1.177840e-07,2.786849e-07,1.398129e+03,1.409249e+03,1.398129e+00,1.409249e+00,1.000000e-09,15,3,true
3,exp,V-SOR,v_sor,v,sor,1.10,mg_sor,cuda,double,511,9,5.168983e-10,1.177604e-07,2.786208e-07,1.250651e+03,1.267390e+03,1.250651e+00,1.267390e+00,1.000000e-09,15,3,true
3,exp,V-SOR,v_sor,v,sor,1.15,mg_sor,cuda,double,511,9,9.993658e-11,1.177886e-07,2.786983e-07,1.307810e+03,1.315720e+03,1.307810e+00,1.315720e+00,1.000000e-09,15,3,true
3,exp,V-SOR,v_sor,v,sor,1.20,mg_sor,cuda,double,511,8,1.557434e-10,1.177813e-07,2.786787e-07,1.134505e+03,1.142966e+03,1.134505e+00,1.142966e+00,1.000000e-09,15,3,true
3,exp,V-SOR,v_sor,v,sor,1.25,mg_sor,cuda,double,511,7,2.186792e-10,1.177728e-07,2.786557e-07,1.046122e+03,1.054459e+03,1.046122e+00,1.054459e+00,1.000000e-09,15,3,true
3,exp,V-SOR,v_sor,v,sor,1.30,mg_sor,cuda,double,511,7,2.778828e-10,1.177940e-07,2.787133e-07,1.104639e+03,1.114311e+03,1.104639e+00,1.114311e+00,1.000000e-09,15,3,true
3,exp,V-SOR,v_sor,v,sor,1.35,mg_sor,cuda,double,511,8,3.615846e-10,1.177940e-07,2.787131e-07,1.163097e+03,1.171400e+03,1.163097e+00,1.171400e+00,1.000000e-09,15,3,true
3,exp,V-SOR,v_sor,v,sor,1.40,mg_sor,cuda,double,511,9,3.858565e-10,1.177940e-07,2.787131e-07,1.283631e+03,1.292195e+03,1.283631e+00,1.292195e+00,1.000000e-09,15,3,true
3,exp,V-SOR,v_sor,v,sor,1.45,mg_sor,cuda,double,511,10,3.947890e-10,1.177939e-07,2.787130e-07,1.340891e+03,1.350808e+03,1.340891e+00,1.350808e+00,1.000000e-09,15,3,true
3,exp,V-SOR,v_sor,v,sor,1.50,mg_sor,cuda,double,511,11,5.545854e-10,1.177941e-07,2.787132e-07,1.502498e+03,1.512610e+03,1.502498e+00,1.512610e+00,1.000000e-09,15,3,true
3,exp,W-exact,w_exact,w,exact,1.00,mg_exact,cuda,double,511,9,5.655726e-10,1.177945e-07,2.787145e-07,1.846753e+03,1.859283e+03,1.846753e+00,1.859283e+00,1.000000e-09,15,3,true
3,exp,W-exact,w_exact,w,exact,1.05,mg_exact,cuda,double,511,9,1.379710e-10,1.177945e-07,2.787144e-07,1.881587e+03,1.899512e+03,1.881587e+00,1.899512e+00,1.000000e-09,15,3,true
3,exp,W-exact,w_exact,w,exact,1.10,mg_exact,cuda,double,511,8,5.930307e-10,1.177945e-07,2.787143e-07,1.696973e+03,1.711945e+03,1.696973e+00,1.711945e+00,1.000000e-09,15,3,true
3,exp,W-exact,w_exact,w,exact,1.15,mg_exact,cuda,double,511,8,1.188493e-10,1.177944e-07,2.787143e-07,1.699898e+03,1.712828e+03,1.699898e+00,1.712828e+00,1.000000e-09,15,3,true
3,exp,W-exact,w_exact,w,exact,1.20,mg_exact,cuda,double,511,7,3.501537e-10,1.177944e-07,2.787141e-07,1.528605e+03,1.544201e+03,1.528605e+00,1.544201e+00,1.000000e-09,15,3,true
3,exp,W-exact,w_exact,w,exact,1.25,mg_exact,cuda,double,511,7,9.573602e-11,1.177945e-07,2.787143e-07,1.569984e+03,1.586419e+03,1.569984e+00,1.586419e+00,1.000000e-09,15,3,true
3,exp,W-exact,w_exact,w,exact,1.30,mg_exact,cuda,double,511,7,1.510542e-10,1.177943e-07,2.787139e-07,1.545266e+03,1.557623e+03,1.545266e+00,1.557623e+00,1.000000e-09,15,3,true
3,exp,W-exact,w_exact,w,exact,1.35,mg_exact,cuda,double,511,8,1.389860e-10,1.177942e-07,2.787138e-07,1.682871e+03,1.700512e+03,1.682871e+00,1.700512e+00,1.000000e-09,15,3,true
3,exp,W-exact,w_exact,w,exact,1.40,mg_exact,cuda,double,511,9,1.326078e-10,1.177941e-07,2.787135e-07,1.848575e+03,1.864903e+03,1.848575e+00,1.864903e+00,1.000000e-09,15,3,true
3,exp,W-exact,w_exact,w,exact,1.45,mg_exact,cuda,double,511,9,9.382790e-10,1.177942e-07,2.787136e-07,1.919388e+03,1.936283e+03,1.919388e+00,1.936283e+00,1.000000e-09,15,3,true
3,exp,W-exact,w_exact,w,exact,1.50,mg_exact,cuda,double,511,10,6.387299e-10,1.177940e-07,2.787132e-07,2.004566e+03,2.017182e+03,2.004566e+00,2.017182e+00,1.000000e-09,15,3,true
3,exp,W-SOR,w_sor,w,sor,1.00,mg_sor,cuda,double,511,9,5.655661e-10,1.177945e-07,2.787145e-07,1.425406e+03,1.437050e+03,1.425406e+00,1.437050e+00,1.000000e-09,15,3,true
3,exp,W-SOR,w_sor,w,sor,1.05,mg_sor,cuda,double,511,9,1.379698e-10,1.177945e-07,2.787144e-07,1.409529e+03,1.421521e+03,1.409529e+00,1.421521e+00,1.000000e-09,15,3,true
3,exp,W-SOR,w_sor,w,sor,1.10,mg_sor,cuda,double,511,8,5.930334e-10,1.177945e-07,2.787143e-07,1.339719e+03,1.355868e+03,1.339719e+00,1.355868e+00,1.000000e-09,15,3,true
3,exp,W-SOR,w_sor,w,sor,1.15,mg_sor,cuda,double,511,8,1.188525e-10,1.177944e-07,2.787143e-07,1.300335e+03,1.312783e+03,1.300335e+00,1.312783e+00,1.000000e-09,15,3,true
3,exp,W-SOR,w_sor,w,sor,1.20,mg_sor,cuda,double,511,7,3.501852e-10,1.177944e-07,2.787141e-07,1.195946e+03,1.210332e+03,1.195946e+00,1.210332e+00,1.000000e-09,15,3,true
3,exp,W-SOR,w_sor,w,sor,1.25,mg_sor,cuda,double,511,7,9.574096e-11,1.177945e-07,2.787143e-07,1.163053e+03,1.175584e+03,1.163053e+00,1.175584e+00,1.000000e-09,15,3,true
3,exp,W-SOR,w_sor,w,sor,1.30,mg_sor,cuda,double,511,7,1.510580e-10,1.177943e-07,2.787139e-07,1.200005e+03,1.213476e+03,1.200005e+00,1.213476e+00,1.000000e-09,15,3,true
3,exp,W-SOR,w_sor,w,sor,1.35,mg_sor,cuda,double,511,8,1.389982e-10,1.177942e-07,2.787138e-07,1.343943e+03,1.356192e+03,1.343943e+00,1.356192e+00,1.000000e-09,15,3,true
3,exp,W-SOR,w_sor,w,sor,1.40,mg_sor,cuda,double,511,9,1.326281e-10,1.177942e-07,2.787135e-07,1.428103e+03,1.441197e+03,1.428103e+00,1.441197e+00,1.000000e-09,15,3,true
3,exp,W-SOR,w_sor,w,sor,1.45,mg_sor,cuda,double,511,9,9.383352e-10,1.177942e-07,2.787136e-07,1.446927e+03,1.459471e+03,1.446927e+00,1.459471e+00,1.000000e-09,15,3,true
3,exp,W-SOR,w_sor,w,sor,1.50,mg_sor,cuda,double,511,10,6.387052e-10,1.177940e-07,2.787132e-07,1.541558e+03,1.555663e+03,1.541558e+00,1.555663e+00,1.000000e-09,15,3,true
3,cosine,V-exact,v_exact,v,exact,1.00,mg_exact,cuda,double,511,10,1.592197e-10,1.821105e-07,4.972405e-07,1.418138e+03,1.425742e+03,1.418138e+00,1.425742e+00,1.000000e-09,15,3,true
3,cosine,V-exact,v_exact,v,exact,1.05,mg_exact,cuda,double,511,9,5.189312e-10,1.821034e-07,4.972195e-07,1.307858e+03,1.315804e+03,1.307858e+00,1.315804e+00,1.000000e-09,15,3,true
3,cosine,V-exact,v_exact,v,exact,1.10,mg_exact,cuda,double,511,9,9.606550e-11,1.821115e-07,4.972438e-07,1.274101e+03,1.289360e+03,1.274101e+00,1.289360e+00,1.000000e-09,15,3,true
3,cosine,V-exact,v_exact,v,exact,1.15,mg_exact,cuda,double,511,8,3.033344e-10,1.821068e-07,4.972299e-07,1.234471e+03,1.242348e+03,1.234471e+00,1.242348e+00,1.000000e-09,15,3,true
3,cosine,V-exact,v_exact,v,exact,1.20,mg_exact,cuda,double,511,7,9.199004e-10,1.820926e-07,4.971874e-07,1.104394e+03,1.113416e+03,1.104394e+00,1.113416e+00,1.000000e-09,15,3,true
3,cosine,V-exact,v_exact,v,exact,1.25,mg_exact,cuda,double,511,7,4.808497e-11,1.821124e-07,4.972465e-07,1.108741e+03,1.117228e+03,1.108741e+00,1.117228e+00,1.000000e-09,15,3,true
3,cosine,V-exact,v_exact,v,exact,1.30,mg_exact,cuda,double,511,7,3.111625e-11,1.821137e-07,4.972502e-07,1.114572e+03,1.122763e+03,1.114572e+00,1.122763e+00,1.000000e-09,15,3,true
3,cosine,V-exact,v_exact,v,exact,1.35,mg_exact,cuda,double,511,8,4.077590e-11,1.821137e-07,4.972503e-07,1.209280e+03,1.217808e+03,1.209280e+00,1.217808e+00,1.000000e-09,15,3,true
3,cosine,V-exact,v_exact,v,exact,1.40,mg_exact,cuda,double,511,9,4.329180e-11,1.821137e-07,4.972503e-07,1.310274e+03,1.326021e+03,1.310274e+00,1.326021e+00,1.000000e-09,15,3,true
3,cosine,V-exact,v_exact,v,exact,1.45,mg_exact,cuda,double,511,9,8.947157e-10,1.821137e-07,4.972505e-07,1.299609e+03,1.306917e+03,1.299609e+00,1.306917e+00,1.000000e-09,15,3,true
3,cosine,V-exact,v_exact,v,exact,1.50,mg_exact,cuda,double,511,10,8.932492e-10,1.821135e-07,4.972498e-07,1.408686e+03,1.417031e+03,1.408686e+00,1.417031e+00,1.000000e-09,15,3,true
3,cosine,V-SOR,v_sor,v,sor,1.00,mg_sor,cuda,double,511,10,1.592185e-10,1.821105e-07,4.972405e-07,1.422306e+03,1.430945e+03,1.422306e+00,1.430945e+00,1.000000e-09,15,3,true
3,cosine,V-SOR,v_sor,v,sor,1.05,mg_sor,cuda,double,511,9,5.189313e-10,1.821034e-07,4.972195e-07,1.302259e+03,1.310306e+03,1.302259e+00,1.310306e+00,1.000000e-09,15,3,true
3,cosine,V-SOR,v_sor,v,sor,1.10,mg_sor,cuda,double,511,9,9.607073e-11,1.821115e-07,4.972438e-07,1.276274e+03,1.285317e+03,1.276274e+00,1.285317e+00,1.000000e-09,15,3,true
3,cosine,V-SOR,v_sor,v,sor,1.15,mg_sor,cuda,double,511,8,3.033319e-10,1.821068e-07,4.972299e-07,1.234212e+03,1.242390e+03,1.234212e+00,1.242390e+00,1.000000e-09,15,3,true
3,cosine,V-SOR,v_sor,v,sor,1.20,mg_sor,cuda,double,511,7,9.199021e-10,1.820926e-07,4.971874e-07,1.060268e+03,1.068148e+03,1.060268e+00,1.068148e+00,1.000000e-09,15,3,true
3,cosine,V-SOR,v_sor,v,sor,1.25,mg_sor,cuda,double,511,7,4.808353e-11,1.821124e-07,4.972465e-07,1.075473e+03,1.085182e+03,1.075473e+00,1.085182e+00,1.000000e-09,15,3,true
3,cosine,V-SOR,v_sor,v,sor,1.30,mg_sor,cuda,double,511,7,3.111409e-11,1.821137e-07,4.972502e-07,1.101824e+03,1.112009e+03,1.101824e+00,1.112009e+00,1.000000e-09,15,3,true
3,cosine,V-SOR,v_sor,v,sor,1.35,mg_sor,cuda,double,511,8,4.077747e-11,1.821137e-07,4.972503e-07,1.212911e+03,1.227261e+03,1.212911e+00,1.227261e+00,1.000000e-09,15,3,true
3,cosine,V-SOR,v_sor,v,sor,1.40,mg_sor,cuda,double,511,9,4.329285e-11,1.821137e-07,4.972503e-07,1.322485e+03,1.330204e+03,1.322485e+00,1.330204e+00,1.000000e-09,15,3,true
3,cosine,V-SOR,v_sor,v,sor,1.45,mg_sor,cuda,double,511,9,8.947156e-10,1.821137e-07,4.972505e-07,1.297627e+03,1.305480e+03,1.297627e+00,1.305480e+00,1.000000e-09,15,3,true
3,cosine,V-SOR,v_sor,v,sor,1.50,mg_sor,cuda,double,511,10,8.932439e-10,1.821135e-07,4.972498e-07,1.400986e+03,1.410246e+03,1.400986e+00,1.410246e+00,1.000000e-09,15,3,true
3,cosine,W-exact,w_exact,w,exact,1.00,mg_exact,cuda,double,511,9,8.832419e-11,1.821137e-07,4.972503e-07,1.899245e+03,1.925911e+03,1.899245e+00,1.925911e+00,1.000000e-09,15,3,true
3,cosine,W-exact,w_exact,w,exact,1.05,mg_exact,cuda,double,511,8,4.710980e-10,1.821137e-07,4.972503e-07,1.702782e+03,1.715865e+03,1.702782e+00,1.715865e+00,1.000000e-09,15,3,true
3,cosine,W-exact,w_exact,w,exact,1.10,mg_exact,cuda,double,511,8,9.336924e-11,1.821137e-07,4.972503e-07,1.694177e+03,1.709724e+03,1.694177e+00,1.709724e+00,1.000000e-09,15,3,true
3,cosine,W-exact,w_exact,w,exact,1.15,mg_exact,cuda,double,511,7,5.127341e-10,1.821137e-07,4.972503e-07,1.566270e+03,1.583264e+03,1.566270e+00,1.583264e+00,1.000000e-09,15,3,true
3,cosine,W-exact,w_exact,w,exact,1.20,mg_exact,cuda,double,511,7,5.522968e-11,1.821137e-07,4.972503e-07,1.559257e+03,1.575335e+03,1.559257e+00,1.575335e+00,1.000000e-09,15,3,true
3,cosine,W-exact,w_exact,w,exact,1.25,mg_exact,cuda,double,511,6,2.098165e-10,1.821137e-07,4.972503e-07,1.384660e+03,1.396849e+03,1.384660e+00,1.396849e+00,1.000000e-09,15,3,true
3,cosine,W-exact,w_exact,w,exact,1.30,mg_exact,cuda,double,511,7,1.655503e-11,1.821137e-07,4.972503e-07,1.556174e+03,1.575768e+03,1.556174e+00,1.575768e+00,1.000000e-09,15,3,true
3,cosine,W-exact,w_exact,w,exact,1.35,mg_exact,cuda,double,511,7,5.442131e-10,1.821137e-07,4.972503e-07,1.571212e+03,1.583831e+03,1.571212e+00,1.583831e+00,1.000000e-09,15,3,true
3,cosine,W-exact,w_exact,w,exact,1.40,mg_exact,cuda,double,511,8,2.282743e-10,1.821137e-07,4.972503e-07,1.739455e+03,1.753352e+03,1.739455e+00,1.753352e+00,1.000000e-09,15,3,true
3,cosine,W-exact,w_exact,w,exact,1.45,mg_exact,cuda,double,511,9,1.141527e-10,1.821137e-07,4.972503e-07,1.867533e+03,1.881900e+03,1.867533e+00,1.881900e+00,1.000000e-09,15,3,true
3,cosine,W-exact,w_exact,w,exact,1.50,mg_exact,cuda,double,511,10,7.768734e-11,1.821137e-07,4.972503e-07,2.014051e+03,2.026867e+03,2.014051e+00,2.026867e+00,1.000000e-09,15,3,true
3,cosine,W-SOR,w_sor,w,sor,1.00,mg_sor,cuda,double,511,9,8.832658e-11,1.821137e-07,4.972503e-07,1.440173e+03,1.451487e+03,1.440173e+00,1.451487e+00,1.000000e-09,15,3,true
3,cosine,W-SOR,w_sor,w,sor,1.05,mg_sor,cuda,double,511,8,4.711007e-10,1.821137e-07,4.972503e-07,1.327310e+03,1.340234e+03,1.327310e+00,1.340234e+00,1.000000e-09,15,3,true
3,cosine,W-SOR,w_sor,w,sor,1.10,mg_sor,cuda,double,511,8,9.337296e-11,1.821137e-07,4.972503e-07,1.324493e+03,1.338644e+03,1.324493e+00,1.338644e+00,1.000000e-09,15,3,true
3,cosine,W-SOR,w_sor,w,sor,1.15,mg_sor,cuda,double,511,7,5.127337e-10,1.821137e-07,4.972503e-07,1.200582e+03,1.214677e+03,1.200582e+00,1.214677e+00,1.000000e-09,15,3,true
3,cosine,W-SOR,w_sor,w,sor,1.20,mg_sor,cuda,double,511,7,5.522884e-11,1.821137e-07,4.972503e-07,1.211882e+03,1.224534e+03,1.211882e+00,1.224534e+00,1.000000e-09,15,3,true
3,cosine,W-SOR,w_sor,w,sor,1.25,mg_sor,cuda,double,511,6,2.098144e-10,1.821137e-07,4.972503e-07,1.082519e+03,1.095836e+03,1.082519e+00,1.095836e+00,1.000000e-09,15,3,true
3,cosine,W-SOR,w_sor,w,sor,1.30,mg_sor,cuda,double,511,7,1.655846e-11,1.821137e-07,4.972503e-07,1.203838e+03,1.216300e+03,1.203838e+00,1.216300e+00,1.000000e-09,15,3,true
3,cosine,W-SOR,w_sor,w,sor,1.35,mg_sor,cuda,double,511,7,5.442185e-10,1.821137e-07,4.972503e-07,1.214999e+03,1.227075e+03,1.214999e+00,1.227075e+00,1.000000e-09,15,3,true
3,cosine,W-SOR,w_sor,w,sor,1.40,mg_sor,cuda,double,511,8,2.282739e-10,1.821137e-07,4.972503e-07,1.333254e+03,1.370297e+03,1.333254e+00,1.370297e+00,1.000000e-09,15,3,true
3,cosine,W-SOR,w_sor,w,sor,1.45,mg_sor,cuda,double,511,9,1.141581e-10,1.821137e-07,4.972503e-07,1.465573e+03,1.478052e+03,1.465573e+00,1.478052e+00,1.000000e-09,15,3,true
3,cosine,W-SOR,w_sor,w,sor,1.50,mg_sor,cuda,double,511,10,7.768263e-11,1.821137e-07,4.972503e-07,1.547288e+03,1.559612e+03,1.547288e+00,1.559612e+00,1.000000e-09,15,3,true
3,sine,V-exact,v_exact,v,exact,1.00,mg_exact,cuda,double,511,8,3.655334e-10,1.109171e-06,3.137208e-06,1.431449e+03,1.440751e+03,1.431449e+00,1.440751e+00,1.000000e-09,15,4,true
3,sine,V-exact,v_exact,v,exact,1.05,mg_exact,cuda,double,511,8,1.168818e-10,1.109235e-06,3.137389e-06,1.388591e+03,1.399406e+03,1.388591e+00,1.399406e+00,1.000000e-09,15,4,true
3,sine,V-exact,v_exact,v,exact,1.10,mg_exact,cuda,double,511,7,6.760595e-10,1.109111e-06,3.137039e-06,1.248959e+03,1.257339e+03,1.248959e+00,1.257339e+00,1.000000e-09,15,4,true
3,sine,V-exact,v_exact,v,exact,1.15,mg_exact,cuda,double,511,7,1.612294e-10,1.109228e-06,3.137371e-06,1.281774e+03,1.291390e+03,1.281774e+00,1.291390e+00,1.000000e-09,15,4,true
3,sine,V-exact,v_exact,v,exact,1.20,mg_exact,cuda,double,511,6,9.302677e-10,1.109080e-06,3.136951e-06,1.106815e+03,1.120812e+03,1.106815e+00,1.120812e+00,1.000000e-09,15,4,true
3,sine,V-exact,v_exact,v,exact,1.25,mg_exact,cuda,double,511,6,1.004936e-10,1.109244e-06,3.137415e-06,1.139117e+03,1.159658e+03,1.139117e+00,1.159658e+00,1.000000e-09,15,4,true
3,sine,V-exact,v_exact,v,exact,1.30,mg_exact,cuda,double,511,5,2.356547e-10,1.109223e-06,3.137357e-06,1.019558e+03,1.028191e+03,1.019558e+00,1.028191e+00,1.000000e-09,15,4,true
3,sine,V-exact,v_exact,v,exact,1.35,mg_exact,cuda,double,511,4,7.600628e-11,1.109263e-06,3.137468e-06,8.877910e+02,8.966330e+02,8.877910e-01,8.966330e-01,1.000000e-09,15,4,true
3,sine,V-exact,v_exact,v,exact,1.40,mg_exact,cuda,double,511,5,2.571233e-10,1.109294e-06,3.137556e-06,1.026482e+03,1.035640e+03,1.026482e+00,1.035640e+00,1.000000e-09,15,4,true
3,sine,V-exact,v_exact,v,exact,1.45,mg_exact,cuda,double,511,6,2.597413e-10,1.109230e-06,3.137376e-06,1.137236e+03,1.146662e+03,1.137236e+00,1.146662e+00,1.000000e-09,15,4,true
3,sine,V-exact,v_exact,v,exact,1.50,mg_exact,cuda,double,511,7,1.885213e-10,1.109284e-06,3.137529e-06,1.267777e+03,1.276600e+03,1.267777e+00,1.276600e+00,1.000000e-09,15,4,true
3,sine,V-SOR,v_sor,v,sor,1.00,mg_sor,cuda,double,511,8,3.656720e-10,1.109171e-06,3.137208e-06,1.425598e+03,1.434099e+03,1.425598e+00,1.434099e+00,1.000000e-09,15,4,true
3,sine,V-SOR,v_sor,v,sor,1.05,mg_sor,cuda,double,511,8,1.168885e-10,1.109235e-06,3.137389e-06,1.389831e+03,1.398316e+03,1.389831e+00,1.398316e+00,1.000000e-09,15,4,true
3,sine,V-SOR,v_sor,v,sor,1.10,mg_sor,cuda,double,511,7,6.760714e-10,1.109111e-06,3.137039e-06,1.218261e+03,1.227244e+03,1.218261e+00,1.227244e+00,1.000000e-09,15,4,true
3,sine,V-SOR,v_sor,v,sor,1.15,mg_sor,cuda,double,511,7,1.612301e-10,1.109228e-06,3.137371e-06,1.306403e+03,1.316412e+03,1.306403e+00,1.316412e+00,1.000000e-09,15,4,true
3,sine,V-SOR,v_sor,v,sor,1.20,mg_sor,cuda,double,511,6,9.302718e-10,1.109080e-06,3.136951e-06,1.110804e+03,1.119183e+03,1.110804e+00,1.119183e+00,1.000000e-09,15,4,true
3,sine,V-SOR,v_sor,v,sor,1.25,mg_sor,cuda,double,511,6,1.004939e-10,1.109244e-06,3.137415e-06,1.141849e+03,1.150473e+03,1.141849e+00,1.150473e+00,1.000000e-09,15,4,true
3,sine,V-SOR,v_sor,v,sor,1.30,mg_sor,cuda,double,511,5,2.356513e-10,1.109223e-06,3.137357e-06,1.056366e+03,1.065548e+03,1.056366e+00,1.065548e+00,1.000000e-09,15,4,true
3,sine,V-SOR,v_sor,v,sor,1.35,mg_sor,cuda,double,511,4,7.600632e-11,1.109263e-06,3.137468e-06,8.895860e+02,8.977610e+02,8.895860e-01,8.977610e-01,1.000000e-09,15,4,true
3,sine,V-SOR,v_sor,v,sor,1.40,mg_sor,cuda,double,511,5,2.571206e-10,1.109294e-06,3.137556e-06,1.006360e+03,1.014892e+03,1.006360e+00,1.014892e+00,1.000000e-09,15,4,true
3,sine,V-SOR,v_sor,v,sor,1.45,mg_sor,cuda,double,511,6,2.597398e-10,1.109230e-06,3.137376e-06,1.132468e+03,1.141416e+03,1.132468e+00,1.141416e+00,1.000000e-09,15,4,true
3,sine,V-SOR,v_sor,v,sor,1.50,mg_sor,cuda,double,511,7,1.885231e-10,1.109284e-06,3.137529e-06,1.280819e+03,1.289451e+03,1.280819e+00,1.289451e+00,1.000000e-09,15,4,true
3,sine,W-exact,w_exact,w,exact,1.00,mg_exact,cuda,double,511,3,6.959391e-12,1.109263e-06,3.137469e-06,9.750000e+02,9.909590e+02,9.750000e-01,9.909590e-01,1.000000e-09,15,4,true
3,sine,W-exact,w_exact,w,exact,1.05,mg_exact,cuda,double,511,3,7.309299e-12,1.109263e-06,3.137469e-06,9.871320e+02,1.007097e+03,9.871320e-01,1.007097e+00,1.000000e-09,15,4,true
3,sine,W-exact,w_exact,w,exact,1.10,mg_exact,cuda,double,511,3,7.933414e-12,1.109263e-06,3.137469e-06,9.553670e+02,9.693050e+02,9.553670e-01,9.693050e-01,1.000000e-09,15,4,true
3,sine,W-exact,w_exact,w,exact,1.15,mg_exact,cuda,double,511,3,8.552819e-12,1.109263e-06,3.137469e-06,9.710930e+02,9.845940e+02,9.710930e-01,9.845940e-01,1.000000e-09,15,4,true
3,sine,W-exact,w_exact,w,exact,1.20,mg_exact,cuda,double,511,3,9.174948e-12,1.109263e-06,3.137469e-06,9.554170e+02,9.838320e+02,9.554170e-01,9.838320e-01,1.000000e-09,15,4,true
3,sine,W-exact,w_exact,w,exact,1.25,mg_exact,cuda,double,511,3,9.794254e-12,1.109263e-06,3.137469e-06,9.904720e+02,1.012416e+03,9.904720e-01,1.012416e+00,1.000000e-09,15,4,true
3,sine,W-exact,w_exact,w,exact,1.30,mg_exact,cuda,double,511,3,2.864420e-11,1.109263e-06,3.137469e-06,1.021393e+03,1.035766e+03,1.021393e+00,1.035766e+00,1.000000e-09,15,4,true
3,sine,W-exact,w_exact,w,exact,1.35,mg_exact,cuda,double,511,3,5.019019e-10,1.109262e-06,3.137468e-06,9.998660e+02,1.012510e+03,9.998660e-01,1.012510e+00,1.000000e-09,15,4,true
3,sine,W-exact,w_exact,w,exact,1.40,mg_exact,cuda,double,511,4,1.327421e-11,1.109263e-06,3.137469e-06,1.186315e+03,1.202984e+03,1.186315e+00,1.202984e+00,1.000000e-09,15,4,true
3,sine,W-exact,w_exact,w,exact,1.45,mg_exact,cuda,double,511,4,1.844078e-10,1.109263e-06,3.137469e-06,1.197141e+03,1.213991e+03,1.197141e+00,1.213991e+00,1.000000e-09,15,4,true
3,sine,W-exact,w_exact,w,exact,1.50,mg_exact,cuda,double,511,5,1.638895e-11,1.109263e-06,3.137469e-06,1.384378e+03,1.397042e+03,1.384378e+00,1.397042e+00,1.000000e-09,15,4,true
3,sine,W-SOR,w_sor,w,sor,1.00,mg_sor,cuda,double,511,3,6.959423e-12,1.109263e-06,3.137469e-06,8.671690e+02,8.837990e+02,8.671690e-01,8.837990e-01,1.000000e-09,15,4,true
3,sine,W-SOR,w_sor,w,sor,1.05,mg_sor,cuda,double,511,3,7.305557e-12,1.109263e-06,3.137469e-06,8.644130e+02,8.807360e+02,8.644130e-01,8.807360e-01,1.000000e-09,15,4,true
3,sine,W-SOR,w_sor,w,sor,1.10,mg_sor,cuda,double,511,3,7.933544e-12,1.109263e-06,3.137469e-06,8.223430e+02,8.351390e+02,8.223430e-01,8.351390e-01,1.000000e-09,15,4,true
3,sine,W-SOR,w_sor,w,sor,1.15,mg_sor,cuda,double,511,3,8.551469e-12,1.109263e-06,3.137469e-06,8.809640e+02,9.003920e+02,8.809640e-01,9.003920e-01,1.000000e-09,15,4,true
3,sine,W-SOR,w_sor,w,sor,1.20,mg_sor,cuda,double,511,3,9.172449e-12,1.109263e-06,3.137469e-06,8.323430e+02,8.450850e+02,8.323430e-01,8.450850e-01,1.000000e-09,15,4,true
3,sine,W-SOR,w_sor,w,sor,1.25,mg_sor,cuda,double,511,3,9.789398e-12,1.109263e-06,3.137469e-06,8.293220e+02,8.431010e+02,8.293220e-01,8.431010e-01,1.000000e-09,15,4,true
3,sine,W-SOR,w_sor,w,sor,1.30,mg_sor,cuda,double,511,3,2.863897e-11,1.109263e-06,3.137469e-06,8.756250e+02,8.929130e+02,8.756250e-01,8.929130e-01,1.000000e-09,15,4,true
3,sine,W-SOR,w_sor,w,sor,1.35,mg_sor,cuda,double,511,3,5.019040e-10,1.109262e-06,3.137468e-06,8.910030e+02,9.102400e+02,8.910030e-01,9.102400e-01,1.000000e-09,15,4,true
3,sine,W-SOR,w_sor,w,sor,1.40,mg_sor,cuda,double,511,4,1.326880e-11,1.109263e-06,3.137469e-06,9.964510e+02,1.010119e+03,9.964510e-01,1.010119e+00,1.000000e-09,15,4,true
3,sine,W-SOR,w_sor,w,sor,1.45,mg_sor,cuda,double,511,4,1.844096e-10,1.109263e-06,3.137469e-06,1.009912e+03,1.026766e+03,1.009912e+00,1.026766e+00,1.000000e-09,15,4,true
3,sine,W-SOR,w_sor,w,sor,1.50,mg_sor,cuda,double,511,5,1.639660e-11,1.109263e-06,3.137469e-06,1.178051e+03,1.196014e+03,1.178051e+00,1.196014e+00,1.000000e-09,15,4,true
3,mixed_sine,V-exact,v_exact,v,exact,1.00,mg_exact,cuda,double,511,8,2.058944e-10,1.350261e-05,3.819114e-05,1.410666e+03,1.418511e+03,1.410666e+00,1.418511e+00,1.000000e-09,15,4,true
3,mixed_sine,V-exact,v_exact,v,exact,1.05,mg_exact,cuda,double,511,8,6.193353e-11,1.350265e-05,3.819125e-05,1.427784e+03,1.436076e+03,1.427784e+00,1.436076e+00,1.000000e-09,15,4,true
3,mixed_sine,V-exact,v_exact,v,exact,1.10,mg_exact,cuda,double,511,7,3.744487e-10,1.350258e-05,3.819105e-05,1.315424e+03,1.324204e+03,1.315424e+00,1.324204e+00,1.000000e-09,15,4,true
3,mixed_sine,V-exact,v_exact,v,exact,1.15,mg_exact,cuda,double,511,7,8.941453e-11,1.350264e-05,3.819124e-05,1.383227e+03,1.391833e+03,1.383227e+00,1.391833e+00,1.000000e-09,15,4,true
3,mixed_sine,V-exact,v_exact,v,exact,1.20,mg_exact,cuda,double,511,6,5.458411e-10,1.350255e-05,3.819099e-05,1.159267e+03,1.168081e+03,1.159267e+00,1.168081e+00,1.000000e-09,15,4,true
3,mixed_sine,V-exact,v_exact,v,exact,1.25,mg_exact,cuda,double,511,6,5.539161e-11,1.350265e-05,3.819126e-05,1.207242e+03,1.215414e+03,1.207242e+00,1.215414e+00,1.000000e-09,15,4,true
3,mixed_sine,V-exact,v_exact,v,exact,1.30,mg_exact,cuda,double,511,5,1.011097e-10,1.350264e-05,3.819124e-05,1.077959e+03,1.085236e+03,1.077959e+00,1.085236e+00,1.000000e-09,15,4,true
3,mixed_sine,V-exact,v_exact,v,exact,1.35,mg_exact,cuda,double,511,4,7.961631e-11,1.350266e-05,3.819129e-05,1.007413e+03,1.015623e+03,1.007413e+00,1.015623e+00,1.000000e-09,15,4,true
3,mixed_sine,V-exact,v_exact,v,exact,1.40,mg_exact,cuda,double,511,5,6.587759e-10,1.350274e-05,3.819152e-05,1.090376e+03,1.098223e+03,1.090376e+00,1.098223e+00,1.000000e-09,15,4,true
3,mixed_sine,V-exact,v_exact,v,exact,1.45,mg_exact,cuda,double,511,6,5.607964e-10,1.350259e-05,3.819110e-05,1.183036e+03,1.191014e+03,1.183036e+00,1.191014e+00,1.000000e-09,15,4,true
3,mixed_sine,V-exact,v_exact,v,exact,1.50,mg_exact,cuda,double,511,7,3.710245e-10,1.350270e-05,3.819141e-05,1.331047e+03,1.339403e+03,1.331047e+00,1.339403e+00,1.000000e-09,15,4,true
3,mixed_sine,V-SOR,v_sor,v,sor,1.00,mg_sor,cuda,double,511,8,2.058944e-10,1.350261e-05,3.819114e-05,1.513460e+03,1.522006e+03,1.513460e+00,1.522006e+00,1.000000e-09,15,4,true
3,mixed_sine,V-SOR,v_sor,v,sor,1.05,mg_sor,cuda,double,511,8,6.193339e-11,1.350265e-05,3.819125e-05,1.450140e+03,1.458463e+03,1.450140e+00,1.458463e+00,1.000000e-09,15,4,true
3,mixed_sine,V-SOR,v_sor,v,sor,1.10,mg_sor,cuda,double,511,7,3.744481e-10,1.350258e-05,3.819105e-05,1.331192e+03,1.337931e+03,1.331192e+00,1.337931e+00,1.000000e-09,15,4,true
3,mixed_sine,V-SOR,v_sor,v,sor,1.15,mg_sor,cuda,double,511,7,8.941453e-11,1.350264e-05,3.819124e-05,1.312565e+03,1.320566e+03,1.312565e+00,1.320566e+00,1.000000e-09,15,4,true
3,mixed_sine,V-SOR,v_sor,v,sor,1.20,mg_sor,cuda,double,511,6,5.458411e-10,1.350255e-05,3.819099e-05,1.246804e+03,1.255635e+03,1.246804e+00,1.255635e+00,1.000000e-09,15,4,true
3,mixed_sine,V-SOR,v_sor,v,sor,1.25,mg_sor,cuda,double,511,6,5.539161e-11,1.350265e-05,3.819126e-05,1.266261e+03,1.274203e+03,1.266261e+00,1.274203e+00,1.000000e-09,15,4,true
3,mixed_sine,V-SOR,v_sor,v,sor,1.30,mg_sor,cuda,double,511,5,1.011097e-10,1.350264e-05,3.819124e-05,1.072292e+03,1.101716e+03,1.072292e+00,1.101716e+00,1.000000e-09,15,4,true
3,mixed_sine,V-SOR,v_sor,v,sor,1.35,mg_sor,cuda,double,511,4,7.961629e-11,1.350266e-05,3.819129e-05,9.972940e+02,1.005917e+03,9.972940e-01,1.005917e+00,1.000000e-09,15,4,true
3,mixed_sine,V-SOR,v_sor,v,sor,1.40,mg_sor,cuda,double,511,5,6.587756e-10,1.350274e-05,3.819152e-05,1.051736e+03,1.060489e+03,1.051736e+00,1.060489e+00,1.000000e-09,15,4,true
3,mixed_sine,V-SOR,v_sor,v,sor,1.45,mg_sor,cuda,double,511,6,5.607963e-10,1.350259e-05,3.819110e-05,1.175399e+03,1.182861e+03,1.175399e+00,1.182861e+00,1.000000e-09,15,4,true
3,mixed_sine,V-SOR,v_sor,v,sor,1.50,mg_sor,cuda,double,511,7,3.710247e-10,1.350270e-05,3.819141e-05,1.315556e+03,1.324208e+03,1.315556e+00,1.324208e+00,1.000000e-09,15,4,true
3,mixed_sine,W-exact,w_exact,w,exact,1.00,mg_exact,cuda,double,511,3,6.463787e-11,1.350265e-05,3.819125e-05,1.028702e+03,1.043658e+03,1.028702e+00,1.043658e+00,1.000000e-09,15,4,true
3,mixed_sine,W-exact,w_exact,w,exact,1.05,mg_exact,cuda,double,511,3,4.900419e-11,1.350265e-05,3.819126e-05,1.020654e+03,1.033901e+03,1.020654e+00,1.033901e+00,1.000000e-09,15,4,true
3,mixed_sine,W-exact,w_exact,w,exact,1.10,mg_exact,cuda,double,511,3,4.486415e-11,1.350265e-05,3.819126e-05,1.006741e+03,1.022508e+03,1.006741e+00,1.022508e+00,1.000000e-09,15,4,true
3,mixed_sine,W-exact,w_exact,w,exact,1.15,mg_exact,cuda,double,511,3,5.508522e-11,1.350265e-05,3.819127e-05,1.122610e+03,1.138886e+03,1.122610e+00,1.138886e+00,1.000000e-09,15,4,true
3,mixed_sine,W-exact,w_exact,w,exact,1.20,mg_exact,cuda,double,511,3,6.348017e-11,1.350266e-05,3.819128e-05,1.034495e+03,1.067505e+03,1.034495e+00,1.067505e+00,1.000000e-09,15,4,true
3,mixed_sine,W-exact,w_exact,w,exact,1.25,mg_exact,cuda,double,511,3,8.048281e-11,1.350266e-05,3.819128e-05,1.037078e+03,1.053020e+03,1.037078e+00,1.053020e+00,1.000000e-09,15,4,true
3,mixed_sine,W-exact,w_exact,w,exact,1.30,mg_exact,cuda,double,511,3,1.488860e-10,1.350266e-05,3.819129e-05,1.098146e+03,1.114571e+03,1.098146e+00,1.114571e+00,1.000000e-09,15,4,true
3,mixed_sine,W-exact,w_exact,w,exact,1.35,mg_exact,cuda,double,511,3,8.837958e-10,1.350266e-05,3.819128e-05,1.063531e+03,1.077510e+03,1.063531e+00,1.077510e+00,1.000000e-09,15,4,true
3,mixed_sine,W-exact,w_exact,w,exact,1.40,mg_exact,cuda,double,511,4,8.503802e-12,1.350266e-05,3.819129e-05,1.307483e+03,1.324431e+03,1.307483e+00,1.324431e+00,1.000000e-09,15,4,true
3,mixed_sine,W-exact,w_exact,w,exact,1.45,mg_exact,cuda,double,511,4,2.013935e-10,1.350266e-05,3.819129e-05,1.285042e+03,1.300958e+03,1.285042e+00,1.300958e+00,1.000000e-09,15,4,true
3,mixed_sine,W-exact,w_exact,w,exact,1.50,mg_exact,cuda,double,511,5,1.082204e-11,1.350266e-05,3.819129e-05,1.403283e+03,1.419261e+03,1.403283e+00,1.419261e+00,1.000000e-09,15,4,true
3,mixed_sine,W-SOR,w_sor,w,sor,1.00,mg_sor,cuda,double,511,3,6.463787e-11,1.350265e-05,3.819125e-05,9.327230e+02,9.494520e+02,9.327230e-01,9.494520e-01,1.000000e-09,15,4,true
3,mixed_sine,W-SOR,w_sor,w,sor,1.05,mg_sor,cuda,double,511,3,4.900419e-11,1.350265e-05,3.819126e-05,8.378720e+02,8.540330e+02,8.378720e-01,8.540330e-01,1.000000e-09,15,4,true
3,mixed_sine,W-SOR,w_sor,w,sor,1.10,mg_sor,cuda,double,511,3,4.486415e-11,1.350265e-05,3.819126e-05,9.032660e+02,9.189860e+02,9.032660e-01,9.189860e-01,1.000000e-09,15,4,true
3,mixed_sine,W-SOR,w_sor,w,sor,1.15,mg_sor,cuda,double,511,3,5.508522e-11,1.350265e-05,3.819127e-05,8.731620e+02,8.889760e+02,8.731620e-01,8.889760e-01,1.000000e-09,15,4,true
3,mixed_sine,W-SOR,w_sor,w,sor,1.20,mg_sor,cuda,double,511,3,6.348017e-11,1.350266e-05,3.819128e-05,8.723410e+02,8.864330e+02,8.723410e-01,8.864330e-01,1.000000e-09,15,4,true
3,mixed_sine,W-SOR,w_sor,w,sor,1.25,mg_sor,cuda,double,511,3,8.048281e-11,1.350266e-05,3.819128e-05,9.029420e+02,9.181590e+02,9.029420e-01,9.181590e-01,1.000000e-09,15,4,true
3,mixed_sine,W-SOR,w_sor,w,sor,1.30,mg_sor,cuda,double,511,3,1.488860e-10,1.350266e-05,3.819129e-05,8.609620e+02,8.777640e+02,8.609620e-01,8.777640e-01,1.000000e-09,15,4,true
3,mixed_sine,W-SOR,w_sor,w,sor,1.35,mg_sor,cuda,double,511,3,8.837958e-10,1.350266e-05,3.819128e-05,9.024730e+02,9.191690e+02,9.024730e-01,9.191690e-01,1.000000e-09,15,4,true
3,mixed_sine,W-SOR,w_sor,w,sor,1.40,mg_sor,cuda,double,511,4,8.503858e-12,1.350266e-05,3.819129e-05,9.964170e+02,1.028044e+03,9.964170e-01,1.028044e+00,1.000000e-09,15,4,true
3,mixed_sine,W-SOR,w_sor,w,sor,1.45,mg_sor,cuda,double,511,4,2.013935e-10,1.350266e-05,3.819129e-05,9.884590e+02,1.004492e+03,9.884590e-01,1.004492e+00,1.000000e-09,15,4,true
3,mixed_sine,W-SOR,w_sor,w,sor,1.50,mg_sor,cuda,double,511,5,1.082213e-11,1.350266e-05,3.819129e-05,1.197986e+03,1.213577e+03,1.197986e+00,1.213577e+00,1.000000e-09,15,4,true
3,bubble,V-exact,v_exact,v,exact,1.00,mg_exact,cuda,double,511,8,3.485170e-10,1.580147e-12,4.419867e-12,1.347149e+03,1.355674e+03,1.347149e+00,1.355674e+00,1.000000e-09,15,4,true
3,bubble,V-exact,v_exact,v,exact,1.05,mg_exact,cuda,double,511,8,1.116112e-10,4.829261e-13,1.353995e-12,1.429060e+03,1.436693e+03,1.429060e+00,1.436693e+00,1.000000e-09,15,4,true
3,bubble,V-exact,v_exact,v,exact,1.10,mg_exact,cuda,double,511,7,6.451899e-10,2.610023e-12,7.313556e-12,1.261153e+03,1.269666e+03,1.261153e+00,1.269666e+00,1.000000e-09,15,4,true
3,bubble,V-exact,v_exact,v,exact,1.15,mg_exact,cuda,double,511,7,1.541317e-10,5.932207e-13,1.667571e-12,1.276052e+03,1.285221e+03,1.276052e+00,1.285221e+00,1.000000e-09,15,4,true
3,bubble,V-exact,v_exact,v,exact,1.20,mg_exact,cuda,double,511,6,8.874786e-10,3.144035e-12,8.850396e-12,1.123808e+03,1.134509e+03,1.123808e+00,1.134509e+00,1.000000e-09,15,4,true
3,bubble,V-exact,v_exact,v,exact,1.25,mg_exact,cuda,double,511,6,9.568808e-11,3.233067e-13,9.141212e-13,1.153721e+03,1.159896e+03,1.153721e+00,1.159896e+00,1.000000e-09,15,4,true
3,bubble,V-exact,v_exact,v,exact,1.30,mg_exact,cuda,double,511,5,2.250778e-10,6.751651e-13,1.911478e-12,1.013792e+03,1.021540e+03,1.013792e+00,1.021540e+00,1.000000e-09,15,4,true
3,bubble,V-exact,v_exact,v,exact,1.35,mg_exact,cuda,double,511,5,2.475933e-10,2.882981e-14,7.776679e-14,1.035876e+03,1.043393e+03,1.035876e+00,1.043393e+00,1.000000e-09,15,4,true
3,bubble,V-exact,v_exact,v,exact,1.40,mg_exact,cuda,double,511,6,7.833017e-11,1.611681e-14,3.330149e-14,1.192794e+03,1.200976e+03,1.192794e+00,1.200976e+00,1.000000e-09,15,4,true
3,bubble,V-exact,v_exact,v,exact,1.45,mg_exact,cuda,double,511,6,9.292358e-10,6.119858e-13,9.482849e-13,1.163799e+03,1.172761e+03,1.163799e+00,1.172761e+00,1.000000e-09,15,4,true
3,bubble,V-exact,v_exact,v,exact,1.50,mg_exact,cuda,double,511,7,3.742941e-10,3.766182e-13,7.922309e-13,1.285546e+03,1.297527e+03,1.285546e+00,1.297527e+00,1.000000e-09,15,4,true
3,bubble,V-SOR,v_sor,v,sor,1.00,mg_sor,cuda,double,511,8,3.486524e-10,1.580743e-12,4.421531e-12,1.497849e+03,1.504883e+03,1.497849e+00,1.504883e+00,1.000000e-09,15,4,true
3,bubble,V-SOR,v_sor,v,sor,1.05,mg_sor,cuda,double,511,8,1.116176e-10,4.829618e-13,1.354149e-12,1.367336e+03,1.375380e+03,1.367336e+00,1.375380e+00,1.000000e-09,15,4,true
3,bubble,V-SOR,v_sor,v,sor,1.10,mg_sor,cuda,double,511,7,6.451924e-10,2.610038e-12,7.313575e-12,1.210227e+03,1.222049e+03,1.210227e+00,1.222049e+00,1.000000e-09,15,4,true
3,bubble,V-SOR,v_sor,v,sor,1.15,mg_sor,cuda,double,511,7,1.541292e-10,5.932210e-13,1.667591e-12,1.358610e+03,1.366220e+03,1.358610e+00,1.366220e+00,1.000000e-09,15,4,true
3,bubble,V-SOR,v_sor,v,sor,1.20,mg_sor,cuda,double,511,6,8.874799e-10,3.144043e-12,8.850413e-12,1.183788e+03,1.190591e+03,1.183788e+00,1.190591e+00,1.000000e-09,15,4,true
3,bubble,V-SOR,v_sor,v,sor,1.25,mg_sor,cuda,double,511,6,9.568750e-11,3.233029e-13,9.141438e-13,1.202907e+03,1.211312e+03,1.202907e+00,1.211312e+00,1.000000e-09,15,4,true
3,bubble,V-SOR,v_sor,v,sor,1.30,mg_sor,cuda,double,511,5,2.250838e-10,6.751699e-13,1.911518e-12,1.022360e+03,1.033732e+03,1.022360e+00,1.033732e+00,1.000000e-09,15,4,true
3,bubble,V-SOR,v_sor,v,sor,1.35,mg_sor,cuda,double,511,5,2.475931e-10,2.883019e-14,7.777416e-14,1.029461e+03,1.037579e+03,1.029461e+00,1.037579e+00,1.000000e-09,15,4,true
3,bubble,V-SOR,v_sor,v,sor,1.40,mg_sor,cuda,double,511,6,7.832914e-11,1.611814e-14,3.329802e-14,1.196111e+03,1.205464e+03,1.196111e+00,1.205464e+00,1.000000e-09,15,4,true
3,bubble,V-SOR,v_sor,v,sor,1.45,mg_sor,cuda,double,511,6,9.292361e-10,6.119866e-13,9.482762e-13,1.181772e+03,1.188899e+03,1.181772e+00,1.188899e+00,1.000000e-09,15,4,true
3,bubble,V-SOR,v_sor,v,sor,1.50,mg_sor,cuda,double,511,7,3.742953e-10,3.766184e-13,7.922864e-13,1.309213e+03,1.319069e+03,1.309213e+00,1.319069e+00,1.000000e-09,15,4,true
3,bubble,W-exact,w_exact,w,exact,1.00,mg_exact,cuda,double,511,5,2.163693e-10,6.655166e-16,3.494113e-15,1.395951e+03,1.418933e+03,1.395951e+00,1.418933e+00,1.000000e-09,15,4,true
3,bubble,W-exact,w_exact,w,exact,1.05,mg_exact,cuda,double,511,5,7.486502e-11,9.510133e-16,2.931683e-15,1.419108e+03,1.433507e+03,1.419108e+00,1.433507e+00,1.000000e-09,15,4,true
3,bubble,W-exact,w_exact,w,exact,1.10,mg_exact,cuda,double,511,5,2.045339e-11,7.696863e-16,2.487593e-15,1.431487e+03,1.449312e+03,1.431487e+00,1.449312e+00,1.000000e-09,15,4,true
3,bubble,W-exact,w_exact,w,exact,1.15,mg_exact,cuda,double,511,4,3.402102e-10,1.149999e-15,6.488354e-15,1.373138e+03,1.390317e+03,1.373138e+00,1.390317e+00,1.000000e-09,15,4,true
3,bubble,W-exact,w_exact,w,exact,1.20,mg_exact,cuda,double,511,4,2.799744e-11,6.977558e-16,2.390449e-15,1.335129e+03,1.351479e+03,1.335129e+00,1.351479e+00,1.000000e-09,15,4,true
3,bubble,W-exact,w_exact,w,exact,1.25,mg_exact,cuda,double,511,3,2.938352e-10,2.863200e-16,2.405736e-15,9.875470e+02,1.001259e+03,9.875470e-01,1.001259e+00,1.000000e-09,15,4,true
3,bubble,W-exact,w_exact,w,exact,1.30,mg_exact,cuda,double,511,4,7.425691e-11,4.220004e-16,2.451164e-15,1.197768e+03,1.212474e+03,1.197768e+00,1.212474e+00,1.000000e-09,15,4,true
3,bubble,W-exact,w_exact,w,exact,1.35,mg_exact,cuda,double,511,5,1.589181e-11,4.780920e-16,1.621966e-15,1.425695e+03,1.441170e+03,1.425695e+00,1.441170e+00,1.000000e-09,15,4,true
3,bubble,W-exact,w_exact,w,exact,1.40,mg_exact,cuda,double,511,5,1.268741e-10,6.490963e-16,2.406061e-15,1.444270e+03,1.460374e+03,1.444270e+00,1.460374e+00,1.000000e-09,15,4,true
3,bubble,W-exact,w_exact,w,exact,1.45,mg_exact,cuda,double,511,5,8.254544e-10,1.899783e-15,9.881906e-15,1.410423e+03,1.425256e+03,1.410423e+00,1.425256e+00,1.000000e-09,15,4,true
3,bubble,W-exact,w_exact,w,exact,1.50,mg_exact,cuda,double,511,6,1.340856e-10,2.931898e-16,1.488284e-15,1.706003e+03,1.732165e+03,1.706003e+00,1.732165e+00,1.000000e-09,15,4,true
3,bubble,W-SOR,w_sor,w,sor,1.00,mg_sor,cuda,double,511,5,2.163688e-10,6.600518e-16,3.494329e-15,1.190674e+03,1.207144e+03,1.190674e+00,1.207144e+00,1.000000e-09,15,4,true
3,bubble,W-SOR,w_sor,w,sor,1.05,mg_sor,cuda,double,511,5,7.486663e-11,9.508767e-16,3.014949e-15,1.135993e+03,1.153009e+03,1.135993e+00,1.153009e+00,1.000000e-09,15,4,true
3,bubble,W-SOR,w_sor,w,sor,1.10,mg_sor,cuda,double,511,5,2.044925e-11,7.692515e-16,2.494532e-15,1.165252e+03,1.180546e+03,1.165252e+00,1.180546e+00,1.000000e-09,15,4,true
3,bubble,W-SOR,w_sor,w,sor,1.15,mg_sor,cuda,double,511,4,3.402098e-10,1.141088e-15,6.485697e-15,9.752840e+02,9.949410e+02,9.752840e-01,9.949410e-01,1.000000e-09,15,4,true
3,bubble,W-SOR,w_sor,w,sor,1.20,mg_sor,cuda,double,511,4,2.798717e-11,6.706837e-16,2.071260e-15,9.627490e+02,9.778910e+02,9.627490e-01,9.778910e-01,1.000000e-09,15,4,true
3,bubble,W-SOR,w_sor,w,sor,1.25,mg_sor,cuda,double,511,3,2.938366e-10,2.867014e-16,2.404760e-15,1.000926e+03,1.016034e+03,1.000926e+00,1.016034e+00,1.000000e-09,15,4,true
3,bubble,W-SOR,w_sor,w,sor,1.30,mg_sor,cuda,double,511,4,7.428145e-11,6.302543e-16,2.910866e-15,1.025155e+03,1.040854e+03,1.025155e+00,1.040854e+00,1.000000e-09,15,4,true
3,bubble,W-SOR,w_sor,w,sor,1.35,mg_sor,cuda,double,511,5,1.593305e-11,5.278085e-16,1.778092e-15,1.197458e+03,1.211967e+03,1.197458e+00,1.211967e+00,1.000000e-09,15,4,true
3,bubble,W-SOR,w_sor,w,sor,1.40,mg_sor,cuda,double,511,5,1.268813e-10,9.108062e-16,3.039236e-15,1.186405e+03,1.203575e+03,1.186405e+00,1.203575e+00,1.000000e-09,15,4,true
3,bubble,W-SOR,w_sor,w,sor,1.45,mg_sor,cuda,double,511,5,8.254559e-10,2.121059e-15,9.907602e-15,1.161586e+03,1.177338e+03,1.161586e+00,1.177338e+00,1.000000e-09,15,4,true
3,bubble,W-SOR,w_sor,w,sor,1.50,mg_sor,cuda,double,511,6,1.340611e-10,2.500903e-16,1.500861e-15,1.352048e+03,1.368628e+03,1.352048e+00,1.368628e+00,1.000000e-09,15,4,true
3,exp,V-exact,v_exact,v,exact,1.00,mg_exact,cuda,double,511,9,9.878602e-10,1.177360e-07,2.785553e-07,1.649224e+03,1.662568e+03,1.649224e+00,1.662568e+00,1.000000e-09,15,4,true
3,exp,V-exact,v_exact,v,exact,1.05,mg_exact,cuda,double,511,9,2.303041e-10,1.177787e-07,2.786713e-07,1.553979e+03,1.564521e+03,1.553979e+00,1.564521e+00,1.000000e-09,15,4,true
3,exp,V-exact,v_exact,v,exact,1.10,mg_exact,cuda,double,511,9,8.437028e-11,1.177910e-07,2.787049e-07,1.627595e+03,1.634758e+03,1.627595e+00,1.634758e+00,1.000000e-09,15,4,true
3,exp,V-exact,v_exact,v,exact,1.15,mg_exact,cuda,double,511,8,1.841314e-10,1.177813e-07,2.786778e-07,1.452391e+03,1.459334e+03,1.452391e+00,1.459334e+00,1.000000e-09,15,4,true
3,exp,V-exact,v_exact,v,exact,1.20,mg_exact,cuda,double,511,7,7.098577e-10,1.177427e-07,2.785677e-07,1.342587e+03,1.349641e+03,1.342587e+00,1.349641e+00,1.000000e-09,15,4,true
3,exp,V-exact,v_exact,v,exact,1.25,mg_exact,cuda,double,511,7,9.421287e-11,1.177904e-07,2.787029e-07,1.272229e+03,1.279553e+03,1.272229e+00,1.279553e+00,1.000000e-09,15,4,true
3,exp,V-exact,v_exact,v,exact,1.30,mg_exact,cuda,double,511,6,3.934431e-10,1.177901e-07,2.787027e-07,1.169982e+03,1.179255e+03,1.169982e+00,1.179255e+00,1.000000e-09,15,4,true
3,exp,V-exact,v_exact,v,exact,1.35,mg_exact,cuda,double,511,7,3.729558e-10,1.177940e-07,2.787132e-07,1.259230e+03,1.297190e+03,1.259230e+00,1.297190e+00,1.000000e-09,15,4,true
3,exp,V-exact,v_exact,v,exact,1.40,mg_exact,cuda,double,511,8,2.142502e-10,1.177940e-07,2.787129e-07,1.384637e+03,1.394567e+03,1.384637e+00,1.394567e+00,1.000000e-09,15,4,true
3,exp,V-exact,v_exact,v,exact,1.45,mg_exact,cuda,double,511,9,1.819304e-10,1.177940e-07,2.787132e-07,1.660821e+03,1.668068e+03,1.660821e+00,1.668068e+00,1.000000e-09,15,4,true
3,exp,V-exact,v_exact,v,exact,1.50,mg_exact,cuda,double,511,10,1.456027e-10,1.177940e-07,2.787132e-07,1.672932e+03,1.681546e+03,1.672932e+00,1.681546e+00,1.000000e-09,15,4,true
3,exp,V-SOR,v_sor,v,sor,1.00,mg_sor,cuda,double,511,9,9.878544e-10,1.177359e-07,2.785552e-07,1.572500e+03,1.580320e+03,1.572500e+00,1.580320e+00,1.000000e-09,15,4,true
3,exp,V-SOR,v_sor,v,sor,1.05,mg_sor,cuda,double,511,9,2.303295e-10,1.177787e-07,2.786713e-07,1.592892e+03,1.601320e+03,1.592892e+00,1.601320e+00,1.000000e-09,15,4,true
3,exp,V-SOR,v_sor,v,sor,1.10,mg_sor,cuda,double,511,9,8.438567e-11,1.177910e-07,2.787049e-07,1.773088e+03,1.782655e+03,1.773088e+00,1.782655e+00,1.000000e-09,15,4,true
3,exp,V-SOR,v_sor,v,sor,1.15,mg_sor,cuda,double,511,8,1.840872e-10,1.177813e-07,2.786778e-07,1.510745e+03,1.519016e+03,1.510745e+00,1.519016e+00,1.000000e-09,15,4,true
3,exp,V-SOR,v_sor,v,sor,1.20,mg_sor,cuda,double,511,7,7.098602e-10,1.177427e-07,2.785677e-07,1.349680e+03,1.356549e+03,1.349680e+00,1.356549e+00,1.000000e-09,15,4,true
3,exp,V-SOR,v_sor,v,sor,1.25,mg_sor,cuda,double,511,7,9.424004e-11,1.177904e-07,2.787029e-07,1.297205e+03,1.305559e+03,1.297205e+00,1.305559e+00,1.000000e-09,15,4,true
3,exp,V-SOR,v_sor,v,sor,1.30,mg_sor,cuda,double,511,6,3.934435e-10,1.177901e-07,2.787027e-07,1.175333e+03,1.183125e+03,1.175333e+00,1.183125e+00,1.000000e-09,15,4,true
3,exp,V-SOR,v_sor,v,sor,1.35,mg_sor,cuda,double,511,7,3.729795e-10,1.177940e-07,2.787132e-07,1.324674e+03,1.334783e+03,1.324674e+00,1.334783e+00,1.000000e-09,15,4,true
3,exp,V-SOR,v_sor,v,sor,1.40,mg_sor,cuda,double,511,8,2.142496e-10,1.177940e-07,2.787130e-07,1.427730e+03,1.443215e+03,1.427730e+00,1.443215e+00,1.000000e-09,15,4,true
3,exp,V-SOR,v_sor,v,sor,1.45,mg_sor,cuda,double,511,9,1.819488e-10,1.177940e-07,2.787132e-07,1.542427e+03,1.551474e+03,1.542427e+00,1.551474e+00,1.000000e-09,15,4,true
3,exp,V-SOR,v_sor,v,sor,1.50,mg_sor,cuda,double,511,10,1.455995e-10,1.177940e-07,2.787132e-07,1.682940e+03,1.690892e+03,1.682940e+00,1.690892e+00,1.000000e-09,15,4,true
3,exp,W-exact,w_exact,w,exact,1.00,mg_exact,cuda,double,511,9,8.153194e-11,1.177945e-07,2.787145e-07,2.200704e+03,2.217333e+03,2.200704e+00,2.217333e+00,1.000000e-09,15,4,true
3,exp,W-exact,w_exact,w,exact,1.05,mg_exact,cuda,double,511,8,3.212099e-10,1.177945e-07,2.787144e-07,2.020593e+03,2.070379e+03,2.020593e+00,2.070379e+00,1.000000e-09,15,4,true
3,exp,W-exact,w_exact,w,exact,1.10,mg_exact,cuda,double,511,8,1.019924e-10,1.177945e-07,2.787143e-07,1.993308e+03,2.009286e+03,1.993308e+00,2.009286e+00,1.000000e-09,15,4,true
3,exp,W-exact,w_exact,w,exact,1.15,mg_exact,cuda,double,511,7,4.807469e-10,1.177944e-07,2.787143e-07,1.852645e+03,1.869030e+03,1.852645e+00,1.869030e+00,1.000000e-09,15,4,true
3,exp,W-exact,w_exact,w,exact,1.20,mg_exact,cuda,double,511,7,1.073822e-10,1.177944e-07,2.787141e-07,1.840290e+03,1.857447e+03,1.840290e+00,1.857447e+00,1.000000e-09,15,4,true
3,exp,W-exact,w_exact,w,exact,1.25,mg_exact,cuda,double,511,6,2.555812e-10,1.177945e-07,2.787143e-07,1.665137e+03,1.681061e+03,1.665137e+00,1.681061e+00,1.000000e-09,15,4,true
3,exp,W-exact,w_exact,w,exact,1.30,mg_exact,cuda,double,511,6,2.083357e-10,1.177943e-07,2.787139e-07,1.604335e+03,1.651204e+03,1.604335e+00,1.651204e+00,1.000000e-09,15,4,true
3,exp,W-exact,w_exact,w,exact,1.35,mg_exact,cuda,double,511,7,1.455114e-10,1.177942e-07,2.787137e-07,1.799093e+03,1.816419e+03,1.799093e+00,1.816419e+00,1.000000e-09,15,4,true
3,exp,W-exact,w_exact,w,exact,1.40,mg_exact,cuda,double,511,8,1.246076e-10,1.177941e-07,2.787135e-07,2.003005e+03,2.024345e+03,2.003005e+00,2.024345e+00,1.000000e-09,15,4,true
3,exp,W-exact,w_exact,w,exact,1.45,mg_exact,cuda,double,511,8,5.315493e-10,1.177942e-07,2.787136e-07,2.039994e+03,2.057160e+03,2.039994e+00,2.057160e+00,1.000000e-09,15,4,true
3,exp,W-exact,w_exact,w,exact,1.50,mg_exact,cuda,double,511,9,2.357524e-10,1.177940e-07,2.787132e-07,2.240163e+03,2.258269e+03,2.240163e+00,2.258269e+00,1.000000e-09,15,4,true
3,exp,W-SOR,w_sor,w,sor,1.00,mg_sor,cuda,double,511,9,8.154535e-11,1.177945e-07,2.787144e-07,1.726862e+03,1.743981e+03,1.726862e+00,1.743981e+00,1.000000e-09,15,4,true
3,exp,W-SOR,w_sor,w,sor,1.05,mg_sor,cuda,double,511,8,3.212321e-10,1.177945e-07,2.787144e-07,1.666760e+03,1.682799e+03,1.666760e+00,1.682799e+00,1.000000e-09,15,4,true
3,exp,W-SOR,w_sor,w,sor,1.10,mg_sor,cuda,double,511,8,1.020039e-10,1.177945e-07,2.787143e-07,1.594122e+03,1.609564e+03,1.594122e+00,1.609564e+00,1.000000e-09,15,4,true
3,exp,W-SOR,w_sor,w,sor,1.15,mg_sor,cuda,double,511,7,4.807394e-10,1.177944e-07,2.787142e-07,1.458134e+03,1.474966e+03,1.458134e+00,1.474966e+00,1.000000e-09,15,4,true
3,exp,W-SOR,w_sor,w,sor,1.20,mg_sor,cuda,double,511,7,1.073705e-10,1.177944e-07,2.787141e-07,1.462145e+03,1.483849e+03,1.462145e+00,1.483849e+00,1.000000e-09,15,4,true
3,exp,W-SOR,w_sor,w,sor,1.25,mg_sor,cuda,double,511,6,2.556191e-10,1.177945e-07,2.787143e-07,1.246204e+03,1.269732e+03,1.246204e+00,1.269732e+00,1.000000e-09,15,4,true
3,exp,W-SOR,w_sor,w,sor,1.30,mg_sor,cuda,double,511,6,2.083108e-10,1.177943e-07,2.787139e-07,1.221798e+03,1.237533e+03,1.221798e+00,1.237533e+00,1.000000e-09,15,4,true
3,exp,W-SOR,w_sor,w,sor,1.35,mg_sor,cuda,double,511,7,1.454814e-10,1.177942e-07,2.787137e-07,1.429007e+03,1.445287e+03,1.429007e+00,1.445287e+00,1.000000e-09,15,4,true
3,exp,W-SOR,w_sor,w,sor,1.40,mg_sor,cuda,double,511,8,1.246141e-10,1.177941e-07,2.787135e-07,1.529761e+03,1.570308e+03,1.529761e+00,1.570308e+00,1.000000e-09,15,4,true
3,exp,W-SOR,w_sor,w,sor,1.45,mg_sor,cuda,double,511,8,5.315220e-10,1.177942e-07,2.787136e-07,1.523300e+03,1.539110e+03,1.523300e+00,1.539110e+00,1.000000e-09,15,4,true
3,exp,W-SOR,w_sor,w,sor,1.50,mg_sor,cuda,double,511,9,2.356964e-10,1.177940e-07,2.787132e-07,1.717295e+03,1.734272e+03,1.717295e+00,1.734272e+00,1.000000e-09,15,4,true
3,cosine,V-exact,v_exact,v,exact,1.00,mg_exact,cuda,double,511,9,1.768587e-10,1.821098e-07,4.972388e-07,1.599933e+03,1.613756e+03,1.599933e+00,1.613756e+00,1.000000e-09,15,4,true
3,cosine,V-exact,v_exact,v,exact,1.05,mg_exact,cuda,double,511,8,8.925619e-10,1.820957e-07,4.971959e-07,1.473072e+03,1.481414e+03,1.473072e+00,1.481414e+00,1.000000e-09,15,4,true
3,cosine,V-exact,v_exact,v,exact,1.10,mg_exact,cuda,double,511,8,2.000359e-10,1.821093e-07,4.972369e-07,1.458944e+03,1.466204e+03,1.458944e+00,1.466204e+00,1.000000e-09,15,4,true
3,cosine,V-exact,v_exact,v,exact,1.15,mg_exact,cuda,double,511,8,3.335856e-11,1.821129e-07,4.972478e-07,1.527280e+03,1.537634e+03,1.527280e+00,1.537634e+00,1.000000e-09,15,4,true
3,cosine,V-exact,v_exact,v,exact,1.20,mg_exact,cuda,double,511,7,1.405586e-10,1.821105e-07,4.972402e-07,1.510726e+03,1.517793e+03,1.510726e+00,1.517793e+00,1.000000e-09,15,4,true
3,cosine,V-exact,v_exact,v,exact,1.25,mg_exact,cuda,double,511,6,4.997718e-10,1.821022e-07,4.972141e-07,1.255147e+03,1.261762e+03,1.255147e+00,1.261762e+00,1.000000e-09,15,4,true
3,cosine,V-exact,v_exact,v,exact,1.30,mg_exact,cuda,double,511,6,4.339754e-11,1.821134e-07,4.972496e-07,1.236735e+03,1.245369e+03,1.236735e+00,1.245369e+00,1.000000e-09,15,4,true
3,cosine,V-exact,v_exact,v,exact,1.35,mg_exact,cuda,double,511,7,4.066678e-11,1.821137e-07,4.972503e-07,1.444416e+03,1.452777e+03,1.444416e+00,1.452777e+00,1.000000e-09,15,4,true
3,cosine,V-exact,v_exact,v,exact,1.40,mg_exact,cuda,double,511,7,9.783935e-10,1.821137e-07,4.972503e-07,1.367604e+03,1.375652e+03,1.367604e+00,1.375652e+00,1.000000e-09,15,4,true
3,cosine,V-exact,v_exact,v,exact,1.45,mg_exact,cuda,double,511,8,3.912403e-10,1.821136e-07,4.972504e-07,1.477251e+03,1.485775e+03,1.477251e+00,1.485775e+00,1.000000e-09,15,4,true
3,cosine,V-exact,v_exact,v,exact,1.50,mg_exact,cuda,double,511,9,2.150425e-10,1.821137e-07,4.972502e-07,1.643742e+03,1.651494e+03,1.643742e+00,1.651494e+00,1.000000e-09,15,4,true
3,cosine,V-SOR,v_sor,v,sor,1.00,mg_sor,cuda,double,511,9,1.768560e-10,1.821098e-07,4.972388e-07,1.687428e+03,1.696135e+03,1.687428e+00,1.696135e+00,1.000000e-09,15,4,true
3,cosine,V-SOR,v_sor,v,sor,1.05,mg_sor,cuda,double,511,8,8.925608e-10,1.820957e-07,4.971959e-07,1.508039e+03,1.516480e+03,1.508039e+00,1.516480e+00,1.000000e-09,15,4,true
3,cosine,V-SOR,v_sor,v,sor,1.10,mg_sor,cuda,double,511,8,2.000327e-10,1.821093e-07,4.972369e-07,1.517221e+03,1.530569e+03,1.517221e+00,1.530569e+00,1.000000e-09,15,4,true
3,cosine,V-SOR,v_sor,v,sor,1.15,mg_sor,cuda,double,511,8,3.336187e-11,1.821129e-07,4.972478e-07,1.518800e+03,1.526787e+03,1.518800e+00,1.526787e+00,1.000000e-09,15,4,true
3,cosine,V-SOR,v_sor,v,sor,1.20,mg_sor,cuda,double,511,7,1.405606e-10,1.821105e-07,4.972402e-07,1.379185e+03,1.387443e+03,1.379185e+00,1.387443e+00,1.000000e-09,15,4,true
3,cosine,V-SOR,v_sor,v,sor,1.25,mg_sor,cuda,double,511,6,4.997677e-10,1.821022e-07,4.972141e-07,1.253615e+03,1.262201e+03,1.253615e+00,1.262201e+00,1.000000e-09,15,4,true
3,cosine,V-SOR,v_sor,v,sor,1.30,mg_sor,cuda,double,511,6,4.339997e-11,1.821134e-07,4.972496e-07,1.220126e+03,1.228247e+03,1.220126e+00,1.228247e+00,1.000000e-09,15,4,true
3,cosine,V-SOR,v_sor,v,sor,1.35,mg_sor,cuda,double,511,7,4.067147e-11,1.821137e-07,4.972503e-07,1.384408e+03,1.392931e+03,1.384408e+00,1.392931e+00,1.000000e-09,15,4,true
3,cosine,V-SOR,v_sor,v,sor,1.40,mg_sor,cuda,double,511,7,9.783933e-10,1.821137e-07,4.972503e-07,1.374095e+03,1.389254e+03,1.374095e+00,1.389254e+00,1.000000e-09,15,4,true
3,cosine,V-SOR,v_sor,v,sor,1.45,mg_sor,cuda,double,511,8,3.912451e-10,1.821136e-07,4.972504e-07,1.471521e+03,1.479081e+03,1.471521e+00,1.479081e+00,1.000000e-09,15,4,true
3,cosine,V-SOR,v_sor,v,sor,1.50,mg_sor,cuda,double,511,9,2.150414e-10,1.821137e-07,4.972502e-07,1.706594e+03,1.715130e+03,1.706594e+00,1.715130e+00,1.000000e-09,15,4,true
3,cosine,W-exact,w_exact,w,exact,1.00,mg_exact,cuda,double,511,8,1.961920e-10,1.821137e-07,4.972503e-07,2.078447e+03,2.090211e+03,2.078447e+00,2.090211e+00,1.000000e-09,15,4,true
3,cosine,W-exact,w_exact,w,exact,1.05,mg_exact,cuda,double,511,8,4.986851e-11,1.821137e-07,4.972503e-07,2.066293e+03,2.077884e+03,2.066293e+00,2.077884e+00,1.000000e-09,15,4,true
3,cosine,W-exact,w_exact,w,exact,1.10,mg_exact,cuda,double,511,7,4.097853e-10,1.821137e-07,4.972503e-07,1.886637e+03,1.899102e+03,1.886637e+00,1.899102e+00,1.000000e-09,15,4,true
3,cosine,W-exact,w_exact,w,exact,1.15,mg_exact,cuda,double,511,7,7.588258e-11,1.821137e-07,4.972503e-07,1.886805e+03,1.902519e+03,1.886805e+00,1.902519e+00,1.000000e-09,15,4,true
3,cosine,W-exact,w_exact,w,exact,1.20,mg_exact,cuda,double,511,6,5.892665e-10,1.821137e-07,4.972503e-07,1.773009e+03,1.788939e+03,1.773009e+00,1.788939e+00,1.000000e-09,15,4,true
3,cosine,W-exact,w_exact,w,exact,1.25,mg_exact,cuda,double,511,6,4.057703e-11,1.821137e-07,4.972503e-07,1.872645e+03,1.890659e+03,1.872645e+00,1.890659e+00,1.000000e-09,15,4,true
3,cosine,W-exact,w_exact,w,exact,1.30,mg_exact,cuda,double,511,6,2.369728e-11,1.821137e-07,4.972503e-07,1.699135e+03,1.715565e+03,1.699135e+00,1.715565e+00,1.000000e-09,15,4,true
3,cosine,W-exact,w_exact,w,exact,1.35,mg_exact,cuda,double,511,6,9.928942e-10,1.821137e-07,4.972503e-07,1.688127e+03,1.710935e+03,1.688127e+00,1.710935e+00,1.000000e-09,15,4,true
3,cosine,W-exact,w_exact,w,exact,1.40,mg_exact,cuda,double,511,7,2.305027e-10,1.821137e-07,4.972503e-07,1.874582e+03,1.890181e+03,1.874582e+00,1.890181e+00,1.000000e-09,15,4,true
3,cosine,W-exact,w_exact,w,exact,1.45,mg_exact,cuda,double,511,8,6.390799e-11,1.821137e-07,4.972503e-07,2.096233e+03,2.113454e+03,2.096233e+00,2.113454e+00,1.000000e-09,15,4,true
3,cosine,W-exact,w_exact,w,exact,1.50,mg_exact,cuda,double,511,8,7.263504e-10,1.821137e-07,4.972503e-07,2.091628e+03,2.107430e+03,2.091628e+00,2.107430e+00,1.000000e-09,15,4,true
3,cosine,W-SOR,w_sor,w,sor,1.00,mg_sor,cuda,double,511,8,1.961922e-10,1.821137e-07,4.972503e-07,1.659151e+03,1.671862e+03,1.659151e+00,1.671862e+00,1.000000e-09,15,4,true
3,cosine,W-SOR,w_sor,w,sor,1.05,mg_sor,cuda,double,511,8,4.986710e-11,1.821137e-07,4.972503e-07,1.720364e+03,1.738329e+03,1.720364e+00,1.738329e+00,1.000000e-09,15,4,true
3,cosine,W-SOR,w_sor,w,sor,1.10,mg_sor,cuda,double,511,7,4.097905e-10,1.821137e-07,4.972503e-07,1.480686e+03,1.500143e+03,1.480686e+00,1.500143e+00,1.000000e-09,15,4,true
3,cosine,W-SOR,w_sor,w,sor,1.15,mg_sor,cuda,double,511,7,7.587920e-11,1.821137e-07,4.972503e-07,1.465410e+03,1.481463e+03,1.465410e+00,1.481463e+00,1.000000e-09,15,4,true
3,cosine,W-SOR,w_sor,w,sor,1.20,mg_sor,cuda,double,511,6,5.892687e-10,1.821137e-07,4.972503e-07,1.303086e+03,1.319539e+03,1.303086e+00,1.319539e+00,1.000000e-09,15,4,true
3,cosine,W-SOR,w_sor,w,sor,1.25,mg_sor,cuda,double,511,6,4.057386e-11,1.821137e-07,4.972503e-07,1.287003e+03,1.301331e+03,1.287003e+00,1.301331e+00,1.000000e-09,15,4,true
3,cosine,W-SOR,w_sor,w,sor,1.30,mg_sor,cuda,double,511,6,2.369701e-11,1.821137e-07,4.972503e-07,1.283846e+03,1.306767e+03,1.283846e+00,1.306767e+00,1.000000e-09,15,4,true
3,cosine,W-SOR,w_sor,w,sor,1.35,mg_sor,cuda,double,511,6,9.928929e-10,1.821137e-07,4.972503e-07,1.300893e+03,1.317712e+03,1.300893e+00,1.317712e+00,1.000000e-09,15,4,true
3,cosine,W-SOR,w_sor,w,sor,1.40,mg_sor,cuda,double,511,7,2.305023e-10,1.821137e-07,4.972503e-07,1.482667e+03,1.495255e+03,1.482667e+00,1.495255e+00,1.000000e-09,15,4,true
3,cosine,W-SOR,w_sor,w,sor,1.45,mg_sor,cuda,double,511,8,6.390757e-11,1.821137e-07,4.972503e-07,1.575777e+03,1.592348e+03,1.575777e+00,1.592348e+00,1.000000e-09,15,4,true
3,cosine,W-SOR,w_sor,w,sor,1.50,mg_sor,cuda,double,511,8,7.263493e-10,1.821137e-07,4.972503e-07,1.574725e+03,1.589107e+03,1.574725e+00,1.589107e+00,1.000000e-09,15,4,true
3,sine,V-exact,v_exact,v,exact,1.00,mg_exact,cuda,double,511,8,6.828966e-11,1.109245e-06,3.137419e-06,1.670237e+03,1.681659e+03,1.670237e+00,1.681659e+00,1.000000e-09,15,5,true
3,sine,V-exact,v_exact,v,exact,1.05,mg_exact,cuda,double,511,7,4.831357e-10,1.109148e-06,3.137143e-06,1.483124e+03,1.491213e+03,1.483124e+00,1.491213e+00,1.000000e-09,15,5,true
3,sine,V-exact,v_exact,v,exact,1.10,mg_exact,cuda,double,511,7,1.444630e-10,1.109230e-06,3.137376e-06,1.427327e+03,1.435672e+03,1.427327e+00,1.435672e+00,1.000000e-09,15,5,true
3,sine,V-exact,v_exact,v,exact,1.15,mg_exact,cuda,double,511,7,3.359065e-11,1.109255e-06,3.137448e-06,1.534220e+03,1.545618e+03,1.534220e+00,1.545618e+00,1.000000e-09,15,5,true
3,sine,V-exact,v_exact,v,exact,1.20,mg_exact,cuda,double,511,6,2.531076e-10,1.109212e-06,3.137326e-06,1.283282e+03,1.291033e+03,1.283282e+00,1.291033e+00,1.000000e-09,15,5,true
3,sine,V-exact,v_exact,v,exact,1.25,mg_exact,cuda,double,511,6,2.887191e-11,1.109257e-06,3.137452e-06,1.307319e+03,1.321527e+03,1.307319e+00,1.321527e+00,1.000000e-09,15,5,true
3,sine,V-exact,v_exact,v,exact,1.30,mg_exact,cuda,double,511,5,1.164245e-10,1.109243e-06,3.137412e-06,1.167139e+03,1.184439e+03,1.167139e+00,1.184439e+00,1.000000e-09,15,5,true
3,sine,V-exact,v_exact,v,exact,1.35,mg_exact,cuda,double,511,4,2.255805e-11,1.109260e-06,3.137461e-06,1.017837e+03,1.025697e+03,1.017837e+00,1.025697e+00,1.000000e-09,15,5,true
3,sine,V-exact,v_exact,v,exact,1.40,mg_exact,cuda,double,511,5,3.148835e-11,1.109266e-06,3.137478e-06,1.123428e+03,1.133064e+03,1.123428e+00,1.133064e+00,1.000000e-09,15,5,true
3,sine,V-exact,v_exact,v,exact,1.45,mg_exact,cuda,double,511,6,2.745046e-11,1.109259e-06,3.137457e-06,1.312107e+03,1.321595e+03,1.312107e+00,1.321595e+00,1.000000e-09,15,5,true
3,sine,V-exact,v_exact,v,exact,1.50,mg_exact,cuda,double,511,6,8.099639e-10,1.109171e-06,3.137208e-06,1.273564e+03,1.282272e+03,1.273564e+00,1.282272e+00,1.000000e-09,15,5,true
3,sine,V-SOR,v_sor,v,sor,1.00,mg_sor,cuda,double,511,8,6.831113e-11,1.109245e-06,3.137419e-06,1.610628e+03,1.619744e+03,1.610628e+00,1.619744e+00,1.000000e-09,15,5,true
3,sine,V-SOR,v_sor,v,sor,1.05,mg_sor,cuda,double,511,7,4.831578e-10,1.109148e-06,3.137143e-06,1.473889e+03,1.482152e+03,1.473889e+00,1.482152e+00,1.000000e-09,15,5,true
3,sine,V-SOR,v_sor,v,sor,1.10,mg_sor,cuda,double,511,7,1.444628e-10,1.109230e-06,3.137376e-06,1.505076e+03,1.513420e+03,1.505076e+00,1.513420e+00,1.000000e-09,15,5,true
3,sine,V-SOR,v_sor,v,sor,1.15,mg_sor,cuda,double,511,7,3.358966e-11,1.109255e-06,3.137448e-06,1.483642e+03,1.492000e+03,1.483642e+00,1.492000e+00,1.000000e-09,15,5,true
3,sine,V-SOR,v_sor,v,sor,1.20,mg_sor,cuda,double,511,6,2.531083e-10,1.109212e-06,3.137326e-06,1.301913e+03,1.310898e+03,1.301913e+00,1.310898e+00,1.000000e-09,15,5,true
3,sine,V-SOR,v_sor,v,sor,1.25,mg_sor,cuda,double,511,6,2.886525e-11,1.109257e-06,3.137452e-06,1.299405e+03,1.307880e+03,1.299405e+00,1.307880e+00,1.000000e-09,15,5,true
3,sine,V-SOR,v_sor,v,sor,1.30,mg_sor,cuda,double,511,5,1.164249e-10,1.109243e-06,3.137412e-06,1.192961e+03,1.201376e+03,1.192961e+00,1.201376e+00,1.000000e-09,15,5,true
3,sine,V-SOR,v_sor,v,sor,1.35,mg_sor,cuda,double,511,4,2.255874e-11,1.109260e-06,3.137461e-06,1.025781e+03,1.034161e+03,1.025781e+00,1.034161e+00,1.000000e-09,15,5,true
3,sine,V-SOR,v_sor,v,sor,1.40,mg_sor,cuda,double,511,5,3.148852e-11,1.109266e-06,3.137478e-06,1.181784e+03,1.190174e+03,1.181784e+00,1.190174e+00,1.000000e-09,15,5,true
3,sine,V-SOR,v_sor,v,sor,1.45,mg_sor,cuda,double,511,6,2.744996e-11,1.109259e-06,3.137457e-06,1.356598e+03,1.364985e+03,1.356598e+00,1.364985e+00,1.000000e-09,15,5,true
3,sine,V-SOR,v_sor,v,sor,1.50,mg_sor,cuda,double,511,6,8.099695e-10,1.109171e-06,3.137208e-06,1.356742e+03,1.364177e+03,1.356742e+00,1.364177e+00,1.000000e-09,15,5,true
3,sine,W-exact,w_exact,w,exact,1.00,mg_exact,cuda,double,511,3,6.885740e-12,1.109263e-06,3.137469e-06,1.074155e+03,1.096424e+03,1.074155e+00,1.096424e+00,1.000000e-09,15,5,true
3,sine,W-exact,w_exact,w,exact,1.05,mg_exact,cuda,double,511,3,7.258331e-12,1.109263e-06,3.137469e-06,1.150004e+03,1.167532e+03,1.150004e+00,1.167532e+00,1.000000e-09,15,5,true
3,sine,W-exact,w_exact,w,exact,1.10,mg_exact,cuda,double,511,3,7.903733e-12,1.109263e-06,3.137469e-06,1.149453e+03,1.166577e+03,1.149453e+00,1.166577e+00,1.000000e-09,15,5,true
3,sine,W-exact,w_exact,w,exact,1.15,mg_exact,cuda,double,511,3,8.575681e-12,1.109263e-06,3.137469e-06,1.067577e+03,1.083684e+03,1.067577e+00,1.083684e+00,1.000000e-09,15,5,true
3,sine,W-exact,w_exact,w,exact,1.20,mg_exact,cuda,double,511,3,9.203390e-12,1.109263e-06,3.137469e-06,1.156112e+03,1.175421e+03,1.156112e+00,1.175421e+00,1.000000e-09,15,5,true
3,sine,W-exact,w_exact,w,exact,1.25,mg_exact,cuda,double,511,3,9.333974e-12,1.109263e-06,3.137469e-06,1.103229e+03,1.120938e+03,1.103229e+00,1.120938e+00,1.000000e-09,15,5,true
3,sine,W-exact,w_exact,w,exact,1.30,mg_exact,cuda,double,511,3,1.097184e-11,1.109263e-06,3.137469e-06,1.097534e+03,1.114025e+03,1.097534e+00,1.114025e+00,1.000000e-09,15,5,true
3,sine,W-exact,w_exact,w,exact,1.35,mg_exact,cuda,double,511,3,1.112918e-11,1.109263e-06,3.137469e-06,1.163958e+03,1.180845e+03,1.163958e+00,1.180845e+00,1.000000e-09,15,5,true
3,sine,W-exact,w_exact,w,exact,1.40,mg_exact,cuda,double,511,3,6.358954e-11,1.109263e-06,3.137469e-06,1.097008e+03,1.114361e+03,1.097008e+00,1.114361e+00,1.000000e-09,15,5,true
3,sine,W-exact,w_exact,w,exact,1.45,mg_exact,cuda,double,511,4,1.331083e-11,1.109263e-06,3.137469e-06,1.603266e+03,1.621489e+03,1.603266e+00,1.621489e+00,1.000000e-09,15,5,true
3,sine,W-exact,w_exact,w,exact,1.50,mg_exact,cuda,double,511,4,2.011682e-11,1.109263e-06,3.137469e-06,1.377757e+03,1.395881e+03,1.377757e+00,1.395881e+00,1.000000e-09,15,5,true
3,sine,W-SOR,w_sor,w,sor,1.00,mg_sor,cuda,double,511,3,6.884918e-12,1.109263e-06,3.137469e-06,1.006838e+03,1.023726e+03,1.006838e+00,1.023726e+00,1.000000e-09,15,5,true
3,sine,W-SOR,w_sor,w,sor,1.05,mg_sor,cuda,double,511,3,7.257250e-12,1.109263e-06,3.137469e-06,9.809210e+02,1.000250e+03,9.809210e-01,1.000250e+00,1.000000e-09,15,5,true
3,sine,W-SOR,w_sor,w,sor,1.10,mg_sor,cuda,double,511,3,7.903353e-12,1.109263e-06,3.137469e-06,9.435050e+02,9.620160e+02,9.435050e-01,9.620160e-01,1.000000e-09,15,5,true
3,sine,W-SOR,w_sor,w,sor,1.15,mg_sor,cuda,double,511,3,8.573476e-12,1.109263e-06,3.137469e-06,9.809200e+02,9.987200e+02,9.809200e-01,9.987200e-01,1.000000e-09,15,5,true
3,sine,W-SOR,w_sor,w,sor,1.20,mg_sor,cuda,double,511,3,9.204214e-12,1.109263e-06,3.137469e-06,1.039329e+03,1.057138e+03,1.039329e+00,1.057138e+00,1.000000e-09,15,5,true
3,sine,W-SOR,w_sor,w,sor,1.25,mg_sor,cuda,double,511,3,9.336881e-12,1.109263e-06,3.137469e-06,9.894390e+02,1.007642e+03,9.894390e-01,1.007642e+00,1.000000e-09,15,5,true
3,sine,W-SOR,w_sor,w,sor,1.30,mg_sor,cuda,double,511,3,1.096792e-11,1.109263e-06,3.137469e-06,9.827990e+02,1.000268e+03,9.827990e-01,1.000268e+00,1.000000e-09,15,5,true
3,sine,W-SOR,w_sor,w,sor,1.35,mg_sor,cuda,double,511,3,1.113164e-11,1.109263e-06,3.137469e-06,9.822210e+02,1.001038e+03,9.822210e-01,1.001038e+00,1.000000e-09,15,5,true
3,sine,W-SOR,w_sor,w,sor,1.40,mg_sor,cuda,double,511,3,6.358902e-11,1.109263e-06,3.137469e-06,9.874400e+02,1.004976e+03,9.874400e-01,1.004976e+00,1.000000e-09,15,5,true
3,sine,W-SOR,w_sor,w,sor,1.45,mg_sor,cuda,double,511,4,1.330798e-11,1.109263e-06,3.137469e-06,1.117793e+03,1.133815e+03,1.117793e+00,1.133815e+00,1.000000e-09,15,5,true
3,sine,W-SOR,w_sor,w,sor,1.50,mg_sor,cuda,double,511,4,2.012004e-11,1.109263e-06,3.137469e-06,1.137140e+03,1.156437e+03,1.137140e+00,1.156437e+00,1.000000e-09,15,5,true
3,mixed_sine,V-exact,v_exact,v,exact,1.00,mg_exact,cuda,double,511,7,8.333817e-10,1.350245e-05,3.819070e-05,1.502082e+03,1.511214e+03,1.502082e+00,1.511214e+00,1.000000e-09,15,5,true
3,mixed_sine,V-exact,v_exact,v,exact,1.05,mg_exact,cuda,double,511,7,2.978509e-10,1.350259e-05,3.819109e-05,1.516783e+03,1.525224e+03,1.516783e+00,1.525224e+00,1.000000e-09,15,5,true
3,mixed_sine,V-exact,v_exact,v,exact,1.10,mg_exact,cuda,double,511,7,9.108097e-11,1.350264e-05,3.819123e-05,1.703254e+03,1.711114e+03,1.703254e+00,1.711114e+00,1.000000e-09,15,5,true
3,mixed_sine,V-exact,v_exact,v,exact,1.15,mg_exact,cuda,double,511,6,7.849141e-10,1.350249e-05,3.819082e-05,1.391335e+03,1.399440e+03,1.391335e+00,1.399440e+00,1.000000e-09,15,5,true
3,mixed_sine,V-exact,v_exact,v,exact,1.20,mg_exact,cuda,double,511,6,1.624109e-10,1.350263e-05,3.819120e-05,1.431735e+03,1.439098e+03,1.431735e+00,1.439098e+00,1.000000e-09,15,5,true
3,mixed_sine,V-exact,v_exact,v,exact,1.25,mg_exact,cuda,double,511,6,1.664185e-11,1.350266e-05,3.819128e-05,1.398392e+03,1.405853e+03,1.398392e+00,1.405853e+00,1.000000e-09,15,5,true
3,mixed_sine,V-exact,v_exact,v,exact,1.30,mg_exact,cuda,double,511,5,4.285267e-11,1.350265e-05,3.819127e-05,1.204777e+03,1.213701e+03,1.204777e+00,1.213701e+00,1.000000e-09,15,5,true
3,mixed_sine,V-exact,v_exact,v,exact,1.35,mg_exact,cuda,double,511,3,1.474554e-10,1.350266e-05,3.819130e-05,9.074730e+02,9.167410e+02,9.074730e-01,9.167410e-01,1.000000e-09,15,5,true
3,mixed_sine,V-exact,v_exact,v,exact,1.40,mg_exact,cuda,double,511,5,9.778715e-11,1.350267e-05,3.819133e-05,1.185560e+03,1.192806e+03,1.185560e+00,1.192806e+00,1.000000e-09,15,5,true
3,mixed_sine,V-exact,v_exact,v,exact,1.45,mg_exact,cuda,double,511,6,6.739290e-11,1.350265e-05,3.819127e-05,1.375311e+03,1.384378e+03,1.375311e+00,1.384378e+00,1.000000e-09,15,5,true
3,mixed_sine,V-exact,v_exact,v,exact,1.50,mg_exact,cuda,double,511,7,3.302243e-11,1.350266e-05,3.819130e-05,1.457924e+03,1.466408e+03,1.457924e+00,1.466408e+00,1.000000e-09,15,5,true
3,mixed_sine,V-SOR,v_sor,v,sor,1.00,mg_sor,cuda,double,511,7,8.333820e-10,1.350245e-05,3.819070e-05,1.483173e+03,1.490856e+03,1.483173e+00,1.490856e+00,1.000000e-09,15,5,true
3,mixed_sine,V-SOR,v_sor,v,sor,1.05,mg_sor,cuda,double,511,7,2.978512e-10,1.350259e-05,3.819109e-05,1.457763e+03,1.466922e+03,1.457763e+00,1.466922e+00,1.000000e-09,15,5,true
3,mixed_sine,V-SOR,v_sor,v,sor,1.10,mg_sor,cuda,double,511,7,9.108127e-11,1.350264e-05,3.819123e-05,1.449386e+03,1.456712e+03,1.449386e+00,1.456712e+00,1.000000e-09,15,5,true
3,mixed_sine,V-SOR,v_sor,v,sor,1.15,mg_sor,cuda,double,511,6,7.849141e-10,1.350249e-05,3.819082e-05,1.265038e+03,1.273955e+03,1.265038e+00,1.273955e+00,1.000000e-09,15,5,true
3,mixed_sine,V-SOR,v_sor,v,sor,1.20,mg_sor,cuda,double,511,6,1.624109e-10,1.350263e-05,3.819120e-05,1.340295e+03,1.351587e+03,1.340295e+00,1.351587e+00,1.000000e-09,15,5,true
3,mixed_sine,V-SOR,v_sor,v,sor,1.25,mg_sor,cuda,double,511,6,1.664168e-11,1.350266e-05,3.819128e-05,1.346263e+03,1.354526e+03,1.346263e+00,1.354526e+00,1.000000e-09,15,5,true
3,mixed_sine,V-SOR,v_sor,v,sor,1.30,mg_sor,cuda,double,511,5,4.285276e-11,1.350265e-05,3.819127e-05,1.134708e+03,1.142774e+03,1.134708e+00,1.142774e+00,1.000000e-09,15,5,true
3,mixed_sine,V-SOR,v_sor,v,sor,1.35,mg_sor,cuda,double,511,3,1.474554e-10,1.350266e-05,3.819130e-05,8.279230e+02,8.365480e+02,8.279230e-01,8.365480e-01,1.000000e-09,15,5,true
3,mixed_sine,V-SOR,v_sor,v,sor,1.40,mg_sor,cuda,double,511,5,9.778689e-11,1.350267e-05,3.819133e-05,1.149819e+03,1.157878e+03,1.149819e+00,1.157878e+00,1.000000e-09,15,5,true
3,mixed_sine,V-SOR,v_sor,v,sor,1.45,mg_sor,cuda,double,511,6,6.739301e-11,1.350265e-05,3.819127e-05,1.318127e+03,1.326449e+03,1.318127e+00,1.326449e+00,1.000000e-09,15,5,true
3,mixed_sine,V-SOR,v_sor,v,sor,1.50,mg_sor,cuda,double,511,7,3.302327e-11,1.350266e-05,3.819130e-05,1.442226e+03,1.450281e+03,1.442226e+00,1.450281e+00,1.000000e-09,15,5,true
3,mixed_sine,W-exact,w_exact,w,exact,1.00,mg_exact,cuda,double,511,3,5.587860e-11,1.350265e-05,3.819125e-05,1.078740e+03,1.095744e+03,1.078740e+00,1.095744e+00,1.000000e-09,15,5,true
3,mixed_sine,W-exact,w_exact,w,exact,1.05,mg_exact,cuda,double,511,3,4.883591e-11,1.350265e-05,3.819126e-05,1.068815e+03,1.084961e+03,1.068815e+00,1.084961e+00,1.000000e-09,15,5,true
3,mixed_sine,W-exact,w_exact,w,exact,1.10,mg_exact,cuda,double,511,3,4.046342e-11,1.350265e-05,3.819126e-05,1.104227e+03,1.121293e+03,1.104227e+00,1.121293e+00,1.000000e-09,15,5,true
3,mixed_sine,W-exact,w_exact,w,exact,1.15,mg_exact,cuda,double,511,3,3.210760e-11,1.350265e-05,3.819127e-05,1.093749e+03,1.112468e+03,1.093749e+00,1.112468e+00,1.000000e-09,15,5,true
3,mixed_sine,W-exact,w_exact,w,exact,1.20,mg_exact,cuda,double,511,3,3.095841e-11,1.350266e-05,3.819128e-05,1.132880e+03,1.149699e+03,1.132880e+00,1.149699e+00,1.000000e-09,15,5,true
3,mixed_sine,W-exact,w_exact,w,exact,1.25,mg_exact,cuda,double,511,3,3.561396e-11,1.350266e-05,3.819128e-05,1.090041e+03,1.106679e+03,1.090041e+00,1.106679e+00,1.000000e-09,15,5,true
3,mixed_sine,W-exact,w_exact,w,exact,1.30,mg_exact,cuda,double,511,3,2.877814e-11,1.350266e-05,3.819129e-05,1.051167e+03,1.067545e+03,1.051167e+00,1.067545e+00,1.000000e-09,15,5,true
3,mixed_sine,W-exact,w_exact,w,exact,1.35,mg_exact,cuda,double,511,3,5.545369e-12,1.350266e-05,3.819129e-05,1.090828e+03,1.108601e+03,1.090828e+00,1.108601e+00,1.000000e-09,15,5,true
3,mixed_sine,W-exact,w_exact,w,exact,1.40,mg_exact,cuda,double,511,3,6.704682e-11,1.350266e-05,3.819129e-05,1.082929e+03,1.102472e+03,1.082929e+00,1.102472e+00,1.000000e-09,15,5,true
3,mixed_sine,W-exact,w_exact,w,exact,1.45,mg_exact,cuda,double,511,3,7.871112e-10,1.350267e-05,3.819131e-05,1.085792e+03,1.103831e+03,1.085792e+00,1.103831e+00,1.000000e-09,15,5,true
3,mixed_sine,W-exact,w_exact,w,exact,1.50,mg_exact,cuda,double,511,4,1.620465e-11,1.350266e-05,3.819129e-05,1.293546e+03,1.311370e+03,1.293546e+00,1.311370e+00,1.000000e-09,15,5,true
3,mixed_sine,W-SOR,w_sor,w,sor,1.00,mg_sor,cuda,double,511,3,5.587860e-11,1.350265e-05,3.819125e-05,9.369850e+02,9.534070e+02,9.369850e-01,9.534070e-01,1.000000e-09,15,5,true
3,mixed_sine,W-SOR,w_sor,w,sor,1.05,mg_sor,cuda,double,511,3,4.883591e-11,1.350265e-05,3.819126e-05,9.297690e+02,9.484540e+02,9.297690e-01,9.484540e-01,1.000000e-09,15,5,true
3,mixed_sine,W-SOR,w_sor,w,sor,1.10,mg_sor,cuda,double,511,3,4.046342e-11,1.350265e-05,3.819126e-05,9.089950e+02,9.296020e+02,9.089950e-01,9.296020e-01,1.000000e-09,15,5,true
3,mixed_sine,W-SOR,w_sor,w,sor,1.15,mg_sor,cuda,double,511,3,3.210760e-11,1.350265e-05,3.819127e-05,9.312800e+02,9.506840e+02,9.312800e-01,9.506840e-01,1.000000e-09,15,5,true
3,mixed_sine,W-SOR,w_sor,w,sor,1.20,mg_sor,cuda,double,511,3,3.095841e-11,1.350266e-05,3.819128e-05,9.489860e+02,9.668410e+02,9.489860e-01,9.668410e-01,1.000000e-09,15,5,true
3,mixed_sine,W-SOR,w_sor,w,sor,1.25,mg_sor,cuda,double,511,3,3.561396e-11,1.350266e-05,3.819128e-05,8.997180e+02,9.163000e+02,8.997180e-01,9.163000e-01,1.000000e-09,15,5,true
3,mixed_sine,W-SOR,w_sor,w,sor,1.30,mg_sor,cuda,double,511,3,2.877814e-11,1.350266e-05,3.819129e-05,9.321540e+02,9.482530e+02,9.321540e-01,9.482530e-01,1.000000e-09,15,5,true
3,mixed_sine,W-SOR,w_sor,w,sor,1.35,mg_sor,cuda,double,511,3,5.545369e-12,1.350266e-05,3.819129e-05,9.027840e+02,9.160530e+02,9.027840e-01,9.160530e-01,1.000000e-09,15,5,true
3,mixed_sine,W-SOR,w_sor,w,sor,1.40,mg_sor,cuda,double,511,3,6.704682e-11,1.350266e-05,3.819129e-05,8.993900e+02,9.150600e+02,8.993900e-01,9.150600e-01,1.000000e-09,15,5,true
3,mixed_sine,W-SOR,w_sor,w,sor,1.45,mg_sor,cuda,double,511,3,7.871112e-10,1.350267e-05,3.819131e-05,9.019300e+02,9.205650e+02,9.019300e-01,9.205650e-01,1.000000e-09,15,5,true
3,mixed_sine,W-SOR,w_sor,w,sor,1.50,mg_sor,cuda,double,511,4,1.620490e-11,1.350266e-05,3.819129e-05,1.056891e+03,1.072479e+03,1.056891e+00,1.072479e+00,1.000000e-09,15,5,true
3,bubble,V-exact,v_exact,v,exact,1.00,mg_exact,cuda,double,511,8,6.506005e-11,3.026186e-13,8.464618e-13,1.537425e+03,1.546273e+03,1.537425e+00,1.546273e+00,1.000000e-09,15,5,true
3,bubble,V-exact,v_exact,v,exact,1.05,mg_exact,cuda,double,511,7,4.610657e-10,1.977588e-12,5.527193e-12,1.397282e+03,1.405555e+03,1.397282e+00,1.405555e+00,1.000000e-09,15,5,true
3,bubble,V-exact,v_exact,v,exact,1.10,mg_exact,cuda,double,511,7,1.382118e-10,5.633226e-13,1.578786e-12,1.370887e+03,1.378423e+03,1.370887e+00,1.378423e+00,1.000000e-09,15,5,true
3,bubble,V-exact,v_exact,v,exact,1.15,mg_exact,cuda,double,511,7,3.206211e-11,1.267825e-13,3.563781e-13,1.388897e+03,1.397998e+03,1.388897e+00,1.397998e+00,1.000000e-09,15,5,true
3,bubble,V-exact,v_exact,v,exact,1.20,mg_exact,cuda,double,511,6,2.417349e-10,8.640095e-13,2.432759e-12,1.216512e+03,1.225205e+03,1.216512e+00,1.225205e+00,1.000000e-09,15,5,true
3,bubble,V-exact,v_exact,v,exact,1.25,mg_exact,cuda,double,511,6,2.763779e-11,9.939799e-14,2.810530e-13,1.305289e+03,1.313849e+03,1.305289e+00,1.313849e+00,1.000000e-09,15,5,true
3,bubble,V-exact,v_exact,v,exact,1.30,mg_exact,cuda,double,511,5,1.110108e-10,3.451666e-13,9.772218e-13,1.067120e+03,1.077281e+03,1.067120e+00,1.077281e+00,1.000000e-09,15,5,true
3,bubble,V-exact,v_exact,v,exact,1.35,mg_exact,cuda,double,511,5,4.939280e-11,5.694745e-15,1.634066e-14,1.066872e+03,1.076028e+03,1.066872e+00,1.076028e+00,1.000000e-09,15,5,true
3,bubble,V-exact,v_exact,v,exact,1.40,mg_exact,cuda,double,511,5,6.976171e-10,1.588171e-13,3.365112e-13,1.125399e+03,1.133729e+03,1.125399e+00,1.133729e+00,1.000000e-09,15,5,true
3,bubble,V-exact,v_exact,v,exact,1.45,mg_exact,cuda,double,511,6,1.352737e-10,7.597235e-14,1.183819e-13,1.217833e+03,1.227228e+03,1.217833e+00,1.227228e+00,1.000000e-09,15,5,true
3,bubble,V-exact,v_exact,v,exact,1.50,mg_exact,cuda,double,511,7,4.494947e-11,4.116472e-14,8.513155e-14,1.391846e+03,1.400764e+03,1.391846e+00,1.400764e+00,1.000000e-09,15,5,true
3,bubble,V-SOR,v_sor,v,sor,1.00,mg_sor,cuda,double,511,8,6.507865e-11,3.027012e-13,8.466977e-13,1.595074e+03,1.602991e+03,1.595074e+00,1.602991e+00,1.000000e-09,15,5,true
3,bubble,V-SOR,v_sor,v,sor,1.05,mg_sor,cuda,double,511,7,4.610819e-10,1.977670e-12,5.527414e-12,1.428166e+03,1.436781e+03,1.428166e+00,1.436781e+00,1.000000e-09,15,5,true
3,bubble,V-SOR,v_sor,v,sor,1.10,mg_sor,cuda,double,511,7,1.382124e-10,5.633189e-13,1.578801e-12,1.377500e+03,1.387631e+03,1.377500e+00,1.387631e+00,1.000000e-09,15,5,true
3,bubble,V-SOR,v_sor,v,sor,1.15,mg_sor,cuda,double,511,7,3.206340e-11,1.267788e-13,3.563521e-13,1.395966e+03,1.404059e+03,1.395966e+00,1.404059e+00,1.000000e-09,15,5,true
3,bubble,V-SOR,v_sor,v,sor,1.20,mg_sor,cuda,double,511,6,2.417329e-10,8.639956e-13,2.432676e-12,1.213855e+03,1.222943e+03,1.213855e+00,1.222943e+00,1.000000e-09,15,5,true
3,bubble,V-SOR,v_sor,v,sor,1.25,mg_sor,cuda,double,511,6,2.763680e-11,9.939588e-14,2.810495e-13,1.342124e+03,1.351674e+03,1.342124e+00,1.351674e+00,1.000000e-09,15,5,true
3,bubble,V-SOR,v_sor,v,sor,1.30,mg_sor,cuda,double,511,5,1.110139e-10,3.451737e-13,9.772391e-13,1.099898e+03,1.108877e+03,1.099898e+00,1.108877e+00,1.000000e-09,15,5,true
3,bubble,V-SOR,v_sor,v,sor,1.35,mg_sor,cuda,double,511,5,4.939441e-11,5.694455e-15,1.635150e-14,1.102573e+03,1.111754e+03,1.102573e+00,1.111754e+00,1.000000e-09,15,5,true
3,bubble,V-SOR,v_sor,v,sor,1.40,mg_sor,cuda,double,511,5,6.976164e-10,1.588176e-13,3.365095e-13,1.153334e+03,1.176897e+03,1.153334e+00,1.176897e+00,1.000000e-09,15,5,true
3,bubble,V-SOR,v_sor,v,sor,1.45,mg_sor,cuda,double,511,6,1.352744e-10,7.597645e-14,1.183957e-13,1.214602e+03,1.223660e+03,1.214602e+00,1.223660e+00,1.000000e-09,15,5,true
3,bubble,V-SOR,v_sor,v,sor,1.50,mg_sor,cuda,double,511,7,4.494648e-11,4.116249e-14,8.511594e-14,1.376129e+03,1.384568e+03,1.376129e+00,1.384568e+00,1.000000e-09,15,5,true
3,bubble,W-exact,w_exact,w,exact,1.00,mg_exact,cuda,double,511,5,7.603270e-11,6.063147e-16,1.942890e-15,1.449635e+03,1.471679e+03,1.449635e+00,1.471679e+00,1.000000e-09,15,5,true
3,bubble,W-exact,w_exact,w,exact,1.05,mg_exact,cuda,double,511,5,2.721070e-11,9.540191e-16,3.014949e-15,1.502935e+03,1.520584e+03,1.502935e+00,1.520584e+00,1.000000e-09,15,5,true
3,bubble,W-exact,w_exact,w,exact,1.10,mg_exact,cuda,double,511,4,6.829395e-10,2.021229e-15,1.470964e-14,1.268512e+03,1.285773e+03,1.268512e+00,1.285773e+00,1.000000e-09,15,5,true
3,bubble,W-exact,w_exact,w,exact,1.15,mg_exact,cuda,double,511,4,1.581943e-10,9.230768e-16,3.531789e-15,1.257548e+03,1.275720e+03,1.257548e+00,1.275720e+00,1.000000e-09,15,5,true
3,bubble,W-exact,w_exact,w,exact,1.20,mg_exact,cuda,double,511,4,1.581003e-11,6.172381e-16,1.932482e-15,1.216450e+03,1.233150e+03,1.216450e+00,1.233150e+00,1.000000e-09,15,5,true
3,bubble,W-exact,w_exact,w,exact,1.25,mg_exact,cuda,double,511,3,5.584141e-11,2.513452e-16,1.635411e-15,1.132774e+03,1.150000e+03,1.132774e+00,1.150000e+00,1.000000e-09,15,5,true
3,bubble,W-exact,w_exact,w,exact,1.30,mg_exact,cuda,double,511,4,2.040125e-11,6.524252e-16,2.279427e-15,1.467762e+03,1.484496e+03,1.467762e+00,1.484496e+00,1.000000e-09,15,5,true
3,bubble,W-exact,w_exact,w,exact,1.35,mg_exact,cuda,double,511,4,3.298919e-10,7.715336e-16,5.171915e-15,1.252971e+03,1.269907e+03,1.252971e+00,1.269907e+00,1.000000e-09,15,5,true
3,bubble,W-exact,w_exact,w,exact,1.40,mg_exact,cuda,double,511,5,2.849391e-11,3.544704e-16,1.117162e-15,1.410279e+03,1.426750e+03,1.410279e+00,1.426750e+00,1.000000e-09,15,5,true
3,bubble,W-exact,w_exact,w,exact,1.45,mg_exact,cuda,double,511,5,1.705552e-10,5.235200e-16,2.509278e-15,1.473003e+03,1.493153e+03,1.473003e+00,1.493153e+00,1.000000e-09,15,5,true
3,bubble,W-exact,w_exact,w,exact,1.50,mg_exact,cuda,double,511,5,8.691635e-10,1.877044e-15,1.247548e-14,1.455585e+03,1.472775e+03,1.455585e+00,1.472775e+00,1.000000e-09,15,5,true
3,bubble,W-SOR,w_sor,w,sor,1.00,mg_sor,cuda,double,511,5,7.603193e-11,6.152463e-16,1.887379e-15,1.228548e+03,1.249440e+03,1.228548e+00,1.249440e+00,1.000000e-09,15,5,true
3,bubble,W-SOR,w_sor,w,sor,1.05,mg_sor,cuda,double,511,5,2.721300e-11,9.499793e-16,3.025358e-15,1.423291e+03,1.440321e+03,1.423291e+00,1.440321e+00,1.000000e-09,15,5,true
3,bubble,W-SOR,w_sor,w,sor,1.10,mg_sor,cuda,double,511,4,6.829394e-10,2.020949e-15,1.470850e-14,1.080091e+03,1.096985e+03,1.080091e+00,1.096985e+00,1.000000e-09,15,5,true
3,bubble,W-SOR,w_sor,w,sor,1.15,mg_sor,cuda,double,511,4,1.581941e-10,9.037653e-16,3.530379e-15,1.011679e+03,1.028726e+03,1.011679e+00,1.028726e+00,1.000000e-09,15,5,true
3,bubble,W-SOR,w_sor,w,sor,1.20,mg_sor,cuda,double,511,4,1.578349e-11,6.155532e-16,1.838807e-15,1.028303e+03,1.045019e+03,1.028303e+00,1.045019e+00,1.000000e-09,15,5,true
3,bubble,W-SOR,w_sor,w,sor,1.25,mg_sor,cuda,double,511,3,5.583826e-11,2.529133e-16,1.635383e-15,8.568340e+02,8.746380e+02,8.568340e-01,8.746380e-01,1.000000e-09,15,5,true
3,bubble,W-SOR,w_sor,w,sor,1.30,mg_sor,cuda,double,511,4,2.040370e-11,6.359905e-16,2.293304e-15,1.331051e+03,1.349654e+03,1.331051e+00,1.349654e+00,1.000000e-09,15,5,true
3,bubble,W-SOR,w_sor,w,sor,1.35,mg_sor,cuda,double,511,4,3.298877e-10,7.087661e-16,5.181782e-15,1.075754e+03,1.093622e+03,1.075754e+00,1.093622e+00,1.000000e-09,15,5,true
3,bubble,W-SOR,w_sor,w,sor,1.40,mg_sor,cuda,double,511,5,2.849941e-11,3.350750e-16,1.099815e-15,1.237792e+03,1.255546e+03,1.237792e+00,1.255546e+00,1.000000e-09,15,5,true
3,bubble,W-SOR,w_sor,w,sor,1.45,mg_sor,cuda,double,511,5,1.705575e-10,5.354483e-16,2.509928e-15,1.204545e+03,1.221093e+03,1.204545e+00,1.221093e+00,1.000000e-09,15,5,true
3,bubble,W-SOR,w_sor,w,sor,1.50,mg_sor,cuda,double,511,5,8.691612e-10,1.872983e-15,1.247114e-14,1.242623e+03,1.261060e+03,1.242623e+00,1.261060e+00,1.000000e-09,15,5,true
3,exp,V-exact,v_exact,v,exact,1.00,mg_exact,cuda,double,511,9,1.417772e-10,1.177854e-07,2.786896e-07,1.689111e+03,1.697704e+03,1.689111e+00,1.697704e+00,1.000000e-09,15,5,true
3,exp,V-exact,v_exact,v,exact,1.05,mg_exact,cuda,double,511,8,8.249213e-10,1.177430e-07,2.785725e-07,1.695434e+03,1.702645e+03,1.695434e+00,1.702645e+00,1.000000e-09,15,5,true
3,exp,V-exact,v_exact,v,exact,1.10,mg_exact,cuda,double,511,8,1.901215e-10,1.177819e-07,2.786791e-07,1.546795e+03,1.555425e+03,1.546795e+00,1.555425e+00,1.000000e-09,15,5,true
3,exp,V-exact,v_exact,v,exact,1.15,mg_exact,cuda,double,511,8,8.643490e-11,1.177919e-07,2.787067e-07,1.551537e+03,1.562667e+03,1.551537e+00,1.562667e+00,1.000000e-09,15,5,true
3,exp,V-exact,v_exact,v,exact,1.20,mg_exact,cuda,double,511,7,1.741247e-10,1.177826e-07,2.786799e-07,1.402049e+03,1.413772e+03,1.402049e+00,1.413772e+00,1.000000e-09,15,5,true
3,exp,V-exact,v_exact,v,exact,1.25,mg_exact,cuda,double,511,6,7.270582e-10,1.177370e-07,2.785477e-07,1.325137e+03,1.333479e+03,1.325137e+00,1.333479e+00,1.000000e-09,15,5,true
3,exp,V-exact,v_exact,v,exact,1.30,mg_exact,cuda,double,511,6,1.093176e-10,1.177922e-07,2.787084e-07,1.236478e+03,1.245104e+03,1.236478e+00,1.245104e+00,1.000000e-09,15,5,true
3,exp,V-exact,v_exact,v,exact,1.35,mg_exact,cuda,double,511,7,1.209629e-10,1.177941e-07,2.787136e-07,1.489285e+03,1.496545e+03,1.489285e+00,1.496545e+00,1.000000e-09,15,5,true
3,exp,V-exact,v_exact,v,exact,1.40,mg_exact,cuda,double,511,7,7.550845e-10,1.177940e-07,2.787128e-07,1.415235e+03,1.424419e+03,1.415235e+00,1.424419e+00,1.000000e-09,15,5,true
3,exp,V-exact,v_exact,v,exact,1.45,mg_exact,cuda,double,511,8,2.305386e-10,1.177939e-07,2.787133e-07,1.582402e+03,1.591245e+03,1.582402e+00,1.591245e+00,1.000000e-09,15,5,true
3,exp,V-exact,v_exact,v,exact,1.50,mg_exact,cuda,double,511,9,1.666125e-10,1.177940e-07,2.787129e-07,1.829929e+03,1.837493e+03,1.829929e+00,1.837493e+00,1.000000e-09,15,5,true
3,exp,V-SOR,v_sor,v,sor,1.00,mg_sor,cuda,double,511,9,1.417956e-10,1.177854e-07,2.786896e-07,1.776294e+03,1.783879e+03,1.776294e+00,1.783879e+00,1.000000e-09,15,5,true
3,exp,V-SOR,v_sor,v,sor,1.05,mg_sor,cuda,double,511,8,8.248808e-10,1.177430e-07,2.785725e-07,1.604588e+03,1.611967e+03,1.604588e+00,1.611967e+00,1.000000e-09,15,5,true
3,exp,V-SOR,v_sor,v,sor,1.10,mg_sor,cuda,double,511,8,1.901123e-10,1.177819e-07,2.786791e-07,1.645741e+03,1.654578e+03,1.645741e+00,1.654578e+00,1.000000e-09,15,5,true
3,exp,V-SOR,v_sor,v,sor,1.15,mg_sor,cuda,double,511,8,8.643282e-11,1.177919e-07,2.787067e-07,1.609635e+03,1.617800e+03,1.609635e+00,1.617800e+00,1.000000e-09,15,5,true
3,exp,V-SOR,v_sor,v,sor,1.20,mg_sor,cuda,double,511,7,1.741306e-10,1.177826e-07,2.786799e-07,1.480346e+03,1.502403e+03,1.480346e+00,1.502403e+00,1.000000e-09,15,5,true
3,exp,V-SOR,v_sor,v,sor,1.25,mg_sor,cuda,double,511,6,7.270764e-10,1.177370e-07,2.785477e-07,1.321418e+03,1.330238e+03,1.321418e+00,1.330238e+00,1.000000e-09,15,5,true
3,exp,V-SOR,v_sor,v,sor,1.30,mg_sor,cuda,double,511,6,1.093429e-10,1.177922e-07,2.787085e-07,1.321681e+03,1.329861e+03,1.321681e+00,1.329861e+00,1.000000e-09,15,5,true
3,exp,V-SOR,v_sor,v,sor,1.35,mg_sor,cuda,double,511,7,1.209643e-10,1.177941e-07,2.787136e-07,1.549841e+03,1.557746e+03,1.549841e+00,1.557746e+00,1.000000e-09,15,5,true
3,exp,V-SOR,v_sor,v,sor,1.40,mg_sor,cuda,double,511,7,7.551340e-10,1.177940e-07,2.787128e-07,1.462594e+03,1.473466e+03,1.462594e+00,1.473466e+00,1.000000e-09,15,5,true
3,exp,V-SOR,v_sor,v,sor,1.45,mg_sor,cuda,double,511,8,2.305467e-10,1.177939e-07,2.787133e-07,1.627049e+03,1.634483e+03,1.627049e+00,1.634483e+00,1.000000e-09,15,5,true
3,exp,V-SOR,v_sor,v,sor,1.50,mg_sor,cuda,double,511,9,1.666107e-10,1.177940e-07,2.787129e-07,1.807612e+03,1.815241e+03,1.807612e+00,1.815241e+00,1.000000e-09,15,5,true
3,exp,W-exact,w_exact,w,exact,1.00,mg_exact,cuda,double,511,8,2.191861e-10,1.177945e-07,2.787145e-07,2.258786e+03,2.274316e+03,2.258786e+00,2.274316e+00,1.000000e-09,15,5,true
3,exp,W-exact,w_exact,w,exact,1.05,mg_exact,cuda,double,511,8,9.022796e-11,1.177945e-07,2.787144e-07,2.236367e+03,2.253895e+03,2.236367e+00,2.253895e+00,1.000000e-09,15,5,true
3,exp,W-exact,w_exact,w,exact,1.10,mg_exact,cuda,double,511,7,5.526874e-10,1.177944e-07,2.787143e-07,2.005144e+03,2.022720e+03,2.005144e+00,2.022720e+00,1.000000e-09,15,5,true
3,exp,W-exact,w_exact,w,exact,1.15,mg_exact,cuda,double,511,7,1.343093e-10,1.177944e-07,2.787143e-07,2.008259e+03,2.024135e+03,2.008259e+00,2.024135e+00,1.000000e-09,15,5,true
3,exp,W-exact,w_exact,w,exact,1.20,mg_exact,cuda,double,511,7,9.453977e-11,1.177944e-07,2.787141e-07,2.029970e+03,2.046668e+03,2.029970e+00,2.046668e+00,1.000000e-09,15,5,true
3,exp,W-exact,w_exact,w,exact,1.25,mg_exact,cuda,double,511,6,1.190618e-10,1.177945e-07,2.787143e-07,1.746991e+03,1.764189e+03,1.746991e+00,1.764189e+00,1.000000e-09,15,5,true
3,exp,W-exact,w_exact,w,exact,1.30,mg_exact,cuda,double,511,6,1.107363e-10,1.177943e-07,2.787139e-07,1.757178e+03,1.801212e+03,1.757178e+00,1.801212e+00,1.000000e-09,15,5,true
3,exp,W-exact,w_exact,w,exact,1.35,mg_exact,cuda,double,511,6,9.148954e-10,1.177942e-07,2.787137e-07,1.846455e+03,1.892052e+03,1.846455e+00,1.892052e+00,1.000000e-09,15,5,true
3,exp,W-exact,w_exact,w,exact,1.40,mg_exact,cuda,double,511,7,1.973338e-10,1.177941e-07,2.787135e-07,2.003111e+03,2.024951e+03,2.003111e+00,2.024951e+00,1.000000e-09,15,5,true
3,exp,W-exact,w_exact,w,exact,1.45,mg_exact,cuda,double,511,8,1.332301e-10,1.177942e-07,2.787136e-07,2.264666e+03,2.287700e+03,2.264666e+00,2.287700e+00,1.000000e-09,15,5,true
3,exp,W-exact,w_exact,w,exact,1.50,mg_exact,cuda,double,511,8,3.410391e-10,1.177940e-07,2.787132e-07,2.284622e+03,2.302702e+03,2.284622e+00,2.302702e+00,1.000000e-09,15,5,true
3,exp,W-SOR,w_sor,w,sor,1.00,mg_sor,cuda,double,511,8,2.191602e-10,1.177945e-07,2.787145e-07,1.845899e+03,1.862391e+03,1.845899e+00,1.862391e+00,1.000000e-09,15,5,true
3,exp,W-SOR,w_sor,w,sor,1.05,mg_sor,cuda,double,511,8,9.025949e-11,1.177945e-07,2.787144e-07,1.880378e+03,1.898871e+03,1.880378e+00,1.898871e+00,1.000000e-09,15,5,true
3,exp,W-SOR,w_sor,w,sor,1.10,mg_sor,cuda,double,511,7,5.526901e-10,1.177944e-07,2.787143e-07,1.665552e+03,1.684115e+03,1.665552e+00,1.684115e+00,1.000000e-09,15,5,true
3,exp,W-SOR,w_sor,w,sor,1.15,mg_sor,cuda,double,511,7,1.342984e-10,1.177944e-07,2.787143e-07,1.705751e+03,1.732570e+03,1.705751e+00,1.732570e+00,1.000000e-09,15,5,true
3,exp,W-SOR,w_sor,w,sor,1.20,mg_sor,cuda,double,511,7,9.453145e-11,1.177944e-07,2.787141e-07,1.667400e+03,1.689289e+03,1.667400e+00,1.689289e+00,1.000000e-09,15,5,true
3,exp,W-SOR,w_sor,w,sor,1.25,mg_sor,cuda,double,511,6,1.190214e-10,1.177945e-07,2.787143e-07,1.483614e+03,1.502926e+03,1.483614e+00,1.502926e+00,1.000000e-09,15,5,true
3,exp,W-SOR,w_sor,w,sor,1.30,mg_sor,cuda,double,511,6,1.107108e-10,1.177943e-07,2.787139e-07,1.470616e+03,1.486865e+03,1.470616e+00,1.486865e+00,1.000000e-09,15,5,true
3,exp,W-SOR,w_sor,w,sor,1.35,mg_sor,cuda,double,511,6,9.148795e-10,1.177942e-07,2.787137e-07,1.593614e+03,1.611295e+03,1.593614e+00,1.611295e+00,1.000000e-09,15,5,true
3,exp,W-SOR,w_sor,w,sor,1.40,mg_sor,cuda,double,511,7,1.973382e-10,1.177941e-07,2.787135e-07,1.839214e+03,1.855927e+03,1.839214e+00,1.855927e+00,1.000000e-09,15,5,true
3,exp,W-SOR,w_sor,w,sor,1.45,mg_sor,cuda,double,511,8,1.331735e-10,1.177942e-07,2.787136e-07,1.802207e+03,1.819747e+03,1.802207e+00,1.819747e+00,1.000000e-09,15,5,true
3,exp,W-SOR,w_sor,w,sor,1.50,mg_sor,cuda,double,511,8,3.410200e-10,1.177940e-07,2.787132e-07,1.776897e+03,1.794609e+03,1.776897e+00,1.794609e+00,1.000000e-09,15,5,true
3,cosine,V-exact,v_exact,v,exact,1.00,mg_exact,cuda,double,511,8,5.513826e-10,1.821024e-07,4.972155e-07,1.677854e+03,1.684524e+03,1.677854e+00,1.684524e+00,1.000000e-09,15,5,true
3,cosine,V-exact,v_exact,v,exact,1.05,mg_exact,cuda,double,511,8,1.498493e-10,1.821105e-07,4.972402e-07,1.757388e+03,1.766218e+03,1.757388e+00,1.766218e+00,1.000000e-09,15,5,true
3,cosine,V-exact,v_exact,v,exact,1.10,mg_exact,cuda,double,511,8,3.382755e-11,1.821129e-07,4.972479e-07,1.667489e+03,1.676023e+03,1.667489e+00,1.676023e+00,1.000000e-09,15,5,true
3,cosine,V-exact,v_exact,v,exact,1.15,mg_exact,cuda,double,511,7,2.275140e-10,1.821090e-07,4.972352e-07,1.476418e+03,1.484385e+03,1.476418e+00,1.484385e+00,1.000000e-09,15,5,true
3,cosine,V-exact,v_exact,v,exact,1.20,mg_exact,cuda,double,511,7,3.151633e-11,1.821130e-07,4.972480e-07,1.512485e+03,1.520771e+03,1.512485e+00,1.520771e+00,1.000000e-09,15,5,true
3,cosine,V-exact,v_exact,v,exact,1.25,mg_exact,cuda,double,511,6,1.522408e-10,1.821101e-07,4.972392e-07,1.331505e+03,1.339977e+03,1.331505e+00,1.339977e+00,1.000000e-09,15,5,true
3,cosine,V-exact,v_exact,v,exact,1.30,mg_exact,cuda,double,511,5,9.428633e-10,1.821018e-07,4.972167e-07,1.223432e+03,1.231947e+03,1.223432e+00,1.231947e+00,1.000000e-09,15,5,true
3,cosine,V-exact,v_exact,v,exact,1.35,mg_exact,cuda,double,511,6,3.059649e-10,1.821137e-07,4.972503e-07,1.324830e+03,1.332517e+03,1.324830e+00,1.332517e+00,1.000000e-09,15,5,true
3,cosine,V-exact,v_exact,v,exact,1.40,mg_exact,cuda,double,511,7,8.259414e-11,1.821137e-07,4.972502e-07,1.448334e+03,1.456765e+03,1.448334e+00,1.456765e+00,1.000000e-09,15,5,true
3,cosine,V-exact,v_exact,v,exact,1.45,mg_exact,cuda,double,511,8,2.482483e-11,1.821137e-07,4.972503e-07,1.639815e+03,1.651174e+03,1.639815e+00,1.651174e+00,1.000000e-09,15,5,true
3,cosine,V-exact,v_exact,v,exact,1.50,mg_exact,cuda,double,511,8,2.861433e-10,1.821136e-07,4.972505e-07,1.606942e+03,1.650432e+03,1.606942e+00,1.650432e+00,1.000000e-09,15,5,true
3,cosine,V-SOR,v_sor,v,sor,1.00,mg_sor,cuda,double,511,8,5.513820e-10,1.821024e-07,4.972155e-07,1.607622e+03,1.614662e+03,1.607622e+00,1.614662e+00,1.000000e-09,15,5,true
3,cosine,V-SOR,v_sor,v,sor,1.05,mg_sor,cuda,double,511,8,1.498521e-10,1.821105e-07,4.972402e-07,1.614802e+03,1.622432e+03,1.614802e+00,1.622432e+00,1.000000e-09,15,5,true
3,cosine,V-SOR,v_sor,v,sor,1.10,mg_sor,cuda,double,511,8,3.382677e-11,1.821129e-07,4.972479e-07,1.596859e+03,1.606981e+03,1.596859e+00,1.606981e+00,1.000000e-09,15,5,true
3,cosine,V-SOR,v_sor,v,sor,1.15,mg_sor,cuda,double,511,7,2.275097e-10,1.821090e-07,4.972352e-07,1.451357e+03,1.460058e+03,1.451357e+00,1.460058e+00,1.000000e-09,15,5,true
3,cosine,V-SOR,v_sor,v,sor,1.20,mg_sor,cuda,double,511,7,3.151781e-11,1.821130e-07,4.972480e-07,1.430874e+03,1.440975e+03,1.430874e+00,1.440975e+00,1.000000e-09,15,5,true
3,cosine,V-SOR,v_sor,v,sor,1.25,mg_sor,cuda,double,511,6,1.522413e-10,1.821101e-07,4.972392e-07,1.332406e+03,1.342055e+03,1.332406e+00,1.342055e+00,1.000000e-09,15,5,true
3,cosine,V-SOR,v_sor,v,sor,1.30,mg_sor,cuda,double,511,5,9.428655e-10,1.821018e-07,4.972167e-07,1.179331e+03,1.191030e+03,1.179331e+00,1.191030e+00,1.000000e-09,15,5,true
3,cosine,V-SOR,v_sor,v,sor,1.35,mg_sor,cuda,double,511,6,3.059642e-10,1.821137e-07,4.972503e-07,1.297894e+03,1.306819e+03,1.297894e+00,1.306819e+00,1.000000e-09,15,5,true
3,cosine,V-SOR,v_sor,v,sor,1.40,mg_sor,cuda,double,511,7,8.259232e-11,1.821137e-07,4.972502e-07,1.471477e+03,1.481027e+03,1.471477e+00,1.481027e+00,1.000000e-09,15,5,true
3,cosine,V-SOR,v_sor,v,sor,1.45,mg_sor,cuda,double,511,8,2.482784e-11,1.821137e-07,4.972503e-07,1.612550e+03,1.628543e+03,1.612550e+00,1.628543e+00,1.000000e-09,15,5,true
3,cosine,V-SOR,v_sor,v,sor,1.50,mg_sor,cuda,double,511,8,2.861422e-10,1.821136e-07,4.972505e-07,1.654331e+03,1.662221e+03,1.654331e+00,1.662221e+00,1.000000e-09,15,5,true
3,cosine,W-exact,w_exact,w,exact,1.00,mg_exact,cuda,double,511,8,3.343756e-11,1.821137e-07,4.972503e-07,2.250944e+03,2.268092e+03,2.250944e+00,2.268092e+00,1.000000e-09,15,5,true
3,cosine,W-exact,w_exact,w,exact,1.05,mg_exact,cuda,double,511,7,3.464869e-10,1.821137e-07,4.972503e-07,2.034902e+03,2.052295e+03,2.034902e+00,2.052295e+00,1.000000e-09,15,5,true
3,cosine,W-exact,w_exact,w,exact,1.10,mg_exact,cuda,double,511,7,8.700312e-11,1.821137e-07,4.972503e-07,2.057486e+03,2.075638e+03,2.057486e+00,2.075638e+00,1.000000e-09,15,5,true
3,cosine,W-exact,w_exact,w,exact,1.15,mg_exact,cuda,double,511,7,1.853848e-11,1.821137e-07,4.972503e-07,2.084367e+03,2.102124e+03,2.084367e+00,2.102124e+00,1.000000e-09,15,5,true
3,cosine,W-exact,w_exact,w,exact,1.20,mg_exact,cuda,double,511,6,1.661317e-10,1.821137e-07,4.972503e-07,1.814709e+03,1.832833e+03,1.814709e+00,1.832833e+00,1.000000e-09,15,5,true
3,cosine,W-exact,w_exact,w,exact,1.25,mg_exact,cuda,double,511,6,1.540348e-11,1.821137e-07,4.972503e-07,1.821392e+03,1.838659e+03,1.821392e+00,1.838659e+00,1.000000e-09,15,5,true
3,cosine,W-exact,w_exact,w,exact,1.30,mg_exact,cuda,double,511,5,5.005676e-10,1.821137e-07,4.972503e-07,1.612522e+03,1.630792e+03,1.612522e+00,1.630792e+00,1.000000e-09,15,5,true
3,cosine,W-exact,w_exact,w,exact,1.35,mg_exact,cuda,double,511,6,1.085137e-10,1.821137e-07,4.972503e-07,1.785959e+03,1.804098e+03,1.785959e+00,1.804098e+00,1.000000e-09,15,5,true
3,cosine,W-exact,w_exact,w,exact,1.40,mg_exact,cuda,double,511,7,2.211007e-11,1.821137e-07,4.972503e-07,2.084375e+03,2.102752e+03,2.084375e+00,2.102752e+00,1.000000e-09,15,5,true
3,cosine,W-exact,w_exact,w,exact,1.45,mg_exact,cuda,double,511,7,2.091554e-10,1.821137e-07,4.972503e-07,2.066214e+03,2.087716e+03,2.066214e+00,2.087716e+00,1.000000e-09,15,5,true
3,cosine,W-exact,w_exact,w,exact,1.50,mg_exact,cuda,double,511,8,4.044862e-11,1.821137e-07,4.972503e-07,2.193313e+03,2.212318e+03,2.193313e+00,2.212318e+00,1.000000e-09,15,5,true
3,cosine,W-SOR,w_sor,w,sor,1.00,mg_sor,cuda,double,511,8,3.343651e-11,1.821137e-07,4.972503e-07,1.904990e+03,1.922500e+03,1.904990e+00,1.922500e+00,1.000000e-09,15,5,true
3,cosine,W-SOR,w_sor,w,sor,1.05,mg_sor,cuda,double,511,7,3.464843e-10,1.821137e-07,4.972503e-07,1.638039e+03,1.656558e+03,1.638039e+00,1.656558e+00,1.000000e-09,15,5,true
3,cosine,W-SOR,w_sor,w,sor,1.10,mg_sor,cuda,double,511,7,8.700312e-11,1.821137e-07,4.972503e-07,1.635909e+03,1.652095e+03,1.635909e+00,1.652095e+00,1.000000e-09,15,5,true
3,cosine,W-SOR,w_sor,w,sor,1.15,mg_sor,cuda,double,511,7,1.853711e-11,1.821137e-07,4.972503e-07,1.686304e+03,1.704555e+03,1.686304e+00,1.704555e+00,1.000000e-09,15,5,true
3,cosine,W-SOR,w_sor,w,sor,1.20,mg_sor,cuda,double,511,6,1.661309e-10,1.821137e-07,4.972503e-07,1.480434e+03,1.499105e+03,1.480434e+00,1.499105e+00,1.000000e-09,15,5,true
3,cosine,W-SOR,w_sor,w,sor,1.25,mg_sor,cuda,double,511,6,1.540475e-11,1.821137e-07,4.972503e-07,1.501171e+03,1.519938e+03,1.501171e+00,1.519938e+00,1.000000e-09,15,5,true
3,cosine,W-SOR,w_sor,w,sor,1.30,mg_sor,cuda,double,511,5,5.005680e-10,1.821137e-07,4.972503e-07,1.370498e+03,1.389613e+03,1.370498e+00,1.389613e+00,1.000000e-09,15,5,true
3,cosine,W-SOR,w_sor,w,sor,1.35,mg_sor,cuda,double,511,6,1.085106e-10,1.821137e-07,4.972503e-07,1.495579e+03,1.510954e+03,1.495579e+00,1.510954e+00,1.000000e-09,15,5,true
3,cosine,W-SOR,w_sor,w,sor,1.40,mg_sor,cuda,double,511,7,2.210703e-11,1.821137e-07,4.972503e-07,1.711051e+03,1.729632e+03,1.711051e+00,1.729632e+00,1.000000e-09,15,5,true
3,cosine,W-SOR,w_sor,w,sor,1.45,mg_sor,cuda,double,511,7,2.091597e-10,1.821137e-07,4.972503e-07,1.706705e+03,1.723876e+03,1.706705e+00,1.723876e+00,1.000000e-09,15,5,true
3,cosine,W-SOR,w_sor,w,sor,1.50,mg_sor,cuda,double,511,8,4.045202e-11,1.821137e-07,4.972503e-07,1.912283e+03,1.930205e+03,1.912283e+00,1.930205e+00,1.000000e-09,15,5,true
